ARM GAS  /tmp/cclp3C9h.s 			page 1


   1              		.cpu cortex-m7
   2              		.arch armv7e-m
   3              		.fpu fpv5-d16
   4              		.eabi_attribute 28, 1
   5              		.eabi_attribute 20, 1
   6              		.eabi_attribute 21, 1
   7              		.eabi_attribute 23, 3
   8              		.eabi_attribute 24, 1
   9              		.eabi_attribute 25, 1
  10              		.eabi_attribute 26, 1
  11              		.eabi_attribute 30, 1
  12              		.eabi_attribute 34, 1
  13              		.eabi_attribute 18, 4
  14              		.file	"fx_directory_search.c"
  15              		.text
  16              	.Ltext0:
  17              		.cfi_sections	.debug_frame
  18              		.file 1 "Middlewares/ST/filex/common/src/fx_directory_search.c"
  19              		.section	.text._fx_directory_search,"ax",%progbits
  20              		.align	1
  21              		.global	_fx_directory_search
  22              		.syntax unified
  23              		.thumb
  24              		.thumb_func
  26              	_fx_directory_search:
  27              	.LVL0:
  28              	.LFB8:
   1:Middlewares/ST/filex/common/src/fx_directory_search.c **** /**************************************************************************/
   2:Middlewares/ST/filex/common/src/fx_directory_search.c **** /*                                                                        */
   3:Middlewares/ST/filex/common/src/fx_directory_search.c **** /*       Copyright (c) Microsoft Corporation. All rights reserved.        */
   4:Middlewares/ST/filex/common/src/fx_directory_search.c **** /*                                                                        */
   5:Middlewares/ST/filex/common/src/fx_directory_search.c **** /*       This software is licensed under the Microsoft Software License   */
   6:Middlewares/ST/filex/common/src/fx_directory_search.c **** /*       Terms for Microsoft Azure RTOS. Full text of the license can be  */
   7:Middlewares/ST/filex/common/src/fx_directory_search.c **** /*       found in the LICENSE file at https://aka.ms/AzureRTOS_EULA       */
   8:Middlewares/ST/filex/common/src/fx_directory_search.c **** /*       and in the root directory of this software.                      */
   9:Middlewares/ST/filex/common/src/fx_directory_search.c **** /*                                                                        */
  10:Middlewares/ST/filex/common/src/fx_directory_search.c **** /**************************************************************************/
  11:Middlewares/ST/filex/common/src/fx_directory_search.c **** 
  12:Middlewares/ST/filex/common/src/fx_directory_search.c **** 
  13:Middlewares/ST/filex/common/src/fx_directory_search.c **** /**************************************************************************/
  14:Middlewares/ST/filex/common/src/fx_directory_search.c **** /**************************************************************************/
  15:Middlewares/ST/filex/common/src/fx_directory_search.c **** /**                                                                       */
  16:Middlewares/ST/filex/common/src/fx_directory_search.c **** /** FileX Component                                                       */
  17:Middlewares/ST/filex/common/src/fx_directory_search.c **** /**                                                                       */
  18:Middlewares/ST/filex/common/src/fx_directory_search.c **** /**   Directory                                                           */
  19:Middlewares/ST/filex/common/src/fx_directory_search.c **** /**                                                                       */
  20:Middlewares/ST/filex/common/src/fx_directory_search.c **** /**************************************************************************/
  21:Middlewares/ST/filex/common/src/fx_directory_search.c **** /**************************************************************************/
  22:Middlewares/ST/filex/common/src/fx_directory_search.c **** 
  23:Middlewares/ST/filex/common/src/fx_directory_search.c **** #define FX_SOURCE_CODE
  24:Middlewares/ST/filex/common/src/fx_directory_search.c **** 
  25:Middlewares/ST/filex/common/src/fx_directory_search.c **** 
  26:Middlewares/ST/filex/common/src/fx_directory_search.c **** /* Include necessary system files.  */
  27:Middlewares/ST/filex/common/src/fx_directory_search.c **** 
  28:Middlewares/ST/filex/common/src/fx_directory_search.c **** #include "fx_api.h"
  29:Middlewares/ST/filex/common/src/fx_directory_search.c **** #include "fx_system.h"
  30:Middlewares/ST/filex/common/src/fx_directory_search.c **** #include "fx_directory.h"
ARM GAS  /tmp/cclp3C9h.s 			page 2


  31:Middlewares/ST/filex/common/src/fx_directory_search.c **** #include "fx_utility.h"
  32:Middlewares/ST/filex/common/src/fx_directory_search.c **** #ifdef FX_ENABLE_EXFAT
  33:Middlewares/ST/filex/common/src/fx_directory_search.c **** #include "fx_directory_exFAT.h"
  34:Middlewares/ST/filex/common/src/fx_directory_search.c **** #endif /* FX_ENABLE_EXFAT */
  35:Middlewares/ST/filex/common/src/fx_directory_search.c **** 
  36:Middlewares/ST/filex/common/src/fx_directory_search.c **** #ifndef FX_NO_LOCAL_PATH
  37:Middlewares/ST/filex/common/src/fx_directory_search.c **** FX_LOCAL_PATH_SETUP
  38:Middlewares/ST/filex/common/src/fx_directory_search.c **** #endif
  39:Middlewares/ST/filex/common/src/fx_directory_search.c **** 
  40:Middlewares/ST/filex/common/src/fx_directory_search.c **** 
  41:Middlewares/ST/filex/common/src/fx_directory_search.c **** /**************************************************************************/
  42:Middlewares/ST/filex/common/src/fx_directory_search.c **** /*                                                                        */
  43:Middlewares/ST/filex/common/src/fx_directory_search.c **** /*  FUNCTION                                               RELEASE        */
  44:Middlewares/ST/filex/common/src/fx_directory_search.c **** /*                                                                        */
  45:Middlewares/ST/filex/common/src/fx_directory_search.c **** /*    _fx_directory_search                                PORTABLE C      */
  46:Middlewares/ST/filex/common/src/fx_directory_search.c **** /*                                                           6.1.10       */
  47:Middlewares/ST/filex/common/src/fx_directory_search.c **** /*  AUTHOR                                                                */
  48:Middlewares/ST/filex/common/src/fx_directory_search.c **** /*                                                                        */
  49:Middlewares/ST/filex/common/src/fx_directory_search.c **** /*    William E. Lamie, Microsoft Corporation                             */
  50:Middlewares/ST/filex/common/src/fx_directory_search.c **** /*                                                                        */
  51:Middlewares/ST/filex/common/src/fx_directory_search.c **** /*  DESCRIPTION                                                           */
  52:Middlewares/ST/filex/common/src/fx_directory_search.c **** /*                                                                        */
  53:Middlewares/ST/filex/common/src/fx_directory_search.c **** /*    This function searches the media for the supplied name.  The search */
  54:Middlewares/ST/filex/common/src/fx_directory_search.c **** /*    routine will find files as well as directory names.                 */
  55:Middlewares/ST/filex/common/src/fx_directory_search.c **** /*                                                                        */
  56:Middlewares/ST/filex/common/src/fx_directory_search.c **** /*  INPUT                                                                 */
  57:Middlewares/ST/filex/common/src/fx_directory_search.c **** /*                                                                        */
  58:Middlewares/ST/filex/common/src/fx_directory_search.c **** /*    media_ptr                             Media control block pointer   */
  59:Middlewares/ST/filex/common/src/fx_directory_search.c **** /*    name_ptr                              Name pointer                  */
  60:Middlewares/ST/filex/common/src/fx_directory_search.c **** /*    entry_ptr                             Pointer to directory entry    */
  61:Middlewares/ST/filex/common/src/fx_directory_search.c **** /*                                            record                      */
  62:Middlewares/ST/filex/common/src/fx_directory_search.c **** /*    last_dir_ptr                          Pointer to destination for    */
  63:Middlewares/ST/filex/common/src/fx_directory_search.c **** /*                                            the last directory entry    */
  64:Middlewares/ST/filex/common/src/fx_directory_search.c **** /*    last_name_ptr                         Pointer to the last name      */
  65:Middlewares/ST/filex/common/src/fx_directory_search.c **** /*                                            token that was searched for */
  66:Middlewares/ST/filex/common/src/fx_directory_search.c **** /*                                                                        */
  67:Middlewares/ST/filex/common/src/fx_directory_search.c **** /*  OUTPUT                                                                */
  68:Middlewares/ST/filex/common/src/fx_directory_search.c **** /*                                                                        */
  69:Middlewares/ST/filex/common/src/fx_directory_search.c **** /*    return status                                                       */
  70:Middlewares/ST/filex/common/src/fx_directory_search.c **** /*                                                                        */
  71:Middlewares/ST/filex/common/src/fx_directory_search.c **** /*  CALLS                                                                 */
  72:Middlewares/ST/filex/common/src/fx_directory_search.c **** /*                                                                        */
  73:Middlewares/ST/filex/common/src/fx_directory_search.c **** /*    _fx_directory_name_extract            Extract directory name from   */
  74:Middlewares/ST/filex/common/src/fx_directory_search.c **** /*                                            input string                */
  75:Middlewares/ST/filex/common/src/fx_directory_search.c **** /*    _fx_directory_entry_read              Read entries from root dir    */
  76:Middlewares/ST/filex/common/src/fx_directory_search.c **** /*    _fx_utility_exFAT_name_hash_get       Get name hash                 */
  77:Middlewares/ST/filex/common/src/fx_directory_search.c **** /*    _fx_utility_FAT_entry_read            Read FAT entries to calculate */
  78:Middlewares/ST/filex/common/src/fx_directory_search.c **** /*                                            the sub-directory size      */
  79:Middlewares/ST/filex/common/src/fx_directory_search.c **** /*                                                                        */
  80:Middlewares/ST/filex/common/src/fx_directory_search.c **** /*  CALLED BY                                                             */
  81:Middlewares/ST/filex/common/src/fx_directory_search.c **** /*                                                                        */
  82:Middlewares/ST/filex/common/src/fx_directory_search.c **** /*    FileX System Functions                                              */
  83:Middlewares/ST/filex/common/src/fx_directory_search.c **** /*                                                                        */
  84:Middlewares/ST/filex/common/src/fx_directory_search.c **** /*  RELEASE HISTORY                                                       */
  85:Middlewares/ST/filex/common/src/fx_directory_search.c **** /*                                                                        */
  86:Middlewares/ST/filex/common/src/fx_directory_search.c **** /*    DATE              NAME                      DESCRIPTION             */
  87:Middlewares/ST/filex/common/src/fx_directory_search.c **** /*                                                                        */
ARM GAS  /tmp/cclp3C9h.s 			page 3


  88:Middlewares/ST/filex/common/src/fx_directory_search.c **** /*  05-19-2020     William E. Lamie         Initial Version 6.0           */
  89:Middlewares/ST/filex/common/src/fx_directory_search.c **** /*  09-30-2020     William E. Lamie         Modified comment(s), and      */
  90:Middlewares/ST/filex/common/src/fx_directory_search.c **** /*                                            added conditional to        */
  91:Middlewares/ST/filex/common/src/fx_directory_search.c **** /*                                            disable media search cache, */
  92:Middlewares/ST/filex/common/src/fx_directory_search.c **** /*                                            resulting in version 6.1    */
  93:Middlewares/ST/filex/common/src/fx_directory_search.c **** /*  06-02-2021     Bhupendra Naphade        Modified comment(s), and      */
  94:Middlewares/ST/filex/common/src/fx_directory_search.c **** /*                                            added check for             */
  95:Middlewares/ST/filex/common/src/fx_directory_search.c **** /*                                            volume label,               */
  96:Middlewares/ST/filex/common/src/fx_directory_search.c **** /*                                            resulting in version 6.1.7  */
  97:Middlewares/ST/filex/common/src/fx_directory_search.c **** /*  01-31-2022     William E. Lamie         Modified comment(s), and      */
  98:Middlewares/ST/filex/common/src/fx_directory_search.c **** /*                                            fixed path compare,         */
  99:Middlewares/ST/filex/common/src/fx_directory_search.c **** /*                                            resulting in version 6.1.10 */
 100:Middlewares/ST/filex/common/src/fx_directory_search.c **** /*                                                                        */
 101:Middlewares/ST/filex/common/src/fx_directory_search.c **** /**************************************************************************/
 102:Middlewares/ST/filex/common/src/fx_directory_search.c **** UINT  _fx_directory_search(FX_MEDIA *media_ptr, CHAR *name_ptr, FX_DIR_ENTRY *entry_ptr,
 103:Middlewares/ST/filex/common/src/fx_directory_search.c ****                            FX_DIR_ENTRY *last_dir_ptr, CHAR **last_name_ptr)
 104:Middlewares/ST/filex/common/src/fx_directory_search.c **** {
  29              		.loc 1 104 1 view -0
  30              		.cfi_startproc
  31              		@ args = 4, pretend = 0, frame = 144
  32              		@ frame_needed = 0, uses_anonymous_args = 0
  33              		.loc 1 104 1 is_stmt 0 view .LVU1
  34 0000 2DE9F04F 		push	{r4, r5, r6, r7, r8, r9, r10, fp, lr}
  35              	.LCFI0:
  36              		.cfi_def_cfa_offset 36
  37              		.cfi_offset 4, -36
  38              		.cfi_offset 5, -32
  39              		.cfi_offset 6, -28
  40              		.cfi_offset 7, -24
  41              		.cfi_offset 8, -20
  42              		.cfi_offset 9, -16
  43              		.cfi_offset 10, -12
  44              		.cfi_offset 11, -8
  45              		.cfi_offset 14, -4
  46 0004 A9B0     		sub	sp, sp, #164
  47              	.LCFI1:
  48              		.cfi_def_cfa_offset 200
  49 0006 0446     		mov	r4, r0
  50 0008 0E46     		mov	r6, r1
  51 000a 1546     		mov	r5, r2
 105:Middlewares/ST/filex/common/src/fx_directory_search.c **** 
 106:Middlewares/ST/filex/common/src/fx_directory_search.c **** ULONG         i, n;
  52              		.loc 1 106 1 is_stmt 1 view .LVU2
 107:Middlewares/ST/filex/common/src/fx_directory_search.c **** UINT          found;
  53              		.loc 1 107 1 view .LVU3
 108:Middlewares/ST/filex/common/src/fx_directory_search.c **** UINT          status;
  54              		.loc 1 108 1 view .LVU4
 109:Middlewares/ST/filex/common/src/fx_directory_search.c **** #ifndef FX_MEDIA_DISABLE_SEARCH_CACHE
 110:Middlewares/ST/filex/common/src/fx_directory_search.c **** UINT          v, j;
  55              		.loc 1 110 1 view .LVU5
 111:Middlewares/ST/filex/common/src/fx_directory_search.c **** #endif /* FX_MEDIA_DISABLE_SEARCH_CACHE */
 112:Middlewares/ST/filex/common/src/fx_directory_search.c **** ULONG         cluster, next_cluster = 0;
  56              		.loc 1 112 1 view .LVU6
  57              		.loc 1 112 24 is_stmt 0 view .LVU7
  58 000c 0022     		movs	r2, #0
  59              	.LVL1:
  60              		.loc 1 112 24 view .LVU8
ARM GAS  /tmp/cclp3C9h.s 			page 4


  61 000e 2692     		str	r2, [sp, #152]
 113:Middlewares/ST/filex/common/src/fx_directory_search.c **** ULONG64       directory_size;
  62              		.loc 1 113 1 is_stmt 1 view .LVU9
 114:Middlewares/ST/filex/common/src/fx_directory_search.c **** CHAR         *dir_name_ptr;
  63              		.loc 1 114 1 view .LVU10
 115:Middlewares/ST/filex/common/src/fx_directory_search.c **** CHAR         *work_ptr;
  64              		.loc 1 115 1 view .LVU11
 116:Middlewares/ST/filex/common/src/fx_directory_search.c **** CHAR         *source_name_ptr;
  65              		.loc 1 116 1 view .LVU12
 117:Middlewares/ST/filex/common/src/fx_directory_search.c **** CHAR         *destination_name_ptr;
  66              		.loc 1 117 1 view .LVU13
 118:Middlewares/ST/filex/common/src/fx_directory_search.c **** FX_DIR_ENTRY  search_dir;
  67              		.loc 1 118 1 view .LVU14
 119:Middlewares/ST/filex/common/src/fx_directory_search.c **** FX_DIR_ENTRY *search_dir_ptr;
  68              		.loc 1 119 1 view .LVU15
 120:Middlewares/ST/filex/common/src/fx_directory_search.c **** CHAR         *name, alpha, name_alpha;
  69              		.loc 1 120 1 view .LVU16
 121:Middlewares/ST/filex/common/src/fx_directory_search.c **** #ifndef FX_MEDIA_DISABLE_SEARCH_CACHE
 122:Middlewares/ST/filex/common/src/fx_directory_search.c **** UINT          index;
  70              		.loc 1 122 1 view .LVU17
 123:Middlewares/ST/filex/common/src/fx_directory_search.c **** CHAR         *path_ptr =  FX_NULL;
  71              		.loc 1 123 1 view .LVU18
  72              	.LVL2:
 124:Middlewares/ST/filex/common/src/fx_directory_search.c **** CHAR         *original_name =  name_ptr;
  73              		.loc 1 124 1 view .LVU19
 125:Middlewares/ST/filex/common/src/fx_directory_search.c **** #endif
 126:Middlewares/ST/filex/common/src/fx_directory_search.c **** #ifdef FX_ENABLE_EXFAT
 127:Middlewares/ST/filex/common/src/fx_directory_search.c **** USHORT        hash = 0;
 128:Middlewares/ST/filex/common/src/fx_directory_search.c **** #endif /* FX_ENABLE_EXFAT */
 129:Middlewares/ST/filex/common/src/fx_directory_search.c **** 
 130:Middlewares/ST/filex/common/src/fx_directory_search.c **** #ifndef FX_MEDIA_STATISTICS_DISABLE
 131:Middlewares/ST/filex/common/src/fx_directory_search.c **** 
 132:Middlewares/ST/filex/common/src/fx_directory_search.c ****     /* Increment the number of directory search requests.  */
 133:Middlewares/ST/filex/common/src/fx_directory_search.c ****     media_ptr -> fx_media_directory_searches++;
  74              		.loc 1 133 5 view .LVU20
  75              		.loc 1 133 15 is_stmt 0 view .LVU21
  76 0010 D0F87021 		ldr	r2, [r0, #368]
  77              		.loc 1 133 45 view .LVU22
  78 0014 0132     		adds	r2, r2, #1
  79 0016 C0F87021 		str	r2, [r0, #368]
 134:Middlewares/ST/filex/common/src/fx_directory_search.c **** #endif
 135:Middlewares/ST/filex/common/src/fx_directory_search.c **** 
 136:Middlewares/ST/filex/common/src/fx_directory_search.c ****     /* Setup pointer to media name buffer.  */
 137:Middlewares/ST/filex/common/src/fx_directory_search.c ****     name =  media_ptr -> fx_media_name_buffer;
  80              		.loc 1 137 5 is_stmt 1 view .LVU23
  81              		.loc 1 137 10 is_stmt 0 view .LVU24
  82 001a 00F69C02 		addw	r2, r0, #2204
  83 001e 0692     		str	r2, [sp, #24]
  84              	.LVL3:
 138:Middlewares/ST/filex/common/src/fx_directory_search.c **** 
 139:Middlewares/ST/filex/common/src/fx_directory_search.c ****     /* Setup the last directory, if required.  */
 140:Middlewares/ST/filex/common/src/fx_directory_search.c ****     if (last_dir_ptr)
  85              		.loc 1 140 5 is_stmt 1 view .LVU25
  86              		.loc 1 140 8 is_stmt 0 view .LVU26
  87 0020 0793     		str	r3, [sp, #28]
  88 0022 13B1     		cbz	r3, .L2
 141:Middlewares/ST/filex/common/src/fx_directory_search.c ****     {
ARM GAS  /tmp/cclp3C9h.s 			page 5


 142:Middlewares/ST/filex/common/src/fx_directory_search.c **** 
 143:Middlewares/ST/filex/common/src/fx_directory_search.c ****         /* Set the first character of the directory entry to NULL to
 144:Middlewares/ST/filex/common/src/fx_directory_search.c ****            indicate root or no directory.  */
 145:Middlewares/ST/filex/common/src/fx_directory_search.c ****         last_dir_ptr -> fx_dir_entry_name[0] =  0;
  89              		.loc 1 145 9 is_stmt 1 view .LVU27
  90              		.loc 1 145 22 is_stmt 0 view .LVU28
  91 0024 1B68     		ldr	r3, [r3]
  92              	.LVL4:
  93              		.loc 1 145 46 view .LVU29
  94 0026 0022     		movs	r2, #0
  95              	.LVL5:
  96              		.loc 1 145 46 view .LVU30
  97 0028 1A70     		strb	r2, [r3]
  98              	.L2:
 146:Middlewares/ST/filex/common/src/fx_directory_search.c ****     }
 147:Middlewares/ST/filex/common/src/fx_directory_search.c **** 
 148:Middlewares/ST/filex/common/src/fx_directory_search.c ****     /* Determine if the file name has a full directory path.  */
 149:Middlewares/ST/filex/common/src/fx_directory_search.c ****     if ((*name_ptr == '\\') || (*name_ptr == '/'))
  99              		.loc 1 149 5 is_stmt 1 view .LVU31
 100              		.loc 1 149 10 is_stmt 0 view .LVU32
 101 002a 3378     		ldrb	r3, [r6]	@ zero_extendqisi2
 102              		.loc 1 149 8 view .LVU33
 103 002c 2F2B     		cmp	r3, #47
 104 002e 18BF     		it	ne
 105 0030 5C2B     		cmpne	r3, #92
 106 0032 1ED0     		beq	.L74
 150:Middlewares/ST/filex/common/src/fx_directory_search.c ****     {
 151:Middlewares/ST/filex/common/src/fx_directory_search.c **** 
 152:Middlewares/ST/filex/common/src/fx_directory_search.c ****         /* Directory name has full path, set the search pointer to NULL.  */
 153:Middlewares/ST/filex/common/src/fx_directory_search.c ****         search_dir_ptr =  FX_NULL;
 154:Middlewares/ST/filex/common/src/fx_directory_search.c ****     }
 155:Middlewares/ST/filex/common/src/fx_directory_search.c ****     else
 156:Middlewares/ST/filex/common/src/fx_directory_search.c ****     {
 157:Middlewares/ST/filex/common/src/fx_directory_search.c **** 
 158:Middlewares/ST/filex/common/src/fx_directory_search.c ****         /* Set the initial search directory to the current working
 159:Middlewares/ST/filex/common/src/fx_directory_search.c ****            directory - if there is one.  */
 160:Middlewares/ST/filex/common/src/fx_directory_search.c **** 
 161:Middlewares/ST/filex/common/src/fx_directory_search.c ****         /* First check for a local path pointer stored in the thread control block.  This
 162:Middlewares/ST/filex/common/src/fx_directory_search.c ****            is only available in ThreadX Version 4 and above.  */
 163:Middlewares/ST/filex/common/src/fx_directory_search.c **** #ifndef FX_NO_LOCAL_PATH
 164:Middlewares/ST/filex/common/src/fx_directory_search.c ****         if (_tx_thread_current_ptr -> tx_thread_filex_ptr)
 107              		.loc 1 164 9 is_stmt 1 view .LVU34
 108              		.loc 1 164 36 is_stmt 0 view .LVU35
 109 0034 AA4B     		ldr	r3, .L115
 110 0036 1B68     		ldr	r3, [r3]
 111 0038 D3F89070 		ldr	r7, [r3, #144]
 112              		.loc 1 164 12 view .LVU36
 113 003c 5FB1     		cbz	r7, .L4
 165:Middlewares/ST/filex/common/src/fx_directory_search.c ****         {
 166:Middlewares/ST/filex/common/src/fx_directory_search.c **** 
 167:Middlewares/ST/filex/common/src/fx_directory_search.c ****             /* Determine if the local directory is not the root directory.  */
 168:Middlewares/ST/filex/common/src/fx_directory_search.c ****             if (((FX_PATH *)_tx_thread_current_ptr -> tx_thread_filex_ptr) -> fx_path_directory.fx_
 114              		.loc 1 168 13 is_stmt 1 view .LVU37
 115              		.loc 1 168 96 is_stmt 0 view .LVU38
 116 003e 3B68     		ldr	r3, [r7]
 117              		.loc 1 168 114 view .LVU39
 118 0040 1B78     		ldrb	r3, [r3]	@ zero_extendqisi2
ARM GAS  /tmp/cclp3C9h.s 			page 6


 119              		.loc 1 168 16 view .LVU40
 120 0042 33B3     		cbz	r3, .L75
 169:Middlewares/ST/filex/common/src/fx_directory_search.c ****             {
 170:Middlewares/ST/filex/common/src/fx_directory_search.c **** 
 171:Middlewares/ST/filex/common/src/fx_directory_search.c ****                 /* Start at the current working directory of the media.  */
 172:Middlewares/ST/filex/common/src/fx_directory_search.c ****                 search_dir =   ((FX_PATH *)_tx_thread_current_ptr -> tx_thread_filex_ptr) -> fx_pat
 121              		.loc 1 172 17 is_stmt 1 view .LVU41
 122              		.loc 1 172 28 is_stmt 0 view .LVU42
 123 0044 7022     		movs	r2, #112
 124 0046 3946     		mov	r1, r7
 125              	.LVL6:
 126              		.loc 1 172 28 view .LVU43
 127 0048 0AA8     		add	r0, sp, #40
 128              	.LVL7:
 129              		.loc 1 172 28 view .LVU44
 130 004a FFF7FEFF 		bl	memcpy
 131              	.LVL8:
 173:Middlewares/ST/filex/common/src/fx_directory_search.c **** 
 174:Middlewares/ST/filex/common/src/fx_directory_search.c **** #ifndef FX_MEDIA_DISABLE_SEARCH_CACHE
 175:Middlewares/ST/filex/common/src/fx_directory_search.c **** 
 176:Middlewares/ST/filex/common/src/fx_directory_search.c ****                 /* Setup pointer to the path.  */
 177:Middlewares/ST/filex/common/src/fx_directory_search.c ****                 path_ptr =  ((FX_PATH *)_tx_thread_current_ptr -> tx_thread_filex_ptr) -> fx_path_s
 132              		.loc 1 177 17 is_stmt 1 view .LVU45
 133              		.loc 1 177 26 is_stmt 0 view .LVU46
 134 004e 07F17009 		add	r9, r7, #112
 135              	.LVL9:
 178:Middlewares/ST/filex/common/src/fx_directory_search.c **** #endif
 179:Middlewares/ST/filex/common/src/fx_directory_search.c **** 
 180:Middlewares/ST/filex/common/src/fx_directory_search.c ****                 /* Set the internal pointer to the search directory as well.  */
 181:Middlewares/ST/filex/common/src/fx_directory_search.c ****                 search_dir_ptr =  &search_dir;
 136              		.loc 1 181 17 is_stmt 1 view .LVU47
 137              		.loc 1 181 32 is_stmt 0 view .LVU48
 138 0052 0AAF     		add	r7, sp, #40
 139              	.LVL10:
 140              		.loc 1 181 32 view .LVU49
 141 0054 10E0     		b	.L3
 142              	.LVL11:
 143              	.L4:
 182:Middlewares/ST/filex/common/src/fx_directory_search.c ****             }
 183:Middlewares/ST/filex/common/src/fx_directory_search.c ****             else
 184:Middlewares/ST/filex/common/src/fx_directory_search.c ****             {
 185:Middlewares/ST/filex/common/src/fx_directory_search.c **** 
 186:Middlewares/ST/filex/common/src/fx_directory_search.c ****                 /* We are searching in the root directory.  */
 187:Middlewares/ST/filex/common/src/fx_directory_search.c ****                 search_dir_ptr =  FX_NULL;
 188:Middlewares/ST/filex/common/src/fx_directory_search.c ****             }
 189:Middlewares/ST/filex/common/src/fx_directory_search.c ****         }
 190:Middlewares/ST/filex/common/src/fx_directory_search.c ****         else
 191:Middlewares/ST/filex/common/src/fx_directory_search.c **** #endif
 192:Middlewares/ST/filex/common/src/fx_directory_search.c ****         if (media_ptr -> fx_media_default_path.fx_path_directory.fx_dir_entry_name[0])
 144              		.loc 1 192 9 is_stmt 1 view .LVU50
 145              		.loc 1 192 65 is_stmt 0 view .LVU51
 146 0056 D4F8E034 		ldr	r3, [r4, #1248]
 147              		.loc 1 192 83 view .LVU52
 148 005a 1B78     		ldrb	r3, [r3]	@ zero_extendqisi2
 149              		.loc 1 192 12 view .LVU53
 150 005c EBB1     		cbz	r3, .L76
 193:Middlewares/ST/filex/common/src/fx_directory_search.c ****         {
ARM GAS  /tmp/cclp3C9h.s 			page 7


 194:Middlewares/ST/filex/common/src/fx_directory_search.c **** 
 195:Middlewares/ST/filex/common/src/fx_directory_search.c ****             /* Start at the current working directory of the media.  */
 196:Middlewares/ST/filex/common/src/fx_directory_search.c ****             search_dir =  media_ptr -> fx_media_default_path.fx_path_directory;
 151              		.loc 1 196 13 is_stmt 1 view .LVU54
 152              		.loc 1 196 24 is_stmt 0 view .LVU55
 153 005e 7022     		movs	r2, #112
 154 0060 04F59C61 		add	r1, r4, #1248
 155              	.LVL12:
 156              		.loc 1 196 24 view .LVU56
 157 0064 0AA8     		add	r0, sp, #40
 158              	.LVL13:
 159              		.loc 1 196 24 view .LVU57
 160 0066 FFF7FEFF 		bl	memcpy
 161              	.LVL14:
 197:Middlewares/ST/filex/common/src/fx_directory_search.c **** 
 198:Middlewares/ST/filex/common/src/fx_directory_search.c **** #ifndef FX_MEDIA_DISABLE_SEARCH_CACHE
 199:Middlewares/ST/filex/common/src/fx_directory_search.c **** 
 200:Middlewares/ST/filex/common/src/fx_directory_search.c ****             /* Setup pointer to the path.  */
 201:Middlewares/ST/filex/common/src/fx_directory_search.c ****             path_ptr =  media_ptr -> fx_media_default_path.fx_path_string;
 162              		.loc 1 201 13 is_stmt 1 view .LVU58
 163              		.loc 1 201 22 is_stmt 0 view .LVU59
 164 006a 04F5AA69 		add	r9, r4, #1360
 165              	.LVL15:
 202:Middlewares/ST/filex/common/src/fx_directory_search.c **** #endif
 203:Middlewares/ST/filex/common/src/fx_directory_search.c **** 
 204:Middlewares/ST/filex/common/src/fx_directory_search.c ****             /* Set the internal pointer to the search directory as well.  */
 205:Middlewares/ST/filex/common/src/fx_directory_search.c ****             search_dir_ptr =  &search_dir;
 166              		.loc 1 205 13 is_stmt 1 view .LVU60
 167              		.loc 1 205 28 is_stmt 0 view .LVU61
 168 006e 0AAF     		add	r7, sp, #40
 169              	.LVL16:
 170              		.loc 1 205 28 view .LVU62
 171 0070 02E0     		b	.L3
 172              	.LVL17:
 173              	.L74:
 123:Middlewares/ST/filex/common/src/fx_directory_search.c **** CHAR         *original_name =  name_ptr;
 174              		.loc 1 123 15 view .LVU63
 175 0072 4FF00009 		mov	r9, #0
 153:Middlewares/ST/filex/common/src/fx_directory_search.c ****     }
 176              		.loc 1 153 24 view .LVU64
 177 0076 4F46     		mov	r7, r9
 178              	.LVL18:
 179              	.L3:
 206:Middlewares/ST/filex/common/src/fx_directory_search.c ****         }
 207:Middlewares/ST/filex/common/src/fx_directory_search.c ****         else
 208:Middlewares/ST/filex/common/src/fx_directory_search.c ****         {
 209:Middlewares/ST/filex/common/src/fx_directory_search.c **** 
 210:Middlewares/ST/filex/common/src/fx_directory_search.c ****             /* The current default directory is the root so just set the
 211:Middlewares/ST/filex/common/src/fx_directory_search.c ****                search directory pointer to NULL.  */
 212:Middlewares/ST/filex/common/src/fx_directory_search.c ****             search_dir_ptr =  FX_NULL;
 213:Middlewares/ST/filex/common/src/fx_directory_search.c ****         }
 214:Middlewares/ST/filex/common/src/fx_directory_search.c ****     }
 215:Middlewares/ST/filex/common/src/fx_directory_search.c **** 
 216:Middlewares/ST/filex/common/src/fx_directory_search.c **** #ifndef FX_MEDIA_DISABLE_SEARCH_CACHE
 217:Middlewares/ST/filex/common/src/fx_directory_search.c **** 
 218:Middlewares/ST/filex/common/src/fx_directory_search.c ****     /* Determine if there is a previously found directory entry.  */
 219:Middlewares/ST/filex/common/src/fx_directory_search.c ****     if (media_ptr -> fx_media_last_found_name[0])
ARM GAS  /tmp/cclp3C9h.s 			page 8


 180              		.loc 1 219 5 is_stmt 1 view .LVU65
 181              		.loc 1 219 46 is_stmt 0 view .LVU66
 182 0078 94F8E033 		ldrb	r3, [r4, #992]	@ zero_extendqisi2
 183              		.loc 1 219 8 view .LVU67
 184 007c 4BB3     		cbz	r3, .L5
 185              	.LBB2:
 220:Middlewares/ST/filex/common/src/fx_directory_search.c ****     {
 221:Middlewares/ST/filex/common/src/fx_directory_search.c **** 
 222:Middlewares/ST/filex/common/src/fx_directory_search.c ****     UINT  match;
 186              		.loc 1 222 5 is_stmt 1 view .LVU68
 223:Middlewares/ST/filex/common/src/fx_directory_search.c ****     CHAR *temp_ptr, beta;
 187              		.loc 1 223 5 view .LVU69
 224:Middlewares/ST/filex/common/src/fx_directory_search.c **** 
 225:Middlewares/ST/filex/common/src/fx_directory_search.c ****         /* Yes, there is a previously found directory in our cache.  */
 226:Middlewares/ST/filex/common/src/fx_directory_search.c **** 
 227:Middlewares/ST/filex/common/src/fx_directory_search.c ****         /* Initialize the index.  */
 228:Middlewares/ST/filex/common/src/fx_directory_search.c ****         v =  0;
 188              		.loc 1 228 9 view .LVU70
 189              	.LVL19:
 229:Middlewares/ST/filex/common/src/fx_directory_search.c **** 
 230:Middlewares/ST/filex/common/src/fx_directory_search.c ****         /* Determine if there is a full path.  */
 231:Middlewares/ST/filex/common/src/fx_directory_search.c ****         if ((*name_ptr == '\\') || (*name_ptr == '/'))
 190              		.loc 1 231 9 view .LVU71
 191              		.loc 1 231 14 is_stmt 0 view .LVU72
 192 007e 3378     		ldrb	r3, [r6]	@ zero_extendqisi2
 193              		.loc 1 231 12 view .LVU73
 194 0080 2F2B     		cmp	r3, #47
 195 0082 18BF     		it	ne
 196 0084 5C2B     		cmpne	r3, #92
 197 0086 1CD0     		beq	.L77
 232:Middlewares/ST/filex/common/src/fx_directory_search.c ****         {
 233:Middlewares/ST/filex/common/src/fx_directory_search.c **** 
 234:Middlewares/ST/filex/common/src/fx_directory_search.c ****             /* Yes, the full path is in the name buffer. Simply compare with what is in
 235:Middlewares/ST/filex/common/src/fx_directory_search.c ****                the last search buffer.  */
 236:Middlewares/ST/filex/common/src/fx_directory_search.c ****             while ((v < (FX_MAX_LAST_NAME_LEN - 1)) && (name_ptr[v]))
 237:Middlewares/ST/filex/common/src/fx_directory_search.c ****             {
 238:Middlewares/ST/filex/common/src/fx_directory_search.c **** 
 239:Middlewares/ST/filex/common/src/fx_directory_search.c ****                 /* Pickup the respective name characters.  */
 240:Middlewares/ST/filex/common/src/fx_directory_search.c ****                 alpha =  name_ptr[v];
 241:Middlewares/ST/filex/common/src/fx_directory_search.c ****                 beta =   media_ptr -> fx_media_last_found_name[v];
 242:Middlewares/ST/filex/common/src/fx_directory_search.c **** 
 243:Middlewares/ST/filex/common/src/fx_directory_search.c ****                 /* Ensure directory markers are the same.  */
 244:Middlewares/ST/filex/common/src/fx_directory_search.c ****                 if (alpha == '\\')
 245:Middlewares/ST/filex/common/src/fx_directory_search.c ****                 {
 246:Middlewares/ST/filex/common/src/fx_directory_search.c ****                     alpha =  '/';
 247:Middlewares/ST/filex/common/src/fx_directory_search.c ****                 }
 248:Middlewares/ST/filex/common/src/fx_directory_search.c ****                 if (beta == '\\')
 249:Middlewares/ST/filex/common/src/fx_directory_search.c ****                 {
 250:Middlewares/ST/filex/common/src/fx_directory_search.c ****                     beta =  '/';
 251:Middlewares/ST/filex/common/src/fx_directory_search.c ****                 }
 252:Middlewares/ST/filex/common/src/fx_directory_search.c **** 
 253:Middlewares/ST/filex/common/src/fx_directory_search.c ****                 /* Is the name the same?  */
 254:Middlewares/ST/filex/common/src/fx_directory_search.c ****                 if (alpha != beta)
 255:Middlewares/ST/filex/common/src/fx_directory_search.c ****                 {
 256:Middlewares/ST/filex/common/src/fx_directory_search.c **** 
 257:Middlewares/ST/filex/common/src/fx_directory_search.c ****                     /* Break out of loop!  */
 258:Middlewares/ST/filex/common/src/fx_directory_search.c ****                     break;
ARM GAS  /tmp/cclp3C9h.s 			page 9


 259:Middlewares/ST/filex/common/src/fx_directory_search.c ****                 }
 260:Middlewares/ST/filex/common/src/fx_directory_search.c **** 
 261:Middlewares/ST/filex/common/src/fx_directory_search.c ****                 /* Move to next character.  */
 262:Middlewares/ST/filex/common/src/fx_directory_search.c ****                 v++;
 263:Middlewares/ST/filex/common/src/fx_directory_search.c ****             }
 264:Middlewares/ST/filex/common/src/fx_directory_search.c **** 
 265:Middlewares/ST/filex/common/src/fx_directory_search.c ****             /* Determine if we have a match.  */
 266:Middlewares/ST/filex/common/src/fx_directory_search.c ****             if (name_ptr[v] != media_ptr -> fx_media_last_found_name[v])
 267:Middlewares/ST/filex/common/src/fx_directory_search.c ****             {
 268:Middlewares/ST/filex/common/src/fx_directory_search.c ****                 match =  FX_FALSE;
 269:Middlewares/ST/filex/common/src/fx_directory_search.c ****             }
 270:Middlewares/ST/filex/common/src/fx_directory_search.c ****             else
 271:Middlewares/ST/filex/common/src/fx_directory_search.c ****             {
 272:Middlewares/ST/filex/common/src/fx_directory_search.c ****                 match =  FX_TRUE;
 273:Middlewares/ST/filex/common/src/fx_directory_search.c ****             }
 274:Middlewares/ST/filex/common/src/fx_directory_search.c ****         }
 275:Middlewares/ST/filex/common/src/fx_directory_search.c ****         else
 276:Middlewares/ST/filex/common/src/fx_directory_search.c ****         {
 277:Middlewares/ST/filex/common/src/fx_directory_search.c **** 
 278:Middlewares/ST/filex/common/src/fx_directory_search.c ****             /* Default to found.  */
 279:Middlewares/ST/filex/common/src/fx_directory_search.c ****             match =  FX_TRUE;
 198              		.loc 1 279 13 is_stmt 1 view .LVU74
 199              	.LVL20:
 280:Middlewares/ST/filex/common/src/fx_directory_search.c **** 
 281:Middlewares/ST/filex/common/src/fx_directory_search.c ****             /* Determine if there is a default path to compare with.  */
 282:Middlewares/ST/filex/common/src/fx_directory_search.c ****             if (path_ptr)
 200              		.loc 1 282 13 view .LVU75
 201              		.loc 1 282 16 is_stmt 0 view .LVU76
 202 0088 B9F1000F 		cmp	r9, #0
 203 008c 4CD0     		beq	.L104
 228:Middlewares/ST/filex/common/src/fx_directory_search.c **** 
 204              		.loc 1 228 11 view .LVU77
 205 008e 0023     		movs	r3, #0
 206 0090 51E0     		b	.L13
 207              	.LVL21:
 208              	.L75:
 228:Middlewares/ST/filex/common/src/fx_directory_search.c **** 
 209              		.loc 1 228 11 view .LVU78
 210              	.LBE2:
 123:Middlewares/ST/filex/common/src/fx_directory_search.c **** CHAR         *original_name =  name_ptr;
 211              		.loc 1 123 15 view .LVU79
 212 0092 4FF00009 		mov	r9, #0
 187:Middlewares/ST/filex/common/src/fx_directory_search.c ****             }
 213              		.loc 1 187 32 view .LVU80
 214 0096 4F46     		mov	r7, r9
 215 0098 EEE7     		b	.L3
 216              	.L76:
 123:Middlewares/ST/filex/common/src/fx_directory_search.c **** CHAR         *original_name =  name_ptr;
 217              		.loc 1 123 15 view .LVU81
 218 009a B946     		mov	r9, r7
 219 009c ECE7     		b	.L3
 220              	.LVL22:
 221              	.L105:
 222              	.LBB3:
 246:Middlewares/ST/filex/common/src/fx_directory_search.c ****                 }
 223              		.loc 1 246 27 view .LVU82
 224 009e 2F22     		movs	r2, #47
ARM GAS  /tmp/cclp3C9h.s 			page 10


 225              	.LVL23:
 246:Middlewares/ST/filex/common/src/fx_directory_search.c ****                 }
 226              		.loc 1 246 27 view .LVU83
 227 00a0 0BE0     		b	.L8
 228              	.LVL24:
 229              	.L9:
 254:Middlewares/ST/filex/common/src/fx_directory_search.c ****                 {
 230              		.loc 1 254 17 is_stmt 1 view .LVU84
 254:Middlewares/ST/filex/common/src/fx_directory_search.c ****                 {
 231              		.loc 1 254 20 is_stmt 0 view .LVU85
 232 00a2 8A42     		cmp	r2, r1
 233 00a4 0FD1     		bne	.L10
 262:Middlewares/ST/filex/common/src/fx_directory_search.c ****             }
 234              		.loc 1 262 17 is_stmt 1 view .LVU86
 262:Middlewares/ST/filex/common/src/fx_directory_search.c ****             }
 235              		.loc 1 262 18 is_stmt 0 view .LVU87
 236 00a6 0133     		adds	r3, r3, #1
 237              	.LVL25:
 238              	.L6:
 236:Middlewares/ST/filex/common/src/fx_directory_search.c ****             {
 239              		.loc 1 236 53 is_stmt 1 view .LVU88
 240 00a8 FE2B     		cmp	r3, #254
 241 00aa 0CD8     		bhi	.L10
 236:Middlewares/ST/filex/common/src/fx_directory_search.c ****             {
 242              		.loc 1 236 65 is_stmt 0 discriminator 1 view .LVU89
 243 00ac F25C     		ldrb	r2, [r6, r3]	@ zero_extendqisi2
 236:Middlewares/ST/filex/common/src/fx_directory_search.c ****             {
 244              		.loc 1 236 53 discriminator 1 view .LVU90
 245 00ae 52B1     		cbz	r2, .L10
 240:Middlewares/ST/filex/common/src/fx_directory_search.c ****                 beta =   media_ptr -> fx_media_last_found_name[v];
 246              		.loc 1 240 17 is_stmt 1 view .LVU91
 247              	.LVL26:
 241:Middlewares/ST/filex/common/src/fx_directory_search.c **** 
 248              		.loc 1 241 17 view .LVU92
 241:Middlewares/ST/filex/common/src/fx_directory_search.c **** 
 249              		.loc 1 241 22 is_stmt 0 view .LVU93
 250 00b0 E118     		adds	r1, r4, r3
 251 00b2 91F8E013 		ldrb	r1, [r1, #992]	@ zero_extendqisi2
 252              	.LVL27:
 244:Middlewares/ST/filex/common/src/fx_directory_search.c ****                 {
 253              		.loc 1 244 17 is_stmt 1 view .LVU94
 244:Middlewares/ST/filex/common/src/fx_directory_search.c ****                 {
 254              		.loc 1 244 20 is_stmt 0 view .LVU95
 255 00b6 5C2A     		cmp	r2, #92
 256 00b8 F1D0     		beq	.L105
 257              	.LVL28:
 258              	.L8:
 248:Middlewares/ST/filex/common/src/fx_directory_search.c ****                 {
 259              		.loc 1 248 17 is_stmt 1 view .LVU96
 248:Middlewares/ST/filex/common/src/fx_directory_search.c ****                 {
 260              		.loc 1 248 20 is_stmt 0 view .LVU97
 261 00ba 5C29     		cmp	r1, #92
 262 00bc F1D1     		bne	.L9
 250:Middlewares/ST/filex/common/src/fx_directory_search.c ****                 }
 263              		.loc 1 250 26 view .LVU98
 264 00be 2F21     		movs	r1, #47
 265              	.LVL29:
ARM GAS  /tmp/cclp3C9h.s 			page 11


 250:Middlewares/ST/filex/common/src/fx_directory_search.c ****                 }
 266              		.loc 1 250 26 view .LVU99
 267 00c0 EFE7     		b	.L9
 268              	.LVL30:
 269              	.L77:
 228:Middlewares/ST/filex/common/src/fx_directory_search.c **** 
 270              		.loc 1 228 11 view .LVU100
 271 00c2 0023     		movs	r3, #0
 272 00c4 F0E7     		b	.L6
 273              	.LVL31:
 274              	.L10:
 266:Middlewares/ST/filex/common/src/fx_directory_search.c ****             {
 275              		.loc 1 266 13 is_stmt 1 view .LVU101
 266:Middlewares/ST/filex/common/src/fx_directory_search.c ****             {
 276              		.loc 1 266 25 is_stmt 0 view .LVU102
 277 00c6 F25C     		ldrb	r2, [r6, r3]	@ zero_extendqisi2
 266:Middlewares/ST/filex/common/src/fx_directory_search.c ****             {
 278              		.loc 1 266 69 view .LVU103
 279 00c8 2344     		add	r3, r3, r4
 280              	.LVL32:
 266:Middlewares/ST/filex/common/src/fx_directory_search.c ****             {
 281              		.loc 1 266 69 view .LVU104
 282 00ca 93F8E033 		ldrb	r3, [r3, #992]	@ zero_extendqisi2
 266:Middlewares/ST/filex/common/src/fx_directory_search.c ****             {
 283              		.loc 1 266 16 view .LVU105
 284 00ce 9A42     		cmp	r2, r3
 285 00d0 78D0     		beq	.L12
 286              	.LVL33:
 287              	.L5:
 266:Middlewares/ST/filex/common/src/fx_directory_search.c ****             {
 288              		.loc 1 266 16 view .LVU106
 289              	.LBE3:
 283:Middlewares/ST/filex/common/src/fx_directory_search.c ****             {
 284:Middlewares/ST/filex/common/src/fx_directory_search.c **** 
 285:Middlewares/ST/filex/common/src/fx_directory_search.c ****                 /* Yes, compare the current path with what is contained in the last
 286:Middlewares/ST/filex/common/src/fx_directory_search.c ****                    found buffer. Note that the last found name must have at least one
 287:Middlewares/ST/filex/common/src/fx_directory_search.c ****                    path separator as well as room for at least one character for a name. */
 288:Middlewares/ST/filex/common/src/fx_directory_search.c ****                 while ((v < (FX_MAX_LAST_NAME_LEN - 1)) && (path_ptr[v]))
 289:Middlewares/ST/filex/common/src/fx_directory_search.c ****                 {
 290:Middlewares/ST/filex/common/src/fx_directory_search.c **** 
 291:Middlewares/ST/filex/common/src/fx_directory_search.c ****                     /* Pickup the respective name characters.  */
 292:Middlewares/ST/filex/common/src/fx_directory_search.c ****                     alpha =  media_ptr -> fx_media_last_found_name[v];
 293:Middlewares/ST/filex/common/src/fx_directory_search.c ****                     beta =   path_ptr[v];
 294:Middlewares/ST/filex/common/src/fx_directory_search.c **** 
 295:Middlewares/ST/filex/common/src/fx_directory_search.c ****                     /* Ensure directory markers are the same.  */
 296:Middlewares/ST/filex/common/src/fx_directory_search.c ****                     if (alpha == '\\')
 297:Middlewares/ST/filex/common/src/fx_directory_search.c ****                     {
 298:Middlewares/ST/filex/common/src/fx_directory_search.c ****                         alpha =  '/';
 299:Middlewares/ST/filex/common/src/fx_directory_search.c ****                     }
 300:Middlewares/ST/filex/common/src/fx_directory_search.c ****                     if (beta == '\\')
 301:Middlewares/ST/filex/common/src/fx_directory_search.c ****                     {
 302:Middlewares/ST/filex/common/src/fx_directory_search.c ****                         beta =  '/';
 303:Middlewares/ST/filex/common/src/fx_directory_search.c ****                     }
 304:Middlewares/ST/filex/common/src/fx_directory_search.c **** 
 305:Middlewares/ST/filex/common/src/fx_directory_search.c ****                     /* Is the name the same?  */
 306:Middlewares/ST/filex/common/src/fx_directory_search.c ****                     if (alpha != beta)
 307:Middlewares/ST/filex/common/src/fx_directory_search.c ****                     {
ARM GAS  /tmp/cclp3C9h.s 			page 12


 308:Middlewares/ST/filex/common/src/fx_directory_search.c **** 
 309:Middlewares/ST/filex/common/src/fx_directory_search.c ****                         /* Break out of loop!  */
 310:Middlewares/ST/filex/common/src/fx_directory_search.c ****                         break;
 311:Middlewares/ST/filex/common/src/fx_directory_search.c ****                     }
 312:Middlewares/ST/filex/common/src/fx_directory_search.c **** 
 313:Middlewares/ST/filex/common/src/fx_directory_search.c ****                     /* Move to next character.  */
 314:Middlewares/ST/filex/common/src/fx_directory_search.c ****                     v++;
 315:Middlewares/ST/filex/common/src/fx_directory_search.c ****                 }
 316:Middlewares/ST/filex/common/src/fx_directory_search.c **** 
 317:Middlewares/ST/filex/common/src/fx_directory_search.c ****                 /* Determine if we don't have a match...  The relative path must be exhausted. */
 318:Middlewares/ST/filex/common/src/fx_directory_search.c ****                 if (path_ptr[v])
 319:Middlewares/ST/filex/common/src/fx_directory_search.c ****                 {
 320:Middlewares/ST/filex/common/src/fx_directory_search.c ****                     match =  FX_FALSE;
 321:Middlewares/ST/filex/common/src/fx_directory_search.c ****                 }
 322:Middlewares/ST/filex/common/src/fx_directory_search.c ****             }
 323:Middlewares/ST/filex/common/src/fx_directory_search.c **** 
 324:Middlewares/ST/filex/common/src/fx_directory_search.c ****             /* Determine if we still have a match.  */
 325:Middlewares/ST/filex/common/src/fx_directory_search.c ****             if (match)
 326:Middlewares/ST/filex/common/src/fx_directory_search.c ****             {
 327:Middlewares/ST/filex/common/src/fx_directory_search.c **** 
 328:Middlewares/ST/filex/common/src/fx_directory_search.c ****                 /* Now examine the rest of the last name and the newly supplied
 329:Middlewares/ST/filex/common/src/fx_directory_search.c ****                    input name.  */
 330:Middlewares/ST/filex/common/src/fx_directory_search.c **** 
 331:Middlewares/ST/filex/common/src/fx_directory_search.c ****                 /* Determine if a valid directory separator is present.  */
 332:Middlewares/ST/filex/common/src/fx_directory_search.c ****                 if ((media_ptr -> fx_media_last_found_name[v] != '\\') &&
 333:Middlewares/ST/filex/common/src/fx_directory_search.c ****                     (media_ptr -> fx_media_last_found_name[v] != '/'))
 334:Middlewares/ST/filex/common/src/fx_directory_search.c ****                 {
 335:Middlewares/ST/filex/common/src/fx_directory_search.c **** 
 336:Middlewares/ST/filex/common/src/fx_directory_search.c ****                     /* Set match to false - invalid directory path separator.  */
 337:Middlewares/ST/filex/common/src/fx_directory_search.c ****                     match =  FX_FALSE;
 338:Middlewares/ST/filex/common/src/fx_directory_search.c ****                 }
 339:Middlewares/ST/filex/common/src/fx_directory_search.c ****                 else
 340:Middlewares/ST/filex/common/src/fx_directory_search.c ****                 {
 341:Middlewares/ST/filex/common/src/fx_directory_search.c ****                     /* Position past the next directory separator in the
 342:Middlewares/ST/filex/common/src/fx_directory_search.c ****                        last name string.  */
 343:Middlewares/ST/filex/common/src/fx_directory_search.c ****                     v++;
 344:Middlewares/ST/filex/common/src/fx_directory_search.c ****                 }
 345:Middlewares/ST/filex/common/src/fx_directory_search.c **** 
 346:Middlewares/ST/filex/common/src/fx_directory_search.c ****                 /* Yes, the full path is in the name buffer. Simply compare with what is in
 347:Middlewares/ST/filex/common/src/fx_directory_search.c ****                    the last search buffer.  */
 348:Middlewares/ST/filex/common/src/fx_directory_search.c ****                 j =  0;
 349:Middlewares/ST/filex/common/src/fx_directory_search.c ****                 while ((v < (FX_MAX_LAST_NAME_LEN - 1)) && (name_ptr[j]) && (match))
 350:Middlewares/ST/filex/common/src/fx_directory_search.c ****                 {
 351:Middlewares/ST/filex/common/src/fx_directory_search.c **** 
 352:Middlewares/ST/filex/common/src/fx_directory_search.c ****                     /* Pickup the respective name characters.  */
 353:Middlewares/ST/filex/common/src/fx_directory_search.c ****                     alpha =  name_ptr[j];
 354:Middlewares/ST/filex/common/src/fx_directory_search.c ****                     beta =   media_ptr -> fx_media_last_found_name[v];
 355:Middlewares/ST/filex/common/src/fx_directory_search.c **** 
 356:Middlewares/ST/filex/common/src/fx_directory_search.c ****                     /* Ensure directory markers are the same.  */
 357:Middlewares/ST/filex/common/src/fx_directory_search.c ****                     if (alpha == '\\')
 358:Middlewares/ST/filex/common/src/fx_directory_search.c ****                     {
 359:Middlewares/ST/filex/common/src/fx_directory_search.c ****                         alpha =  '/';
 360:Middlewares/ST/filex/common/src/fx_directory_search.c ****                     }
 361:Middlewares/ST/filex/common/src/fx_directory_search.c ****                     if (beta == '\\')
 362:Middlewares/ST/filex/common/src/fx_directory_search.c ****                     {
 363:Middlewares/ST/filex/common/src/fx_directory_search.c ****                         beta =  '/';
 364:Middlewares/ST/filex/common/src/fx_directory_search.c ****                     }
ARM GAS  /tmp/cclp3C9h.s 			page 13


 365:Middlewares/ST/filex/common/src/fx_directory_search.c **** 
 366:Middlewares/ST/filex/common/src/fx_directory_search.c ****                     /* Is the name the same?  */
 367:Middlewares/ST/filex/common/src/fx_directory_search.c ****                     if (alpha != beta)
 368:Middlewares/ST/filex/common/src/fx_directory_search.c ****                     {
 369:Middlewares/ST/filex/common/src/fx_directory_search.c **** 
 370:Middlewares/ST/filex/common/src/fx_directory_search.c ****                         /* Break out of loop!  */
 371:Middlewares/ST/filex/common/src/fx_directory_search.c ****                         break;
 372:Middlewares/ST/filex/common/src/fx_directory_search.c ****                     }
 373:Middlewares/ST/filex/common/src/fx_directory_search.c **** 
 374:Middlewares/ST/filex/common/src/fx_directory_search.c ****                     /* Move to next character.  */
 375:Middlewares/ST/filex/common/src/fx_directory_search.c ****                     v++;
 376:Middlewares/ST/filex/common/src/fx_directory_search.c ****                     j++;
 377:Middlewares/ST/filex/common/src/fx_directory_search.c ****                 }
 378:Middlewares/ST/filex/common/src/fx_directory_search.c **** 
 379:Middlewares/ST/filex/common/src/fx_directory_search.c ****                 /* Avoid accessing fx_media_last_found_name out of bounds. */
 380:Middlewares/ST/filex/common/src/fx_directory_search.c ****                 if (v >= 256)
 381:Middlewares/ST/filex/common/src/fx_directory_search.c ****                 {
 382:Middlewares/ST/filex/common/src/fx_directory_search.c ****                     match = FX_FALSE;
 383:Middlewares/ST/filex/common/src/fx_directory_search.c ****                 }
 384:Middlewares/ST/filex/common/src/fx_directory_search.c ****                 else if ((match) && (name_ptr[j] != media_ptr -> fx_media_last_found_name[v]))
 385:Middlewares/ST/filex/common/src/fx_directory_search.c ****                 {
 386:Middlewares/ST/filex/common/src/fx_directory_search.c **** 
 387:Middlewares/ST/filex/common/src/fx_directory_search.c ****                     /* We don't have a match.  */
 388:Middlewares/ST/filex/common/src/fx_directory_search.c ****                     match =  FX_FALSE;
 389:Middlewares/ST/filex/common/src/fx_directory_search.c ****                 }
 390:Middlewares/ST/filex/common/src/fx_directory_search.c ****             }
 391:Middlewares/ST/filex/common/src/fx_directory_search.c ****         }
 392:Middlewares/ST/filex/common/src/fx_directory_search.c **** 
 393:Middlewares/ST/filex/common/src/fx_directory_search.c ****         /* Now determine if we actually found a match.  */
 394:Middlewares/ST/filex/common/src/fx_directory_search.c ****         if (match)
 395:Middlewares/ST/filex/common/src/fx_directory_search.c ****         {
 396:Middlewares/ST/filex/common/src/fx_directory_search.c **** 
 397:Middlewares/ST/filex/common/src/fx_directory_search.c ****             /* Save the directory entry name pointer.  */
 398:Middlewares/ST/filex/common/src/fx_directory_search.c ****             temp_ptr =  entry_ptr -> fx_dir_entry_name;
 399:Middlewares/ST/filex/common/src/fx_directory_search.c **** 
 400:Middlewares/ST/filex/common/src/fx_directory_search.c ****             /* Copy the saved directory entry.  */
 401:Middlewares/ST/filex/common/src/fx_directory_search.c ****             *entry_ptr =  media_ptr -> fx_media_last_found_entry;
 402:Middlewares/ST/filex/common/src/fx_directory_search.c **** 
 403:Middlewares/ST/filex/common/src/fx_directory_search.c ****             /* Restore the directory entry name pointer.  */
 404:Middlewares/ST/filex/common/src/fx_directory_search.c ****             entry_ptr -> fx_dir_entry_name =  temp_ptr;
 405:Middlewares/ST/filex/common/src/fx_directory_search.c **** 
 406:Middlewares/ST/filex/common/src/fx_directory_search.c ****             /* Copy the directory name into the destination directory name.  */
 407:Middlewares/ST/filex/common/src/fx_directory_search.c ****             for (index = 0; index < FX_MAX_LONG_NAME_LEN; index++)
 408:Middlewares/ST/filex/common/src/fx_directory_search.c ****             {
 409:Middlewares/ST/filex/common/src/fx_directory_search.c **** 
 410:Middlewares/ST/filex/common/src/fx_directory_search.c ****                 /* Copy character into the destination.  */
 411:Middlewares/ST/filex/common/src/fx_directory_search.c ****                 temp_ptr[index] =  media_ptr -> fx_media_last_found_file_name[index];
 412:Middlewares/ST/filex/common/src/fx_directory_search.c **** 
 413:Middlewares/ST/filex/common/src/fx_directory_search.c ****                 /* See if we have copied the NULL termination character.  */
 414:Middlewares/ST/filex/common/src/fx_directory_search.c ****                 if (temp_ptr[index] == (CHAR)FX_NULL)
 415:Middlewares/ST/filex/common/src/fx_directory_search.c ****                 {
 416:Middlewares/ST/filex/common/src/fx_directory_search.c ****                 
 417:Middlewares/ST/filex/common/src/fx_directory_search.c ****                     /* Determine if we should break here or at the top of the loop.  */
 418:Middlewares/ST/filex/common/src/fx_directory_search.c ****                     if (index < (FX_MAX_LONG_NAME_LEN - 1))
 419:Middlewares/ST/filex/common/src/fx_directory_search.c ****                     {
 420:Middlewares/ST/filex/common/src/fx_directory_search.c ****                     
 421:Middlewares/ST/filex/common/src/fx_directory_search.c ****                         /* Yes, break out of the loop early.  */
ARM GAS  /tmp/cclp3C9h.s 			page 14


 422:Middlewares/ST/filex/common/src/fx_directory_search.c ****                         break;
 423:Middlewares/ST/filex/common/src/fx_directory_search.c ****                     }
 424:Middlewares/ST/filex/common/src/fx_directory_search.c ****                 }
 425:Middlewares/ST/filex/common/src/fx_directory_search.c ****             }
 426:Middlewares/ST/filex/common/src/fx_directory_search.c **** 
 427:Middlewares/ST/filex/common/src/fx_directory_search.c ****             /* Determine if there is a search directory to copy.  */
 428:Middlewares/ST/filex/common/src/fx_directory_search.c ****             if ((last_dir_ptr) && (media_ptr -> fx_media_last_found_directory_valid))
 429:Middlewares/ST/filex/common/src/fx_directory_search.c ****             {
 430:Middlewares/ST/filex/common/src/fx_directory_search.c **** 
 431:Middlewares/ST/filex/common/src/fx_directory_search.c ****                 /* Yes, there was a search directory... and one is requested in this request as wel
 432:Middlewares/ST/filex/common/src/fx_directory_search.c ****                    Simply copy it into the destination.  */
 433:Middlewares/ST/filex/common/src/fx_directory_search.c **** 
 434:Middlewares/ST/filex/common/src/fx_directory_search.c ****                 /* First, save the name pointer from the list directory pointer.  */
 435:Middlewares/ST/filex/common/src/fx_directory_search.c ****                 destination_name_ptr =  last_dir_ptr -> fx_dir_entry_name;
 436:Middlewares/ST/filex/common/src/fx_directory_search.c **** 
 437:Middlewares/ST/filex/common/src/fx_directory_search.c ****                 /* Copy the entire directory entry structure.  */
 438:Middlewares/ST/filex/common/src/fx_directory_search.c ****                 *last_dir_ptr =  media_ptr -> fx_media_last_found_directory;
 439:Middlewares/ST/filex/common/src/fx_directory_search.c **** 
 440:Middlewares/ST/filex/common/src/fx_directory_search.c ****                 /* Restore the original name buffer pointer.  */
 441:Middlewares/ST/filex/common/src/fx_directory_search.c ****                 last_dir_ptr -> fx_dir_entry_name =  destination_name_ptr;
 442:Middlewares/ST/filex/common/src/fx_directory_search.c **** 
 443:Middlewares/ST/filex/common/src/fx_directory_search.c ****                 /* Pickup pointer to name to copy.  */
 444:Middlewares/ST/filex/common/src/fx_directory_search.c ****                 source_name_ptr =  media_ptr -> fx_media_last_found_directory.fx_dir_entry_name;
 445:Middlewares/ST/filex/common/src/fx_directory_search.c **** 
 446:Middlewares/ST/filex/common/src/fx_directory_search.c ****                 /* Loop to copy the name into the last directory name buffer.  */
 447:Middlewares/ST/filex/common/src/fx_directory_search.c ****                 for (n = 0; n < FX_MAX_LONG_NAME_LEN; n++)
 448:Middlewares/ST/filex/common/src/fx_directory_search.c ****                 {
 449:Middlewares/ST/filex/common/src/fx_directory_search.c ****                 
 450:Middlewares/ST/filex/common/src/fx_directory_search.c ****                     /* Copy a character.  */
 451:Middlewares/ST/filex/common/src/fx_directory_search.c ****                     destination_name_ptr[n] =  source_name_ptr[n];
 452:Middlewares/ST/filex/common/src/fx_directory_search.c ****                 
 453:Middlewares/ST/filex/common/src/fx_directory_search.c ****                     /* See if we have copied the NULL termination character.  */
 454:Middlewares/ST/filex/common/src/fx_directory_search.c ****                     if (source_name_ptr[n] == (CHAR)FX_NULL)
 455:Middlewares/ST/filex/common/src/fx_directory_search.c ****                     {
 456:Middlewares/ST/filex/common/src/fx_directory_search.c ****                 
 457:Middlewares/ST/filex/common/src/fx_directory_search.c ****                         /* Determine if we should break here or at the top of the loop.  */
 458:Middlewares/ST/filex/common/src/fx_directory_search.c ****                         if (n < (FX_MAX_LONG_NAME_LEN - 1))
 459:Middlewares/ST/filex/common/src/fx_directory_search.c ****                         {
 460:Middlewares/ST/filex/common/src/fx_directory_search.c ****                     
 461:Middlewares/ST/filex/common/src/fx_directory_search.c ****                             /* Yes, break out of the loop early.  */
 462:Middlewares/ST/filex/common/src/fx_directory_search.c ****                             break;
 463:Middlewares/ST/filex/common/src/fx_directory_search.c ****                         }
 464:Middlewares/ST/filex/common/src/fx_directory_search.c ****                     }
 465:Middlewares/ST/filex/common/src/fx_directory_search.c ****                 }
 466:Middlewares/ST/filex/common/src/fx_directory_search.c ****             }
 467:Middlewares/ST/filex/common/src/fx_directory_search.c **** 
 468:Middlewares/ST/filex/common/src/fx_directory_search.c ****             /* Return the last name pointer, if required.  */
 469:Middlewares/ST/filex/common/src/fx_directory_search.c ****             if (last_name_ptr)
 470:Middlewares/ST/filex/common/src/fx_directory_search.c ****             {
 471:Middlewares/ST/filex/common/src/fx_directory_search.c **** 
 472:Middlewares/ST/filex/common/src/fx_directory_search.c ****                 /* Just set the last name to initial name string.  */
 473:Middlewares/ST/filex/common/src/fx_directory_search.c ****                 *last_name_ptr =  temp_ptr;
 474:Middlewares/ST/filex/common/src/fx_directory_search.c ****             }
 475:Middlewares/ST/filex/common/src/fx_directory_search.c **** 
 476:Middlewares/ST/filex/common/src/fx_directory_search.c **** #ifndef FX_MEDIA_STATISTICS_DISABLE
 477:Middlewares/ST/filex/common/src/fx_directory_search.c **** 
 478:Middlewares/ST/filex/common/src/fx_directory_search.c ****             /* Increment the number of directory search cache hits.  */
ARM GAS  /tmp/cclp3C9h.s 			page 15


 479:Middlewares/ST/filex/common/src/fx_directory_search.c ****             media_ptr -> fx_media_directory_search_cache_hits++;
 480:Middlewares/ST/filex/common/src/fx_directory_search.c **** #endif
 481:Middlewares/ST/filex/common/src/fx_directory_search.c **** 
 482:Middlewares/ST/filex/common/src/fx_directory_search.c ****             /* Return success.  */
 483:Middlewares/ST/filex/common/src/fx_directory_search.c ****             return(FX_SUCCESS);
 484:Middlewares/ST/filex/common/src/fx_directory_search.c ****         }
 485:Middlewares/ST/filex/common/src/fx_directory_search.c ****     }
 486:Middlewares/ST/filex/common/src/fx_directory_search.c **** 
 487:Middlewares/ST/filex/common/src/fx_directory_search.c ****     /* Not a sequential search, invalidate the saved information.  */
 488:Middlewares/ST/filex/common/src/fx_directory_search.c ****     media_ptr -> fx_media_last_found_name[0] =  FX_NULL;
 290              		.loc 1 488 5 is_stmt 1 view .LVU107
 291              		.loc 1 488 46 is_stmt 0 view .LVU108
 292 00d2 0023     		movs	r3, #0
 293 00d4 84F8E033 		strb	r3, [r4, #992]
 489:Middlewares/ST/filex/common/src/fx_directory_search.c **** 
 490:Middlewares/ST/filex/common/src/fx_directory_search.c **** #ifndef FX_MEDIA_STATISTICS_DISABLE
 491:Middlewares/ST/filex/common/src/fx_directory_search.c **** 
 492:Middlewares/ST/filex/common/src/fx_directory_search.c ****     /* If trace is enabled, insert this event into the trace buffer.  */
 493:Middlewares/ST/filex/common/src/fx_directory_search.c ****     FX_TRACE_IN_LINE_INSERT(FX_TRACE_INTERNAL_DIR_CACHE_MISS, media_ptr, media_ptr -> fx_media_dire
 294              		.loc 1 493 5 is_stmt 1 view .LVU109
 295 00d8 D4F87011 		ldr	r1, [r4, #368]
 296 00dc D4F8C421 		ldr	r2, [r4, #452]
 297 00e0 0393     		str	r3, [sp, #12]
 298 00e2 0293     		str	r3, [sp, #8]
 299 00e4 4FF40060 		mov	r0, #2048
 300 00e8 0190     		str	r0, [sp, #4]
 301 00ea 0093     		str	r3, [sp]
 302 00ec 8A1A     		subs	r2, r1, r2
 303 00ee 2146     		mov	r1, r4
 304 00f0 CA20     		movs	r0, #202
 305 00f2 FFF7FEFF 		bl	_fx_trace_event_insert
 306              	.LVL34:
 307 00f6 B346     		mov	fp, r6
 308 00f8 B846     		mov	r8, r7
 309 00fa CDF82090 		str	r9, [sp, #32]
 310 00fe 0996     		str	r6, [sp, #36]
 311              	.LVL35:
 312              	.L59:
 494:Middlewares/ST/filex/common/src/fx_directory_search.c **** #else
 495:Middlewares/ST/filex/common/src/fx_directory_search.c **** 
 496:Middlewares/ST/filex/common/src/fx_directory_search.c ****     /* If trace is enabled, insert this event into the trace buffer.  */
 497:Middlewares/ST/filex/common/src/fx_directory_search.c ****     FX_TRACE_IN_LINE_INSERT(FX_TRACE_INTERNAL_DIR_CACHE_MISS, media_ptr, 0, 0, 0, FX_TRACE_INTERNAL
 498:Middlewares/ST/filex/common/src/fx_directory_search.c **** #endif
 499:Middlewares/ST/filex/common/src/fx_directory_search.c **** #endif
 500:Middlewares/ST/filex/common/src/fx_directory_search.c **** 
 501:Middlewares/ST/filex/common/src/fx_directory_search.c ****     /* Loop to traverse the directory paths to find the specified file.  */
 502:Middlewares/ST/filex/common/src/fx_directory_search.c ****     do
 313              		.loc 1 502 5 view .LVU110
 503:Middlewares/ST/filex/common/src/fx_directory_search.c ****     {
 504:Middlewares/ST/filex/common/src/fx_directory_search.c **** 
 505:Middlewares/ST/filex/common/src/fx_directory_search.c ****         /* Remember the last name pointer, if required.  */
 506:Middlewares/ST/filex/common/src/fx_directory_search.c ****         if (last_name_ptr)
 314              		.loc 1 506 9 view .LVU111
 315              		.loc 1 506 12 is_stmt 0 view .LVU112
 316 0100 329B     		ldr	r3, [sp, #200]
 317 0102 0BB1     		cbz	r3, .L35
 507:Middlewares/ST/filex/common/src/fx_directory_search.c ****         {
ARM GAS  /tmp/cclp3C9h.s 			page 16


 508:Middlewares/ST/filex/common/src/fx_directory_search.c **** 
 509:Middlewares/ST/filex/common/src/fx_directory_search.c ****             /* Just set the last name to initial name string.  */
 510:Middlewares/ST/filex/common/src/fx_directory_search.c ****             *last_name_ptr =  name_ptr;
 318              		.loc 1 510 13 is_stmt 1 view .LVU113
 319              		.loc 1 510 28 is_stmt 0 view .LVU114
 320 0104 C3F800B0 		str	fp, [r3]
 321              	.L35:
 511:Middlewares/ST/filex/common/src/fx_directory_search.c ****         }
 512:Middlewares/ST/filex/common/src/fx_directory_search.c **** 
 513:Middlewares/ST/filex/common/src/fx_directory_search.c ****         /* Extract file name.  */
 514:Middlewares/ST/filex/common/src/fx_directory_search.c ****         name_ptr =  _fx_directory_name_extract(name_ptr, name);
 322              		.loc 1 514 9 is_stmt 1 view .LVU115
 323              		.loc 1 514 21 is_stmt 0 view .LVU116
 324 0108 0699     		ldr	r1, [sp, #24]
 325 010a 5846     		mov	r0, fp
 326 010c FFF7FEFF 		bl	_fx_directory_name_extract
 327              	.LVL36:
 328 0110 8346     		mov	fp, r0
 329              	.LVL37:
 515:Middlewares/ST/filex/common/src/fx_directory_search.c **** 
 516:Middlewares/ST/filex/common/src/fx_directory_search.c ****         /* Calculate the directory size.  */
 517:Middlewares/ST/filex/common/src/fx_directory_search.c ****         if (search_dir_ptr)
 330              		.loc 1 517 9 is_stmt 1 view .LVU117
 331              		.loc 1 517 12 is_stmt 0 view .LVU118
 332 0112 B8F1000F 		cmp	r8, #0
 333 0116 40F08D80 		bne	.L106
 518:Middlewares/ST/filex/common/src/fx_directory_search.c ****         {
 519:Middlewares/ST/filex/common/src/fx_directory_search.c **** #ifdef FX_ENABLE_EXFAT
 520:Middlewares/ST/filex/common/src/fx_directory_search.c ****             if (media_ptr -> fx_media_FAT_type == FX_exFAT)
 521:Middlewares/ST/filex/common/src/fx_directory_search.c ****             {
 522:Middlewares/ST/filex/common/src/fx_directory_search.c ****                 directory_size = search_dir_ptr -> fx_dir_entry_file_size / FX_DIR_ENTRY_SIZE;
 523:Middlewares/ST/filex/common/src/fx_directory_search.c ****             }
 524:Middlewares/ST/filex/common/src/fx_directory_search.c ****             else
 525:Middlewares/ST/filex/common/src/fx_directory_search.c ****             {
 526:Middlewares/ST/filex/common/src/fx_directory_search.c **** #endif /* FX_ENABLE_EXFAT */
 527:Middlewares/ST/filex/common/src/fx_directory_search.c **** 
 528:Middlewares/ST/filex/common/src/fx_directory_search.c ****                 /* Ensure that the search directory's last search cluster is cleared.  */
 529:Middlewares/ST/filex/common/src/fx_directory_search.c ****                 search_dir_ptr -> fx_dir_entry_last_search_cluster =  0;
 530:Middlewares/ST/filex/common/src/fx_directory_search.c **** 
 531:Middlewares/ST/filex/common/src/fx_directory_search.c ****                 /* Calculate the directory size by counting the allocated
 532:Middlewares/ST/filex/common/src/fx_directory_search.c ****                 clusters for it.  */
 533:Middlewares/ST/filex/common/src/fx_directory_search.c ****                 i =        0;
 534:Middlewares/ST/filex/common/src/fx_directory_search.c ****                 cluster =  search_dir_ptr -> fx_dir_entry_cluster;
 535:Middlewares/ST/filex/common/src/fx_directory_search.c ****                 while (cluster < media_ptr -> fx_media_fat_reserved)
 536:Middlewares/ST/filex/common/src/fx_directory_search.c ****                 {
 537:Middlewares/ST/filex/common/src/fx_directory_search.c **** 
 538:Middlewares/ST/filex/common/src/fx_directory_search.c ****                     /* Increment the cluster count.  */
 539:Middlewares/ST/filex/common/src/fx_directory_search.c ****                     i++;
 540:Middlewares/ST/filex/common/src/fx_directory_search.c **** 
 541:Middlewares/ST/filex/common/src/fx_directory_search.c ****                     /* Read the next FAT entry.  */
 542:Middlewares/ST/filex/common/src/fx_directory_search.c ****                     status =  _fx_utility_FAT_entry_read(media_ptr, cluster, &next_cluster);
 543:Middlewares/ST/filex/common/src/fx_directory_search.c **** 
 544:Middlewares/ST/filex/common/src/fx_directory_search.c ****                     /* Check the return status.  */
 545:Middlewares/ST/filex/common/src/fx_directory_search.c ****                     if (status != FX_SUCCESS)
 546:Middlewares/ST/filex/common/src/fx_directory_search.c ****                     {
 547:Middlewares/ST/filex/common/src/fx_directory_search.c **** 
 548:Middlewares/ST/filex/common/src/fx_directory_search.c ****                         /* Return the bad status.  */
ARM GAS  /tmp/cclp3C9h.s 			page 17


 549:Middlewares/ST/filex/common/src/fx_directory_search.c ****                         return(status);
 550:Middlewares/ST/filex/common/src/fx_directory_search.c ****                     }
 551:Middlewares/ST/filex/common/src/fx_directory_search.c **** 
 552:Middlewares/ST/filex/common/src/fx_directory_search.c ****                     /* Check for error situation.  */
 553:Middlewares/ST/filex/common/src/fx_directory_search.c ****                     if ((cluster < FX_FAT_ENTRY_START) || (cluster == next_cluster) || (i > media_p
 554:Middlewares/ST/filex/common/src/fx_directory_search.c ****                     {
 555:Middlewares/ST/filex/common/src/fx_directory_search.c **** 
 556:Middlewares/ST/filex/common/src/fx_directory_search.c ****                         /* Return the bad status.  */
 557:Middlewares/ST/filex/common/src/fx_directory_search.c ****                         return(FX_FAT_READ_ERROR);
 558:Middlewares/ST/filex/common/src/fx_directory_search.c ****                     }
 559:Middlewares/ST/filex/common/src/fx_directory_search.c **** 
 560:Middlewares/ST/filex/common/src/fx_directory_search.c ****                     cluster = next_cluster;
 561:Middlewares/ST/filex/common/src/fx_directory_search.c ****                 }
 562:Middlewares/ST/filex/common/src/fx_directory_search.c **** 
 563:Middlewares/ST/filex/common/src/fx_directory_search.c ****                 /* Now we can calculate the directory size.  */
 564:Middlewares/ST/filex/common/src/fx_directory_search.c ****                 directory_size =  (((ULONG64) media_ptr -> fx_media_bytes_per_sector) *
 565:Middlewares/ST/filex/common/src/fx_directory_search.c ****                                    ((ULONG64) media_ptr -> fx_media_sectors_per_cluster) * i)
 566:Middlewares/ST/filex/common/src/fx_directory_search.c ****                                     / (ULONG64) FX_DIR_ENTRY_SIZE;
 567:Middlewares/ST/filex/common/src/fx_directory_search.c **** 
 568:Middlewares/ST/filex/common/src/fx_directory_search.c ****                 /* Also save this in the directory entry so we don't have to
 569:Middlewares/ST/filex/common/src/fx_directory_search.c ****                    calculate it later.  */
 570:Middlewares/ST/filex/common/src/fx_directory_search.c ****                 search_dir_ptr -> fx_dir_entry_file_size =  directory_size;
 571:Middlewares/ST/filex/common/src/fx_directory_search.c **** #ifdef FX_ENABLE_EXFAT
 572:Middlewares/ST/filex/common/src/fx_directory_search.c ****             }
 573:Middlewares/ST/filex/common/src/fx_directory_search.c **** #endif /* FX_ENABLE_EXFAT */
 574:Middlewares/ST/filex/common/src/fx_directory_search.c **** 
 575:Middlewares/ST/filex/common/src/fx_directory_search.c ****             /* If required, copy the last search directory entry into the
 576:Middlewares/ST/filex/common/src/fx_directory_search.c ****                destination.  */
 577:Middlewares/ST/filex/common/src/fx_directory_search.c ****             if (last_dir_ptr)
 578:Middlewares/ST/filex/common/src/fx_directory_search.c ****             {
 579:Middlewares/ST/filex/common/src/fx_directory_search.c **** 
 580:Middlewares/ST/filex/common/src/fx_directory_search.c ****                 /* Copy the last search directory into the destination.  */
 581:Middlewares/ST/filex/common/src/fx_directory_search.c **** 
 582:Middlewares/ST/filex/common/src/fx_directory_search.c ****                 /* First, save the name pointer from the list directory pointer.  */
 583:Middlewares/ST/filex/common/src/fx_directory_search.c ****                 destination_name_ptr =  last_dir_ptr -> fx_dir_entry_name;
 584:Middlewares/ST/filex/common/src/fx_directory_search.c **** 
 585:Middlewares/ST/filex/common/src/fx_directory_search.c ****                 /* Copy the entire directory entry structure.  */
 586:Middlewares/ST/filex/common/src/fx_directory_search.c ****                 *last_dir_ptr =  *search_dir_ptr;
 587:Middlewares/ST/filex/common/src/fx_directory_search.c **** 
 588:Middlewares/ST/filex/common/src/fx_directory_search.c ****                 /* Restore the original name buffer pointer.  */
 589:Middlewares/ST/filex/common/src/fx_directory_search.c ****                 last_dir_ptr -> fx_dir_entry_name =  destination_name_ptr;
 590:Middlewares/ST/filex/common/src/fx_directory_search.c **** 
 591:Middlewares/ST/filex/common/src/fx_directory_search.c ****                 /* Pickup pointer to name to copy.  */
 592:Middlewares/ST/filex/common/src/fx_directory_search.c ****                 source_name_ptr =  search_dir_ptr -> fx_dir_entry_name;
 593:Middlewares/ST/filex/common/src/fx_directory_search.c **** 
 594:Middlewares/ST/filex/common/src/fx_directory_search.c ****                 /* Loop to copy the name into the last directory name buffer.  */
 595:Middlewares/ST/filex/common/src/fx_directory_search.c ****                 for (n = 0; n < FX_MAX_LONG_NAME_LEN; n++)
 596:Middlewares/ST/filex/common/src/fx_directory_search.c ****                 {
 597:Middlewares/ST/filex/common/src/fx_directory_search.c **** 
 598:Middlewares/ST/filex/common/src/fx_directory_search.c ****                     /* Copy a character.  */
 599:Middlewares/ST/filex/common/src/fx_directory_search.c ****                     destination_name_ptr[n] =  source_name_ptr[n];
 600:Middlewares/ST/filex/common/src/fx_directory_search.c **** 
 601:Middlewares/ST/filex/common/src/fx_directory_search.c ****                     /* See if we have copied the NULL termination character.  */
 602:Middlewares/ST/filex/common/src/fx_directory_search.c ****                     if (source_name_ptr[n] == (CHAR) FX_NULL)
 603:Middlewares/ST/filex/common/src/fx_directory_search.c ****                     {
 604:Middlewares/ST/filex/common/src/fx_directory_search.c ****                 
 605:Middlewares/ST/filex/common/src/fx_directory_search.c ****                         /* Determine if we should break here or at the top of the loop.  */
ARM GAS  /tmp/cclp3C9h.s 			page 18


 606:Middlewares/ST/filex/common/src/fx_directory_search.c ****                         if (n < (FX_MAX_LONG_NAME_LEN - 1))
 607:Middlewares/ST/filex/common/src/fx_directory_search.c ****                         {
 608:Middlewares/ST/filex/common/src/fx_directory_search.c ****                     
 609:Middlewares/ST/filex/common/src/fx_directory_search.c ****                             /* Yes, break out of the loop early.  */
 610:Middlewares/ST/filex/common/src/fx_directory_search.c ****                             break;
 611:Middlewares/ST/filex/common/src/fx_directory_search.c ****                         }
 612:Middlewares/ST/filex/common/src/fx_directory_search.c ****                     }
 613:Middlewares/ST/filex/common/src/fx_directory_search.c ****                 }
 614:Middlewares/ST/filex/common/src/fx_directory_search.c ****             }
 615:Middlewares/ST/filex/common/src/fx_directory_search.c ****         }
 616:Middlewares/ST/filex/common/src/fx_directory_search.c ****         else
 617:Middlewares/ST/filex/common/src/fx_directory_search.c ****         {
 618:Middlewares/ST/filex/common/src/fx_directory_search.c **** 
 619:Middlewares/ST/filex/common/src/fx_directory_search.c ****             /* Directory size is the number of entries in the root directory.  */
 620:Middlewares/ST/filex/common/src/fx_directory_search.c ****             directory_size =  (ULONG)media_ptr -> fx_media_root_directory_entries;
 334              		.loc 1 620 13 is_stmt 1 view .LVU119
 335              		.loc 1 620 28 is_stmt 0 view .LVU120
 336 011a D4F87890 		ldr	r9, [r4, #120]
 337 011e 4FF0000A 		mov	r10, #0
 338              	.LVL38:
 339              	.L39:
 621:Middlewares/ST/filex/common/src/fx_directory_search.c ****         }
 622:Middlewares/ST/filex/common/src/fx_directory_search.c **** 
 623:Middlewares/ST/filex/common/src/fx_directory_search.c ****         /* Loop through entries in the directory.  Yes, this is a
 624:Middlewares/ST/filex/common/src/fx_directory_search.c ****            linear search!  */
 625:Middlewares/ST/filex/common/src/fx_directory_search.c ****         i =      0;
 340              		.loc 1 625 9 is_stmt 1 view .LVU121
 341              		.loc 1 625 11 is_stmt 0 view .LVU122
 342 0122 0027     		movs	r7, #0
 343 0124 2797     		str	r7, [sp, #156]
 626:Middlewares/ST/filex/common/src/fx_directory_search.c ****         found =  FX_FALSE;
 344              		.loc 1 626 9 is_stmt 1 view .LVU123
 345              	.LVL39:
 346              		.loc 1 626 9 is_stmt 0 view .LVU124
 347 0126 0AE1     		b	.L54
 348              	.LVL40:
 349              	.L104:
 350              	.LBB4:
 228:Middlewares/ST/filex/common/src/fx_directory_search.c **** 
 351              		.loc 1 228 11 view .LVU125
 352 0128 0023     		movs	r3, #0
 353 012a 16E0     		b	.L14
 354              	.LVL41:
 355              	.L107:
 298:Middlewares/ST/filex/common/src/fx_directory_search.c ****                     }
 356              		.loc 1 298 31 view .LVU126
 357 012c 2F21     		movs	r1, #47
 358              	.LVL42:
 298:Middlewares/ST/filex/common/src/fx_directory_search.c ****                     }
 359              		.loc 1 298 31 view .LVU127
 360 012e 0CE0     		b	.L15
 361              	.LVL43:
 362              	.L16:
 306:Middlewares/ST/filex/common/src/fx_directory_search.c ****                     {
 363              		.loc 1 306 21 is_stmt 1 view .LVU128
 306:Middlewares/ST/filex/common/src/fx_directory_search.c ****                     {
 364              		.loc 1 306 24 is_stmt 0 view .LVU129
ARM GAS  /tmp/cclp3C9h.s 			page 19


 365 0130 9142     		cmp	r1, r2
 366 0132 0ED1     		bne	.L17
 314:Middlewares/ST/filex/common/src/fx_directory_search.c ****                 }
 367              		.loc 1 314 21 is_stmt 1 view .LVU130
 314:Middlewares/ST/filex/common/src/fx_directory_search.c ****                 }
 368              		.loc 1 314 22 is_stmt 0 view .LVU131
 369 0134 0133     		adds	r3, r3, #1
 370              	.LVL44:
 371              	.L13:
 288:Middlewares/ST/filex/common/src/fx_directory_search.c ****                 {
 372              		.loc 1 288 57 is_stmt 1 view .LVU132
 373 0136 FE2B     		cmp	r3, #254
 374 0138 0BD8     		bhi	.L17
 288:Middlewares/ST/filex/common/src/fx_directory_search.c ****                 {
 375              		.loc 1 288 69 is_stmt 0 discriminator 1 view .LVU133
 376 013a 19F80320 		ldrb	r2, [r9, r3]	@ zero_extendqisi2
 288:Middlewares/ST/filex/common/src/fx_directory_search.c ****                 {
 377              		.loc 1 288 57 discriminator 1 view .LVU134
 378 013e 42B1     		cbz	r2, .L17
 292:Middlewares/ST/filex/common/src/fx_directory_search.c ****                     beta =   path_ptr[v];
 379              		.loc 1 292 21 is_stmt 1 view .LVU135
 292:Middlewares/ST/filex/common/src/fx_directory_search.c ****                     beta =   path_ptr[v];
 380              		.loc 1 292 27 is_stmt 0 view .LVU136
 381 0140 E118     		adds	r1, r4, r3
 382 0142 91F8E013 		ldrb	r1, [r1, #992]	@ zero_extendqisi2
 383              	.LVL45:
 293:Middlewares/ST/filex/common/src/fx_directory_search.c **** 
 384              		.loc 1 293 21 is_stmt 1 view .LVU137
 296:Middlewares/ST/filex/common/src/fx_directory_search.c ****                     {
 385              		.loc 1 296 21 view .LVU138
 296:Middlewares/ST/filex/common/src/fx_directory_search.c ****                     {
 386              		.loc 1 296 24 is_stmt 0 view .LVU139
 387 0146 5C29     		cmp	r1, #92
 388 0148 F0D0     		beq	.L107
 389              	.LVL46:
 390              	.L15:
 300:Middlewares/ST/filex/common/src/fx_directory_search.c ****                     {
 391              		.loc 1 300 21 is_stmt 1 view .LVU140
 300:Middlewares/ST/filex/common/src/fx_directory_search.c ****                     {
 392              		.loc 1 300 24 is_stmt 0 view .LVU141
 393 014a 5C2A     		cmp	r2, #92
 394 014c F0D1     		bne	.L16
 302:Middlewares/ST/filex/common/src/fx_directory_search.c ****                     }
 395              		.loc 1 302 30 view .LVU142
 396 014e 2F22     		movs	r2, #47
 397              	.LVL47:
 302:Middlewares/ST/filex/common/src/fx_directory_search.c ****                     }
 398              		.loc 1 302 30 view .LVU143
 399 0150 EEE7     		b	.L16
 400              	.LVL48:
 401              	.L17:
 318:Middlewares/ST/filex/common/src/fx_directory_search.c ****                 {
 402              		.loc 1 318 17 is_stmt 1 view .LVU144
 318:Middlewares/ST/filex/common/src/fx_directory_search.c ****                 {
 403              		.loc 1 318 29 is_stmt 0 view .LVU145
 404 0152 19F80320 		ldrb	r2, [r9, r3]	@ zero_extendqisi2
 318:Middlewares/ST/filex/common/src/fx_directory_search.c ****                 {
ARM GAS  /tmp/cclp3C9h.s 			page 20


 405              		.loc 1 318 20 view .LVU146
 406 0156 002A     		cmp	r2, #0
 407 0158 BBD1     		bne	.L5
 408              	.LVL49:
 409              	.L14:
 332:Middlewares/ST/filex/common/src/fx_directory_search.c ****                     (media_ptr -> fx_media_last_found_name[v] != '/'))
 410              		.loc 1 332 17 is_stmt 1 view .LVU147
 332:Middlewares/ST/filex/common/src/fx_directory_search.c ****                     (media_ptr -> fx_media_last_found_name[v] != '/'))
 411              		.loc 1 332 59 is_stmt 0 view .LVU148
 412 015a E218     		adds	r2, r4, r3
 413 015c 92F8E023 		ldrb	r2, [r2, #992]	@ zero_extendqisi2
 332:Middlewares/ST/filex/common/src/fx_directory_search.c ****                     (media_ptr -> fx_media_last_found_name[v] != '/'))
 414              		.loc 1 332 20 view .LVU149
 415 0160 5C2A     		cmp	r2, #92
 416 0162 18BF     		it	ne
 417 0164 2F2A     		cmpne	r2, #47
 418 0166 07D1     		bne	.L83
 343:Middlewares/ST/filex/common/src/fx_directory_search.c ****                 }
 419              		.loc 1 343 21 is_stmt 1 view .LVU150
 343:Middlewares/ST/filex/common/src/fx_directory_search.c ****                 }
 420              		.loc 1 343 22 is_stmt 0 view .LVU151
 421 0168 0133     		adds	r3, r3, #1
 422              	.LVL50:
 343:Middlewares/ST/filex/common/src/fx_directory_search.c ****                 }
 423              		.loc 1 343 22 view .LVU152
 424 016a 4FF0010C 		mov	ip, #1
 425              	.LVL51:
 426              	.L19:
 348:Middlewares/ST/filex/common/src/fx_directory_search.c ****                 while ((v < (FX_MAX_LAST_NAME_LEN - 1)) && (name_ptr[j]) && (match))
 427              		.loc 1 348 17 is_stmt 1 view .LVU153
 349:Middlewares/ST/filex/common/src/fx_directory_search.c ****                 {
 428              		.loc 1 349 17 view .LVU154
 348:Middlewares/ST/filex/common/src/fx_directory_search.c ****                 while ((v < (FX_MAX_LAST_NAME_LEN - 1)) && (name_ptr[j]) && (match))
 429              		.loc 1 348 19 is_stmt 0 view .LVU155
 430 016e 0020     		movs	r0, #0
 431 0170 2246     		mov	r2, r4
 432 0172 6446     		mov	r4, ip
 433              	.LVL52:
 348:Middlewares/ST/filex/common/src/fx_directory_search.c ****                 while ((v < (FX_MAX_LAST_NAME_LEN - 1)) && (name_ptr[j]) && (match))
 434              		.loc 1 348 19 view .LVU156
 435 0174 9446     		mov	ip, r2
 436              	.LVL53:
 349:Middlewares/ST/filex/common/src/fx_directory_search.c ****                 {
 437              		.loc 1 349 23 view .LVU157
 438 0176 08E0     		b	.L20
 439              	.LVL54:
 440              	.L83:
 337:Middlewares/ST/filex/common/src/fx_directory_search.c ****                 }
 441              		.loc 1 337 27 view .LVU158
 442 0178 4FF0000C 		mov	ip, #0
 443 017c F7E7     		b	.L19
 444              	.LVL55:
 445              	.L108:
 359:Middlewares/ST/filex/common/src/fx_directory_search.c ****                     }
 446              		.loc 1 359 31 view .LVU159
 447 017e 2F22     		movs	r2, #47
 448              	.LVL56:
ARM GAS  /tmp/cclp3C9h.s 			page 21


 359:Middlewares/ST/filex/common/src/fx_directory_search.c ****                     }
 449              		.loc 1 359 31 view .LVU160
 450 0180 0EE0     		b	.L21
 451              	.LVL57:
 452              	.L22:
 367:Middlewares/ST/filex/common/src/fx_directory_search.c ****                     {
 453              		.loc 1 367 21 is_stmt 1 view .LVU161
 367:Middlewares/ST/filex/common/src/fx_directory_search.c ****                     {
 454              		.loc 1 367 24 is_stmt 0 view .LVU162
 455 0182 8A42     		cmp	r2, r1
 456 0184 10D1     		bne	.L23
 375:Middlewares/ST/filex/common/src/fx_directory_search.c ****                     j++;
 457              		.loc 1 375 21 is_stmt 1 view .LVU163
 375:Middlewares/ST/filex/common/src/fx_directory_search.c ****                     j++;
 458              		.loc 1 375 22 is_stmt 0 view .LVU164
 459 0186 0133     		adds	r3, r3, #1
 460              	.LVL58:
 376:Middlewares/ST/filex/common/src/fx_directory_search.c ****                 }
 461              		.loc 1 376 21 is_stmt 1 view .LVU165
 376:Middlewares/ST/filex/common/src/fx_directory_search.c ****                 }
 462              		.loc 1 376 22 is_stmt 0 view .LVU166
 463 0188 0130     		adds	r0, r0, #1
 464              	.LVL59:
 465              	.L20:
 349:Middlewares/ST/filex/common/src/fx_directory_search.c ****                 {
 466              		.loc 1 349 74 is_stmt 1 view .LVU167
 467 018a FE2B     		cmp	r3, #254
 468 018c 0CD8     		bhi	.L23
 349:Middlewares/ST/filex/common/src/fx_directory_search.c ****                 {
 469              		.loc 1 349 69 is_stmt 0 discriminator 1 view .LVU168
 470 018e 325C     		ldrb	r2, [r6, r0]	@ zero_extendqisi2
 349:Middlewares/ST/filex/common/src/fx_directory_search.c ****                 {
 471              		.loc 1 349 57 discriminator 1 view .LVU169
 472 0190 52B1     		cbz	r2, .L23
 349:Middlewares/ST/filex/common/src/fx_directory_search.c ****                 {
 473              		.loc 1 349 74 discriminator 2 view .LVU170
 474 0192 4CB1     		cbz	r4, .L23
 353:Middlewares/ST/filex/common/src/fx_directory_search.c ****                     beta =   media_ptr -> fx_media_last_found_name[v];
 475              		.loc 1 353 21 is_stmt 1 view .LVU171
 476              	.LVL60:
 354:Middlewares/ST/filex/common/src/fx_directory_search.c **** 
 477              		.loc 1 354 21 view .LVU172
 354:Middlewares/ST/filex/common/src/fx_directory_search.c **** 
 478              		.loc 1 354 26 is_stmt 0 view .LVU173
 479 0194 0CEB0301 		add	r1, ip, r3
 480 0198 91F8E013 		ldrb	r1, [r1, #992]	@ zero_extendqisi2
 481              	.LVL61:
 357:Middlewares/ST/filex/common/src/fx_directory_search.c ****                     {
 482              		.loc 1 357 21 is_stmt 1 view .LVU174
 357:Middlewares/ST/filex/common/src/fx_directory_search.c ****                     {
 483              		.loc 1 357 24 is_stmt 0 view .LVU175
 484 019c 5C2A     		cmp	r2, #92
 485 019e EED0     		beq	.L108
 486              	.LVL62:
 487              	.L21:
 361:Middlewares/ST/filex/common/src/fx_directory_search.c ****                     {
 488              		.loc 1 361 21 is_stmt 1 view .LVU176
ARM GAS  /tmp/cclp3C9h.s 			page 22


 361:Middlewares/ST/filex/common/src/fx_directory_search.c ****                     {
 489              		.loc 1 361 24 is_stmt 0 view .LVU177
 490 01a0 5C29     		cmp	r1, #92
 491 01a2 EED1     		bne	.L22
 363:Middlewares/ST/filex/common/src/fx_directory_search.c ****                     }
 492              		.loc 1 363 30 view .LVU178
 493 01a4 2F21     		movs	r1, #47
 494              	.LVL63:
 363:Middlewares/ST/filex/common/src/fx_directory_search.c ****                     }
 495              		.loc 1 363 30 view .LVU179
 496 01a6 ECE7     		b	.L22
 497              	.LVL64:
 498              	.L23:
 380:Middlewares/ST/filex/common/src/fx_directory_search.c ****                 {
 499              		.loc 1 380 20 view .LVU180
 500 01a8 6246     		mov	r2, ip
 501 01aa A446     		mov	ip, r4
 502              	.LVL65:
 380:Middlewares/ST/filex/common/src/fx_directory_search.c ****                 {
 503              		.loc 1 380 20 view .LVU181
 504 01ac 1446     		mov	r4, r2
 505              	.LVL66:
 380:Middlewares/ST/filex/common/src/fx_directory_search.c ****                 {
 506              		.loc 1 380 17 is_stmt 1 view .LVU182
 380:Middlewares/ST/filex/common/src/fx_directory_search.c ****                 {
 507              		.loc 1 380 20 is_stmt 0 view .LVU183
 508 01ae FF2B     		cmp	r3, #255
 509 01b0 8FD8     		bhi	.L5
 384:Middlewares/ST/filex/common/src/fx_directory_search.c ****                 {
 510              		.loc 1 384 22 is_stmt 1 view .LVU184
 384:Middlewares/ST/filex/common/src/fx_directory_search.c ****                 {
 511              		.loc 1 384 25 is_stmt 0 view .LVU185
 512 01b2 BCF1000F 		cmp	ip, #0
 513 01b6 8CD0     		beq	.L5
 384:Middlewares/ST/filex/common/src/fx_directory_search.c ****                 {
 514              		.loc 1 384 46 discriminator 1 view .LVU186
 515 01b8 325C     		ldrb	r2, [r6, r0]	@ zero_extendqisi2
 516              	.LVL67:
 384:Middlewares/ST/filex/common/src/fx_directory_search.c ****                 {
 517              		.loc 1 384 90 discriminator 1 view .LVU187
 518 01ba 2344     		add	r3, r3, r4
 519              	.LVL68:
 384:Middlewares/ST/filex/common/src/fx_directory_search.c ****                 {
 520              		.loc 1 384 90 discriminator 1 view .LVU188
 521 01bc 93F8E033 		ldrb	r3, [r3, #992]	@ zero_extendqisi2
 384:Middlewares/ST/filex/common/src/fx_directory_search.c ****                 {
 522              		.loc 1 384 34 discriminator 1 view .LVU189
 523 01c0 9A42     		cmp	r2, r3
 524 01c2 86D1     		bne	.L5
 525              	.LVL69:
 526              	.L12:
 398:Middlewares/ST/filex/common/src/fx_directory_search.c **** 
 527              		.loc 1 398 13 is_stmt 1 view .LVU190
 398:Middlewares/ST/filex/common/src/fx_directory_search.c **** 
 528              		.loc 1 398 22 is_stmt 0 view .LVU191
 529 01c4 2E68     		ldr	r6, [r5]
 530              	.LVL70:
ARM GAS  /tmp/cclp3C9h.s 			page 23


 401:Middlewares/ST/filex/common/src/fx_directory_search.c **** 
 531              		.loc 1 401 13 is_stmt 1 view .LVU192
 401:Middlewares/ST/filex/common/src/fx_directory_search.c **** 
 532              		.loc 1 401 24 is_stmt 0 view .LVU193
 533 01c6 7022     		movs	r2, #112
 534 01c8 04F51C71 		add	r1, r4, #624
 535 01cc 2846     		mov	r0, r5
 536 01ce FFF7FEFF 		bl	memcpy
 537              	.LVL71:
 404:Middlewares/ST/filex/common/src/fx_directory_search.c **** 
 538              		.loc 1 404 13 is_stmt 1 view .LVU194
 404:Middlewares/ST/filex/common/src/fx_directory_search.c **** 
 539              		.loc 1 404 44 is_stmt 0 view .LVU195
 540 01d2 2E60     		str	r6, [r5]
 407:Middlewares/ST/filex/common/src/fx_directory_search.c ****             {
 541              		.loc 1 407 13 is_stmt 1 view .LVU196
 542              	.LVL72:
 407:Middlewares/ST/filex/common/src/fx_directory_search.c ****             {
 543              		.loc 1 407 24 is_stmt 0 view .LVU197
 544 01d4 0023     		movs	r3, #0
 545              	.LVL73:
 546              	.L25:
 407:Middlewares/ST/filex/common/src/fx_directory_search.c ****             {
 547              		.loc 1 407 35 is_stmt 1 discriminator 1 view .LVU198
 548 01d6 FF2B     		cmp	r3, #255
 549 01d8 06D8     		bhi	.L27
 411:Middlewares/ST/filex/common/src/fx_directory_search.c **** 
 550              		.loc 1 411 17 view .LVU199
 411:Middlewares/ST/filex/common/src/fx_directory_search.c **** 
 551              		.loc 1 411 78 is_stmt 0 view .LVU200
 552 01da E218     		adds	r2, r4, r3
 553 01dc 92F8E022 		ldrb	r2, [r2, #736]	@ zero_extendqisi2
 411:Middlewares/ST/filex/common/src/fx_directory_search.c **** 
 554              		.loc 1 411 33 view .LVU201
 555 01e0 F254     		strb	r2, [r6, r3]
 414:Middlewares/ST/filex/common/src/fx_directory_search.c ****                 {
 556              		.loc 1 414 17 is_stmt 1 view .LVU202
 414:Middlewares/ST/filex/common/src/fx_directory_search.c ****                 {
 557              		.loc 1 414 20 is_stmt 0 view .LVU203
 558 01e2 1ABB     		cbnz	r2, .L26
 418:Middlewares/ST/filex/common/src/fx_directory_search.c ****                     {
 559              		.loc 1 418 21 is_stmt 1 view .LVU204
 418:Middlewares/ST/filex/common/src/fx_directory_search.c ****                     {
 560              		.loc 1 418 24 is_stmt 0 view .LVU205
 561 01e4 FE2B     		cmp	r3, #254
 562 01e6 21D8     		bhi	.L26
 563              	.L27:
 428:Middlewares/ST/filex/common/src/fx_directory_search.c ****             {
 564              		.loc 1 428 13 is_stmt 1 view .LVU206
 428:Middlewares/ST/filex/common/src/fx_directory_search.c ****             {
 565              		.loc 1 428 16 is_stmt 0 view .LVU207
 566 01e8 079F     		ldr	r7, [sp, #28]
 567              	.LVL74:
 428:Middlewares/ST/filex/common/src/fx_directory_search.c ****             {
 568              		.loc 1 428 16 view .LVU208
 569 01ea A7B1     		cbz	r7, .L29
 428:Middlewares/ST/filex/common/src/fx_directory_search.c ****             {
ARM GAS  /tmp/cclp3C9h.s 			page 24


 570              		.loc 1 428 46 discriminator 1 view .LVU209
 571 01ec D4F8FC31 		ldr	r3, [r4, #508]
 572              	.LVL75:
 428:Middlewares/ST/filex/common/src/fx_directory_search.c ****             {
 573              		.loc 1 428 32 discriminator 1 view .LVU210
 574 01f0 8BB1     		cbz	r3, .L29
 435:Middlewares/ST/filex/common/src/fx_directory_search.c **** 
 575              		.loc 1 435 17 is_stmt 1 view .LVU211
 435:Middlewares/ST/filex/common/src/fx_directory_search.c **** 
 576              		.loc 1 435 38 is_stmt 0 view .LVU212
 577 01f2 3D68     		ldr	r5, [r7]
 578              	.LVL76:
 438:Middlewares/ST/filex/common/src/fx_directory_search.c **** 
 579              		.loc 1 438 17 is_stmt 1 view .LVU213
 438:Middlewares/ST/filex/common/src/fx_directory_search.c **** 
 580              		.loc 1 438 31 is_stmt 0 view .LVU214
 581 01f4 7022     		movs	r2, #112
 582 01f6 04F50071 		add	r1, r4, #512
 583 01fa 3846     		mov	r0, r7
 584 01fc FFF7FEFF 		bl	memcpy
 585              	.LVL77:
 441:Middlewares/ST/filex/common/src/fx_directory_search.c **** 
 586              		.loc 1 441 17 is_stmt 1 view .LVU215
 441:Middlewares/ST/filex/common/src/fx_directory_search.c **** 
 587              		.loc 1 441 51 is_stmt 0 view .LVU216
 588 0200 3D60     		str	r5, [r7]
 444:Middlewares/ST/filex/common/src/fx_directory_search.c **** 
 589              		.loc 1 444 17 is_stmt 1 view .LVU217
 444:Middlewares/ST/filex/common/src/fx_directory_search.c **** 
 590              		.loc 1 444 33 is_stmt 0 view .LVU218
 591 0202 D4F80012 		ldr	r1, [r4, #512]
 592              	.LVL78:
 447:Middlewares/ST/filex/common/src/fx_directory_search.c ****                 {
 593              		.loc 1 447 17 is_stmt 1 view .LVU219
 447:Middlewares/ST/filex/common/src/fx_directory_search.c ****                 {
 594              		.loc 1 447 24 is_stmt 0 view .LVU220
 595 0206 0023     		movs	r3, #0
 596              	.LVL79:
 597              	.L30:
 447:Middlewares/ST/filex/common/src/fx_directory_search.c ****                 {
 598              		.loc 1 447 31 is_stmt 1 discriminator 1 view .LVU221
 599 0208 FF2B     		cmp	r3, #255
 600 020a 04D8     		bhi	.L29
 451:Middlewares/ST/filex/common/src/fx_directory_search.c ****                 
 601              		.loc 1 451 21 view .LVU222
 451:Middlewares/ST/filex/common/src/fx_directory_search.c ****                 
 602              		.loc 1 451 63 is_stmt 0 view .LVU223
 603 020c CA5C     		ldrb	r2, [r1, r3]	@ zero_extendqisi2
 451:Middlewares/ST/filex/common/src/fx_directory_search.c ****                 
 604              		.loc 1 451 45 view .LVU224
 605 020e EA54     		strb	r2, [r5, r3]
 454:Middlewares/ST/filex/common/src/fx_directory_search.c ****                     {
 606              		.loc 1 454 21 is_stmt 1 view .LVU225
 454:Middlewares/ST/filex/common/src/fx_directory_search.c ****                     {
 607              		.loc 1 454 24 is_stmt 0 view .LVU226
 608 0210 72B9     		cbnz	r2, .L31
 458:Middlewares/ST/filex/common/src/fx_directory_search.c ****                         {
ARM GAS  /tmp/cclp3C9h.s 			page 25


 609              		.loc 1 458 25 is_stmt 1 view .LVU227
 458:Middlewares/ST/filex/common/src/fx_directory_search.c ****                         {
 610              		.loc 1 458 28 is_stmt 0 view .LVU228
 611 0212 FE2B     		cmp	r3, #254
 612 0214 0CD8     		bhi	.L31
 613              	.LVL80:
 614              	.L29:
 469:Middlewares/ST/filex/common/src/fx_directory_search.c ****             {
 615              		.loc 1 469 13 is_stmt 1 view .LVU229
 469:Middlewares/ST/filex/common/src/fx_directory_search.c ****             {
 616              		.loc 1 469 16 is_stmt 0 view .LVU230
 617 0216 329B     		ldr	r3, [sp, #200]
 618 0218 03B1     		cbz	r3, .L33
 473:Middlewares/ST/filex/common/src/fx_directory_search.c ****             }
 619              		.loc 1 473 17 is_stmt 1 view .LVU231
 473:Middlewares/ST/filex/common/src/fx_directory_search.c ****             }
 620              		.loc 1 473 32 is_stmt 0 view .LVU232
 621 021a 1E60     		str	r6, [r3]
 622              	.L33:
 479:Middlewares/ST/filex/common/src/fx_directory_search.c **** #endif
 623              		.loc 1 479 13 is_stmt 1 view .LVU233
 479:Middlewares/ST/filex/common/src/fx_directory_search.c **** #endif
 624              		.loc 1 479 23 is_stmt 0 view .LVU234
 625 021c D4F8C431 		ldr	r3, [r4, #452]
 479:Middlewares/ST/filex/common/src/fx_directory_search.c **** #endif
 626              		.loc 1 479 62 view .LVU235
 627 0220 0133     		adds	r3, r3, #1
 628 0222 C4F8C431 		str	r3, [r4, #452]
 483:Middlewares/ST/filex/common/src/fx_directory_search.c ****         }
 629              		.loc 1 483 13 is_stmt 1 view .LVU236
 483:Middlewares/ST/filex/common/src/fx_directory_search.c ****         }
 630              		.loc 1 483 19 is_stmt 0 view .LVU237
 631 0226 0023     		movs	r3, #0
 632 0228 0593     		str	r3, [sp, #20]
 633 022a 70E1     		b	.L1
 634              	.LVL81:
 635              	.L26:
 407:Middlewares/ST/filex/common/src/fx_directory_search.c ****             {
 636              		.loc 1 407 64 is_stmt 1 discriminator 2 view .LVU238
 637 022c 0133     		adds	r3, r3, #1
 638              	.LVL82:
 407:Middlewares/ST/filex/common/src/fx_directory_search.c ****             {
 639              		.loc 1 407 64 is_stmt 0 discriminator 2 view .LVU239
 640 022e D2E7     		b	.L25
 641              	.LVL83:
 642              	.L31:
 447:Middlewares/ST/filex/common/src/fx_directory_search.c ****                 {
 643              		.loc 1 447 56 is_stmt 1 discriminator 2 view .LVU240
 644 0230 0133     		adds	r3, r3, #1
 645              	.LVL84:
 447:Middlewares/ST/filex/common/src/fx_directory_search.c ****                 {
 646              		.loc 1 447 56 is_stmt 0 discriminator 2 view .LVU241
 647 0232 E9E7     		b	.L30
 648              	.LVL85:
 649              	.L106:
 447:Middlewares/ST/filex/common/src/fx_directory_search.c ****                 {
 650              		.loc 1 447 56 discriminator 2 view .LVU242
ARM GAS  /tmp/cclp3C9h.s 			page 26


 651              	.LBE4:
 529:Middlewares/ST/filex/common/src/fx_directory_search.c **** 
 652              		.loc 1 529 17 is_stmt 1 view .LVU243
 529:Middlewares/ST/filex/common/src/fx_directory_search.c **** 
 653              		.loc 1 529 68 is_stmt 0 view .LVU244
 654 0234 0023     		movs	r3, #0
 655 0236 C8F85030 		str	r3, [r8, #80]
 533:Middlewares/ST/filex/common/src/fx_directory_search.c ****                 cluster =  search_dir_ptr -> fx_dir_entry_cluster;
 656              		.loc 1 533 17 is_stmt 1 view .LVU245
 533:Middlewares/ST/filex/common/src/fx_directory_search.c ****                 cluster =  search_dir_ptr -> fx_dir_entry_cluster;
 657              		.loc 1 533 19 is_stmt 0 view .LVU246
 658 023a 2793     		str	r3, [sp, #156]
 534:Middlewares/ST/filex/common/src/fx_directory_search.c ****                 while (cluster < media_ptr -> fx_media_fat_reserved)
 659              		.loc 1 534 17 is_stmt 1 view .LVU247
 534:Middlewares/ST/filex/common/src/fx_directory_search.c ****                 while (cluster < media_ptr -> fx_media_fat_reserved)
 660              		.loc 1 534 25 is_stmt 0 view .LVU248
 661 023c D8F83460 		ldr	r6, [r8, #52]
 662              	.LVL86:
 535:Middlewares/ST/filex/common/src/fx_directory_search.c ****                 {
 663              		.loc 1 535 17 is_stmt 1 view .LVU249
 664              	.L37:
 535:Middlewares/ST/filex/common/src/fx_directory_search.c ****                 {
 665              		.loc 1 535 32 view .LVU250
 535:Middlewares/ST/filex/common/src/fx_directory_search.c ****                 {
 666              		.loc 1 535 44 is_stmt 0 view .LVU251
 667 0240 04F50053 		add	r3, r4, #8192
 668 0244 D3F8A834 		ldr	r3, [r3, #1192]
 535:Middlewares/ST/filex/common/src/fx_directory_search.c ****                 {
 669              		.loc 1 535 32 view .LVU252
 670 0248 B342     		cmp	r3, r6
 671 024a 18D9     		bls	.L109
 539:Middlewares/ST/filex/common/src/fx_directory_search.c **** 
 672              		.loc 1 539 21 is_stmt 1 view .LVU253
 539:Middlewares/ST/filex/common/src/fx_directory_search.c **** 
 673              		.loc 1 539 22 is_stmt 0 view .LVU254
 674 024c 279B     		ldr	r3, [sp, #156]
 675 024e 0133     		adds	r3, r3, #1
 676 0250 2793     		str	r3, [sp, #156]
 542:Middlewares/ST/filex/common/src/fx_directory_search.c **** 
 677              		.loc 1 542 21 is_stmt 1 view .LVU255
 542:Middlewares/ST/filex/common/src/fx_directory_search.c **** 
 678              		.loc 1 542 31 is_stmt 0 view .LVU256
 679 0252 26AA     		add	r2, sp, #152
 680 0254 3146     		mov	r1, r6
 681 0256 2046     		mov	r0, r4
 682 0258 FFF7FEFF 		bl	_fx_utility_FAT_entry_read
 683              	.LVL87:
 545:Middlewares/ST/filex/common/src/fx_directory_search.c ****                     {
 684              		.loc 1 545 21 is_stmt 1 view .LVU257
 545:Middlewares/ST/filex/common/src/fx_directory_search.c ****                     {
 685              		.loc 1 545 24 is_stmt 0 view .LVU258
 686 025c 0028     		cmp	r0, #0
 687 025e 40F05581 		bne	.L100
 553:Middlewares/ST/filex/common/src/fx_directory_search.c ****                     {
 688              		.loc 1 553 21 is_stmt 1 view .LVU259
 553:Middlewares/ST/filex/common/src/fx_directory_search.c ****                     {
 689              		.loc 1 553 24 is_stmt 0 view .LVU260
ARM GAS  /tmp/cclp3C9h.s 			page 27


 690 0262 012E     		cmp	r6, #1
 691 0264 40F24381 		bls	.L86
 553:Middlewares/ST/filex/common/src/fx_directory_search.c ****                     {
 692              		.loc 1 553 68 discriminator 1 view .LVU261
 693 0268 269B     		ldr	r3, [sp, #152]
 553:Middlewares/ST/filex/common/src/fx_directory_search.c ****                     {
 694              		.loc 1 553 56 discriminator 1 view .LVU262
 695 026a B342     		cmp	r3, r6
 696 026c 00F04281 		beq	.L87
 553:Middlewares/ST/filex/common/src/fx_directory_search.c ****                     {
 697              		.loc 1 553 103 discriminator 2 view .LVU263
 698 0270 216C     		ldr	r1, [r4, #64]
 553:Middlewares/ST/filex/common/src/fx_directory_search.c ****                     {
 699              		.loc 1 553 91 discriminator 2 view .LVU264
 700 0272 279A     		ldr	r2, [sp, #156]
 553:Middlewares/ST/filex/common/src/fx_directory_search.c ****                     {
 701              		.loc 1 553 85 discriminator 2 view .LVU265
 702 0274 9142     		cmp	r1, r2
 703 0276 C0F04081 		bcc	.L88
 560:Middlewares/ST/filex/common/src/fx_directory_search.c ****                 }
 704              		.loc 1 560 29 view .LVU266
 705 027a 1E46     		mov	r6, r3
 706              	.LVL88:
 560:Middlewares/ST/filex/common/src/fx_directory_search.c ****                 }
 707              		.loc 1 560 29 view .LVU267
 708 027c E0E7     		b	.L37
 709              	.LVL89:
 710              	.L109:
 564:Middlewares/ST/filex/common/src/fx_directory_search.c ****                                    ((ULONG64) media_ptr -> fx_media_sectors_per_cluster) * i)
 711              		.loc 1 564 17 is_stmt 1 view .LVU268
 564:Middlewares/ST/filex/common/src/fx_directory_search.c ****                                    ((ULONG64) media_ptr -> fx_media_sectors_per_cluster) * i)
 712              		.loc 1 564 57 is_stmt 0 view .LVU269
 713 027e A36A     		ldr	r3, [r4, #40]
 565:Middlewares/ST/filex/common/src/fx_directory_search.c ****                                     / (ULONG64) FX_DIR_ENTRY_SIZE;
 714              		.loc 1 565 57 view .LVU270
 715 0280 626D     		ldr	r2, [r4, #84]
 564:Middlewares/ST/filex/common/src/fx_directory_search.c ****                                    ((ULONG64) media_ptr -> fx_media_sectors_per_cluster) * i)
 716              		.loc 1 564 87 view .LVU271
 717 0282 A3FB0232 		umull	r3, r2, r3, r2
 565:Middlewares/ST/filex/common/src/fx_directory_search.c ****                                     / (ULONG64) FX_DIR_ENTRY_SIZE;
 718              		.loc 1 565 90 view .LVU272
 719 0286 2799     		ldr	r1, [sp, #156]
 720 0288 A1FB033A 		umull	r3, r10, r1, r3
 721 028c 01FB02AA 		mla	r10, r1, r2, r10
 564:Middlewares/ST/filex/common/src/fx_directory_search.c ****                                    ((ULONG64) media_ptr -> fx_media_sectors_per_cluster) * i)
 722              		.loc 1 564 32 view .LVU273
 723 0290 4FEA5319 		lsr	r9, r3, #5
 724 0294 49EACA69 		orr	r9, r9, r10, lsl #27
 725 0298 4FEA5A1A 		lsr	r10, r10, #5
 726              	.LVL90:
 570:Middlewares/ST/filex/common/src/fx_directory_search.c **** #ifdef FX_ENABLE_EXFAT
 727              		.loc 1 570 17 is_stmt 1 view .LVU274
 570:Middlewares/ST/filex/common/src/fx_directory_search.c **** #ifdef FX_ENABLE_EXFAT
 728              		.loc 1 570 58 is_stmt 0 view .LVU275
 729 029c C8F83890 		str	r9, [r8, #56]
 730 02a0 C8F83CA0 		str	r10, [r8, #60]
 577:Middlewares/ST/filex/common/src/fx_directory_search.c ****             {
ARM GAS  /tmp/cclp3C9h.s 			page 28


 731              		.loc 1 577 13 is_stmt 1 view .LVU276
 577:Middlewares/ST/filex/common/src/fx_directory_search.c ****             {
 732              		.loc 1 577 16 is_stmt 0 view .LVU277
 733 02a4 079F     		ldr	r7, [sp, #28]
 734 02a6 002F     		cmp	r7, #0
 735 02a8 3FF43BAF 		beq	.L39
 583:Middlewares/ST/filex/common/src/fx_directory_search.c **** 
 736              		.loc 1 583 17 is_stmt 1 view .LVU278
 583:Middlewares/ST/filex/common/src/fx_directory_search.c **** 
 737              		.loc 1 583 38 is_stmt 0 view .LVU279
 738 02ac 3E68     		ldr	r6, [r7]
 739              	.LVL91:
 586:Middlewares/ST/filex/common/src/fx_directory_search.c **** 
 740              		.loc 1 586 17 is_stmt 1 view .LVU280
 586:Middlewares/ST/filex/common/src/fx_directory_search.c **** 
 741              		.loc 1 586 31 is_stmt 0 view .LVU281
 742 02ae 7022     		movs	r2, #112
 743 02b0 4146     		mov	r1, r8
 744 02b2 3846     		mov	r0, r7
 745 02b4 FFF7FEFF 		bl	memcpy
 746              	.LVL92:
 589:Middlewares/ST/filex/common/src/fx_directory_search.c **** 
 747              		.loc 1 589 17 is_stmt 1 view .LVU282
 589:Middlewares/ST/filex/common/src/fx_directory_search.c **** 
 748              		.loc 1 589 51 is_stmt 0 view .LVU283
 749 02b8 3E60     		str	r6, [r7]
 592:Middlewares/ST/filex/common/src/fx_directory_search.c **** 
 750              		.loc 1 592 17 is_stmt 1 view .LVU284
 592:Middlewares/ST/filex/common/src/fx_directory_search.c **** 
 751              		.loc 1 592 33 is_stmt 0 view .LVU285
 752 02ba D8F80010 		ldr	r1, [r8]
 753              	.LVL93:
 595:Middlewares/ST/filex/common/src/fx_directory_search.c ****                 {
 754              		.loc 1 595 17 is_stmt 1 view .LVU286
 595:Middlewares/ST/filex/common/src/fx_directory_search.c ****                 {
 755              		.loc 1 595 24 is_stmt 0 view .LVU287
 756 02be 0023     		movs	r3, #0
 757              	.LVL94:
 758              	.L40:
 595:Middlewares/ST/filex/common/src/fx_directory_search.c ****                 {
 759              		.loc 1 595 31 is_stmt 1 discriminator 1 view .LVU288
 760 02c0 FF2B     		cmp	r3, #255
 761 02c2 3FF62EAF 		bhi	.L39
 599:Middlewares/ST/filex/common/src/fx_directory_search.c **** 
 762              		.loc 1 599 21 view .LVU289
 599:Middlewares/ST/filex/common/src/fx_directory_search.c **** 
 763              		.loc 1 599 63 is_stmt 0 view .LVU290
 764 02c6 CA5C     		ldrb	r2, [r1, r3]	@ zero_extendqisi2
 599:Middlewares/ST/filex/common/src/fx_directory_search.c **** 
 765              		.loc 1 599 45 view .LVU291
 766 02c8 F254     		strb	r2, [r6, r3]
 602:Middlewares/ST/filex/common/src/fx_directory_search.c ****                     {
 767              		.loc 1 602 21 is_stmt 1 view .LVU292
 602:Middlewares/ST/filex/common/src/fx_directory_search.c ****                     {
 768              		.loc 1 602 24 is_stmt 0 view .LVU293
 769 02ca 12B9     		cbnz	r2, .L41
 606:Middlewares/ST/filex/common/src/fx_directory_search.c ****                         {
ARM GAS  /tmp/cclp3C9h.s 			page 29


 770              		.loc 1 606 25 is_stmt 1 view .LVU294
 606:Middlewares/ST/filex/common/src/fx_directory_search.c ****                         {
 771              		.loc 1 606 28 is_stmt 0 view .LVU295
 772 02cc FE2B     		cmp	r3, #254
 773 02ce 7FF628AF 		bls	.L39
 774              	.L41:
 595:Middlewares/ST/filex/common/src/fx_directory_search.c ****                 {
 775              		.loc 1 595 56 is_stmt 1 discriminator 2 view .LVU296
 776 02d2 0133     		adds	r3, r3, #1
 777              	.LVL95:
 595:Middlewares/ST/filex/common/src/fx_directory_search.c ****                 {
 778              		.loc 1 595 56 is_stmt 0 discriminator 2 view .LVU297
 779 02d4 F4E7     		b	.L40
 780              	.LVL96:
 781              	.L89:
 595:Middlewares/ST/filex/common/src/fx_directory_search.c ****                 {
 782              		.loc 1 595 56 discriminator 2 view .LVU298
 783 02d6 DDF818C0 		ldr	ip, [sp, #24]
 784 02da 1046     		mov	r0, r2
 785              	.LVL97:
 595:Middlewares/ST/filex/common/src/fx_directory_search.c ****                 {
 786              		.loc 1 595 56 discriminator 2 view .LVU299
 787 02dc 0BE0     		b	.L49
 788              	.L116:
 789 02de 00BF     		.align	2
 790              	.L115:
 791 02e0 00000000 		.word	_tx_thread_current_ptr
 792              	.LVL98:
 793              	.L110:
 627:Middlewares/ST/filex/common/src/fx_directory_search.c **** 
 628:Middlewares/ST/filex/common/src/fx_directory_search.c **** #ifdef FX_ENABLE_EXFAT
 629:Middlewares/ST/filex/common/src/fx_directory_search.c ****         if (media_ptr -> fx_media_FAT_type == FX_exFAT)
 630:Middlewares/ST/filex/common/src/fx_directory_search.c ****         {
 631:Middlewares/ST/filex/common/src/fx_directory_search.c **** 
 632:Middlewares/ST/filex/common/src/fx_directory_search.c ****             /* Get name hash.  */
 633:Middlewares/ST/filex/common/src/fx_directory_search.c ****             hash =  _fx_utility_exFAT_name_hash_get(name);
 634:Middlewares/ST/filex/common/src/fx_directory_search.c ****         }
 635:Middlewares/ST/filex/common/src/fx_directory_search.c **** #endif /* FX_ENABLE_EXFAT */
 636:Middlewares/ST/filex/common/src/fx_directory_search.c **** 
 637:Middlewares/ST/filex/common/src/fx_directory_search.c ****         do
 638:Middlewares/ST/filex/common/src/fx_directory_search.c ****         {
 639:Middlewares/ST/filex/common/src/fx_directory_search.c **** 
 640:Middlewares/ST/filex/common/src/fx_directory_search.c ****             /* Read an entry from the directory.  */
 641:Middlewares/ST/filex/common/src/fx_directory_search.c **** #ifdef FX_ENABLE_EXFAT
 642:Middlewares/ST/filex/common/src/fx_directory_search.c ****             status =  _fx_directory_entry_read_ex(media_ptr, search_dir_ptr, &i, entry_ptr, hash);
 643:Middlewares/ST/filex/common/src/fx_directory_search.c **** #else
 644:Middlewares/ST/filex/common/src/fx_directory_search.c ****             status =  _fx_directory_entry_read(media_ptr, search_dir_ptr, &i, entry_ptr);
 645:Middlewares/ST/filex/common/src/fx_directory_search.c **** #endif /* FX_ENABLE_EXFAT */
 646:Middlewares/ST/filex/common/src/fx_directory_search.c **** 
 647:Middlewares/ST/filex/common/src/fx_directory_search.c ****             i++;
 648:Middlewares/ST/filex/common/src/fx_directory_search.c **** 
 649:Middlewares/ST/filex/common/src/fx_directory_search.c ****             /* Check for error status.  */
 650:Middlewares/ST/filex/common/src/fx_directory_search.c ****             if (status != FX_SUCCESS)
 651:Middlewares/ST/filex/common/src/fx_directory_search.c ****             {
 652:Middlewares/ST/filex/common/src/fx_directory_search.c ****                 return(status);
 653:Middlewares/ST/filex/common/src/fx_directory_search.c ****             }
 654:Middlewares/ST/filex/common/src/fx_directory_search.c **** 
ARM GAS  /tmp/cclp3C9h.s 			page 30


 655:Middlewares/ST/filex/common/src/fx_directory_search.c ****             /* Determine if this is the last directory entry.  */
 656:Middlewares/ST/filex/common/src/fx_directory_search.c **** #ifdef FX_ENABLE_EXFAT
 657:Middlewares/ST/filex/common/src/fx_directory_search.c ****             if (entry_ptr -> fx_dir_entry_type == FX_EXFAT_DIR_ENTRY_TYPE_END_MARKER)
 658:Middlewares/ST/filex/common/src/fx_directory_search.c **** #else
 659:Middlewares/ST/filex/common/src/fx_directory_search.c ****             if ((UCHAR)entry_ptr -> fx_dir_entry_name[0] == (UCHAR)FX_DIR_ENTRY_DONE)
 660:Middlewares/ST/filex/common/src/fx_directory_search.c **** #endif /* FX_ENABLE_EXFAT */
 661:Middlewares/ST/filex/common/src/fx_directory_search.c ****             {
 662:Middlewares/ST/filex/common/src/fx_directory_search.c ****                 break;
 663:Middlewares/ST/filex/common/src/fx_directory_search.c ****             }
 664:Middlewares/ST/filex/common/src/fx_directory_search.c **** 
 665:Middlewares/ST/filex/common/src/fx_directory_search.c ****             /* Determine if the entry is a volume label entry */
 666:Middlewares/ST/filex/common/src/fx_directory_search.c ****             if ((entry_ptr -> fx_dir_entry_attributes & FX_VOLUME))
 667:Middlewares/ST/filex/common/src/fx_directory_search.c ****             {
 668:Middlewares/ST/filex/common/src/fx_directory_search.c ****                 continue;
 669:Middlewares/ST/filex/common/src/fx_directory_search.c ****             }
 670:Middlewares/ST/filex/common/src/fx_directory_search.c **** 
 671:Middlewares/ST/filex/common/src/fx_directory_search.c ****             /* Determine if this is an empty entry.  */
 672:Middlewares/ST/filex/common/src/fx_directory_search.c **** #ifdef FX_ENABLE_EXFAT
 673:Middlewares/ST/filex/common/src/fx_directory_search.c ****             if (entry_ptr -> fx_dir_entry_type != FX_EXFAT_DIR_ENTRY_TYPE_FILE_DIRECTORY)
 674:Middlewares/ST/filex/common/src/fx_directory_search.c **** #else
 675:Middlewares/ST/filex/common/src/fx_directory_search.c ****             if (((UCHAR)entry_ptr -> fx_dir_entry_name[0] == (UCHAR)FX_DIR_ENTRY_FREE) && (entry_pt
 676:Middlewares/ST/filex/common/src/fx_directory_search.c **** #endif /* FX_ENABLE_EXFAT */
 677:Middlewares/ST/filex/common/src/fx_directory_search.c ****             {
 678:Middlewares/ST/filex/common/src/fx_directory_search.c ****                 continue;
 679:Middlewares/ST/filex/common/src/fx_directory_search.c ****             }
 680:Middlewares/ST/filex/common/src/fx_directory_search.c **** 
 681:Middlewares/ST/filex/common/src/fx_directory_search.c ****             /* Compare the input name and extension with the directory
 682:Middlewares/ST/filex/common/src/fx_directory_search.c ****                entry.  */
 683:Middlewares/ST/filex/common/src/fx_directory_search.c ****             work_ptr =      &name[0];
 684:Middlewares/ST/filex/common/src/fx_directory_search.c ****             dir_name_ptr =  &(entry_ptr -> fx_dir_entry_name[0]);
 685:Middlewares/ST/filex/common/src/fx_directory_search.c **** 
 686:Middlewares/ST/filex/common/src/fx_directory_search.c ****             /* Loop to compare names.  */
 687:Middlewares/ST/filex/common/src/fx_directory_search.c ****             do
 688:Middlewares/ST/filex/common/src/fx_directory_search.c ****             {
 689:Middlewares/ST/filex/common/src/fx_directory_search.c **** 
 690:Middlewares/ST/filex/common/src/fx_directory_search.c ****                 /* Pickup character of directory name.  */
 691:Middlewares/ST/filex/common/src/fx_directory_search.c ****                 alpha =  *dir_name_ptr;
 692:Middlewares/ST/filex/common/src/fx_directory_search.c **** 
 693:Middlewares/ST/filex/common/src/fx_directory_search.c ****                 /* Pickup character of name.  */
 694:Middlewares/ST/filex/common/src/fx_directory_search.c ****                 name_alpha =  *work_ptr;
 695:Middlewares/ST/filex/common/src/fx_directory_search.c **** 
 696:Middlewares/ST/filex/common/src/fx_directory_search.c ****                 /* Determine if its case needs to be changed.  */
 697:Middlewares/ST/filex/common/src/fx_directory_search.c ****                 if ((alpha >= 'a') && (alpha <= 'z'))
 698:Middlewares/ST/filex/common/src/fx_directory_search.c ****                 {
 699:Middlewares/ST/filex/common/src/fx_directory_search.c **** 
 700:Middlewares/ST/filex/common/src/fx_directory_search.c ****                     /* Yes, make upper case.  */
 701:Middlewares/ST/filex/common/src/fx_directory_search.c ****                     alpha =  (CHAR)((INT)alpha - 0x20);
 702:Middlewares/ST/filex/common/src/fx_directory_search.c ****                 }
 703:Middlewares/ST/filex/common/src/fx_directory_search.c **** 
 704:Middlewares/ST/filex/common/src/fx_directory_search.c ****                 /* Determine if its case needs to be changed.  */
 705:Middlewares/ST/filex/common/src/fx_directory_search.c ****                 if ((name_alpha >= 'a') && (name_alpha <= 'z'))
 706:Middlewares/ST/filex/common/src/fx_directory_search.c ****                 {
 707:Middlewares/ST/filex/common/src/fx_directory_search.c **** 
 708:Middlewares/ST/filex/common/src/fx_directory_search.c ****                     /* Yes, make upper case.  */
 709:Middlewares/ST/filex/common/src/fx_directory_search.c ****                     name_alpha =  (CHAR)((INT)name_alpha - 0x20);
 794              		.loc 1 709 21 is_stmt 1 view .LVU300
 795              		.loc 1 709 32 is_stmt 0 view .LVU301
ARM GAS  /tmp/cclp3C9h.s 			page 31


 796 02e4 203B     		subs	r3, r3, #32
 797              	.LVL99:
 798              		.loc 1 709 32 view .LVU302
 799 02e6 DBB2     		uxtb	r3, r3
 800              	.LVL100:
 801              	.L47:
 710:Middlewares/ST/filex/common/src/fx_directory_search.c ****                 }
 711:Middlewares/ST/filex/common/src/fx_directory_search.c **** 
 712:Middlewares/ST/filex/common/src/fx_directory_search.c ****                 /* Compare name with directory name.  */
 713:Middlewares/ST/filex/common/src/fx_directory_search.c ****                 if (alpha != name_alpha)
 802              		.loc 1 713 17 is_stmt 1 view .LVU303
 803              		.loc 1 713 20 is_stmt 0 view .LVU304
 804 02e8 9942     		cmp	r1, r3
 805 02ea 18D1     		bne	.L48
 714:Middlewares/ST/filex/common/src/fx_directory_search.c ****                 {
 715:Middlewares/ST/filex/common/src/fx_directory_search.c **** 
 716:Middlewares/ST/filex/common/src/fx_directory_search.c ****                     /* The names don't match, get out of the loop. */
 717:Middlewares/ST/filex/common/src/fx_directory_search.c ****                     break;
 718:Middlewares/ST/filex/common/src/fx_directory_search.c ****                 }
 719:Middlewares/ST/filex/common/src/fx_directory_search.c **** 
 720:Middlewares/ST/filex/common/src/fx_directory_search.c ****                 /* Otherwise, increment the name pointers.  */
 721:Middlewares/ST/filex/common/src/fx_directory_search.c ****                 work_ptr++;
 806              		.loc 1 721 17 is_stmt 1 view .LVU305
 807              		.loc 1 721 25 is_stmt 0 view .LVU306
 808 02ec 0CF1010C 		add	ip, ip, #1
 809              	.LVL101:
 722:Middlewares/ST/filex/common/src/fx_directory_search.c ****                 dir_name_ptr++;
 810              		.loc 1 722 17 is_stmt 1 view .LVU307
 723:Middlewares/ST/filex/common/src/fx_directory_search.c ****             } while (*dir_name_ptr);
 811              		.loc 1 723 22 view .LVU308
 812 02f0 10F8013F 		ldrb	r3, [r0, #1]!	@ zero_extendqisi2
 813              	.LVL102:
 814              		.loc 1 723 22 is_stmt 0 view .LVU309
 815 02f4 9BB1     		cbz	r3, .L48
 816              	.LVL103:
 817              	.L49:
 687:Middlewares/ST/filex/common/src/fx_directory_search.c ****             {
 818              		.loc 1 687 13 is_stmt 1 view .LVU310
 691:Middlewares/ST/filex/common/src/fx_directory_search.c **** 
 819              		.loc 1 691 17 view .LVU311
 691:Middlewares/ST/filex/common/src/fx_directory_search.c **** 
 820              		.loc 1 691 23 is_stmt 0 view .LVU312
 821 02f6 0178     		ldrb	r1, [r0]	@ zero_extendqisi2
 822              	.LVL104:
 694:Middlewares/ST/filex/common/src/fx_directory_search.c **** 
 823              		.loc 1 694 17 is_stmt 1 view .LVU313
 694:Middlewares/ST/filex/common/src/fx_directory_search.c **** 
 824              		.loc 1 694 28 is_stmt 0 view .LVU314
 825 02f8 9CF80030 		ldrb	r3, [ip]	@ zero_extendqisi2
 826              	.LVL105:
 697:Middlewares/ST/filex/common/src/fx_directory_search.c ****                 {
 827              		.loc 1 697 17 is_stmt 1 view .LVU315
 697:Middlewares/ST/filex/common/src/fx_directory_search.c ****                 {
 828              		.loc 1 697 36 is_stmt 0 view .LVU316
 829 02fc A1F1610E 		sub	lr, r1, #97
 830 0300 5FFA8EFE 		uxtb	lr, lr
 697:Middlewares/ST/filex/common/src/fx_directory_search.c ****                 {
ARM GAS  /tmp/cclp3C9h.s 			page 32


 831              		.loc 1 697 20 view .LVU317
 832 0304 BEF1190F 		cmp	lr, #25
 833 0308 01D8     		bhi	.L46
 701:Middlewares/ST/filex/common/src/fx_directory_search.c ****                 }
 834              		.loc 1 701 21 is_stmt 1 view .LVU318
 701:Middlewares/ST/filex/common/src/fx_directory_search.c ****                 }
 835              		.loc 1 701 27 is_stmt 0 view .LVU319
 836 030a 2039     		subs	r1, r1, #32
 837              	.LVL106:
 701:Middlewares/ST/filex/common/src/fx_directory_search.c ****                 }
 838              		.loc 1 701 27 view .LVU320
 839 030c C9B2     		uxtb	r1, r1
 840              	.LVL107:
 841              	.L46:
 705:Middlewares/ST/filex/common/src/fx_directory_search.c ****                 {
 842              		.loc 1 705 17 is_stmt 1 view .LVU321
 705:Middlewares/ST/filex/common/src/fx_directory_search.c ****                 {
 843              		.loc 1 705 41 is_stmt 0 view .LVU322
 844 030e A3F1610E 		sub	lr, r3, #97
 845 0312 5FFA8EFE 		uxtb	lr, lr
 705:Middlewares/ST/filex/common/src/fx_directory_search.c ****                 {
 846              		.loc 1 705 20 view .LVU323
 847 0316 BEF1190F 		cmp	lr, #25
 848 031a E5D8     		bhi	.L47
 705:Middlewares/ST/filex/common/src/fx_directory_search.c ****                 {
 849              		.loc 1 705 20 view .LVU324
 850 031c E2E7     		b	.L110
 851              	.LVL108:
 852              	.L48:
 724:Middlewares/ST/filex/common/src/fx_directory_search.c **** 
 725:Middlewares/ST/filex/common/src/fx_directory_search.c ****             /* Determine if the requested name has been found.  If so,
 726:Middlewares/ST/filex/common/src/fx_directory_search.c ****                return success to the caller.  */
 727:Middlewares/ST/filex/common/src/fx_directory_search.c ****             if ((*dir_name_ptr == 0) && (*work_ptr == *dir_name_ptr))
 853              		.loc 1 727 13 is_stmt 1 view .LVU325
 854              		.loc 1 727 18 is_stmt 0 view .LVU326
 855 031e 0378     		ldrb	r3, [r0]	@ zero_extendqisi2
 856              		.loc 1 727 16 view .LVU327
 857 0320 1BB9     		cbnz	r3, .L50
 858              		.loc 1 727 42 discriminator 1 view .LVU328
 859 0322 9CF80010 		ldrb	r1, [ip]	@ zero_extendqisi2
 860              	.LVL109:
 861              		.loc 1 727 38 discriminator 1 view .LVU329
 862 0326 8B42     		cmp	r3, r1
 863 0328 46D0     		beq	.L90
 864              	.L50:
 728:Middlewares/ST/filex/common/src/fx_directory_search.c ****             {
 729:Middlewares/ST/filex/common/src/fx_directory_search.c **** 
 730:Middlewares/ST/filex/common/src/fx_directory_search.c ****                 /* Yes, the name was located.  All pertinent directory
 731:Middlewares/ST/filex/common/src/fx_directory_search.c ****                    information is in the directory entry field.  */
 732:Middlewares/ST/filex/common/src/fx_directory_search.c ****                 found =  FX_TRUE;
 733:Middlewares/ST/filex/common/src/fx_directory_search.c ****             }
 734:Middlewares/ST/filex/common/src/fx_directory_search.c ****             /* Determine if there is a short name to check.  */
 735:Middlewares/ST/filex/common/src/fx_directory_search.c **** #ifdef FX_ENABLE_EXFAT
 736:Middlewares/ST/filex/common/src/fx_directory_search.c ****             else if ((media_ptr -> fx_media_FAT_type != FX_exFAT) &&
 737:Middlewares/ST/filex/common/src/fx_directory_search.c ****                      (entry_ptr -> fx_dir_entry_short_name[0] != 0))
 738:Middlewares/ST/filex/common/src/fx_directory_search.c **** #else
 739:Middlewares/ST/filex/common/src/fx_directory_search.c ****             else if (entry_ptr -> fx_dir_entry_short_name[0] != 0)
ARM GAS  /tmp/cclp3C9h.s 			page 33


 865              		.loc 1 739 18 is_stmt 1 view .LVU330
 866              		.loc 1 739 58 is_stmt 0 view .LVU331
 867 032a 2B79     		ldrb	r3, [r5, #4]	@ zero_extendqisi2
 868              		.loc 1 739 21 view .LVU332
 869 032c 23BB     		cbnz	r3, .L111
 870              	.LVL110:
 871              	.L44:
 740:Middlewares/ST/filex/common/src/fx_directory_search.c **** #endif /* FX_ENABLE_EXFAT */
 741:Middlewares/ST/filex/common/src/fx_directory_search.c ****             {
 742:Middlewares/ST/filex/common/src/fx_directory_search.c **** 
 743:Middlewares/ST/filex/common/src/fx_directory_search.c ****                 /* Yes, check for the short part of the name.  */
 744:Middlewares/ST/filex/common/src/fx_directory_search.c **** 
 745:Middlewares/ST/filex/common/src/fx_directory_search.c ****                 /* Compare the input name and extension with the directory entry.  */
 746:Middlewares/ST/filex/common/src/fx_directory_search.c ****                 work_ptr =      &name[0];
 747:Middlewares/ST/filex/common/src/fx_directory_search.c ****                 dir_name_ptr =  &(entry_ptr -> fx_dir_entry_short_name[0]);
 748:Middlewares/ST/filex/common/src/fx_directory_search.c **** 
 749:Middlewares/ST/filex/common/src/fx_directory_search.c ****                 /* Loop to compare names.  */
 750:Middlewares/ST/filex/common/src/fx_directory_search.c ****                 do
 751:Middlewares/ST/filex/common/src/fx_directory_search.c ****                 {
 752:Middlewares/ST/filex/common/src/fx_directory_search.c **** 
 753:Middlewares/ST/filex/common/src/fx_directory_search.c ****                     /* Pickup character of directory name.  */
 754:Middlewares/ST/filex/common/src/fx_directory_search.c ****                     alpha =  *dir_name_ptr;
 755:Middlewares/ST/filex/common/src/fx_directory_search.c **** 
 756:Middlewares/ST/filex/common/src/fx_directory_search.c ****                     /* Pickup character of name.  */
 757:Middlewares/ST/filex/common/src/fx_directory_search.c ****                     name_alpha =  *work_ptr;
 758:Middlewares/ST/filex/common/src/fx_directory_search.c **** 
 759:Middlewares/ST/filex/common/src/fx_directory_search.c ****                     /* Determine if its case needs to be changed.  */
 760:Middlewares/ST/filex/common/src/fx_directory_search.c ****                     if ((name_alpha >= 'a') && (name_alpha <= 'z'))
 761:Middlewares/ST/filex/common/src/fx_directory_search.c ****                     {
 762:Middlewares/ST/filex/common/src/fx_directory_search.c **** 
 763:Middlewares/ST/filex/common/src/fx_directory_search.c ****                         /* Yes, make upper case.  */
 764:Middlewares/ST/filex/common/src/fx_directory_search.c ****                         name_alpha =  (CHAR)((INT)name_alpha - 0x20);
 765:Middlewares/ST/filex/common/src/fx_directory_search.c ****                     }
 766:Middlewares/ST/filex/common/src/fx_directory_search.c **** 
 767:Middlewares/ST/filex/common/src/fx_directory_search.c ****                     /* Compare name with directory name.  */
 768:Middlewares/ST/filex/common/src/fx_directory_search.c ****                     if (alpha != name_alpha)
 769:Middlewares/ST/filex/common/src/fx_directory_search.c ****                     {
 770:Middlewares/ST/filex/common/src/fx_directory_search.c **** 
 771:Middlewares/ST/filex/common/src/fx_directory_search.c ****                         /* The names don't match, get out of the loop. */
 772:Middlewares/ST/filex/common/src/fx_directory_search.c ****                         break;
 773:Middlewares/ST/filex/common/src/fx_directory_search.c ****                     }
 774:Middlewares/ST/filex/common/src/fx_directory_search.c **** 
 775:Middlewares/ST/filex/common/src/fx_directory_search.c ****                     /* Otherwise, move the name pointers and increment the
 776:Middlewares/ST/filex/common/src/fx_directory_search.c ****                        count.  */
 777:Middlewares/ST/filex/common/src/fx_directory_search.c ****                     work_ptr++;
 778:Middlewares/ST/filex/common/src/fx_directory_search.c ****                     dir_name_ptr++;
 779:Middlewares/ST/filex/common/src/fx_directory_search.c ****                 } while (*dir_name_ptr);
 780:Middlewares/ST/filex/common/src/fx_directory_search.c **** 
 781:Middlewares/ST/filex/common/src/fx_directory_search.c ****                 /* Determine if the names match.  */
 782:Middlewares/ST/filex/common/src/fx_directory_search.c ****                 if ((*dir_name_ptr == 0) && (*work_ptr == *dir_name_ptr))
 783:Middlewares/ST/filex/common/src/fx_directory_search.c ****                 {
 784:Middlewares/ST/filex/common/src/fx_directory_search.c **** 
 785:Middlewares/ST/filex/common/src/fx_directory_search.c ****                     /* Yes, the name was located.  All pertinent directory
 786:Middlewares/ST/filex/common/src/fx_directory_search.c ****                         information is in the directory entry field.  */
 787:Middlewares/ST/filex/common/src/fx_directory_search.c ****                     found =  FX_TRUE;
 788:Middlewares/ST/filex/common/src/fx_directory_search.c ****                 }
 789:Middlewares/ST/filex/common/src/fx_directory_search.c ****             }
ARM GAS  /tmp/cclp3C9h.s 			page 34


 790:Middlewares/ST/filex/common/src/fx_directory_search.c ****         } while ((i < directory_size) && (!found));
 872              		.loc 1 790 39 is_stmt 1 view .LVU333
 873 032e 4E45     		cmp	r6, r9
 874 0330 4FF00003 		mov	r3, #0
 875 0334 73EB0A03 		sbcs	r3, r3, r10
 876 0338 40D2     		bcs	.L43
 877              		.loc 1 790 39 is_stmt 0 discriminator 1 view .LVU334
 878 033a 002F     		cmp	r7, #0
 879 033c 3ED1     		bne	.L43
 880              	.LVL111:
 881              	.L54:
 637:Middlewares/ST/filex/common/src/fx_directory_search.c ****         {
 882              		.loc 1 637 9 is_stmt 1 view .LVU335
 644:Middlewares/ST/filex/common/src/fx_directory_search.c **** #endif /* FX_ENABLE_EXFAT */
 883              		.loc 1 644 13 view .LVU336
 644:Middlewares/ST/filex/common/src/fx_directory_search.c **** #endif /* FX_ENABLE_EXFAT */
 884              		.loc 1 644 23 is_stmt 0 view .LVU337
 885 033e 2B46     		mov	r3, r5
 886 0340 27AA     		add	r2, sp, #156
 887 0342 4146     		mov	r1, r8
 888 0344 2046     		mov	r0, r4
 889 0346 FFF7FEFF 		bl	_fx_directory_entry_read
 890              	.LVL112:
 647:Middlewares/ST/filex/common/src/fx_directory_search.c **** 
 891              		.loc 1 647 13 is_stmt 1 view .LVU338
 647:Middlewares/ST/filex/common/src/fx_directory_search.c **** 
 892              		.loc 1 647 14 is_stmt 0 view .LVU339
 893 034a 279E     		ldr	r6, [sp, #156]
 894 034c 0136     		adds	r6, r6, #1
 895 034e 2796     		str	r6, [sp, #156]
 650:Middlewares/ST/filex/common/src/fx_directory_search.c ****             {
 896              		.loc 1 650 13 is_stmt 1 view .LVU340
 650:Middlewares/ST/filex/common/src/fx_directory_search.c ****             {
 897              		.loc 1 650 16 is_stmt 0 view .LVU341
 898 0350 0590     		str	r0, [sp, #20]
 899 0352 0028     		cmp	r0, #0
 900 0354 40F0DB80 		bne	.L1
 659:Middlewares/ST/filex/common/src/fx_directory_search.c **** #endif /* FX_ENABLE_EXFAT */
 901              		.loc 1 659 13 is_stmt 1 view .LVU342
 659:Middlewares/ST/filex/common/src/fx_directory_search.c **** #endif /* FX_ENABLE_EXFAT */
 902              		.loc 1 659 34 is_stmt 0 view .LVU343
 903 0358 2A68     		ldr	r2, [r5]
 659:Middlewares/ST/filex/common/src/fx_directory_search.c **** #endif /* FX_ENABLE_EXFAT */
 904              		.loc 1 659 54 view .LVU344
 905 035a 1378     		ldrb	r3, [r2]	@ zero_extendqisi2
 659:Middlewares/ST/filex/common/src/fx_directory_search.c **** #endif /* FX_ENABLE_EXFAT */
 906              		.loc 1 659 16 view .LVU345
 907 035c 73B3     		cbz	r3, .L43
 666:Middlewares/ST/filex/common/src/fx_directory_search.c ****             {
 908              		.loc 1 666 13 is_stmt 1 view .LVU346
 666:Middlewares/ST/filex/common/src/fx_directory_search.c ****             {
 909              		.loc 1 666 28 is_stmt 0 view .LVU347
 910 035e 297F     		ldrb	r1, [r5, #28]	@ zero_extendqisi2
 666:Middlewares/ST/filex/common/src/fx_directory_search.c ****             {
 911              		.loc 1 666 16 view .LVU348
 912 0360 11F0080F 		tst	r1, #8
 913 0364 E3D1     		bne	.L44
ARM GAS  /tmp/cclp3C9h.s 			page 35


 675:Middlewares/ST/filex/common/src/fx_directory_search.c **** #endif /* FX_ENABLE_EXFAT */
 914              		.loc 1 675 13 is_stmt 1 view .LVU349
 675:Middlewares/ST/filex/common/src/fx_directory_search.c **** #endif /* FX_ENABLE_EXFAT */
 915              		.loc 1 675 16 is_stmt 0 view .LVU350
 916 0366 E52B     		cmp	r3, #229
 917 0368 B5D1     		bne	.L89
 675:Middlewares/ST/filex/common/src/fx_directory_search.c **** #endif /* FX_ENABLE_EXFAT */
 918              		.loc 1 675 128 discriminator 1 view .LVU351
 919 036a 2B79     		ldrb	r3, [r5, #4]	@ zero_extendqisi2
 675:Middlewares/ST/filex/common/src/fx_directory_search.c **** #endif /* FX_ENABLE_EXFAT */
 920              		.loc 1 675 88 discriminator 1 view .LVU352
 921 036c 002B     		cmp	r3, #0
 922 036e DED0     		beq	.L44
 923 0370 DDF818C0 		ldr	ip, [sp, #24]
 924 0374 1046     		mov	r0, r2
 925              	.LVL113:
 675:Middlewares/ST/filex/common/src/fx_directory_search.c **** #endif /* FX_ENABLE_EXFAT */
 926              		.loc 1 675 88 discriminator 1 view .LVU353
 927 0376 BEE7     		b	.L49
 928              	.LVL114:
 929              	.L111:
 746:Middlewares/ST/filex/common/src/fx_directory_search.c ****                 dir_name_ptr =  &(entry_ptr -> fx_dir_entry_short_name[0]);
 930              		.loc 1 746 17 is_stmt 1 view .LVU354
 747:Middlewares/ST/filex/common/src/fx_directory_search.c **** 
 931              		.loc 1 747 17 view .LVU355
 747:Middlewares/ST/filex/common/src/fx_directory_search.c **** 
 932              		.loc 1 747 30 is_stmt 0 view .LVU356
 933 0378 281D     		adds	r0, r5, #4
 934              	.LVL115:
 746:Middlewares/ST/filex/common/src/fx_directory_search.c ****                 dir_name_ptr =  &(entry_ptr -> fx_dir_entry_short_name[0]);
 935              		.loc 1 746 26 view .LVU357
 936 037a DDF818C0 		ldr	ip, [sp, #24]
 937 037e 06E0     		b	.L53
 938              	.LVL116:
 939              	.L51:
 768:Middlewares/ST/filex/common/src/fx_directory_search.c ****                     {
 940              		.loc 1 768 21 is_stmt 1 view .LVU358
 768:Middlewares/ST/filex/common/src/fx_directory_search.c ****                     {
 941              		.loc 1 768 24 is_stmt 0 view .LVU359
 942 0380 7345     		cmp	r3, lr
 943 0382 10D1     		bne	.L52
 777:Middlewares/ST/filex/common/src/fx_directory_search.c ****                     dir_name_ptr++;
 944              		.loc 1 777 21 is_stmt 1 view .LVU360
 777:Middlewares/ST/filex/common/src/fx_directory_search.c ****                     dir_name_ptr++;
 945              		.loc 1 777 29 is_stmt 0 view .LVU361
 946 0384 0CF1010C 		add	ip, ip, #1
 947              	.LVL117:
 778:Middlewares/ST/filex/common/src/fx_directory_search.c ****                 } while (*dir_name_ptr);
 948              		.loc 1 778 21 is_stmt 1 view .LVU362
 779:Middlewares/ST/filex/common/src/fx_directory_search.c **** 
 949              		.loc 1 779 26 view .LVU363
 950 0388 10F8013F 		ldrb	r3, [r0, #1]!	@ zero_extendqisi2
 951              	.LVL118:
 779:Middlewares/ST/filex/common/src/fx_directory_search.c **** 
 952              		.loc 1 779 26 is_stmt 0 view .LVU364
 953 038c 5BB1     		cbz	r3, .L52
 954              	.LVL119:
ARM GAS  /tmp/cclp3C9h.s 			page 36


 955              	.L53:
 750:Middlewares/ST/filex/common/src/fx_directory_search.c ****                 {
 956              		.loc 1 750 17 is_stmt 1 view .LVU365
 754:Middlewares/ST/filex/common/src/fx_directory_search.c **** 
 957              		.loc 1 754 21 view .LVU366
 754:Middlewares/ST/filex/common/src/fx_directory_search.c **** 
 958              		.loc 1 754 27 is_stmt 0 view .LVU367
 959 038e 90F800E0 		ldrb	lr, [r0]	@ zero_extendqisi2
 960              	.LVL120:
 757:Middlewares/ST/filex/common/src/fx_directory_search.c **** 
 961              		.loc 1 757 21 is_stmt 1 view .LVU368
 757:Middlewares/ST/filex/common/src/fx_directory_search.c **** 
 962              		.loc 1 757 32 is_stmt 0 view .LVU369
 963 0392 9CF80030 		ldrb	r3, [ip]	@ zero_extendqisi2
 964              	.LVL121:
 760:Middlewares/ST/filex/common/src/fx_directory_search.c ****                     {
 965              		.loc 1 760 21 is_stmt 1 view .LVU370
 760:Middlewares/ST/filex/common/src/fx_directory_search.c ****                     {
 966              		.loc 1 760 45 is_stmt 0 view .LVU371
 967 0396 A3F16101 		sub	r1, r3, #97
 968 039a C9B2     		uxtb	r1, r1
 760:Middlewares/ST/filex/common/src/fx_directory_search.c ****                     {
 969              		.loc 1 760 24 view .LVU372
 970 039c 1929     		cmp	r1, #25
 971 039e EFD8     		bhi	.L51
 764:Middlewares/ST/filex/common/src/fx_directory_search.c ****                     }
 972              		.loc 1 764 25 is_stmt 1 view .LVU373
 764:Middlewares/ST/filex/common/src/fx_directory_search.c ****                     }
 973              		.loc 1 764 36 is_stmt 0 view .LVU374
 974 03a0 203B     		subs	r3, r3, #32
 975              	.LVL122:
 764:Middlewares/ST/filex/common/src/fx_directory_search.c ****                     }
 976              		.loc 1 764 36 view .LVU375
 977 03a2 DBB2     		uxtb	r3, r3
 978              	.LVL123:
 764:Middlewares/ST/filex/common/src/fx_directory_search.c ****                     }
 979              		.loc 1 764 36 view .LVU376
 980 03a4 ECE7     		b	.L51
 981              	.LVL124:
 982              	.L52:
 782:Middlewares/ST/filex/common/src/fx_directory_search.c ****                 {
 983              		.loc 1 782 17 is_stmt 1 view .LVU377
 782:Middlewares/ST/filex/common/src/fx_directory_search.c ****                 {
 984              		.loc 1 782 22 is_stmt 0 view .LVU378
 985 03a6 0378     		ldrb	r3, [r0]	@ zero_extendqisi2
 782:Middlewares/ST/filex/common/src/fx_directory_search.c ****                 {
 986              		.loc 1 782 20 view .LVU379
 987 03a8 002B     		cmp	r3, #0
 988 03aa C0D1     		bne	.L44
 782:Middlewares/ST/filex/common/src/fx_directory_search.c ****                 {
 989              		.loc 1 782 46 discriminator 1 view .LVU380
 990 03ac 9CF80010 		ldrb	r1, [ip]	@ zero_extendqisi2
 782:Middlewares/ST/filex/common/src/fx_directory_search.c ****                 {
 991              		.loc 1 782 42 discriminator 1 view .LVU381
 992 03b0 8B42     		cmp	r3, r1
 993 03b2 BCD1     		bne	.L44
 787:Middlewares/ST/filex/common/src/fx_directory_search.c ****                 }
ARM GAS  /tmp/cclp3C9h.s 			page 37


 994              		.loc 1 787 27 view .LVU382
 995 03b4 0127     		movs	r7, #1
 996              	.LVL125:
 787:Middlewares/ST/filex/common/src/fx_directory_search.c ****                 }
 997              		.loc 1 787 27 view .LVU383
 998 03b6 BAE7     		b	.L44
 999              	.LVL126:
 1000              	.L90:
 732:Middlewares/ST/filex/common/src/fx_directory_search.c ****             }
 1001              		.loc 1 732 23 view .LVU384
 1002 03b8 0127     		movs	r7, #1
 1003              	.LVL127:
 732:Middlewares/ST/filex/common/src/fx_directory_search.c ****             }
 1004              		.loc 1 732 23 view .LVU385
 1005 03ba B8E7     		b	.L44
 1006              	.LVL128:
 1007              	.L43:
 791:Middlewares/ST/filex/common/src/fx_directory_search.c **** 
 792:Middlewares/ST/filex/common/src/fx_directory_search.c ****         /* Now determine if we have a match.  */
 793:Middlewares/ST/filex/common/src/fx_directory_search.c ****         if (!found)
 1008              		.loc 1 793 12 view .LVU386
 1009 03bc 1646     		mov	r6, r2
 1010              		.loc 1 793 9 is_stmt 1 view .LVU387
 1011              		.loc 1 793 12 is_stmt 0 view .LVU388
 1012 03be 002F     		cmp	r7, #0
 1013 03c0 00F09E80 		beq	.L92
 794:Middlewares/ST/filex/common/src/fx_directory_search.c ****         {
 795:Middlewares/ST/filex/common/src/fx_directory_search.c **** 
 796:Middlewares/ST/filex/common/src/fx_directory_search.c ****             /* Return a "not found" status to the caller.  */
 797:Middlewares/ST/filex/common/src/fx_directory_search.c ****             return(FX_NOT_FOUND);
 798:Middlewares/ST/filex/common/src/fx_directory_search.c ****         }
 799:Middlewares/ST/filex/common/src/fx_directory_search.c **** 
 800:Middlewares/ST/filex/common/src/fx_directory_search.c ****         /* Determine if the found entry is indeed a sub-directory.  */
 801:Middlewares/ST/filex/common/src/fx_directory_search.c ****         if (entry_ptr -> fx_dir_entry_attributes & FX_DIRECTORY)
 1014              		.loc 1 801 9 is_stmt 1 view .LVU389
 1015              		.loc 1 801 23 is_stmt 0 view .LVU390
 1016 03c4 2B7F     		ldrb	r3, [r5, #28]	@ zero_extendqisi2
 1017              		.loc 1 801 12 view .LVU391
 1018 03c6 13F0100F 		tst	r3, #16
 1019 03ca 21D0     		beq	.L55
 802:Middlewares/ST/filex/common/src/fx_directory_search.c ****         {
 803:Middlewares/ST/filex/common/src/fx_directory_search.c **** 
 804:Middlewares/ST/filex/common/src/fx_directory_search.c ****             /* Move the directory search pointer to this entry.  */
 805:Middlewares/ST/filex/common/src/fx_directory_search.c ****             search_dir =      *entry_ptr;
 1020              		.loc 1 805 13 is_stmt 1 view .LVU392
 1021              		.loc 1 805 24 is_stmt 0 view .LVU393
 1022 03cc 7022     		movs	r2, #112
 1023 03ce 2946     		mov	r1, r5
 1024 03d0 0AA8     		add	r0, sp, #40
 1025 03d2 FFF7FEFF 		bl	memcpy
 1026              	.LVL129:
 806:Middlewares/ST/filex/common/src/fx_directory_search.c ****             search_dir_ptr =  &search_dir;
 1027              		.loc 1 806 13 is_stmt 1 view .LVU394
 807:Middlewares/ST/filex/common/src/fx_directory_search.c **** 
 808:Middlewares/ST/filex/common/src/fx_directory_search.c ****             /* Ensure that the search directory's last search cluster is cleared.  */
 809:Middlewares/ST/filex/common/src/fx_directory_search.c ****             search_dir_ptr -> fx_dir_entry_last_search_cluster =  0;
 1028              		.loc 1 809 13 view .LVU395
ARM GAS  /tmp/cclp3C9h.s 			page 38


 1029              		.loc 1 809 64 is_stmt 0 view .LVU396
 1030 03d6 0023     		movs	r3, #0
 1031 03d8 1E93     		str	r3, [sp, #120]
 810:Middlewares/ST/filex/common/src/fx_directory_search.c **** 
 811:Middlewares/ST/filex/common/src/fx_directory_search.c ****             /* Now determine if the new search directory is the root
 812:Middlewares/ST/filex/common/src/fx_directory_search.c ****                directory.  */
 813:Middlewares/ST/filex/common/src/fx_directory_search.c **** #ifdef FX_ENABLE_EXFAT
 814:Middlewares/ST/filex/common/src/fx_directory_search.c ****             if ((!search_dir_ptr -> fx_dir_entry_cluster)
 815:Middlewares/ST/filex/common/src/fx_directory_search.c ****                 && (media_ptr -> fx_media_FAT_type != FX_exFAT))
 816:Middlewares/ST/filex/common/src/fx_directory_search.c **** #else
 817:Middlewares/ST/filex/common/src/fx_directory_search.c ****             if (!search_dir_ptr -> fx_dir_entry_cluster)
 1032              		.loc 1 817 13 is_stmt 1 view .LVU397
 1033              		.loc 1 817 33 is_stmt 0 view .LVU398
 1034 03da 179F     		ldr	r7, [sp, #92]
 1035              	.LVL130:
 1036              		.loc 1 817 16 view .LVU399
 1037 03dc 6FBB     		cbnz	r7, .L93
 818:Middlewares/ST/filex/common/src/fx_directory_search.c **** #endif /* FX_ENABLE_EXFAT */
 819:Middlewares/ST/filex/common/src/fx_directory_search.c ****             {
 820:Middlewares/ST/filex/common/src/fx_directory_search.c **** 
 821:Middlewares/ST/filex/common/src/fx_directory_search.c ****                 /* This is a backward link to the root directory.  Make
 822:Middlewares/ST/filex/common/src/fx_directory_search.c ****                    sure this is indicated in the search directory
 823:Middlewares/ST/filex/common/src/fx_directory_search.c ****                    information.  */
 824:Middlewares/ST/filex/common/src/fx_directory_search.c ****                 search_dir_ptr -> fx_dir_entry_name[0] =  0;
 1038              		.loc 1 824 17 is_stmt 1 view .LVU400
 1039              		.loc 1 824 56 is_stmt 0 view .LVU401
 1040 03de 3370     		strb	r3, [r6]
 825:Middlewares/ST/filex/common/src/fx_directory_search.c **** 
 826:Middlewares/ST/filex/common/src/fx_directory_search.c ****                 /* Determine if we need to remember this in the last
 827:Middlewares/ST/filex/common/src/fx_directory_search.c ****                    directory searched return area.  */
 828:Middlewares/ST/filex/common/src/fx_directory_search.c ****                 if (last_dir_ptr)
 1041              		.loc 1 828 17 is_stmt 1 view .LVU402
 1042              		.loc 1 828 20 is_stmt 0 view .LVU403
 1043 03e0 079B     		ldr	r3, [sp, #28]
 1044 03e2 13B9     		cbnz	r3, .L112
 829:Middlewares/ST/filex/common/src/fx_directory_search.c ****                 {
 830:Middlewares/ST/filex/common/src/fx_directory_search.c **** 
 831:Middlewares/ST/filex/common/src/fx_directory_search.c ****                     /* Yes, return this value to the caller.  */
 832:Middlewares/ST/filex/common/src/fx_directory_search.c **** 
 833:Middlewares/ST/filex/common/src/fx_directory_search.c ****                     /* First, save the name pointer from the list directory pointer.  */
 834:Middlewares/ST/filex/common/src/fx_directory_search.c ****                     destination_name_ptr =  last_dir_ptr -> fx_dir_entry_name;
 835:Middlewares/ST/filex/common/src/fx_directory_search.c **** 
 836:Middlewares/ST/filex/common/src/fx_directory_search.c ****                     /* Copy the entire directory entry structure.  */
 837:Middlewares/ST/filex/common/src/fx_directory_search.c ****                     *last_dir_ptr =  *search_dir_ptr;
 838:Middlewares/ST/filex/common/src/fx_directory_search.c **** 
 839:Middlewares/ST/filex/common/src/fx_directory_search.c ****                     /* Restore the original name buffer pointer.  */
 840:Middlewares/ST/filex/common/src/fx_directory_search.c ****                     last_dir_ptr -> fx_dir_entry_name =  destination_name_ptr;
 841:Middlewares/ST/filex/common/src/fx_directory_search.c **** 
 842:Middlewares/ST/filex/common/src/fx_directory_search.c ****                     /* Pickup pointer to name to copy.  */
 843:Middlewares/ST/filex/common/src/fx_directory_search.c ****                     source_name_ptr =  search_dir_ptr -> fx_dir_entry_name;
 844:Middlewares/ST/filex/common/src/fx_directory_search.c **** 
 845:Middlewares/ST/filex/common/src/fx_directory_search.c ****                     /* Loop to copy the name into the last directory name buffer.  */
 846:Middlewares/ST/filex/common/src/fx_directory_search.c ****                     for (n = 0; n < FX_MAX_LONG_NAME_LEN; n++)
 847:Middlewares/ST/filex/common/src/fx_directory_search.c ****                     {
 848:Middlewares/ST/filex/common/src/fx_directory_search.c **** 
 849:Middlewares/ST/filex/common/src/fx_directory_search.c ****                         /* Copy a character.  */
 850:Middlewares/ST/filex/common/src/fx_directory_search.c ****                         destination_name_ptr[n] =  source_name_ptr[n];
ARM GAS  /tmp/cclp3C9h.s 			page 39


 851:Middlewares/ST/filex/common/src/fx_directory_search.c ****                     }
 852:Middlewares/ST/filex/common/src/fx_directory_search.c ****                 }
 853:Middlewares/ST/filex/common/src/fx_directory_search.c **** 
 854:Middlewares/ST/filex/common/src/fx_directory_search.c ****                 /* Set the search directory pointer to NULL to indicate
 855:Middlewares/ST/filex/common/src/fx_directory_search.c ****                    we are at the root directory.  */
 856:Middlewares/ST/filex/common/src/fx_directory_search.c ****                 search_dir_ptr =  FX_NULL;
 1045              		.loc 1 856 32 view .LVU404
 1046 03e4 DDF81C80 		ldr	r8, [sp, #28]
 1047 03e8 15E0     		b	.L56
 1048              	.L112:
 834:Middlewares/ST/filex/common/src/fx_directory_search.c **** 
 1049              		.loc 1 834 21 is_stmt 1 view .LVU405
 834:Middlewares/ST/filex/common/src/fx_directory_search.c **** 
 1050              		.loc 1 834 42 is_stmt 0 view .LVU406
 1051 03ea 1E68     		ldr	r6, [r3]
 1052              	.LVL131:
 837:Middlewares/ST/filex/common/src/fx_directory_search.c **** 
 1053              		.loc 1 837 21 is_stmt 1 view .LVU407
 837:Middlewares/ST/filex/common/src/fx_directory_search.c **** 
 1054              		.loc 1 837 35 is_stmt 0 view .LVU408
 1055 03ec 7022     		movs	r2, #112
 1056 03ee 0AA9     		add	r1, sp, #40
 1057              	.LVL132:
 837:Middlewares/ST/filex/common/src/fx_directory_search.c **** 
 1058              		.loc 1 837 35 view .LVU409
 1059 03f0 9846     		mov	r8, r3
 1060 03f2 1846     		mov	r0, r3
 1061 03f4 FFF7FEFF 		bl	memcpy
 1062              	.LVL133:
 840:Middlewares/ST/filex/common/src/fx_directory_search.c **** 
 1063              		.loc 1 840 21 is_stmt 1 view .LVU410
 840:Middlewares/ST/filex/common/src/fx_directory_search.c **** 
 1064              		.loc 1 840 55 is_stmt 0 view .LVU411
 1065 03f8 C8F80060 		str	r6, [r8]
 843:Middlewares/ST/filex/common/src/fx_directory_search.c **** 
 1066              		.loc 1 843 21 is_stmt 1 view .LVU412
 843:Middlewares/ST/filex/common/src/fx_directory_search.c **** 
 1067              		.loc 1 843 37 is_stmt 0 view .LVU413
 1068 03fc 0A9A     		ldr	r2, [sp, #40]
 1069              	.LVL134:
 846:Middlewares/ST/filex/common/src/fx_directory_search.c ****                     {
 1070              		.loc 1 846 21 is_stmt 1 view .LVU414
 846:Middlewares/ST/filex/common/src/fx_directory_search.c ****                     {
 1071              		.loc 1 846 21 is_stmt 0 view .LVU415
 1072 03fe 02E0     		b	.L57
 1073              	.LVL135:
 1074              	.L58:
 850:Middlewares/ST/filex/common/src/fx_directory_search.c ****                     }
 1075              		.loc 1 850 25 is_stmt 1 view .LVU416
 850:Middlewares/ST/filex/common/src/fx_directory_search.c ****                     }
 1076              		.loc 1 850 67 is_stmt 0 view .LVU417
 1077 0400 D35D     		ldrb	r3, [r2, r7]	@ zero_extendqisi2
 850:Middlewares/ST/filex/common/src/fx_directory_search.c ****                     }
 1078              		.loc 1 850 49 view .LVU418
 1079 0402 F355     		strb	r3, [r6, r7]
 846:Middlewares/ST/filex/common/src/fx_directory_search.c ****                     {
 1080              		.loc 1 846 60 is_stmt 1 discriminator 3 view .LVU419
ARM GAS  /tmp/cclp3C9h.s 			page 40


 1081 0404 0137     		adds	r7, r7, #1
 1082              	.LVL136:
 1083              	.L57:
 846:Middlewares/ST/filex/common/src/fx_directory_search.c ****                     {
 1084              		.loc 1 846 35 discriminator 1 view .LVU420
 1085 0406 FF2F     		cmp	r7, #255
 1086 0408 FAD9     		bls	.L58
 1087              		.loc 1 856 32 is_stmt 0 view .LVU421
 1088 040a 4FF00008 		mov	r8, #0
 1089 040e 02E0     		b	.L56
 1090              	.LVL137:
 1091              	.L55:
 857:Middlewares/ST/filex/common/src/fx_directory_search.c ****             }
 858:Middlewares/ST/filex/common/src/fx_directory_search.c ****         }
 859:Middlewares/ST/filex/common/src/fx_directory_search.c ****         else
 860:Middlewares/ST/filex/common/src/fx_directory_search.c ****         {
 861:Middlewares/ST/filex/common/src/fx_directory_search.c **** 
 862:Middlewares/ST/filex/common/src/fx_directory_search.c ****             /* This is not a directory, we better return not found
 863:Middlewares/ST/filex/common/src/fx_directory_search.c ****                since we can't continue the search.  */
 864:Middlewares/ST/filex/common/src/fx_directory_search.c ****             if (name_ptr)
 1092              		.loc 1 864 13 is_stmt 1 view .LVU422
 1093              		.loc 1 864 16 is_stmt 0 view .LVU423
 1094 0410 BBF1000F 		cmp	fp, #0
 1095 0414 77D1     		bne	.L113
 1096              	.LVL138:
 1097              	.L56:
 865:Middlewares/ST/filex/common/src/fx_directory_search.c ****             {
 866:Middlewares/ST/filex/common/src/fx_directory_search.c **** 
 867:Middlewares/ST/filex/common/src/fx_directory_search.c ****                 /* Return not-found status to caller.  */
 868:Middlewares/ST/filex/common/src/fx_directory_search.c ****                 return(FX_NOT_FOUND);
 869:Middlewares/ST/filex/common/src/fx_directory_search.c ****             }
 870:Middlewares/ST/filex/common/src/fx_directory_search.c ****         }
 871:Middlewares/ST/filex/common/src/fx_directory_search.c ****     } while (name_ptr);
 1098              		.loc 1 871 14 is_stmt 1 view .LVU424
 1099 0416 BBF1000F 		cmp	fp, #0
 1100 041a 7FF471AE 		bne	.L59
 872:Middlewares/ST/filex/common/src/fx_directory_search.c **** 
 873:Middlewares/ST/filex/common/src/fx_directory_search.c ****     /* If you reach this point, the directory is found absolutely, since !found will return directl
 874:Middlewares/ST/filex/common/src/fx_directory_search.c **** #ifndef FX_MEDIA_DISABLE_SEARCH_CACHE
 875:Middlewares/ST/filex/common/src/fx_directory_search.c **** 
 876:Middlewares/ST/filex/common/src/fx_directory_search.c **** 
 877:Middlewares/ST/filex/common/src/fx_directory_search.c ****     /* At this point, cache the found information.  If a subsequent search for the same name is don
 878:Middlewares/ST/filex/common/src/fx_directory_search.c ****        it will return immediately.  */
 879:Middlewares/ST/filex/common/src/fx_directory_search.c **** 
 880:Middlewares/ST/filex/common/src/fx_directory_search.c ****     /* Set the index of the saved name string.  */
 881:Middlewares/ST/filex/common/src/fx_directory_search.c ****     v=  0;
 882:Middlewares/ST/filex/common/src/fx_directory_search.c **** 
 883:Middlewares/ST/filex/common/src/fx_directory_search.c ****     /* First, build the full path and name.  */
 884:Middlewares/ST/filex/common/src/fx_directory_search.c ****     if ((*original_name != '\\') && (*original_name != '/') && (path_ptr))
 1101              		.loc 1 884 10 is_stmt 0 view .LVU425
 1102 041e 4746     		mov	r7, r8
 1103 0420 DDF82090 		ldr	r9, [sp, #32]
 1104              	.LVL139:
 1105              		.loc 1 884 10 view .LVU426
 1106 0424 099E     		ldr	r6, [sp, #36]
 881:Middlewares/ST/filex/common/src/fx_directory_search.c **** 
 1107              		.loc 1 881 5 is_stmt 1 view .LVU427
ARM GAS  /tmp/cclp3C9h.s 			page 41


 1108              	.LVL140:
 1109              		.loc 1 884 5 view .LVU428
 1110              		.loc 1 884 10 is_stmt 0 view .LVU429
 1111 0426 3378     		ldrb	r3, [r6]	@ zero_extendqisi2
 1112              		.loc 1 884 8 view .LVU430
 1113 0428 5C2B     		cmp	r3, #92
 1114 042a 18BF     		it	ne
 1115 042c 2F2B     		cmpne	r3, #47
 1116 042e 14D0     		beq	.L96
 1117              		.loc 1 884 61 discriminator 1 view .LVU431
 1118 0430 B9F1000F 		cmp	r9, #0
 1119 0434 04D0     		beq	.L114
 881:Middlewares/ST/filex/common/src/fx_directory_search.c **** 
 1120              		.loc 1 881 6 view .LVU432
 1121 0436 059B     		ldr	r3, [sp, #20]
 1122 0438 08E0     		b	.L61
 1123              	.LVL141:
 1124              	.L93:
 806:Middlewares/ST/filex/common/src/fx_directory_search.c **** 
 1125              		.loc 1 806 28 view .LVU433
 1126 043a 0DF12808 		add	r8, sp, #40
 1127              	.LVL142:
 806:Middlewares/ST/filex/common/src/fx_directory_search.c **** 
 1128              		.loc 1 806 28 view .LVU434
 1129 043e EAE7     		b	.L56
 1130              	.LVL143:
 1131              	.L114:
 881:Middlewares/ST/filex/common/src/fx_directory_search.c **** 
 1132              		.loc 1 881 6 view .LVU435
 1133 0440 059B     		ldr	r3, [sp, #20]
 1134 0442 0BE0     		b	.L60
 1135              	.LVL144:
 1136              	.L62:
 885:Middlewares/ST/filex/common/src/fx_directory_search.c ****     {
 886:Middlewares/ST/filex/common/src/fx_directory_search.c **** 
 887:Middlewares/ST/filex/common/src/fx_directory_search.c ****         /* Copy the path into the destination.  */
 888:Middlewares/ST/filex/common/src/fx_directory_search.c ****         while ((v< (FX_MAX_LAST_NAME_LEN - 1)) && (path_ptr[v]))
 889:Middlewares/ST/filex/common/src/fx_directory_search.c ****         {
 890:Middlewares/ST/filex/common/src/fx_directory_search.c **** 
 891:Middlewares/ST/filex/common/src/fx_directory_search.c ****             /* Copy one character.   */
 892:Middlewares/ST/filex/common/src/fx_directory_search.c ****             media_ptr -> fx_media_last_found_name[v] =  path_ptr[v];
 1137              		.loc 1 892 13 is_stmt 1 view .LVU436
 1138              		.loc 1 892 54 is_stmt 0 view .LVU437
 1139 0444 E118     		adds	r1, r4, r3
 1140 0446 81F8E023 		strb	r2, [r1, #992]
 893:Middlewares/ST/filex/common/src/fx_directory_search.c **** 
 894:Middlewares/ST/filex/common/src/fx_directory_search.c ****             /* Move to next character.  */
 895:Middlewares/ST/filex/common/src/fx_directory_search.c ****             v++;
 1141              		.loc 1 895 13 is_stmt 1 view .LVU438
 1142              		.loc 1 895 14 is_stmt 0 view .LVU439
 1143 044a 0133     		adds	r3, r3, #1
 1144              	.LVL145:
 1145              	.L61:
 888:Middlewares/ST/filex/common/src/fx_directory_search.c ****         {
 1146              		.loc 1 888 48 is_stmt 1 view .LVU440
 1147 044c FE2B     		cmp	r3, #254
 1148 044e 05D8     		bhi	.L60
ARM GAS  /tmp/cclp3C9h.s 			page 42


 888:Middlewares/ST/filex/common/src/fx_directory_search.c ****         {
 1149              		.loc 1 888 60 is_stmt 0 discriminator 1 view .LVU441
 1150 0450 19F80320 		ldrb	r2, [r9, r3]	@ zero_extendqisi2
 888:Middlewares/ST/filex/common/src/fx_directory_search.c ****         {
 1151              		.loc 1 888 48 discriminator 1 view .LVU442
 1152 0454 002A     		cmp	r2, #0
 1153 0456 F5D1     		bne	.L62
 1154 0458 00E0     		b	.L60
 1155              	.LVL146:
 1156              	.L96:
 881:Middlewares/ST/filex/common/src/fx_directory_search.c **** 
 1157              		.loc 1 881 6 view .LVU443
 1158 045a 059B     		ldr	r3, [sp, #20]
 1159              	.LVL147:
 1160              	.L60:
 896:Middlewares/ST/filex/common/src/fx_directory_search.c ****         }
 897:Middlewares/ST/filex/common/src/fx_directory_search.c ****     }
 898:Middlewares/ST/filex/common/src/fx_directory_search.c **** 
 899:Middlewares/ST/filex/common/src/fx_directory_search.c ****     /* Now see if there is no directory path symbol in the name itself.  */
 900:Middlewares/ST/filex/common/src/fx_directory_search.c ****     if ((*original_name != '\\') && (*original_name != '/'))
 1161              		.loc 1 900 5 is_stmt 1 view .LVU444
 1162              		.loc 1 900 10 is_stmt 0 view .LVU445
 1163 045c 3278     		ldrb	r2, [r6]	@ zero_extendqisi2
 1164              		.loc 1 900 8 view .LVU446
 1165 045e 5C2A     		cmp	r2, #92
 1166 0460 18BF     		it	ne
 1167 0462 2F2A     		cmpne	r2, #47
 1168 0464 06D0     		beq	.L63
 901:Middlewares/ST/filex/common/src/fx_directory_search.c ****     {
 902:Middlewares/ST/filex/common/src/fx_directory_search.c **** 
 903:Middlewares/ST/filex/common/src/fx_directory_search.c ****         /* If there is room, place a directory separator character.  */
 904:Middlewares/ST/filex/common/src/fx_directory_search.c ****         if (v < (FX_MAX_LAST_NAME_LEN - 1))
 1169              		.loc 1 904 9 is_stmt 1 view .LVU447
 1170              		.loc 1 904 12 is_stmt 0 view .LVU448
 1171 0466 FE2B     		cmp	r3, #254
 1172 0468 04D8     		bhi	.L63
 905:Middlewares/ST/filex/common/src/fx_directory_search.c ****         {
 906:Middlewares/ST/filex/common/src/fx_directory_search.c ****             media_ptr -> fx_media_last_found_name[v++] =  '/';
 1173              		.loc 1 906 13 is_stmt 1 view .LVU449
 1174              	.LVL148:
 1175              		.loc 1 906 56 is_stmt 0 view .LVU450
 1176 046a E218     		adds	r2, r4, r3
 1177 046c 2F21     		movs	r1, #47
 1178 046e 82F8E013 		strb	r1, [r2, #992]
 1179              		.loc 1 906 52 view .LVU451
 1180 0472 0133     		adds	r3, r3, #1
 1181              	.LVL149:
 1182              	.L63:
 1183              		.loc 1 906 52 view .LVU452
 1184 0474 059A     		ldr	r2, [sp, #20]
 1185 0476 04E0     		b	.L64
 1186              	.LVL150:
 1187              	.L66:
 907:Middlewares/ST/filex/common/src/fx_directory_search.c ****         }
 908:Middlewares/ST/filex/common/src/fx_directory_search.c ****     }
 909:Middlewares/ST/filex/common/src/fx_directory_search.c **** 
 910:Middlewares/ST/filex/common/src/fx_directory_search.c ****     /* Now append the name to the path.  */
ARM GAS  /tmp/cclp3C9h.s 			page 43


 911:Middlewares/ST/filex/common/src/fx_directory_search.c ****     j =  0;
 912:Middlewares/ST/filex/common/src/fx_directory_search.c ****     while ((v < FX_MAX_LAST_NAME_LEN) && (original_name[j]))
 913:Middlewares/ST/filex/common/src/fx_directory_search.c ****     {
 914:Middlewares/ST/filex/common/src/fx_directory_search.c **** 
 915:Middlewares/ST/filex/common/src/fx_directory_search.c ****         /* Copy one character.   */
 916:Middlewares/ST/filex/common/src/fx_directory_search.c ****         media_ptr -> fx_media_last_found_name[v] =  original_name[j];
 1188              		.loc 1 916 9 is_stmt 1 view .LVU453
 1189              		.loc 1 916 50 is_stmt 0 view .LVU454
 1190 0478 E018     		adds	r0, r4, r3
 1191 047a 80F8E013 		strb	r1, [r0, #992]
 917:Middlewares/ST/filex/common/src/fx_directory_search.c **** 
 918:Middlewares/ST/filex/common/src/fx_directory_search.c ****         /* Move to next character.  */
 919:Middlewares/ST/filex/common/src/fx_directory_search.c ****         v++;
 1192              		.loc 1 919 9 is_stmt 1 view .LVU455
 1193              		.loc 1 919 10 is_stmt 0 view .LVU456
 1194 047e 0133     		adds	r3, r3, #1
 1195              	.LVL151:
 920:Middlewares/ST/filex/common/src/fx_directory_search.c ****         j++;
 1196              		.loc 1 920 9 is_stmt 1 view .LVU457
 1197              		.loc 1 920 10 is_stmt 0 view .LVU458
 1198 0480 0132     		adds	r2, r2, #1
 1199              	.LVL152:
 1200              	.L64:
 912:Middlewares/ST/filex/common/src/fx_directory_search.c ****     {
 1201              		.loc 1 912 39 is_stmt 1 view .LVU459
 1202 0482 FF2B     		cmp	r3, #255
 1203 0484 02D8     		bhi	.L65
 912:Middlewares/ST/filex/common/src/fx_directory_search.c ****     {
 1204              		.loc 1 912 56 is_stmt 0 discriminator 1 view .LVU460
 1205 0486 B15C     		ldrb	r1, [r6, r2]	@ zero_extendqisi2
 912:Middlewares/ST/filex/common/src/fx_directory_search.c ****     {
 1206              		.loc 1 912 39 discriminator 1 view .LVU461
 1207 0488 0029     		cmp	r1, #0
 1208 048a F5D1     		bne	.L66
 1209              	.L65:
 921:Middlewares/ST/filex/common/src/fx_directory_search.c ****     }
 922:Middlewares/ST/filex/common/src/fx_directory_search.c **** 
 923:Middlewares/ST/filex/common/src/fx_directory_search.c ****     /* Null terminate the last name string.   */
 924:Middlewares/ST/filex/common/src/fx_directory_search.c ****     if (v< FX_MAX_LAST_NAME_LEN)
 1210              		.loc 1 924 5 is_stmt 1 view .LVU462
 1211              		.loc 1 924 8 is_stmt 0 view .LVU463
 1212 048c FF2B     		cmp	r3, #255
 1213 048e 26D8     		bhi	.L67
 925:Middlewares/ST/filex/common/src/fx_directory_search.c ****     {
 926:Middlewares/ST/filex/common/src/fx_directory_search.c **** 
 927:Middlewares/ST/filex/common/src/fx_directory_search.c ****         /* Null terminate.  */
 928:Middlewares/ST/filex/common/src/fx_directory_search.c ****         media_ptr -> fx_media_last_found_name[v] =  FX_NULL;
 1214              		.loc 1 928 9 is_stmt 1 view .LVU464
 1215              		.loc 1 928 50 is_stmt 0 view .LVU465
 1216 0490 2344     		add	r3, r3, r4
 1217              	.LVL153:
 1218              		.loc 1 928 50 view .LVU466
 1219 0492 0022     		movs	r2, #0
 1220              	.LVL154:
 1221              		.loc 1 928 50 view .LVU467
 1222 0494 83F8E023 		strb	r2, [r3, #992]
 1223              	.L68:
ARM GAS  /tmp/cclp3C9h.s 			page 44


 929:Middlewares/ST/filex/common/src/fx_directory_search.c ****     }
 930:Middlewares/ST/filex/common/src/fx_directory_search.c ****     else
 931:Middlewares/ST/filex/common/src/fx_directory_search.c ****     {
 932:Middlewares/ST/filex/common/src/fx_directory_search.c **** 
 933:Middlewares/ST/filex/common/src/fx_directory_search.c ****         /* The string is too big, NULL the string so it won't be used in searching.  */
 934:Middlewares/ST/filex/common/src/fx_directory_search.c ****         media_ptr -> fx_media_last_found_name[0] =  FX_NULL;
 935:Middlewares/ST/filex/common/src/fx_directory_search.c ****     }
 936:Middlewares/ST/filex/common/src/fx_directory_search.c **** 
 937:Middlewares/ST/filex/common/src/fx_directory_search.c ****     /* Determine if there is a search pointer.  */
 938:Middlewares/ST/filex/common/src/fx_directory_search.c ****     if (search_dir_ptr)
 1224              		.loc 1 938 5 is_stmt 1 view .LVU468
 1225              		.loc 1 938 8 is_stmt 0 view .LVU469
 1226 0498 2FB3     		cbz	r7, .L69
 939:Middlewares/ST/filex/common/src/fx_directory_search.c ****     {
 940:Middlewares/ST/filex/common/src/fx_directory_search.c **** 
 941:Middlewares/ST/filex/common/src/fx_directory_search.c ****         /* Yes, there is a search directory pointer so save it!   */
 942:Middlewares/ST/filex/common/src/fx_directory_search.c ****         media_ptr -> fx_media_last_found_directory =  *search_dir_ptr;
 1227              		.loc 1 942 9 is_stmt 1 view .LVU470
 1228              		.loc 1 942 52 is_stmt 0 view .LVU471
 1229 049a 7022     		movs	r2, #112
 1230 049c 3946     		mov	r1, r7
 1231 049e 04F50070 		add	r0, r4, #512
 1232 04a2 FFF7FEFF 		bl	memcpy
 1233              	.LVL155:
 943:Middlewares/ST/filex/common/src/fx_directory_search.c **** 
 944:Middlewares/ST/filex/common/src/fx_directory_search.c ****         /* Indicate the search directory is valid.  */
 945:Middlewares/ST/filex/common/src/fx_directory_search.c ****         media_ptr -> fx_media_last_found_directory_valid =  FX_TRUE;
 1234              		.loc 1 945 9 is_stmt 1 view .LVU472
 1235              		.loc 1 945 58 is_stmt 0 view .LVU473
 1236 04a6 0123     		movs	r3, #1
 1237 04a8 C4F8FC31 		str	r3, [r4, #508]
 1238              	.L70:
 946:Middlewares/ST/filex/common/src/fx_directory_search.c ****     }
 947:Middlewares/ST/filex/common/src/fx_directory_search.c ****     else
 948:Middlewares/ST/filex/common/src/fx_directory_search.c ****     {
 949:Middlewares/ST/filex/common/src/fx_directory_search.c **** 
 950:Middlewares/ST/filex/common/src/fx_directory_search.c ****         /* Indicate the search directory is not valid.  */
 951:Middlewares/ST/filex/common/src/fx_directory_search.c ****         media_ptr -> fx_media_last_found_directory_valid =  FX_FALSE;
 952:Middlewares/ST/filex/common/src/fx_directory_search.c ****     }
 953:Middlewares/ST/filex/common/src/fx_directory_search.c **** 
 954:Middlewares/ST/filex/common/src/fx_directory_search.c ****     /* Copy the directory entry.  */
 955:Middlewares/ST/filex/common/src/fx_directory_search.c ****     media_ptr -> fx_media_last_found_entry =  *entry_ptr;
 1239              		.loc 1 955 5 is_stmt 1 view .LVU474
 1240              		.loc 1 955 44 is_stmt 0 view .LVU475
 1241 04ac 7022     		movs	r2, #112
 1242 04ae 2946     		mov	r1, r5
 1243 04b0 04F51C70 		add	r0, r4, #624
 1244 04b4 FFF7FEFF 		bl	memcpy
 1245              	.LVL156:
 956:Middlewares/ST/filex/common/src/fx_directory_search.c **** 
 957:Middlewares/ST/filex/common/src/fx_directory_search.c ****     /* Setup the directory entry for the last found internal file name.  */
 958:Middlewares/ST/filex/common/src/fx_directory_search.c ****     media_ptr -> fx_media_last_found_entry.fx_dir_entry_name =  media_ptr -> fx_media_last_found_fi
 1246              		.loc 1 958 5 is_stmt 1 view .LVU476
 1247              		.loc 1 958 65 is_stmt 0 view .LVU477
 1248 04b8 04F53873 		add	r3, r4, #736
 1249              		.loc 1 958 62 view .LVU478
 1250 04bc C4F87032 		str	r3, [r4, #624]
ARM GAS  /tmp/cclp3C9h.s 			page 45


 959:Middlewares/ST/filex/common/src/fx_directory_search.c **** 
 960:Middlewares/ST/filex/common/src/fx_directory_search.c ****     /* Copy the actual directory name into the cached directory name.  */
 961:Middlewares/ST/filex/common/src/fx_directory_search.c ****     for (index = 0; index < FX_MAX_LONG_NAME_LEN; index++)
 1251              		.loc 1 961 5 is_stmt 1 view .LVU479
 1252              	.LVL157:
 1253              		.loc 1 961 16 is_stmt 0 view .LVU480
 1254 04c0 059B     		ldr	r3, [sp, #20]
 1255              	.LVL158:
 1256              	.L71:
 1257              		.loc 1 961 27 is_stmt 1 discriminator 1 view .LVU481
 1258 04c2 FF2B     		cmp	r3, #255
 1259 04c4 23D8     		bhi	.L1
 962:Middlewares/ST/filex/common/src/fx_directory_search.c ****     {
 963:Middlewares/ST/filex/common/src/fx_directory_search.c **** 
 964:Middlewares/ST/filex/common/src/fx_directory_search.c ****         /* Copy character into the cached directory name.  */
 965:Middlewares/ST/filex/common/src/fx_directory_search.c ****         media_ptr -> fx_media_last_found_file_name[index] =  entry_ptr ->  fx_dir_entry_name[index]
 1260              		.loc 1 965 9 view .LVU482
 1261              		.loc 1 965 72 is_stmt 0 view .LVU483
 1262 04c6 2A68     		ldr	r2, [r5]
 1263              		.loc 1 965 93 view .LVU484
 1264 04c8 D15C     		ldrb	r1, [r2, r3]	@ zero_extendqisi2
 1265              		.loc 1 965 59 view .LVU485
 1266 04ca E218     		adds	r2, r4, r3
 1267 04cc 82F8E012 		strb	r1, [r2, #736]
 966:Middlewares/ST/filex/common/src/fx_directory_search.c **** 
 967:Middlewares/ST/filex/common/src/fx_directory_search.c ****         /* See if we have copied the NULL termination character.  */
 968:Middlewares/ST/filex/common/src/fx_directory_search.c ****         if (entry_ptr -> fx_dir_entry_name[index] == (CHAR)FX_NULL)
 1268              		.loc 1 968 9 is_stmt 1 view .LVU486
 1269              		.loc 1 968 23 is_stmt 0 view .LVU487
 1270 04d0 2A68     		ldr	r2, [r5]
 1271              		.loc 1 968 43 view .LVU488
 1272 04d2 D25C     		ldrb	r2, [r2, r3]	@ zero_extendqisi2
 1273              		.loc 1 968 12 view .LVU489
 1274 04d4 0AB9     		cbnz	r2, .L72
 969:Middlewares/ST/filex/common/src/fx_directory_search.c ****         {
 970:Middlewares/ST/filex/common/src/fx_directory_search.c ****                 
 971:Middlewares/ST/filex/common/src/fx_directory_search.c ****             /* Check to see if we use the break to get out of the loop.  */
 972:Middlewares/ST/filex/common/src/fx_directory_search.c ****             if (index < (FX_MAX_LONG_NAME_LEN - 1))
 1275              		.loc 1 972 13 is_stmt 1 view .LVU490
 1276              		.loc 1 972 16 is_stmt 0 view .LVU491
 1277 04d6 FE2B     		cmp	r3, #254
 1278 04d8 19D9     		bls	.L1
 1279              	.L72:
 961:Middlewares/ST/filex/common/src/fx_directory_search.c ****     {
 1280              		.loc 1 961 56 is_stmt 1 discriminator 2 view .LVU492
 1281 04da 0133     		adds	r3, r3, #1
 1282              	.LVL159:
 961:Middlewares/ST/filex/common/src/fx_directory_search.c ****     {
 1283              		.loc 1 961 56 is_stmt 0 discriminator 2 view .LVU493
 1284 04dc F1E7     		b	.L71
 1285              	.LVL160:
 1286              	.L67:
 934:Middlewares/ST/filex/common/src/fx_directory_search.c ****     }
 1287              		.loc 1 934 9 is_stmt 1 view .LVU494
 934:Middlewares/ST/filex/common/src/fx_directory_search.c ****     }
 1288              		.loc 1 934 50 is_stmt 0 view .LVU495
 1289 04de 0023     		movs	r3, #0
ARM GAS  /tmp/cclp3C9h.s 			page 46


 1290              	.LVL161:
 934:Middlewares/ST/filex/common/src/fx_directory_search.c ****     }
 1291              		.loc 1 934 50 view .LVU496
 1292 04e0 84F8E033 		strb	r3, [r4, #992]
 1293 04e4 D8E7     		b	.L68
 1294              	.LVL162:
 1295              	.L69:
 951:Middlewares/ST/filex/common/src/fx_directory_search.c ****     }
 1296              		.loc 1 951 9 is_stmt 1 view .LVU497
 951:Middlewares/ST/filex/common/src/fx_directory_search.c ****     }
 1297              		.loc 1 951 58 is_stmt 0 view .LVU498
 1298 04e6 0023     		movs	r3, #0
 1299 04e8 C4F8FC31 		str	r3, [r4, #508]
 1300 04ec DEE7     		b	.L70
 1301              	.LVL163:
 1302              	.L86:
 557:Middlewares/ST/filex/common/src/fx_directory_search.c ****                     }
 1303              		.loc 1 557 31 view .LVU499
 1304 04ee 0323     		movs	r3, #3
 1305 04f0 0593     		str	r3, [sp, #20]
 1306 04f2 0CE0     		b	.L1
 1307              	.L87:
 1308 04f4 0323     		movs	r3, #3
 1309 04f6 0593     		str	r3, [sp, #20]
 1310 04f8 09E0     		b	.L1
 1311              	.L88:
 1312 04fa 0323     		movs	r3, #3
 1313 04fc 0593     		str	r3, [sp, #20]
 1314 04fe 06E0     		b	.L1
 1315              	.LVL164:
 1316              	.L92:
 797:Middlewares/ST/filex/common/src/fx_directory_search.c ****         }
 1317              		.loc 1 797 19 view .LVU500
 1318 0500 0423     		movs	r3, #4
 1319 0502 0593     		str	r3, [sp, #20]
 1320              	.LVL165:
 797:Middlewares/ST/filex/common/src/fx_directory_search.c ****         }
 1321              		.loc 1 797 19 view .LVU501
 1322 0504 03E0     		b	.L1
 1323              	.LVL166:
 1324              	.L113:
 868:Middlewares/ST/filex/common/src/fx_directory_search.c ****             }
 1325              		.loc 1 868 23 view .LVU502
 1326 0506 0423     		movs	r3, #4
 1327 0508 0593     		str	r3, [sp, #20]
 1328              	.LVL167:
 868:Middlewares/ST/filex/common/src/fx_directory_search.c ****             }
 1329              		.loc 1 868 23 view .LVU503
 1330 050a 00E0     		b	.L1
 1331              	.LVL168:
 1332              	.L100:
 868:Middlewares/ST/filex/common/src/fx_directory_search.c ****             }
 1333              		.loc 1 868 23 view .LVU504
 1334 050c 0590     		str	r0, [sp, #20]
 1335              	.LVL169:
 1336              	.L1:
 973:Middlewares/ST/filex/common/src/fx_directory_search.c ****             {
ARM GAS  /tmp/cclp3C9h.s 			page 47


 974:Middlewares/ST/filex/common/src/fx_directory_search.c ****                     
 975:Middlewares/ST/filex/common/src/fx_directory_search.c ****                 /* Yes, not at the end of the string, break.  */
 976:Middlewares/ST/filex/common/src/fx_directory_search.c ****                 break;
 977:Middlewares/ST/filex/common/src/fx_directory_search.c ****             }
 978:Middlewares/ST/filex/common/src/fx_directory_search.c ****         }
 979:Middlewares/ST/filex/common/src/fx_directory_search.c ****     }
 980:Middlewares/ST/filex/common/src/fx_directory_search.c **** #endif
 981:Middlewares/ST/filex/common/src/fx_directory_search.c **** 
 982:Middlewares/ST/filex/common/src/fx_directory_search.c ****     return(FX_SUCCESS);
 983:Middlewares/ST/filex/common/src/fx_directory_search.c **** }
 1337              		.loc 1 983 1 view .LVU505
 1338 050e 0598     		ldr	r0, [sp, #20]
 1339 0510 29B0     		add	sp, sp, #164
 1340              	.LCFI2:
 1341              		.cfi_def_cfa_offset 36
 1342              		@ sp needed
 1343 0512 BDE8F08F 		pop	{r4, r5, r6, r7, r8, r9, r10, fp, pc}
 1344              		.loc 1 983 1 view .LVU506
 1345              		.cfi_endproc
 1346              	.LFE8:
 1348 0516 00BF     		.text
 1349              	.Letext0:
 1350              		.file 2 "Middlewares/ST/threadx/ports/cortex_m7/gnu/inc/tx_port.h"
 1351              		.file 3 "Middlewares/ST/threadx/common/inc/tx_api.h"
 1352              		.file 4 "Middlewares/ST/threadx/common/inc/tx_trace.h"
 1353              		.file 5 "Middlewares/ST/filex/common/inc/fx_api.h"
 1354              		.file 6 "Middlewares/ST/filex/common/inc/fx_directory.h"
 1355              		.file 7 "Middlewares/ST/filex/common/inc/fx_utility.h"
 1356              		.file 8 "Middlewares/ST/threadx/common/inc/tx_thread.h"
 1357              		.file 9 "<built-in>"
ARM GAS  /tmp/cclp3C9h.s 			page 48


DEFINED SYMBOLS
                            *ABS*:00000000 fx_directory_search.c
     /tmp/cclp3C9h.s:20     .text._fx_directory_search:00000000 $t
     /tmp/cclp3C9h.s:26     .text._fx_directory_search:00000000 _fx_directory_search
     /tmp/cclp3C9h.s:791    .text._fx_directory_search:000002e0 $d
     /tmp/cclp3C9h.s:796    .text._fx_directory_search:000002e4 $t

UNDEFINED SYMBOLS
memcpy
_fx_trace_event_insert
_fx_directory_name_extract
_fx_utility_FAT_entry_read
_tx_thread_current_ptr
_fx_directory_entry_read
