ARM GAS  /tmp/cc2yhXCT.s 			page 1


   1              		.cpu cortex-m7
   2              		.arch armv7e-m
   3              		.fpu fpv5-d16
   4              		.eabi_attribute 28, 1
   5              		.eabi_attribute 20, 1
   6              		.eabi_attribute 21, 1
   7              		.eabi_attribute 23, 3
   8              		.eabi_attribute 24, 1
   9              		.eabi_attribute 25, 1
  10              		.eabi_attribute 26, 1
  11              		.eabi_attribute 30, 1
  12              		.eabi_attribute 34, 1
  13              		.eabi_attribute 18, 4
  14              		.file	"fx_media_volume_set.c"
  15              		.text
  16              	.Ltext0:
  17              		.cfi_sections	.debug_frame
  18              		.file 1 "Middlewares/ST/filex/common/src/fx_media_volume_set.c"
  19              		.section	.text._fx_media_volume_set,"ax",%progbits
  20              		.align	1
  21              		.global	_fx_media_volume_set
  22              		.syntax unified
  23              		.thumb
  24              		.thumb_func
  26              	_fx_media_volume_set:
  27              	.LVL0:
  28              	.LFB8:
   1:Middlewares/ST/filex/common/src/fx_media_volume_set.c **** /**************************************************************************/
   2:Middlewares/ST/filex/common/src/fx_media_volume_set.c **** /*                                                                        */
   3:Middlewares/ST/filex/common/src/fx_media_volume_set.c **** /*       Copyright (c) Microsoft Corporation. All rights reserved.        */
   4:Middlewares/ST/filex/common/src/fx_media_volume_set.c **** /*                                                                        */
   5:Middlewares/ST/filex/common/src/fx_media_volume_set.c **** /*       This software is licensed under the Microsoft Software License   */
   6:Middlewares/ST/filex/common/src/fx_media_volume_set.c **** /*       Terms for Microsoft Azure RTOS. Full text of the license can be  */
   7:Middlewares/ST/filex/common/src/fx_media_volume_set.c **** /*       found in the LICENSE file at https://aka.ms/AzureRTOS_EULA       */
   8:Middlewares/ST/filex/common/src/fx_media_volume_set.c **** /*       and in the root directory of this software.                      */
   9:Middlewares/ST/filex/common/src/fx_media_volume_set.c **** /*                                                                        */
  10:Middlewares/ST/filex/common/src/fx_media_volume_set.c **** /**************************************************************************/
  11:Middlewares/ST/filex/common/src/fx_media_volume_set.c **** 
  12:Middlewares/ST/filex/common/src/fx_media_volume_set.c **** 
  13:Middlewares/ST/filex/common/src/fx_media_volume_set.c **** /**************************************************************************/
  14:Middlewares/ST/filex/common/src/fx_media_volume_set.c **** /**************************************************************************/
  15:Middlewares/ST/filex/common/src/fx_media_volume_set.c **** /**                                                                       */
  16:Middlewares/ST/filex/common/src/fx_media_volume_set.c **** /** FileX Component                                                       */
  17:Middlewares/ST/filex/common/src/fx_media_volume_set.c **** /**                                                                       */
  18:Middlewares/ST/filex/common/src/fx_media_volume_set.c **** /**   Media                                                               */
  19:Middlewares/ST/filex/common/src/fx_media_volume_set.c **** /**                                                                       */
  20:Middlewares/ST/filex/common/src/fx_media_volume_set.c **** /**************************************************************************/
  21:Middlewares/ST/filex/common/src/fx_media_volume_set.c **** /**************************************************************************/
  22:Middlewares/ST/filex/common/src/fx_media_volume_set.c **** 
  23:Middlewares/ST/filex/common/src/fx_media_volume_set.c **** #define FX_SOURCE_CODE
  24:Middlewares/ST/filex/common/src/fx_media_volume_set.c **** 
  25:Middlewares/ST/filex/common/src/fx_media_volume_set.c **** 
  26:Middlewares/ST/filex/common/src/fx_media_volume_set.c **** /* Include necessary system files.  */
  27:Middlewares/ST/filex/common/src/fx_media_volume_set.c **** 
  28:Middlewares/ST/filex/common/src/fx_media_volume_set.c **** #include "fx_api.h"
  29:Middlewares/ST/filex/common/src/fx_media_volume_set.c **** #include "fx_system.h"
  30:Middlewares/ST/filex/common/src/fx_media_volume_set.c **** #include "fx_directory.h"
ARM GAS  /tmp/cc2yhXCT.s 			page 2


  31:Middlewares/ST/filex/common/src/fx_media_volume_set.c **** #include "fx_media.h"
  32:Middlewares/ST/filex/common/src/fx_media_volume_set.c **** #include "fx_utility.h"
  33:Middlewares/ST/filex/common/src/fx_media_volume_set.c **** #ifdef FX_ENABLE_EXFAT
  34:Middlewares/ST/filex/common/src/fx_media_volume_set.c **** #include "fx_directory_exFAT.h"
  35:Middlewares/ST/filex/common/src/fx_media_volume_set.c **** #endif /* FX_ENABLE_EXFAT */
  36:Middlewares/ST/filex/common/src/fx_media_volume_set.c **** 
  37:Middlewares/ST/filex/common/src/fx_media_volume_set.c **** 
  38:Middlewares/ST/filex/common/src/fx_media_volume_set.c **** /**************************************************************************/
  39:Middlewares/ST/filex/common/src/fx_media_volume_set.c **** /*                                                                        */
  40:Middlewares/ST/filex/common/src/fx_media_volume_set.c **** /*  FUNCTION                                               RELEASE        */
  41:Middlewares/ST/filex/common/src/fx_media_volume_set.c **** /*                                                                        */
  42:Middlewares/ST/filex/common/src/fx_media_volume_set.c **** /*    _fx_media_volume_set                                PORTABLE C      */
  43:Middlewares/ST/filex/common/src/fx_media_volume_set.c **** /*                                                           6.1.7        */
  44:Middlewares/ST/filex/common/src/fx_media_volume_set.c **** /*  AUTHOR                                                                */
  45:Middlewares/ST/filex/common/src/fx_media_volume_set.c **** /*                                                                        */
  46:Middlewares/ST/filex/common/src/fx_media_volume_set.c **** /*    William E. Lamie, Microsoft Corporation                             */
  47:Middlewares/ST/filex/common/src/fx_media_volume_set.c **** /*                                                                        */
  48:Middlewares/ST/filex/common/src/fx_media_volume_set.c **** /*  DESCRIPTION                                                           */
  49:Middlewares/ST/filex/common/src/fx_media_volume_set.c **** /*                                                                        */
  50:Middlewares/ST/filex/common/src/fx_media_volume_set.c **** /*    This function sets the volume name to the name supplied by the      */
  51:Middlewares/ST/filex/common/src/fx_media_volume_set.c **** /*    caller.                                                             */
  52:Middlewares/ST/filex/common/src/fx_media_volume_set.c **** /*                                                                        */
  53:Middlewares/ST/filex/common/src/fx_media_volume_set.c **** /*  INPUT                                                                 */
  54:Middlewares/ST/filex/common/src/fx_media_volume_set.c **** /*                                                                        */
  55:Middlewares/ST/filex/common/src/fx_media_volume_set.c **** /*    media_ptr                             Media control block pointer   */
  56:Middlewares/ST/filex/common/src/fx_media_volume_set.c **** /*    volume_name                           New volume name               */
  57:Middlewares/ST/filex/common/src/fx_media_volume_set.c **** /*                                                                        */
  58:Middlewares/ST/filex/common/src/fx_media_volume_set.c **** /*  OUTPUT                                                                */
  59:Middlewares/ST/filex/common/src/fx_media_volume_set.c **** /*                                                                        */
  60:Middlewares/ST/filex/common/src/fx_media_volume_set.c **** /*    return status                                                       */
  61:Middlewares/ST/filex/common/src/fx_media_volume_set.c **** /*                                                                        */
  62:Middlewares/ST/filex/common/src/fx_media_volume_set.c **** /*  CALLS                                                                 */
  63:Middlewares/ST/filex/common/src/fx_media_volume_set.c **** /*                                                                        */
  64:Middlewares/ST/filex/common/src/fx_media_volume_set.c **** /*    _fx_directory_entry_read              Read a directory entry        */
  65:Middlewares/ST/filex/common/src/fx_media_volume_set.c **** /*    _fx_utility_logical_sector_read       Read directory sector         */
  66:Middlewares/ST/filex/common/src/fx_media_volume_set.c **** /*    _fx_utility_logical_sector_write      Write directory sector        */
  67:Middlewares/ST/filex/common/src/fx_media_volume_set.c **** /*                                                                        */
  68:Middlewares/ST/filex/common/src/fx_media_volume_set.c **** /*  CALLED BY                                                             */
  69:Middlewares/ST/filex/common/src/fx_media_volume_set.c **** /*                                                                        */
  70:Middlewares/ST/filex/common/src/fx_media_volume_set.c **** /*    Application Code                                                    */
  71:Middlewares/ST/filex/common/src/fx_media_volume_set.c **** /*                                                                        */
  72:Middlewares/ST/filex/common/src/fx_media_volume_set.c **** /*  RELEASE HISTORY                                                       */
  73:Middlewares/ST/filex/common/src/fx_media_volume_set.c **** /*                                                                        */
  74:Middlewares/ST/filex/common/src/fx_media_volume_set.c **** /*    DATE              NAME                      DESCRIPTION             */
  75:Middlewares/ST/filex/common/src/fx_media_volume_set.c **** /*                                                                        */
  76:Middlewares/ST/filex/common/src/fx_media_volume_set.c **** /*  05-19-2020     William E. Lamie         Initial Version 6.0           */
  77:Middlewares/ST/filex/common/src/fx_media_volume_set.c **** /*  09-30-2020     William E. Lamie         Modified comment(s),          */
  78:Middlewares/ST/filex/common/src/fx_media_volume_set.c **** /*                                            resulting in version 6.1    */
  79:Middlewares/ST/filex/common/src/fx_media_volume_set.c **** /*  06-02-2021     Bhupendra Naphade        Modified comment(s),updated   */
  80:Middlewares/ST/filex/common/src/fx_media_volume_set.c **** /*                                            the initialization of       */
  81:Middlewares/ST/filex/common/src/fx_media_volume_set.c **** /*                                            dir_entry for exFAT format, */
  82:Middlewares/ST/filex/common/src/fx_media_volume_set.c **** /*                                            resulting in version 6.1.7  */
  83:Middlewares/ST/filex/common/src/fx_media_volume_set.c **** /*                                                                        */
  84:Middlewares/ST/filex/common/src/fx_media_volume_set.c **** /**************************************************************************/
  85:Middlewares/ST/filex/common/src/fx_media_volume_set.c **** UINT  _fx_media_volume_set(FX_MEDIA *media_ptr, CHAR *volume_name)
  86:Middlewares/ST/filex/common/src/fx_media_volume_set.c **** {
  29              		.loc 1 86 1 view -0
ARM GAS  /tmp/cc2yhXCT.s 			page 3


  30              		.cfi_startproc
  31              		@ args = 0, pretend = 0, frame = 232
  32              		@ frame_needed = 0, uses_anonymous_args = 0
  33              		.loc 1 86 1 is_stmt 0 view .LVU1
  34 0000 2DE9F043 		push	{r4, r5, r6, r7, r8, r9, lr}
  35              	.LCFI0:
  36              		.cfi_def_cfa_offset 28
  37              		.cfi_offset 4, -28
  38              		.cfi_offset 5, -24
  39              		.cfi_offset 6, -20
  40              		.cfi_offset 7, -16
  41              		.cfi_offset 8, -12
  42              		.cfi_offset 9, -8
  43              		.cfi_offset 14, -4
  44 0004 BFB0     		sub	sp, sp, #252
  45              	.LCFI1:
  46              		.cfi_def_cfa_offset 280
  87:Middlewares/ST/filex/common/src/fx_media_volume_set.c **** 
  88:Middlewares/ST/filex/common/src/fx_media_volume_set.c **** ULONG        i, j;
  47              		.loc 1 88 1 is_stmt 1 view .LVU2
  89:Middlewares/ST/filex/common/src/fx_media_volume_set.c **** FX_DIR_ENTRY dir_entry, dir_entry1;
  48              		.loc 1 89 1 view .LVU3
  90:Middlewares/ST/filex/common/src/fx_media_volume_set.c **** UINT         status, offset;
  49              		.loc 1 90 1 view .LVU4
  91:Middlewares/ST/filex/common/src/fx_media_volume_set.c **** UCHAR       *work_ptr;
  50              		.loc 1 91 1 view .LVU5
  92:Middlewares/ST/filex/common/src/fx_media_volume_set.c **** CHAR         alpha;
  51              		.loc 1 92 1 view .LVU6
  93:Middlewares/ST/filex/common/src/fx_media_volume_set.c **** 
  94:Middlewares/ST/filex/common/src/fx_media_volume_set.c **** 
  95:Middlewares/ST/filex/common/src/fx_media_volume_set.c ****     /* Check the media to make sure it is open.  */
  96:Middlewares/ST/filex/common/src/fx_media_volume_set.c ****     if (media_ptr -> fx_media_id != FX_MEDIA_ID)
  52              		.loc 1 96 5 view .LVU7
  53              		.loc 1 96 19 is_stmt 0 view .LVU8
  54 0006 0268     		ldr	r2, [r0]
  55              		.loc 1 96 8 view .LVU9
  56 0008 9E4B     		ldr	r3, .L44
  57 000a 9A42     		cmp	r2, r3
  58 000c 04D0     		beq	.L33
  97:Middlewares/ST/filex/common/src/fx_media_volume_set.c ****     {
  98:Middlewares/ST/filex/common/src/fx_media_volume_set.c **** 
  99:Middlewares/ST/filex/common/src/fx_media_volume_set.c ****         /* Return the media not opened error.  */
 100:Middlewares/ST/filex/common/src/fx_media_volume_set.c ****         return(FX_MEDIA_NOT_OPEN);
  59              		.loc 1 100 15 view .LVU10
  60 000e 1126     		movs	r6, #17
  61              	.LVL1:
  62              	.L1:
 101:Middlewares/ST/filex/common/src/fx_media_volume_set.c ****     }
 102:Middlewares/ST/filex/common/src/fx_media_volume_set.c **** 
 103:Middlewares/ST/filex/common/src/fx_media_volume_set.c ****     dir_entry.fx_dir_entry_log_sector = 0;
 104:Middlewares/ST/filex/common/src/fx_media_volume_set.c ****     dir_entry.fx_dir_entry_byte_offset = 0;
 105:Middlewares/ST/filex/common/src/fx_media_volume_set.c **** 
 106:Middlewares/ST/filex/common/src/fx_media_volume_set.c ****     /* If trace is enabled, insert this event into the trace buffer.  */
 107:Middlewares/ST/filex/common/src/fx_media_volume_set.c ****     FX_TRACE_IN_LINE_INSERT(FX_TRACE_MEDIA_VOLUME_SET, media_ptr, volume_name, 0, 0, FX_TRACE_MEDIA
 108:Middlewares/ST/filex/common/src/fx_media_volume_set.c **** 
 109:Middlewares/ST/filex/common/src/fx_media_volume_set.c ****     /* Protect against other threads accessing the media.  */
 110:Middlewares/ST/filex/common/src/fx_media_volume_set.c ****     FX_PROTECT
ARM GAS  /tmp/cc2yhXCT.s 			page 4


 111:Middlewares/ST/filex/common/src/fx_media_volume_set.c **** 
 112:Middlewares/ST/filex/common/src/fx_media_volume_set.c **** #ifdef FX_ENABLE_EXFAT
 113:Middlewares/ST/filex/common/src/fx_media_volume_set.c ****     if (media_ptr -> fx_media_FAT_type == FX_exFAT)
 114:Middlewares/ST/filex/common/src/fx_media_volume_set.c ****     {
 115:Middlewares/ST/filex/common/src/fx_media_volume_set.c **** 
 116:Middlewares/ST/filex/common/src/fx_media_volume_set.c ****         /* Setup pointer to media name buffer.  */
 117:Middlewares/ST/filex/common/src/fx_media_volume_set.c ****         dir_entry.fx_dir_entry_name =  media_ptr -> fx_media_name_buffer;
 118:Middlewares/ST/filex/common/src/fx_media_volume_set.c **** 
 119:Middlewares/ST/filex/common/src/fx_media_volume_set.c ****         /* Clear the short name string.  */
 120:Middlewares/ST/filex/common/src/fx_media_volume_set.c ****         dir_entry.fx_dir_entry_short_name[0] =  0;
 121:Middlewares/ST/filex/common/src/fx_media_volume_set.c **** 
 122:Middlewares/ST/filex/common/src/fx_media_volume_set.c ****         /* Attempt to find the volume name in the root directory.  */
 123:Middlewares/ST/filex/common/src/fx_media_volume_set.c ****         i =  0;
 124:Middlewares/ST/filex/common/src/fx_media_volume_set.c ****         do
 125:Middlewares/ST/filex/common/src/fx_media_volume_set.c ****         {
 126:Middlewares/ST/filex/common/src/fx_media_volume_set.c **** 
 127:Middlewares/ST/filex/common/src/fx_media_volume_set.c ****             /* Read an entry from the root directory.  */
 128:Middlewares/ST/filex/common/src/fx_media_volume_set.c ****             status =  _fx_directory_entry_read(media_ptr, FX_NULL, &i, &dir_entry);
 129:Middlewares/ST/filex/common/src/fx_media_volume_set.c **** 
 130:Middlewares/ST/filex/common/src/fx_media_volume_set.c ****             /* Check for error status.  */
 131:Middlewares/ST/filex/common/src/fx_media_volume_set.c ****             if (status != FX_SUCCESS)
 132:Middlewares/ST/filex/common/src/fx_media_volume_set.c ****             {
 133:Middlewares/ST/filex/common/src/fx_media_volume_set.c **** 
 134:Middlewares/ST/filex/common/src/fx_media_volume_set.c ****                 /* Release media protection.  */
 135:Middlewares/ST/filex/common/src/fx_media_volume_set.c ****                 FX_UNPROTECT
 136:Middlewares/ST/filex/common/src/fx_media_volume_set.c **** 
 137:Middlewares/ST/filex/common/src/fx_media_volume_set.c ****                 /* Return to caller.  */
 138:Middlewares/ST/filex/common/src/fx_media_volume_set.c ****                 return(status);
 139:Middlewares/ST/filex/common/src/fx_media_volume_set.c ****             }
 140:Middlewares/ST/filex/common/src/fx_media_volume_set.c **** 
 141:Middlewares/ST/filex/common/src/fx_media_volume_set.c ****             /* Check for a volume name.  */
 142:Middlewares/ST/filex/common/src/fx_media_volume_set.c ****             if (dir_entry.fx_dir_entry_type == FX_EXFAT_DIR_ENTRY_TYPE_VOLUME_LABEL)
 143:Middlewares/ST/filex/common/src/fx_media_volume_set.c ****             {
 144:Middlewares/ST/filex/common/src/fx_media_volume_set.c **** 
 145:Middlewares/ST/filex/common/src/fx_media_volume_set.c ****                 /* Yes, we have found a previously set volume name.  */
 146:Middlewares/ST/filex/common/src/fx_media_volume_set.c ****                 break;
 147:Middlewares/ST/filex/common/src/fx_media_volume_set.c ****             }
 148:Middlewares/ST/filex/common/src/fx_media_volume_set.c **** 
 149:Middlewares/ST/filex/common/src/fx_media_volume_set.c ****             /* Move to next directory entry.  */
 150:Middlewares/ST/filex/common/src/fx_media_volume_set.c ****             i++;
 151:Middlewares/ST/filex/common/src/fx_media_volume_set.c ****         } while (i < media_ptr -> fx_media_root_directory_entries);
 152:Middlewares/ST/filex/common/src/fx_media_volume_set.c **** 
 153:Middlewares/ST/filex/common/src/fx_media_volume_set.c ****         /* Determine if a volume entry has been found.  */
 154:Middlewares/ST/filex/common/src/fx_media_volume_set.c ****         if (i == media_ptr -> fx_media_root_directory_entries)
 155:Middlewares/ST/filex/common/src/fx_media_volume_set.c ****         {
 156:Middlewares/ST/filex/common/src/fx_media_volume_set.c **** 
 157:Middlewares/ST/filex/common/src/fx_media_volume_set.c ****             /* Volume entry not found, attempt to find a free entry in the root directory.  */
 158:Middlewares/ST/filex/common/src/fx_media_volume_set.c ****             i =  0;
 159:Middlewares/ST/filex/common/src/fx_media_volume_set.c ****             do
 160:Middlewares/ST/filex/common/src/fx_media_volume_set.c ****             {
 161:Middlewares/ST/filex/common/src/fx_media_volume_set.c **** 
 162:Middlewares/ST/filex/common/src/fx_media_volume_set.c ****                 /* Read an entry from the root directory.  */
 163:Middlewares/ST/filex/common/src/fx_media_volume_set.c ****                 status =  _fx_directory_entry_read(media_ptr, FX_NULL, &i, &dir_entry);
 164:Middlewares/ST/filex/common/src/fx_media_volume_set.c **** 
 165:Middlewares/ST/filex/common/src/fx_media_volume_set.c ****                 /* Check for error status.  */
 166:Middlewares/ST/filex/common/src/fx_media_volume_set.c ****                 if (status != FX_SUCCESS)
 167:Middlewares/ST/filex/common/src/fx_media_volume_set.c ****                 {
ARM GAS  /tmp/cc2yhXCT.s 			page 5


 168:Middlewares/ST/filex/common/src/fx_media_volume_set.c **** 
 169:Middlewares/ST/filex/common/src/fx_media_volume_set.c ****                     /* Release media protection.  */
 170:Middlewares/ST/filex/common/src/fx_media_volume_set.c ****                     FX_UNPROTECT
 171:Middlewares/ST/filex/common/src/fx_media_volume_set.c **** 
 172:Middlewares/ST/filex/common/src/fx_media_volume_set.c ****                     /* Return to caller.  */
 173:Middlewares/ST/filex/common/src/fx_media_volume_set.c ****                     return(status);
 174:Middlewares/ST/filex/common/src/fx_media_volume_set.c ****                 }
 175:Middlewares/ST/filex/common/src/fx_media_volume_set.c **** 
 176:Middlewares/ST/filex/common/src/fx_media_volume_set.c ****                 /* Check for a volume name.  */
 177:Middlewares/ST/filex/common/src/fx_media_volume_set.c ****                 if (dir_entry.fx_dir_entry_type == FX_EXFAT_DIR_ENTRY_TYPE_FREE)
 178:Middlewares/ST/filex/common/src/fx_media_volume_set.c ****                 {
 179:Middlewares/ST/filex/common/src/fx_media_volume_set.c **** 
 180:Middlewares/ST/filex/common/src/fx_media_volume_set.c ****                     /* Yes, we have found a free directory entry.  */
 181:Middlewares/ST/filex/common/src/fx_media_volume_set.c ****                     break;
 182:Middlewares/ST/filex/common/src/fx_media_volume_set.c ****                 }
 183:Middlewares/ST/filex/common/src/fx_media_volume_set.c **** 
 184:Middlewares/ST/filex/common/src/fx_media_volume_set.c ****                 /* Move to next directory entry.  */
 185:Middlewares/ST/filex/common/src/fx_media_volume_set.c ****                 i++;
 186:Middlewares/ST/filex/common/src/fx_media_volume_set.c ****             } while (i < media_ptr -> fx_media_root_directory_entries);
 187:Middlewares/ST/filex/common/src/fx_media_volume_set.c **** 
 188:Middlewares/ST/filex/common/src/fx_media_volume_set.c ****             /* Determine if a free entry has been found.  */
 189:Middlewares/ST/filex/common/src/fx_media_volume_set.c ****             if (i == media_ptr -> fx_media_root_directory_entries)
 190:Middlewares/ST/filex/common/src/fx_media_volume_set.c ****             {
 191:Middlewares/ST/filex/common/src/fx_media_volume_set.c **** 
 192:Middlewares/ST/filex/common/src/fx_media_volume_set.c ****                 /* Release media protection.  */
 193:Middlewares/ST/filex/common/src/fx_media_volume_set.c ****                 FX_UNPROTECT
 194:Middlewares/ST/filex/common/src/fx_media_volume_set.c **** 
 195:Middlewares/ST/filex/common/src/fx_media_volume_set.c ****                 /* No existing volume name was found, return an error.  */
 196:Middlewares/ST/filex/common/src/fx_media_volume_set.c ****                 return(FX_NOT_FOUND);
 197:Middlewares/ST/filex/common/src/fx_media_volume_set.c ****             }
 198:Middlewares/ST/filex/common/src/fx_media_volume_set.c ****         }
 199:Middlewares/ST/filex/common/src/fx_media_volume_set.c **** 
 200:Middlewares/ST/filex/common/src/fx_media_volume_set.c ****         /* Read the logical directory sector.  */
 201:Middlewares/ST/filex/common/src/fx_media_volume_set.c ****         status =  _fx_utility_logical_sector_read(media_ptr, (ULONG64) dir_entry.fx_dir_entry_log_s
 202:Middlewares/ST/filex/common/src/fx_media_volume_set.c ****                                                   media_ptr -> fx_media_memory_buffer, ((ULONG) 1),
 203:Middlewares/ST/filex/common/src/fx_media_volume_set.c **** 
 204:Middlewares/ST/filex/common/src/fx_media_volume_set.c ****         /* Determine if an error occurred.  */
 205:Middlewares/ST/filex/common/src/fx_media_volume_set.c ****         if (status != FX_SUCCESS)
 206:Middlewares/ST/filex/common/src/fx_media_volume_set.c ****         {
 207:Middlewares/ST/filex/common/src/fx_media_volume_set.c **** 
 208:Middlewares/ST/filex/common/src/fx_media_volume_set.c ****             /* Release media protection.  */
 209:Middlewares/ST/filex/common/src/fx_media_volume_set.c ****             FX_UNPROTECT
 210:Middlewares/ST/filex/common/src/fx_media_volume_set.c **** 
 211:Middlewares/ST/filex/common/src/fx_media_volume_set.c ****             /* Return error code.  */
 212:Middlewares/ST/filex/common/src/fx_media_volume_set.c ****             return(status);
 213:Middlewares/ST/filex/common/src/fx_media_volume_set.c ****         }
 214:Middlewares/ST/filex/common/src/fx_media_volume_set.c **** 
 215:Middlewares/ST/filex/common/src/fx_media_volume_set.c ****         /* Offset to volume label field.  */
 216:Middlewares/ST/filex/common/src/fx_media_volume_set.c ****         offset = dir_entry.fx_dir_entry_byte_offset + FX_EXFAT_VOLUME_LABEL;
 217:Middlewares/ST/filex/common/src/fx_media_volume_set.c **** 
 218:Middlewares/ST/filex/common/src/fx_media_volume_set.c ****         /* Loop to store the volume name.  */
 219:Middlewares/ST/filex/common/src/fx_media_volume_set.c ****         for (i = 0; volume_name[i]; i++)
 220:Middlewares/ST/filex/common/src/fx_media_volume_set.c ****         {
 221:Middlewares/ST/filex/common/src/fx_media_volume_set.c **** 
 222:Middlewares/ST/filex/common/src/fx_media_volume_set.c ****             /* Have we reached the end?  */
 223:Middlewares/ST/filex/common/src/fx_media_volume_set.c ****             if (i == 11)
 224:Middlewares/ST/filex/common/src/fx_media_volume_set.c ****             {
ARM GAS  /tmp/cc2yhXCT.s 			page 6


 225:Middlewares/ST/filex/common/src/fx_media_volume_set.c **** 
 226:Middlewares/ST/filex/common/src/fx_media_volume_set.c ****                 break;
 227:Middlewares/ST/filex/common/src/fx_media_volume_set.c ****             }
 228:Middlewares/ST/filex/common/src/fx_media_volume_set.c **** 
 229:Middlewares/ST/filex/common/src/fx_media_volume_set.c ****             /* Pickup volume name byte.  */
 230:Middlewares/ST/filex/common/src/fx_media_volume_set.c ****             alpha =  volume_name[i];
 231:Middlewares/ST/filex/common/src/fx_media_volume_set.c **** 
 232:Middlewares/ST/filex/common/src/fx_media_volume_set.c ****             /* Store a byte of the volume name.  */
 233:Middlewares/ST/filex/common/src/fx_media_volume_set.c ****             _fx_utility_16_unsigned_write(&media_ptr -> fx_media_memory_buffer[offset], (UINT)alpha
 234:Middlewares/ST/filex/common/src/fx_media_volume_set.c **** 
 235:Middlewares/ST/filex/common/src/fx_media_volume_set.c ****             /* Move to next character.  */
 236:Middlewares/ST/filex/common/src/fx_media_volume_set.c ****             offset += 2;
 237:Middlewares/ST/filex/common/src/fx_media_volume_set.c ****         }
 238:Middlewares/ST/filex/common/src/fx_media_volume_set.c **** 
 239:Middlewares/ST/filex/common/src/fx_media_volume_set.c ****         /* Offset to character count field.  */
 240:Middlewares/ST/filex/common/src/fx_media_volume_set.c ****         offset = dir_entry.fx_dir_entry_byte_offset;
 241:Middlewares/ST/filex/common/src/fx_media_volume_set.c **** 
 242:Middlewares/ST/filex/common/src/fx_media_volume_set.c ****         /* Store volume label entry type.  */
 243:Middlewares/ST/filex/common/src/fx_media_volume_set.c ****         media_ptr -> fx_media_memory_buffer[offset] = FX_EXFAT_DIR_ENTRY_TYPE_VOLUME_LABEL;
 244:Middlewares/ST/filex/common/src/fx_media_volume_set.c **** 
 245:Middlewares/ST/filex/common/src/fx_media_volume_set.c ****         /* Store the character count.  */
 246:Middlewares/ST/filex/common/src/fx_media_volume_set.c ****         media_ptr -> fx_media_memory_buffer[offset + FX_EXFAT_CHAR_COUNT] = (UCHAR)i;
 247:Middlewares/ST/filex/common/src/fx_media_volume_set.c **** 
 248:Middlewares/ST/filex/common/src/fx_media_volume_set.c ****         /* Write the directory sector to the media.  */
 249:Middlewares/ST/filex/common/src/fx_media_volume_set.c ****         status =  _fx_utility_logical_sector_write(media_ptr, (ULONG64) dir_entry.fx_dir_entry_log_
 250:Middlewares/ST/filex/common/src/fx_media_volume_set.c ****                                                    media_ptr -> fx_media_memory_buffer, ((ULONG) 1)
 251:Middlewares/ST/filex/common/src/fx_media_volume_set.c ****     }
 252:Middlewares/ST/filex/common/src/fx_media_volume_set.c ****     else
 253:Middlewares/ST/filex/common/src/fx_media_volume_set.c ****     {
 254:Middlewares/ST/filex/common/src/fx_media_volume_set.c **** #endif /* FX_ENABLE_EXFAT */
 255:Middlewares/ST/filex/common/src/fx_media_volume_set.c **** 
 256:Middlewares/ST/filex/common/src/fx_media_volume_set.c ****         /* First, check for an invalid volume name.  */
 257:Middlewares/ST/filex/common/src/fx_media_volume_set.c ****         if (volume_name[0] == 0)
 258:Middlewares/ST/filex/common/src/fx_media_volume_set.c ****         {
 259:Middlewares/ST/filex/common/src/fx_media_volume_set.c **** 
 260:Middlewares/ST/filex/common/src/fx_media_volume_set.c ****             /* Yes, volume name is invalid.  Return an error.  */
 261:Middlewares/ST/filex/common/src/fx_media_volume_set.c ****             return(FX_INVALID_NAME);
 262:Middlewares/ST/filex/common/src/fx_media_volume_set.c ****         }
 263:Middlewares/ST/filex/common/src/fx_media_volume_set.c **** 
 264:Middlewares/ST/filex/common/src/fx_media_volume_set.c ****         /* Read the logical directory sector 0 - we just do this to get a memory_buffer pointer */
 265:Middlewares/ST/filex/common/src/fx_media_volume_set.c ****         status =  _fx_utility_logical_sector_read(media_ptr, ((ULONG64) 0),
 266:Middlewares/ST/filex/common/src/fx_media_volume_set.c ****                                                   media_ptr -> fx_media_memory_buffer, ((ULONG) 1),
 267:Middlewares/ST/filex/common/src/fx_media_volume_set.c **** 
 268:Middlewares/ST/filex/common/src/fx_media_volume_set.c ****         /* Check the read status.  */
 269:Middlewares/ST/filex/common/src/fx_media_volume_set.c ****         if (status != FX_SUCCESS)
 270:Middlewares/ST/filex/common/src/fx_media_volume_set.c ****         {
 271:Middlewares/ST/filex/common/src/fx_media_volume_set.c **** 
 272:Middlewares/ST/filex/common/src/fx_media_volume_set.c ****             /* Release media protection.  */
 273:Middlewares/ST/filex/common/src/fx_media_volume_set.c ****             FX_UNPROTECT
 274:Middlewares/ST/filex/common/src/fx_media_volume_set.c **** 
 275:Middlewares/ST/filex/common/src/fx_media_volume_set.c ****             /* Return the error status.  */
 276:Middlewares/ST/filex/common/src/fx_media_volume_set.c ****             return(status);
 277:Middlewares/ST/filex/common/src/fx_media_volume_set.c ****         }
 278:Middlewares/ST/filex/common/src/fx_media_volume_set.c **** 
 279:Middlewares/ST/filex/common/src/fx_media_volume_set.c **** #ifndef FX_MEDIA_STATISTICS_DISABLE
 280:Middlewares/ST/filex/common/src/fx_media_volume_set.c **** 
 281:Middlewares/ST/filex/common/src/fx_media_volume_set.c ****         /* Increment the number of driver read boot sector requests.  */
ARM GAS  /tmp/cc2yhXCT.s 			page 7


 282:Middlewares/ST/filex/common/src/fx_media_volume_set.c ****         media_ptr -> fx_media_driver_boot_read_requests++;
 283:Middlewares/ST/filex/common/src/fx_media_volume_set.c **** #endif
 284:Middlewares/ST/filex/common/src/fx_media_volume_set.c **** 
 285:Middlewares/ST/filex/common/src/fx_media_volume_set.c ****         /* Build a driver request to read the boot record.  */
 286:Middlewares/ST/filex/common/src/fx_media_volume_set.c ****         media_ptr -> fx_media_driver_request =      FX_DRIVER_BOOT_READ;
 287:Middlewares/ST/filex/common/src/fx_media_volume_set.c ****         media_ptr -> fx_media_driver_status =       FX_IO_ERROR;
 288:Middlewares/ST/filex/common/src/fx_media_volume_set.c ****         media_ptr -> fx_media_driver_buffer =       media_ptr -> fx_media_memory_buffer;
 289:Middlewares/ST/filex/common/src/fx_media_volume_set.c ****         media_ptr -> fx_media_driver_sectors =      1;
 290:Middlewares/ST/filex/common/src/fx_media_volume_set.c ****         media_ptr -> fx_media_driver_sector_type =  FX_BOOT_SECTOR;
 291:Middlewares/ST/filex/common/src/fx_media_volume_set.c **** 
 292:Middlewares/ST/filex/common/src/fx_media_volume_set.c ****         /* If trace is enabled, insert this event into the trace buffer.  */
 293:Middlewares/ST/filex/common/src/fx_media_volume_set.c ****         FX_TRACE_IN_LINE_INSERT(FX_TRACE_INTERNAL_IO_DRIVER_BOOT_READ, media_ptr, media_ptr -> fx_m
 294:Middlewares/ST/filex/common/src/fx_media_volume_set.c **** 
 295:Middlewares/ST/filex/common/src/fx_media_volume_set.c ****         /* Invoke the driver to read the boot sector.  */
 296:Middlewares/ST/filex/common/src/fx_media_volume_set.c ****         (media_ptr -> fx_media_driver_entry) (media_ptr);
 297:Middlewares/ST/filex/common/src/fx_media_volume_set.c **** 
 298:Middlewares/ST/filex/common/src/fx_media_volume_set.c ****         /* Determine if the request is successful.  */
 299:Middlewares/ST/filex/common/src/fx_media_volume_set.c ****         if (media_ptr -> fx_media_driver_status)
 300:Middlewares/ST/filex/common/src/fx_media_volume_set.c ****         {
 301:Middlewares/ST/filex/common/src/fx_media_volume_set.c **** 
 302:Middlewares/ST/filex/common/src/fx_media_volume_set.c ****             /* Release media protection.  */
 303:Middlewares/ST/filex/common/src/fx_media_volume_set.c ****             FX_UNPROTECT
 304:Middlewares/ST/filex/common/src/fx_media_volume_set.c **** 
 305:Middlewares/ST/filex/common/src/fx_media_volume_set.c ****             /* An error occurred in the driver.  */
 306:Middlewares/ST/filex/common/src/fx_media_volume_set.c ****             return(media_ptr -> fx_media_driver_status);
 307:Middlewares/ST/filex/common/src/fx_media_volume_set.c ****         }
 308:Middlewares/ST/filex/common/src/fx_media_volume_set.c **** 
 309:Middlewares/ST/filex/common/src/fx_media_volume_set.c ****         /* Calculate the offset based on the FAT present.  */
 310:Middlewares/ST/filex/common/src/fx_media_volume_set.c ****         if (media_ptr -> fx_media_32_bit_FAT)
 311:Middlewares/ST/filex/common/src/fx_media_volume_set.c ****         {
 312:Middlewares/ST/filex/common/src/fx_media_volume_set.c **** 
 313:Middlewares/ST/filex/common/src/fx_media_volume_set.c ****             /* FAT32 is present.  */
 314:Middlewares/ST/filex/common/src/fx_media_volume_set.c ****             offset =  FX_VOLUME_LABEL_32;
 315:Middlewares/ST/filex/common/src/fx_media_volume_set.c ****         }
 316:Middlewares/ST/filex/common/src/fx_media_volume_set.c ****         else
 317:Middlewares/ST/filex/common/src/fx_media_volume_set.c ****         {
 318:Middlewares/ST/filex/common/src/fx_media_volume_set.c **** 
 319:Middlewares/ST/filex/common/src/fx_media_volume_set.c ****             /* FAT12/16 is present.  */
 320:Middlewares/ST/filex/common/src/fx_media_volume_set.c ****             offset =  FX_VOLUME_LABEL;
 321:Middlewares/ST/filex/common/src/fx_media_volume_set.c ****         }
 322:Middlewares/ST/filex/common/src/fx_media_volume_set.c **** 
 323:Middlewares/ST/filex/common/src/fx_media_volume_set.c ****         /* Loop to store the volume name.  */
 324:Middlewares/ST/filex/common/src/fx_media_volume_set.c ****         for (i = 0; volume_name[i]; i++)
 325:Middlewares/ST/filex/common/src/fx_media_volume_set.c ****         {
 326:Middlewares/ST/filex/common/src/fx_media_volume_set.c **** 
 327:Middlewares/ST/filex/common/src/fx_media_volume_set.c ****             /* Have we reached the end?  */
 328:Middlewares/ST/filex/common/src/fx_media_volume_set.c ****             if (i == 11)
 329:Middlewares/ST/filex/common/src/fx_media_volume_set.c ****             {
 330:Middlewares/ST/filex/common/src/fx_media_volume_set.c **** 
 331:Middlewares/ST/filex/common/src/fx_media_volume_set.c ****                 break;
 332:Middlewares/ST/filex/common/src/fx_media_volume_set.c ****             }
 333:Middlewares/ST/filex/common/src/fx_media_volume_set.c **** 
 334:Middlewares/ST/filex/common/src/fx_media_volume_set.c ****             /* Pickup volume name byte.  */
 335:Middlewares/ST/filex/common/src/fx_media_volume_set.c ****             alpha =  volume_name[i];
 336:Middlewares/ST/filex/common/src/fx_media_volume_set.c **** 
 337:Middlewares/ST/filex/common/src/fx_media_volume_set.c ****             /* Determine if alpha needs to be converted to upper case.  */
 338:Middlewares/ST/filex/common/src/fx_media_volume_set.c ****             if ((alpha >= 'a') && (alpha <= 'z'))
ARM GAS  /tmp/cc2yhXCT.s 			page 8


 339:Middlewares/ST/filex/common/src/fx_media_volume_set.c ****             {
 340:Middlewares/ST/filex/common/src/fx_media_volume_set.c **** 
 341:Middlewares/ST/filex/common/src/fx_media_volume_set.c ****                 /* Convert alpha to upper case.  */
 342:Middlewares/ST/filex/common/src/fx_media_volume_set.c ****                 alpha =  (CHAR)((INT)alpha - 0x20);
 343:Middlewares/ST/filex/common/src/fx_media_volume_set.c ****             }
 344:Middlewares/ST/filex/common/src/fx_media_volume_set.c **** 
 345:Middlewares/ST/filex/common/src/fx_media_volume_set.c ****             /* Store a byte of the volume name.  */
 346:Middlewares/ST/filex/common/src/fx_media_volume_set.c ****             media_ptr -> fx_media_memory_buffer[offset + i] =  (UCHAR)alpha;
 347:Middlewares/ST/filex/common/src/fx_media_volume_set.c ****         }
 348:Middlewares/ST/filex/common/src/fx_media_volume_set.c **** 
 349:Middlewares/ST/filex/common/src/fx_media_volume_set.c ****         /* Now pad with spaces.  */
 350:Middlewares/ST/filex/common/src/fx_media_volume_set.c ****         for (; i < 11; i++)
 351:Middlewares/ST/filex/common/src/fx_media_volume_set.c ****         {
 352:Middlewares/ST/filex/common/src/fx_media_volume_set.c **** 
 353:Middlewares/ST/filex/common/src/fx_media_volume_set.c ****             /* Append space character to volume name.  */
 354:Middlewares/ST/filex/common/src/fx_media_volume_set.c ****             media_ptr -> fx_media_memory_buffer[offset + i] =  0x20;
 355:Middlewares/ST/filex/common/src/fx_media_volume_set.c ****         }
 356:Middlewares/ST/filex/common/src/fx_media_volume_set.c **** 
 357:Middlewares/ST/filex/common/src/fx_media_volume_set.c **** #ifndef FX_MEDIA_STATISTICS_DISABLE
 358:Middlewares/ST/filex/common/src/fx_media_volume_set.c **** 
 359:Middlewares/ST/filex/common/src/fx_media_volume_set.c ****         /* Increment the number of driver write boot sector requests.  */
 360:Middlewares/ST/filex/common/src/fx_media_volume_set.c ****         media_ptr -> fx_media_driver_boot_write_requests++;
 361:Middlewares/ST/filex/common/src/fx_media_volume_set.c **** #endif
 362:Middlewares/ST/filex/common/src/fx_media_volume_set.c **** 
 363:Middlewares/ST/filex/common/src/fx_media_volume_set.c ****         /* Write the boot sector with the new volume name.  */
 364:Middlewares/ST/filex/common/src/fx_media_volume_set.c ****         media_ptr -> fx_media_driver_request =      FX_DRIVER_BOOT_WRITE;
 365:Middlewares/ST/filex/common/src/fx_media_volume_set.c ****         media_ptr -> fx_media_driver_status =       FX_IO_ERROR;
 366:Middlewares/ST/filex/common/src/fx_media_volume_set.c ****         media_ptr -> fx_media_driver_buffer =       media_ptr -> fx_media_memory_buffer;
 367:Middlewares/ST/filex/common/src/fx_media_volume_set.c ****         media_ptr -> fx_media_driver_sectors =      1;
 368:Middlewares/ST/filex/common/src/fx_media_volume_set.c ****         media_ptr -> fx_media_driver_sector_type =  FX_BOOT_SECTOR;
 369:Middlewares/ST/filex/common/src/fx_media_volume_set.c **** 
 370:Middlewares/ST/filex/common/src/fx_media_volume_set.c ****         /* Set the system write flag since we are writing the boot sector.  */
 371:Middlewares/ST/filex/common/src/fx_media_volume_set.c ****         media_ptr -> fx_media_driver_system_write =  FX_TRUE;
 372:Middlewares/ST/filex/common/src/fx_media_volume_set.c **** 
 373:Middlewares/ST/filex/common/src/fx_media_volume_set.c ****         /* If trace is enabled, insert this event into the trace buffer.  */
 374:Middlewares/ST/filex/common/src/fx_media_volume_set.c ****         FX_TRACE_IN_LINE_INSERT(FX_TRACE_INTERNAL_IO_DRIVER_BOOT_WRITE, media_ptr, media_ptr -> fx_
 375:Middlewares/ST/filex/common/src/fx_media_volume_set.c **** 
 376:Middlewares/ST/filex/common/src/fx_media_volume_set.c ****         /* Invoke the driver to write the boot sector.  */
 377:Middlewares/ST/filex/common/src/fx_media_volume_set.c ****         (media_ptr -> fx_media_driver_entry) (media_ptr);
 378:Middlewares/ST/filex/common/src/fx_media_volume_set.c **** 
 379:Middlewares/ST/filex/common/src/fx_media_volume_set.c ****         /* Clear the system write flag.  */
 380:Middlewares/ST/filex/common/src/fx_media_volume_set.c ****         media_ptr -> fx_media_driver_system_write =  FX_FALSE;
 381:Middlewares/ST/filex/common/src/fx_media_volume_set.c **** 
 382:Middlewares/ST/filex/common/src/fx_media_volume_set.c ****         /* Determine if the request is successful.  */
 383:Middlewares/ST/filex/common/src/fx_media_volume_set.c ****         if (media_ptr -> fx_media_driver_status)
 384:Middlewares/ST/filex/common/src/fx_media_volume_set.c ****         {
 385:Middlewares/ST/filex/common/src/fx_media_volume_set.c **** 
 386:Middlewares/ST/filex/common/src/fx_media_volume_set.c ****             /* Release media protection.  */
 387:Middlewares/ST/filex/common/src/fx_media_volume_set.c ****             FX_UNPROTECT
 388:Middlewares/ST/filex/common/src/fx_media_volume_set.c **** 
 389:Middlewares/ST/filex/common/src/fx_media_volume_set.c ****             /* An error occurred in the driver.  */
 390:Middlewares/ST/filex/common/src/fx_media_volume_set.c ****             return(media_ptr -> fx_media_driver_status);
 391:Middlewares/ST/filex/common/src/fx_media_volume_set.c ****         }
 392:Middlewares/ST/filex/common/src/fx_media_volume_set.c **** 
 393:Middlewares/ST/filex/common/src/fx_media_volume_set.c ****         /* Setup pointer to media name buffer.  */
 394:Middlewares/ST/filex/common/src/fx_media_volume_set.c ****         dir_entry1.fx_dir_entry_name =  media_ptr -> fx_media_name_buffer;
 395:Middlewares/ST/filex/common/src/fx_media_volume_set.c **** 
ARM GAS  /tmp/cc2yhXCT.s 			page 9


 396:Middlewares/ST/filex/common/src/fx_media_volume_set.c ****         /* Clear the short name string.  */
 397:Middlewares/ST/filex/common/src/fx_media_volume_set.c ****         dir_entry1.fx_dir_entry_short_name[0] =  0;
 398:Middlewares/ST/filex/common/src/fx_media_volume_set.c **** 
 399:Middlewares/ST/filex/common/src/fx_media_volume_set.c ****         /* Now we need to find the copy of the volume name in the root directory.  */
 400:Middlewares/ST/filex/common/src/fx_media_volume_set.c ****         i =  0;
 401:Middlewares/ST/filex/common/src/fx_media_volume_set.c ****         j =  media_ptr -> fx_media_root_directory_entries + 1;
 402:Middlewares/ST/filex/common/src/fx_media_volume_set.c ****         do
 403:Middlewares/ST/filex/common/src/fx_media_volume_set.c ****         {
 404:Middlewares/ST/filex/common/src/fx_media_volume_set.c **** 
 405:Middlewares/ST/filex/common/src/fx_media_volume_set.c ****             /* Read an entry from the root directory.  */
 406:Middlewares/ST/filex/common/src/fx_media_volume_set.c ****             status =  _fx_directory_entry_read(media_ptr, FX_NULL, &i, &dir_entry1);
 407:Middlewares/ST/filex/common/src/fx_media_volume_set.c **** 
 408:Middlewares/ST/filex/common/src/fx_media_volume_set.c ****             /* Check for error status.  */
 409:Middlewares/ST/filex/common/src/fx_media_volume_set.c ****             if (status != FX_SUCCESS)
 410:Middlewares/ST/filex/common/src/fx_media_volume_set.c ****             {
 411:Middlewares/ST/filex/common/src/fx_media_volume_set.c **** 
 412:Middlewares/ST/filex/common/src/fx_media_volume_set.c ****                 /* Release media protection.  */
 413:Middlewares/ST/filex/common/src/fx_media_volume_set.c ****                 FX_UNPROTECT
 414:Middlewares/ST/filex/common/src/fx_media_volume_set.c **** 
 415:Middlewares/ST/filex/common/src/fx_media_volume_set.c ****                 /* Return to caller.  */
 416:Middlewares/ST/filex/common/src/fx_media_volume_set.c ****                 return(status);
 417:Middlewares/ST/filex/common/src/fx_media_volume_set.c ****             }
 418:Middlewares/ST/filex/common/src/fx_media_volume_set.c **** 
 419:Middlewares/ST/filex/common/src/fx_media_volume_set.c ****             /* Determine if this is an empty entry.  */
 420:Middlewares/ST/filex/common/src/fx_media_volume_set.c ****             if ((dir_entry1.fx_dir_entry_name[0] == (CHAR)FX_DIR_ENTRY_FREE) && (dir_entry1.fx_dir_
 421:Middlewares/ST/filex/common/src/fx_media_volume_set.c ****             {
 422:Middlewares/ST/filex/common/src/fx_media_volume_set.c **** 
 423:Middlewares/ST/filex/common/src/fx_media_volume_set.c ****                 /* Yes, this is free entry.  Is it the first?  */
 424:Middlewares/ST/filex/common/src/fx_media_volume_set.c ****                 if (i < j)
 425:Middlewares/ST/filex/common/src/fx_media_volume_set.c ****                 {
 426:Middlewares/ST/filex/common/src/fx_media_volume_set.c **** 
 427:Middlewares/ST/filex/common/src/fx_media_volume_set.c ****                     /* Yes, first free entry - remember it.  */
 428:Middlewares/ST/filex/common/src/fx_media_volume_set.c ****                     dir_entry =  dir_entry1;
 429:Middlewares/ST/filex/common/src/fx_media_volume_set.c ****                     j =  i;
 430:Middlewares/ST/filex/common/src/fx_media_volume_set.c ****                 }
 431:Middlewares/ST/filex/common/src/fx_media_volume_set.c ****             }
 432:Middlewares/ST/filex/common/src/fx_media_volume_set.c ****             /* Determine if the directory entries are exhausted.  */
 433:Middlewares/ST/filex/common/src/fx_media_volume_set.c ****             else if (dir_entry1.fx_dir_entry_name[0] == FX_DIR_ENTRY_DONE)
 434:Middlewares/ST/filex/common/src/fx_media_volume_set.c ****             {
 435:Middlewares/ST/filex/common/src/fx_media_volume_set.c **** 
 436:Middlewares/ST/filex/common/src/fx_media_volume_set.c ****                 /* Yes, this we are at the end of the directory.  Have there
 437:Middlewares/ST/filex/common/src/fx_media_volume_set.c ****                 been any other free entries?  */
 438:Middlewares/ST/filex/common/src/fx_media_volume_set.c ****                 if (i < j)
 439:Middlewares/ST/filex/common/src/fx_media_volume_set.c ****                 {
 440:Middlewares/ST/filex/common/src/fx_media_volume_set.c **** 
 441:Middlewares/ST/filex/common/src/fx_media_volume_set.c ****                     /* No, we need to remember this as the free entry.  */
 442:Middlewares/ST/filex/common/src/fx_media_volume_set.c ****                     dir_entry =  dir_entry1;
 443:Middlewares/ST/filex/common/src/fx_media_volume_set.c ****                     j =  i;
 444:Middlewares/ST/filex/common/src/fx_media_volume_set.c ****                 }
 445:Middlewares/ST/filex/common/src/fx_media_volume_set.c ****                 break;
 446:Middlewares/ST/filex/common/src/fx_media_volume_set.c ****             }
 447:Middlewares/ST/filex/common/src/fx_media_volume_set.c ****             /* Check for a volume name.  */
 448:Middlewares/ST/filex/common/src/fx_media_volume_set.c ****             else if (dir_entry1.fx_dir_entry_attributes & FX_VOLUME)
 449:Middlewares/ST/filex/common/src/fx_media_volume_set.c ****             {
 450:Middlewares/ST/filex/common/src/fx_media_volume_set.c **** 
 451:Middlewares/ST/filex/common/src/fx_media_volume_set.c ****                 /* Yes, we have found a previously set volume name - use this entry.  */
 452:Middlewares/ST/filex/common/src/fx_media_volume_set.c ****                 dir_entry =  dir_entry1;
ARM GAS  /tmp/cc2yhXCT.s 			page 10


 453:Middlewares/ST/filex/common/src/fx_media_volume_set.c ****                 j =  i;
 454:Middlewares/ST/filex/common/src/fx_media_volume_set.c ****                 break;
 455:Middlewares/ST/filex/common/src/fx_media_volume_set.c ****             }
 456:Middlewares/ST/filex/common/src/fx_media_volume_set.c **** 
 457:Middlewares/ST/filex/common/src/fx_media_volume_set.c ****             /* Move to next directory entry.  */
 458:Middlewares/ST/filex/common/src/fx_media_volume_set.c ****             i++;
 459:Middlewares/ST/filex/common/src/fx_media_volume_set.c ****         } while (i < media_ptr -> fx_media_root_directory_entries);
 460:Middlewares/ST/filex/common/src/fx_media_volume_set.c **** 
 461:Middlewares/ST/filex/common/src/fx_media_volume_set.c ****         /* Determine if a volume entry was not found and there are no more empty slots.  */
 462:Middlewares/ST/filex/common/src/fx_media_volume_set.c ****         if (i == media_ptr -> fx_media_root_directory_entries)
 463:Middlewares/ST/filex/common/src/fx_media_volume_set.c ****         {
 464:Middlewares/ST/filex/common/src/fx_media_volume_set.c **** 
 465:Middlewares/ST/filex/common/src/fx_media_volume_set.c ****             /* Determine if there was a free or previous volume name.  */
 466:Middlewares/ST/filex/common/src/fx_media_volume_set.c ****             if (j == (media_ptr -> fx_media_root_directory_entries + 1))
 467:Middlewares/ST/filex/common/src/fx_media_volume_set.c ****             {
 468:Middlewares/ST/filex/common/src/fx_media_volume_set.c ****         
 469:Middlewares/ST/filex/common/src/fx_media_volume_set.c ****                 /* No, nothing was available in the root directory.  */
 470:Middlewares/ST/filex/common/src/fx_media_volume_set.c **** 
 471:Middlewares/ST/filex/common/src/fx_media_volume_set.c ****                 /* Release media protection.  */
 472:Middlewares/ST/filex/common/src/fx_media_volume_set.c ****                 FX_UNPROTECT
 473:Middlewares/ST/filex/common/src/fx_media_volume_set.c **** 
 474:Middlewares/ST/filex/common/src/fx_media_volume_set.c ****                 /* No, existing volume name or space in the root directly was found, return an erro
 475:Middlewares/ST/filex/common/src/fx_media_volume_set.c ****                 return(FX_MEDIA_INVALID);
 476:Middlewares/ST/filex/common/src/fx_media_volume_set.c ****             }
 477:Middlewares/ST/filex/common/src/fx_media_volume_set.c ****         }
 478:Middlewares/ST/filex/common/src/fx_media_volume_set.c **** 
 479:Middlewares/ST/filex/common/src/fx_media_volume_set.c ****         /* Now set the volume name and attribute.  */
 480:Middlewares/ST/filex/common/src/fx_media_volume_set.c **** 
 481:Middlewares/ST/filex/common/src/fx_media_volume_set.c ****         /* Read the logical directory sector.  */
 482:Middlewares/ST/filex/common/src/fx_media_volume_set.c ****         status =  _fx_utility_logical_sector_read(media_ptr, (ULONG64) dir_entry.fx_dir_entry_log_s
 483:Middlewares/ST/filex/common/src/fx_media_volume_set.c ****                                                   media_ptr -> fx_media_memory_buffer, ((ULONG) 1),
 484:Middlewares/ST/filex/common/src/fx_media_volume_set.c **** 
 485:Middlewares/ST/filex/common/src/fx_media_volume_set.c ****         /* Check the status of reading the directory entry. */
 486:Middlewares/ST/filex/common/src/fx_media_volume_set.c ****         if (status != FX_SUCCESS)
 487:Middlewares/ST/filex/common/src/fx_media_volume_set.c ****         {
 488:Middlewares/ST/filex/common/src/fx_media_volume_set.c **** 
 489:Middlewares/ST/filex/common/src/fx_media_volume_set.c ****             /* Release media protection.  */
 490:Middlewares/ST/filex/common/src/fx_media_volume_set.c ****             FX_UNPROTECT
 491:Middlewares/ST/filex/common/src/fx_media_volume_set.c **** 
 492:Middlewares/ST/filex/common/src/fx_media_volume_set.c ****             /* Return the error status.  */
 493:Middlewares/ST/filex/common/src/fx_media_volume_set.c ****             return(status);
 494:Middlewares/ST/filex/common/src/fx_media_volume_set.c ****         }
 495:Middlewares/ST/filex/common/src/fx_media_volume_set.c **** 
 496:Middlewares/ST/filex/common/src/fx_media_volume_set.c ****         /* Calculate pointer into directory buffer.  */
 497:Middlewares/ST/filex/common/src/fx_media_volume_set.c ****         work_ptr =  media_ptr -> fx_media_memory_buffer +
 498:Middlewares/ST/filex/common/src/fx_media_volume_set.c ****             (UINT)dir_entry.fx_dir_entry_byte_offset;
 499:Middlewares/ST/filex/common/src/fx_media_volume_set.c **** 
 500:Middlewares/ST/filex/common/src/fx_media_volume_set.c ****         /* Copy the volume name into the directory entry.  */
 501:Middlewares/ST/filex/common/src/fx_media_volume_set.c ****         for (i = 0; volume_name[i]; i++)
 502:Middlewares/ST/filex/common/src/fx_media_volume_set.c ****         {
 503:Middlewares/ST/filex/common/src/fx_media_volume_set.c **** 
 504:Middlewares/ST/filex/common/src/fx_media_volume_set.c ****             /* Have we reached the end?  */
 505:Middlewares/ST/filex/common/src/fx_media_volume_set.c ****             if (i == 11)
 506:Middlewares/ST/filex/common/src/fx_media_volume_set.c ****             {
 507:Middlewares/ST/filex/common/src/fx_media_volume_set.c **** 
 508:Middlewares/ST/filex/common/src/fx_media_volume_set.c ****                 break;
 509:Middlewares/ST/filex/common/src/fx_media_volume_set.c ****             }
ARM GAS  /tmp/cc2yhXCT.s 			page 11


 510:Middlewares/ST/filex/common/src/fx_media_volume_set.c **** 
 511:Middlewares/ST/filex/common/src/fx_media_volume_set.c ****             /* Pickup volume name byte.  */
 512:Middlewares/ST/filex/common/src/fx_media_volume_set.c ****             alpha =  volume_name[i];
 513:Middlewares/ST/filex/common/src/fx_media_volume_set.c **** 
 514:Middlewares/ST/filex/common/src/fx_media_volume_set.c ****             /* Determine if alpha needs to be converted to upper case.  */
 515:Middlewares/ST/filex/common/src/fx_media_volume_set.c ****             if ((alpha >= 'a') && (alpha <= 'z'))
 516:Middlewares/ST/filex/common/src/fx_media_volume_set.c ****             {
 517:Middlewares/ST/filex/common/src/fx_media_volume_set.c **** 
 518:Middlewares/ST/filex/common/src/fx_media_volume_set.c ****                 /* Convert alpha to upper case.  */
 519:Middlewares/ST/filex/common/src/fx_media_volume_set.c ****                 alpha =  (CHAR)((INT)alpha - 0x20);
 520:Middlewares/ST/filex/common/src/fx_media_volume_set.c ****             }
 521:Middlewares/ST/filex/common/src/fx_media_volume_set.c **** 
 522:Middlewares/ST/filex/common/src/fx_media_volume_set.c ****             /* Store volume name.  */
 523:Middlewares/ST/filex/common/src/fx_media_volume_set.c ****             work_ptr[i] =  (UCHAR)alpha;
 524:Middlewares/ST/filex/common/src/fx_media_volume_set.c ****         }
 525:Middlewares/ST/filex/common/src/fx_media_volume_set.c **** 
 526:Middlewares/ST/filex/common/src/fx_media_volume_set.c ****         /* Pad with space characters.  */
 527:Middlewares/ST/filex/common/src/fx_media_volume_set.c ****         for (; i < 11; i++)
 528:Middlewares/ST/filex/common/src/fx_media_volume_set.c ****         {
 529:Middlewares/ST/filex/common/src/fx_media_volume_set.c ****             work_ptr[i] =  0x20;
 530:Middlewares/ST/filex/common/src/fx_media_volume_set.c ****         }
 531:Middlewares/ST/filex/common/src/fx_media_volume_set.c **** 
 532:Middlewares/ST/filex/common/src/fx_media_volume_set.c ****         /* Set the appropriate attributes.  */
 533:Middlewares/ST/filex/common/src/fx_media_volume_set.c ****         work_ptr[11] =  FX_VOLUME | FX_ARCHIVE;
 534:Middlewares/ST/filex/common/src/fx_media_volume_set.c **** 
 535:Middlewares/ST/filex/common/src/fx_media_volume_set.c ****         /* Set the other parts of the volume entry.  */
 536:Middlewares/ST/filex/common/src/fx_media_volume_set.c **** 
 537:Middlewares/ST/filex/common/src/fx_media_volume_set.c ****         /* Clear the hi word of cluster.  */
 538:Middlewares/ST/filex/common/src/fx_media_volume_set.c ****         work_ptr[20] =  0;
 539:Middlewares/ST/filex/common/src/fx_media_volume_set.c ****         work_ptr[21] =  0;
 540:Middlewares/ST/filex/common/src/fx_media_volume_set.c **** 
 541:Middlewares/ST/filex/common/src/fx_media_volume_set.c ****         /* Clear the low word of cluster.  */
 542:Middlewares/ST/filex/common/src/fx_media_volume_set.c ****         work_ptr[26] =  0;
 543:Middlewares/ST/filex/common/src/fx_media_volume_set.c ****         work_ptr[27] =  0;
 544:Middlewares/ST/filex/common/src/fx_media_volume_set.c **** 
 545:Middlewares/ST/filex/common/src/fx_media_volume_set.c ****         /* Clear the file size.  */
 546:Middlewares/ST/filex/common/src/fx_media_volume_set.c ****         work_ptr[28] =  0;
 547:Middlewares/ST/filex/common/src/fx_media_volume_set.c ****         work_ptr[29] =  0;
 548:Middlewares/ST/filex/common/src/fx_media_volume_set.c ****         work_ptr[30] =  0;
 549:Middlewares/ST/filex/common/src/fx_media_volume_set.c ****         work_ptr[31] =  0;
 550:Middlewares/ST/filex/common/src/fx_media_volume_set.c **** 
 551:Middlewares/ST/filex/common/src/fx_media_volume_set.c ****         /* Write the directory sector to the media.  */
 552:Middlewares/ST/filex/common/src/fx_media_volume_set.c ****         status =  _fx_utility_logical_sector_write(media_ptr, (ULONG64) dir_entry.fx_dir_entry_log_
 553:Middlewares/ST/filex/common/src/fx_media_volume_set.c ****                                                    media_ptr -> fx_media_memory_buffer, ((ULONG) 1)
 554:Middlewares/ST/filex/common/src/fx_media_volume_set.c **** #ifdef FX_ENABLE_EXFAT
 555:Middlewares/ST/filex/common/src/fx_media_volume_set.c ****     }
 556:Middlewares/ST/filex/common/src/fx_media_volume_set.c **** #endif /* FX_ENABLE_EXFAT */
 557:Middlewares/ST/filex/common/src/fx_media_volume_set.c **** 
 558:Middlewares/ST/filex/common/src/fx_media_volume_set.c ****     /* Release media protection.  */
 559:Middlewares/ST/filex/common/src/fx_media_volume_set.c ****     FX_UNPROTECT
 560:Middlewares/ST/filex/common/src/fx_media_volume_set.c **** 
 561:Middlewares/ST/filex/common/src/fx_media_volume_set.c ****     /* Return the status.  */
 562:Middlewares/ST/filex/common/src/fx_media_volume_set.c ****     return(status);
 563:Middlewares/ST/filex/common/src/fx_media_volume_set.c **** }
  63              		.loc 1 563 1 view .LVU11
  64 0010 3046     		mov	r0, r6
  65 0012 3FB0     		add	sp, sp, #252
ARM GAS  /tmp/cc2yhXCT.s 			page 12


  66              	.LCFI2:
  67              		.cfi_remember_state
  68              		.cfi_def_cfa_offset 28
  69              		@ sp needed
  70 0014 BDE8F083 		pop	{r4, r5, r6, r7, r8, r9, pc}
  71              	.LVL2:
  72              	.L33:
  73              	.LCFI3:
  74              		.cfi_restore_state
  75              		.loc 1 563 1 view .LVU12
  76 0018 0446     		mov	r4, r0
  77 001a 0D46     		mov	r5, r1
 103:Middlewares/ST/filex/common/src/fx_media_volume_set.c ****     dir_entry.fx_dir_entry_byte_offset = 0;
  78              		.loc 1 103 5 is_stmt 1 view .LVU13
 103:Middlewares/ST/filex/common/src/fx_media_volume_set.c ****     dir_entry.fx_dir_entry_byte_offset = 0;
  79              		.loc 1 103 39 is_stmt 0 view .LVU14
  80 001c 0022     		movs	r2, #0
  81 001e 0023     		movs	r3, #0
  82 0020 CDE93023 		strd	r2, [sp, #192]
 104:Middlewares/ST/filex/common/src/fx_media_volume_set.c **** 
  83              		.loc 1 104 5 is_stmt 1 view .LVU15
 104:Middlewares/ST/filex/common/src/fx_media_volume_set.c **** 
  84              		.loc 1 104 40 is_stmt 0 view .LVU16
  85 0024 0023     		movs	r3, #0
  86 0026 3293     		str	r3, [sp, #200]
 107:Middlewares/ST/filex/common/src/fx_media_volume_set.c **** 
  87              		.loc 1 107 5 is_stmt 1 view .LVU17
  88 0028 0393     		str	r3, [sp, #12]
  89 002a 0293     		str	r3, [sp, #8]
  90 002c 4FF48052 		mov	r2, #4096
  91 0030 0192     		str	r2, [sp, #4]
  92 0032 0093     		str	r3, [sp]
  93 0034 0A46     		mov	r2, r1
  94 0036 0146     		mov	r1, r0
  95              	.LVL3:
 107:Middlewares/ST/filex/common/src/fx_media_volume_set.c **** 
  96              		.loc 1 107 5 is_stmt 0 view .LVU18
  97 0038 40F20910 		movw	r0, #265
  98              	.LVL4:
 107:Middlewares/ST/filex/common/src/fx_media_volume_set.c **** 
  99              		.loc 1 107 5 view .LVU19
 100 003c FFF7FEFF 		bl	_fx_trace_event_insert
 101              	.LVL5:
 110:Middlewares/ST/filex/common/src/fx_media_volume_set.c **** 
 102              		.loc 1 110 5 is_stmt 1 view .LVU20
 103 0040 2268     		ldr	r2, [r4]
 104 0042 904B     		ldr	r3, .L44
 105 0044 9A42     		cmp	r2, r3
 106 0046 01D0     		beq	.L34
 110:Middlewares/ST/filex/common/src/fx_media_volume_set.c **** 
 107              		.loc 1 110 5 is_stmt 0 discriminator 1 view .LVU21
 108 0048 1126     		movs	r6, #17
 109 004a E1E7     		b	.L1
 110              	.L34:
 110:Middlewares/ST/filex/common/src/fx_media_volume_set.c **** 
 111              		.loc 1 110 5 is_stmt 1 discriminator 2 view .LVU22
 112 004c 04F5E477 		add	r7, r4, #456
ARM GAS  /tmp/cc2yhXCT.s 			page 13


 113 0050 4FF0FF31 		mov	r1, #-1
 114 0054 3846     		mov	r0, r7
 115 0056 FFF7FEFF 		bl	_tx_mutex_get
 116              	.LVL6:
 110:Middlewares/ST/filex/common/src/fx_media_volume_set.c **** 
 117              		.loc 1 110 5 is_stmt 0 discriminator 1 view .LVU23
 118 005a 0028     		cmp	r0, #0
 119 005c 40F03781 		bne	.L29
 257:Middlewares/ST/filex/common/src/fx_media_volume_set.c ****         {
 120              		.loc 1 257 9 is_stmt 1 view .LVU24
 257:Middlewares/ST/filex/common/src/fx_media_volume_set.c ****         {
 121              		.loc 1 257 24 is_stmt 0 view .LVU25
 122 0060 2B78     		ldrb	r3, [r5]	@ zero_extendqisi2
 257:Middlewares/ST/filex/common/src/fx_media_volume_set.c ****         {
 123              		.loc 1 257 12 view .LVU26
 124 0062 002B     		cmp	r3, #0
 125 0064 00F03581 		beq	.L30
 265:Middlewares/ST/filex/common/src/fx_media_volume_set.c ****                                                   media_ptr -> fx_media_memory_buffer, ((ULONG) 1),
 126              		.loc 1 265 9 is_stmt 1 view .LVU27
 266:Middlewares/ST/filex/common/src/fx_media_volume_set.c **** 
 127              		.loc 1 266 61 is_stmt 0 view .LVU28
 128 0068 A368     		ldr	r3, [r4, #8]
 265:Middlewares/ST/filex/common/src/fx_media_volume_set.c ****                                                   media_ptr -> fx_media_memory_buffer, ((ULONG) 1),
 129              		.loc 1 265 19 view .LVU29
 130 006a 0422     		movs	r2, #4
 131 006c 0292     		str	r2, [sp, #8]
 132 006e 0122     		movs	r2, #1
 133 0070 0192     		str	r2, [sp, #4]
 134 0072 0093     		str	r3, [sp]
 135 0074 0022     		movs	r2, #0
 136 0076 0023     		movs	r3, #0
 137 0078 2046     		mov	r0, r4
 138 007a FFF7FEFF 		bl	_fx_utility_logical_sector_read
 139              	.LVL7:
 269:Middlewares/ST/filex/common/src/fx_media_volume_set.c ****         {
 140              		.loc 1 269 9 is_stmt 1 view .LVU30
 269:Middlewares/ST/filex/common/src/fx_media_volume_set.c ****         {
 141              		.loc 1 269 12 is_stmt 0 view .LVU31
 142 007e 0646     		mov	r6, r0
 143 0080 50BB     		cbnz	r0, .L35
 282:Middlewares/ST/filex/common/src/fx_media_volume_set.c **** #endif
 144              		.loc 1 282 9 is_stmt 1 view .LVU32
 282:Middlewares/ST/filex/common/src/fx_media_volume_set.c **** #endif
 145              		.loc 1 282 19 is_stmt 0 view .LVU33
 146 0082 D4F8B431 		ldr	r3, [r4, #436]
 282:Middlewares/ST/filex/common/src/fx_media_volume_set.c **** #endif
 147              		.loc 1 282 56 view .LVU34
 148 0086 0133     		adds	r3, r3, #1
 149 0088 C4F8B431 		str	r3, [r4, #436]
 286:Middlewares/ST/filex/common/src/fx_media_volume_set.c ****         media_ptr -> fx_media_driver_status =       FX_IO_ERROR;
 150              		.loc 1 286 9 is_stmt 1 view .LVU35
 286:Middlewares/ST/filex/common/src/fx_media_volume_set.c ****         media_ptr -> fx_media_driver_status =       FX_IO_ERROR;
 151              		.loc 1 286 46 is_stmt 0 view .LVU36
 152 008c 0523     		movs	r3, #5
 153 008e C4F88830 		str	r3, [r4, #136]
 287:Middlewares/ST/filex/common/src/fx_media_volume_set.c ****         media_ptr -> fx_media_driver_buffer =       media_ptr -> fx_media_memory_buffer;
 154              		.loc 1 287 9 is_stmt 1 view .LVU37
ARM GAS  /tmp/cc2yhXCT.s 			page 14


 287:Middlewares/ST/filex/common/src/fx_media_volume_set.c ****         media_ptr -> fx_media_driver_buffer =       media_ptr -> fx_media_memory_buffer;
 155              		.loc 1 287 45 is_stmt 0 view .LVU38
 156 0092 9023     		movs	r3, #144
 157 0094 C4F88C30 		str	r3, [r4, #140]
 288:Middlewares/ST/filex/common/src/fx_media_volume_set.c ****         media_ptr -> fx_media_driver_sectors =      1;
 158              		.loc 1 288 9 is_stmt 1 view .LVU39
 288:Middlewares/ST/filex/common/src/fx_media_volume_set.c ****         media_ptr -> fx_media_driver_sectors =      1;
 159              		.loc 1 288 63 is_stmt 0 view .LVU40
 160 0098 A268     		ldr	r2, [r4, #8]
 288:Middlewares/ST/filex/common/src/fx_media_volume_set.c ****         media_ptr -> fx_media_driver_sectors =      1;
 161              		.loc 1 288 45 view .LVU41
 162 009a C4F89020 		str	r2, [r4, #144]
 289:Middlewares/ST/filex/common/src/fx_media_volume_set.c ****         media_ptr -> fx_media_driver_sector_type =  FX_BOOT_SECTOR;
 163              		.loc 1 289 9 is_stmt 1 view .LVU42
 289:Middlewares/ST/filex/common/src/fx_media_volume_set.c ****         media_ptr -> fx_media_driver_sector_type =  FX_BOOT_SECTOR;
 164              		.loc 1 289 46 is_stmt 0 view .LVU43
 165 009e 0123     		movs	r3, #1
 166 00a0 C4F89830 		str	r3, [r4, #152]
 290:Middlewares/ST/filex/common/src/fx_media_volume_set.c **** 
 167              		.loc 1 290 9 is_stmt 1 view .LVU44
 290:Middlewares/ST/filex/common/src/fx_media_volume_set.c **** 
 168              		.loc 1 290 50 is_stmt 0 view .LVU45
 169 00a4 C4F8B830 		str	r3, [r4, #184]
 293:Middlewares/ST/filex/common/src/fx_media_volume_set.c **** 
 170              		.loc 1 293 9 is_stmt 1 view .LVU46
 171 00a8 0023     		movs	r3, #0
 172 00aa 0393     		str	r3, [sp, #12]
 173 00ac 0293     		str	r3, [sp, #8]
 174 00ae 4FF40061 		mov	r1, #2048
 175 00b2 0191     		str	r1, [sp, #4]
 176 00b4 0093     		str	r3, [sp]
 177 00b6 2146     		mov	r1, r4
 178 00b8 D320     		movs	r0, #211
 179              	.LVL8:
 293:Middlewares/ST/filex/common/src/fx_media_volume_set.c **** 
 180              		.loc 1 293 9 is_stmt 0 view .LVU47
 181 00ba FFF7FEFF 		bl	_fx_trace_event_insert
 182              	.LVL9:
 296:Middlewares/ST/filex/common/src/fx_media_volume_set.c **** 
 183              		.loc 1 296 9 is_stmt 1 view .LVU48
 296:Middlewares/ST/filex/common/src/fx_media_volume_set.c **** 
 184              		.loc 1 296 20 is_stmt 0 view .LVU49
 185 00be D4F8BC30 		ldr	r3, [r4, #188]
 186 00c2 2046     		mov	r0, r4
 187 00c4 9847     		blx	r3
 188              	.LVL10:
 299:Middlewares/ST/filex/common/src/fx_media_volume_set.c ****         {
 189              		.loc 1 299 9 is_stmt 1 view .LVU50
 299:Middlewares/ST/filex/common/src/fx_media_volume_set.c ****         {
 190              		.loc 1 299 23 is_stmt 0 view .LVU51
 191 00c6 D4F88C30 		ldr	r3, [r4, #140]
 299:Middlewares/ST/filex/common/src/fx_media_volume_set.c ****         {
 192              		.loc 1 299 12 view .LVU52
 193 00ca 4BB9     		cbnz	r3, .L36
 310:Middlewares/ST/filex/common/src/fx_media_volume_set.c ****         {
 194              		.loc 1 310 9 is_stmt 1 view .LVU53
 310:Middlewares/ST/filex/common/src/fx_media_volume_set.c ****         {
ARM GAS  /tmp/cc2yhXCT.s 			page 15


 195              		.loc 1 310 23 is_stmt 0 view .LVU54
 196 00cc 636E     		ldr	r3, [r4, #100]
 310:Middlewares/ST/filex/common/src/fx_media_volume_set.c ****         {
 197              		.loc 1 310 12 view .LVU55
 198 00ce 6BB1     		cbz	r3, .L31
 314:Middlewares/ST/filex/common/src/fx_media_volume_set.c ****         }
 199              		.loc 1 314 20 view .LVU56
 200 00d0 4720     		movs	r0, #71
 201              	.L5:
 202              	.LVL11:
 324:Middlewares/ST/filex/common/src/fx_media_volume_set.c ****         {
 203              		.loc 1 324 9 is_stmt 1 view .LVU57
 324:Middlewares/ST/filex/common/src/fx_media_volume_set.c ****         {
 204              		.loc 1 324 16 is_stmt 0 view .LVU58
 205 00d2 0023     		movs	r3, #0
 206 00d4 3D93     		str	r3, [sp, #244]
 324:Middlewares/ST/filex/common/src/fx_media_volume_set.c ****         {
 207              		.loc 1 324 9 view .LVU59
 208 00d6 11E0     		b	.L6
 209              	.LVL12:
 210              	.L35:
 273:Middlewares/ST/filex/common/src/fx_media_volume_set.c **** 
 211              		.loc 1 273 13 is_stmt 1 view .LVU60
 212 00d8 3846     		mov	r0, r7
 213              	.LVL13:
 273:Middlewares/ST/filex/common/src/fx_media_volume_set.c **** 
 214              		.loc 1 273 13 is_stmt 0 view .LVU61
 215 00da FFF7FEFF 		bl	_tx_mutex_put
 216              	.LVL14:
 276:Middlewares/ST/filex/common/src/fx_media_volume_set.c ****         }
 217              		.loc 1 276 13 is_stmt 1 view .LVU62
 276:Middlewares/ST/filex/common/src/fx_media_volume_set.c ****         }
 218              		.loc 1 276 19 is_stmt 0 view .LVU63
 219 00de 97E7     		b	.L1
 220              	.L36:
 303:Middlewares/ST/filex/common/src/fx_media_volume_set.c **** 
 221              		.loc 1 303 13 is_stmt 1 view .LVU64
 222 00e0 3846     		mov	r0, r7
 223 00e2 FFF7FEFF 		bl	_tx_mutex_put
 224              	.LVL15:
 306:Middlewares/ST/filex/common/src/fx_media_volume_set.c ****         }
 225              		.loc 1 306 13 view .LVU65
 306:Middlewares/ST/filex/common/src/fx_media_volume_set.c ****         }
 226              		.loc 1 306 30 is_stmt 0 view .LVU66
 227 00e6 D4F88C60 		ldr	r6, [r4, #140]
 228              	.LVL16:
 306:Middlewares/ST/filex/common/src/fx_media_volume_set.c ****         }
 229              		.loc 1 306 30 view .LVU67
 230 00ea 91E7     		b	.L1
 231              	.LVL17:
 232              	.L31:
 320:Middlewares/ST/filex/common/src/fx_media_volume_set.c ****         }
 233              		.loc 1 320 20 view .LVU68
 234 00ec 2B20     		movs	r0, #43
 235 00ee F0E7     		b	.L5
 236              	.LVL18:
 237              	.L8:
ARM GAS  /tmp/cc2yhXCT.s 			page 16


 346:Middlewares/ST/filex/common/src/fx_media_volume_set.c ****         }
 238              		.loc 1 346 13 is_stmt 1 view .LVU69
 346:Middlewares/ST/filex/common/src/fx_media_volume_set.c ****         }
 239              		.loc 1 346 23 is_stmt 0 view .LVU70
 240 00f0 A168     		ldr	r1, [r4, #8]
 346:Middlewares/ST/filex/common/src/fx_media_volume_set.c ****         }
 241              		.loc 1 346 56 view .LVU71
 242 00f2 0344     		add	r3, r3, r0
 346:Middlewares/ST/filex/common/src/fx_media_volume_set.c ****         }
 243              		.loc 1 346 61 view .LVU72
 244 00f4 CA54     		strb	r2, [r1, r3]
 324:Middlewares/ST/filex/common/src/fx_media_volume_set.c ****         {
 245              		.loc 1 324 38 is_stmt 1 discriminator 2 view .LVU73
 246 00f6 3D9B     		ldr	r3, [sp, #244]
 247 00f8 0133     		adds	r3, r3, #1
 248 00fa 3D93     		str	r3, [sp, #244]
 249              	.LVL19:
 250              	.L6:
 324:Middlewares/ST/filex/common/src/fx_media_volume_set.c ****         {
 251              		.loc 1 324 21 discriminator 1 view .LVU74
 324:Middlewares/ST/filex/common/src/fx_media_volume_set.c ****         {
 252              		.loc 1 324 32 is_stmt 0 discriminator 1 view .LVU75
 253 00fc 3D9B     		ldr	r3, [sp, #244]
 254 00fe EA5C     		ldrb	r2, [r5, r3]	@ zero_extendqisi2
 324:Middlewares/ST/filex/common/src/fx_media_volume_set.c ****         {
 255              		.loc 1 324 21 discriminator 1 view .LVU76
 256 0100 4AB1     		cbz	r2, .L10
 328:Middlewares/ST/filex/common/src/fx_media_volume_set.c ****             {
 257              		.loc 1 328 13 is_stmt 1 view .LVU77
 328:Middlewares/ST/filex/common/src/fx_media_volume_set.c ****             {
 258              		.loc 1 328 16 is_stmt 0 view .LVU78
 259 0102 0B2B     		cmp	r3, #11
 260 0104 07D0     		beq	.L10
 335:Middlewares/ST/filex/common/src/fx_media_volume_set.c **** 
 261              		.loc 1 335 13 is_stmt 1 view .LVU79
 262              	.LVL20:
 338:Middlewares/ST/filex/common/src/fx_media_volume_set.c ****             {
 263              		.loc 1 338 13 view .LVU80
 338:Middlewares/ST/filex/common/src/fx_media_volume_set.c ****             {
 264              		.loc 1 338 32 is_stmt 0 view .LVU81
 265 0106 A2F16101 		sub	r1, r2, #97
 266 010a C9B2     		uxtb	r1, r1
 338:Middlewares/ST/filex/common/src/fx_media_volume_set.c ****             {
 267              		.loc 1 338 16 view .LVU82
 268 010c 1929     		cmp	r1, #25
 269 010e EFD8     		bhi	.L8
 342:Middlewares/ST/filex/common/src/fx_media_volume_set.c ****             }
 270              		.loc 1 342 17 is_stmt 1 view .LVU83
 342:Middlewares/ST/filex/common/src/fx_media_volume_set.c ****             }
 271              		.loc 1 342 23 is_stmt 0 view .LVU84
 272 0110 203A     		subs	r2, r2, #32
 273              	.LVL21:
 342:Middlewares/ST/filex/common/src/fx_media_volume_set.c ****             }
 274              		.loc 1 342 23 view .LVU85
 275 0112 D2B2     		uxtb	r2, r2
 276              	.LVL22:
 342:Middlewares/ST/filex/common/src/fx_media_volume_set.c ****             }
ARM GAS  /tmp/cc2yhXCT.s 			page 17


 277              		.loc 1 342 23 view .LVU86
 278 0114 ECE7     		b	.L8
 279              	.LVL23:
 280              	.L10:
 350:Middlewares/ST/filex/common/src/fx_media_volume_set.c ****         {
 281              		.loc 1 350 18 is_stmt 1 discriminator 1 view .LVU87
 282 0116 3D9B     		ldr	r3, [sp, #244]
 283 0118 0A2B     		cmp	r3, #10
 284 011a 07D8     		bhi	.L37
 354:Middlewares/ST/filex/common/src/fx_media_volume_set.c ****         }
 285              		.loc 1 354 13 view .LVU88
 354:Middlewares/ST/filex/common/src/fx_media_volume_set.c ****         }
 286              		.loc 1 354 23 is_stmt 0 view .LVU89
 287 011c A268     		ldr	r2, [r4, #8]
 354:Middlewares/ST/filex/common/src/fx_media_volume_set.c ****         }
 288              		.loc 1 354 56 view .LVU90
 289 011e 0344     		add	r3, r3, r0
 354:Middlewares/ST/filex/common/src/fx_media_volume_set.c ****         }
 290              		.loc 1 354 61 view .LVU91
 291 0120 2021     		movs	r1, #32
 292 0122 D154     		strb	r1, [r2, r3]
 350:Middlewares/ST/filex/common/src/fx_media_volume_set.c ****         {
 293              		.loc 1 350 25 is_stmt 1 discriminator 2 view .LVU92
 294 0124 3D9B     		ldr	r3, [sp, #244]
 295 0126 0133     		adds	r3, r3, #1
 296 0128 3D93     		str	r3, [sp, #244]
 297 012a F4E7     		b	.L10
 298              	.L37:
 360:Middlewares/ST/filex/common/src/fx_media_volume_set.c **** #endif
 299              		.loc 1 360 9 view .LVU93
 360:Middlewares/ST/filex/common/src/fx_media_volume_set.c **** #endif
 300              		.loc 1 360 19 is_stmt 0 view .LVU94
 301 012c D4F8B831 		ldr	r3, [r4, #440]
 360:Middlewares/ST/filex/common/src/fx_media_volume_set.c **** #endif
 302              		.loc 1 360 57 view .LVU95
 303 0130 0133     		adds	r3, r3, #1
 304 0132 C4F8B831 		str	r3, [r4, #440]
 364:Middlewares/ST/filex/common/src/fx_media_volume_set.c ****         media_ptr -> fx_media_driver_status =       FX_IO_ERROR;
 305              		.loc 1 364 9 is_stmt 1 view .LVU96
 364:Middlewares/ST/filex/common/src/fx_media_volume_set.c ****         media_ptr -> fx_media_driver_status =       FX_IO_ERROR;
 306              		.loc 1 364 46 is_stmt 0 view .LVU97
 307 0136 0723     		movs	r3, #7
 308 0138 C4F88830 		str	r3, [r4, #136]
 365:Middlewares/ST/filex/common/src/fx_media_volume_set.c ****         media_ptr -> fx_media_driver_buffer =       media_ptr -> fx_media_memory_buffer;
 309              		.loc 1 365 9 is_stmt 1 view .LVU98
 365:Middlewares/ST/filex/common/src/fx_media_volume_set.c ****         media_ptr -> fx_media_driver_buffer =       media_ptr -> fx_media_memory_buffer;
 310              		.loc 1 365 45 is_stmt 0 view .LVU99
 311 013c 9023     		movs	r3, #144
 312 013e C4F88C30 		str	r3, [r4, #140]
 366:Middlewares/ST/filex/common/src/fx_media_volume_set.c ****         media_ptr -> fx_media_driver_sectors =      1;
 313              		.loc 1 366 9 is_stmt 1 view .LVU100
 366:Middlewares/ST/filex/common/src/fx_media_volume_set.c ****         media_ptr -> fx_media_driver_sectors =      1;
 314              		.loc 1 366 63 is_stmt 0 view .LVU101
 315 0142 A268     		ldr	r2, [r4, #8]
 366:Middlewares/ST/filex/common/src/fx_media_volume_set.c ****         media_ptr -> fx_media_driver_sectors =      1;
 316              		.loc 1 366 45 view .LVU102
 317 0144 C4F89020 		str	r2, [r4, #144]
ARM GAS  /tmp/cc2yhXCT.s 			page 18


 367:Middlewares/ST/filex/common/src/fx_media_volume_set.c ****         media_ptr -> fx_media_driver_sector_type =  FX_BOOT_SECTOR;
 318              		.loc 1 367 9 is_stmt 1 view .LVU103
 367:Middlewares/ST/filex/common/src/fx_media_volume_set.c ****         media_ptr -> fx_media_driver_sector_type =  FX_BOOT_SECTOR;
 319              		.loc 1 367 46 is_stmt 0 view .LVU104
 320 0148 0123     		movs	r3, #1
 321 014a C4F89830 		str	r3, [r4, #152]
 368:Middlewares/ST/filex/common/src/fx_media_volume_set.c **** 
 322              		.loc 1 368 9 is_stmt 1 view .LVU105
 368:Middlewares/ST/filex/common/src/fx_media_volume_set.c **** 
 323              		.loc 1 368 50 is_stmt 0 view .LVU106
 324 014e C4F8B830 		str	r3, [r4, #184]
 371:Middlewares/ST/filex/common/src/fx_media_volume_set.c **** 
 325              		.loc 1 371 9 is_stmt 1 view .LVU107
 371:Middlewares/ST/filex/common/src/fx_media_volume_set.c **** 
 326              		.loc 1 371 51 is_stmt 0 view .LVU108
 327 0152 C4F8B030 		str	r3, [r4, #176]
 374:Middlewares/ST/filex/common/src/fx_media_volume_set.c **** 
 328              		.loc 1 374 9 is_stmt 1 view .LVU109
 329 0156 0026     		movs	r6, #0
 330              	.LVL24:
 374:Middlewares/ST/filex/common/src/fx_media_volume_set.c **** 
 331              		.loc 1 374 9 is_stmt 0 view .LVU110
 332 0158 0396     		str	r6, [sp, #12]
 333 015a 0296     		str	r6, [sp, #8]
 334 015c 4FF40063 		mov	r3, #2048
 335 0160 0193     		str	r3, [sp, #4]
 336 0162 0096     		str	r6, [sp]
 337 0164 3346     		mov	r3, r6
 338 0166 2146     		mov	r1, r4
 339 0168 D520     		movs	r0, #213
 340              	.LVL25:
 374:Middlewares/ST/filex/common/src/fx_media_volume_set.c **** 
 341              		.loc 1 374 9 view .LVU111
 342 016a FFF7FEFF 		bl	_fx_trace_event_insert
 343              	.LVL26:
 377:Middlewares/ST/filex/common/src/fx_media_volume_set.c **** 
 344              		.loc 1 377 9 is_stmt 1 view .LVU112
 377:Middlewares/ST/filex/common/src/fx_media_volume_set.c **** 
 345              		.loc 1 377 20 is_stmt 0 view .LVU113
 346 016e D4F8BC30 		ldr	r3, [r4, #188]
 347 0172 2046     		mov	r0, r4
 348 0174 9847     		blx	r3
 349              	.LVL27:
 380:Middlewares/ST/filex/common/src/fx_media_volume_set.c **** 
 350              		.loc 1 380 9 is_stmt 1 view .LVU114
 380:Middlewares/ST/filex/common/src/fx_media_volume_set.c **** 
 351              		.loc 1 380 51 is_stmt 0 view .LVU115
 352 0176 C4F8B060 		str	r6, [r4, #176]
 383:Middlewares/ST/filex/common/src/fx_media_volume_set.c ****         {
 353              		.loc 1 383 9 is_stmt 1 view .LVU116
 383:Middlewares/ST/filex/common/src/fx_media_volume_set.c ****         {
 354              		.loc 1 383 23 is_stmt 0 view .LVU117
 355 017a D4F88C30 		ldr	r3, [r4, #140]
 383:Middlewares/ST/filex/common/src/fx_media_volume_set.c ****         {
 356              		.loc 1 383 12 view .LVU118
 357 017e 53B9     		cbnz	r3, .L38
 394:Middlewares/ST/filex/common/src/fx_media_volume_set.c **** 
ARM GAS  /tmp/cc2yhXCT.s 			page 19


 358              		.loc 1 394 9 is_stmt 1 view .LVU119
 394:Middlewares/ST/filex/common/src/fx_media_volume_set.c **** 
 359              		.loc 1 394 41 is_stmt 0 view .LVU120
 360 0180 04F69C03 		addw	r3, r4, #2204
 394:Middlewares/ST/filex/common/src/fx_media_volume_set.c **** 
 361              		.loc 1 394 38 view .LVU121
 362 0184 0493     		str	r3, [sp, #16]
 397:Middlewares/ST/filex/common/src/fx_media_volume_set.c **** 
 363              		.loc 1 397 9 is_stmt 1 view .LVU122
 397:Middlewares/ST/filex/common/src/fx_media_volume_set.c **** 
 364              		.loc 1 397 47 is_stmt 0 view .LVU123
 365 0186 0023     		movs	r3, #0
 366 0188 8DF81430 		strb	r3, [sp, #20]
 400:Middlewares/ST/filex/common/src/fx_media_volume_set.c ****         j =  media_ptr -> fx_media_root_directory_entries + 1;
 367              		.loc 1 400 9 is_stmt 1 view .LVU124
 400:Middlewares/ST/filex/common/src/fx_media_volume_set.c ****         j =  media_ptr -> fx_media_root_directory_entries + 1;
 368              		.loc 1 400 11 is_stmt 0 view .LVU125
 369 018c 3D93     		str	r3, [sp, #244]
 401:Middlewares/ST/filex/common/src/fx_media_volume_set.c ****         do
 370              		.loc 1 401 9 is_stmt 1 view .LVU126
 401:Middlewares/ST/filex/common/src/fx_media_volume_set.c ****         do
 371              		.loc 1 401 24 is_stmt 0 view .LVU127
 372 018e A36F     		ldr	r3, [r4, #120]
 401:Middlewares/ST/filex/common/src/fx_media_volume_set.c ****         do
 373              		.loc 1 401 11 view .LVU128
 374 0190 03F10108 		add	r8, r3, #1
 375              	.LVL28:
 401:Middlewares/ST/filex/common/src/fx_media_volume_set.c ****         do
 376              		.loc 1 401 11 view .LVU129
 377 0194 15E0     		b	.L18
 378              	.LVL29:
 379              	.L38:
 387:Middlewares/ST/filex/common/src/fx_media_volume_set.c **** 
 380              		.loc 1 387 13 is_stmt 1 view .LVU130
 381 0196 3846     		mov	r0, r7
 382 0198 FFF7FEFF 		bl	_tx_mutex_put
 383              	.LVL30:
 390:Middlewares/ST/filex/common/src/fx_media_volume_set.c ****         }
 384              		.loc 1 390 13 view .LVU131
 390:Middlewares/ST/filex/common/src/fx_media_volume_set.c ****         }
 385              		.loc 1 390 30 is_stmt 0 view .LVU132
 386 019c D4F88C60 		ldr	r6, [r4, #140]
 387 01a0 36E7     		b	.L1
 388              	.LVL31:
 389              	.L41:
 413:Middlewares/ST/filex/common/src/fx_media_volume_set.c **** 
 390              		.loc 1 413 17 is_stmt 1 view .LVU133
 391 01a2 3846     		mov	r0, r7
 392              	.LVL32:
 413:Middlewares/ST/filex/common/src/fx_media_volume_set.c **** 
 393              		.loc 1 413 17 is_stmt 0 view .LVU134
 394 01a4 FFF7FEFF 		bl	_tx_mutex_put
 395              	.LVL33:
 416:Middlewares/ST/filex/common/src/fx_media_volume_set.c ****             }
 396              		.loc 1 416 17 is_stmt 1 view .LVU135
 416:Middlewares/ST/filex/common/src/fx_media_volume_set.c ****             }
 397              		.loc 1 416 23 is_stmt 0 view .LVU136
ARM GAS  /tmp/cc2yhXCT.s 			page 20


 398 01a8 32E7     		b	.L1
 399              	.LVL34:
 400              	.L14:
 433:Middlewares/ST/filex/common/src/fx_media_volume_set.c ****             {
 401              		.loc 1 433 18 is_stmt 1 view .LVU137
 433:Middlewares/ST/filex/common/src/fx_media_volume_set.c ****             {
 402              		.loc 1 433 21 is_stmt 0 view .LVU138
 403 01aa 2BB3     		cbz	r3, .L39
 448:Middlewares/ST/filex/common/src/fx_media_volume_set.c ****             {
 404              		.loc 1 448 18 is_stmt 1 view .LVU139
 448:Middlewares/ST/filex/common/src/fx_media_volume_set.c ****             {
 405              		.loc 1 448 32 is_stmt 0 view .LVU140
 406 01ac 9DF82C30 		ldrb	r3, [sp, #44]	@ zero_extendqisi2
 448:Middlewares/ST/filex/common/src/fx_media_volume_set.c ****             {
 407              		.loc 1 448 21 view .LVU141
 408 01b0 13F0080F 		tst	r3, #8
 409 01b4 2AD1     		bne	.L40
 410              	.LVL35:
 411              	.L15:
 458:Middlewares/ST/filex/common/src/fx_media_volume_set.c ****         } while (i < media_ptr -> fx_media_root_directory_entries);
 412              		.loc 1 458 13 is_stmt 1 view .LVU142
 458:Middlewares/ST/filex/common/src/fx_media_volume_set.c ****         } while (i < media_ptr -> fx_media_root_directory_entries);
 413              		.loc 1 458 14 is_stmt 0 view .LVU143
 414 01b6 3D9B     		ldr	r3, [sp, #244]
 415 01b8 0133     		adds	r3, r3, #1
 416 01ba 3D93     		str	r3, [sp, #244]
 459:Middlewares/ST/filex/common/src/fx_media_volume_set.c **** 
 417              		.loc 1 459 20 is_stmt 1 view .LVU144
 459:Middlewares/ST/filex/common/src/fx_media_volume_set.c **** 
 418              		.loc 1 459 32 is_stmt 0 view .LVU145
 419 01bc A26F     		ldr	r2, [r4, #120]
 459:Middlewares/ST/filex/common/src/fx_media_volume_set.c **** 
 420              		.loc 1 459 20 view .LVU146
 421 01be 9342     		cmp	r3, r2
 422 01c0 2BD2     		bcs	.L17
 423              	.LVL36:
 424              	.L18:
 402:Middlewares/ST/filex/common/src/fx_media_volume_set.c ****         {
 425              		.loc 1 402 9 is_stmt 1 view .LVU147
 406:Middlewares/ST/filex/common/src/fx_media_volume_set.c **** 
 426              		.loc 1 406 13 view .LVU148
 406:Middlewares/ST/filex/common/src/fx_media_volume_set.c **** 
 427              		.loc 1 406 23 is_stmt 0 view .LVU149
 428 01c2 04AB     		add	r3, sp, #16
 429 01c4 3DAA     		add	r2, sp, #244
 430 01c6 0021     		movs	r1, #0
 431 01c8 2046     		mov	r0, r4
 432 01ca FFF7FEFF 		bl	_fx_directory_entry_read
 433              	.LVL37:
 409:Middlewares/ST/filex/common/src/fx_media_volume_set.c ****             {
 434              		.loc 1 409 13 is_stmt 1 view .LVU150
 409:Middlewares/ST/filex/common/src/fx_media_volume_set.c ****             {
 435              		.loc 1 409 16 is_stmt 0 view .LVU151
 436 01ce 0646     		mov	r6, r0
 437 01d0 0028     		cmp	r0, #0
 438 01d2 E6D1     		bne	.L41
 420:Middlewares/ST/filex/common/src/fx_media_volume_set.c ****             {
ARM GAS  /tmp/cc2yhXCT.s 			page 21


 439              		.loc 1 420 13 is_stmt 1 view .LVU152
 420:Middlewares/ST/filex/common/src/fx_media_volume_set.c ****             {
 440              		.loc 1 420 28 is_stmt 0 view .LVU153
 441 01d4 049B     		ldr	r3, [sp, #16]
 420:Middlewares/ST/filex/common/src/fx_media_volume_set.c ****             {
 442              		.loc 1 420 46 view .LVU154
 443 01d6 1B78     		ldrb	r3, [r3]	@ zero_extendqisi2
 420:Middlewares/ST/filex/common/src/fx_media_volume_set.c ****             {
 444              		.loc 1 420 16 view .LVU155
 445 01d8 E52B     		cmp	r3, #229
 446 01da E6D1     		bne	.L14
 420:Middlewares/ST/filex/common/src/fx_media_volume_set.c ****             {
 447              		.loc 1 420 116 discriminator 1 view .LVU156
 448 01dc 9DF81420 		ldrb	r2, [sp, #20]	@ zero_extendqisi2
 420:Middlewares/ST/filex/common/src/fx_media_volume_set.c ****             {
 449              		.loc 1 420 78 discriminator 1 view .LVU157
 450 01e0 002A     		cmp	r2, #0
 451 01e2 E2D1     		bne	.L14
 424:Middlewares/ST/filex/common/src/fx_media_volume_set.c ****                 {
 452              		.loc 1 424 17 is_stmt 1 view .LVU158
 424:Middlewares/ST/filex/common/src/fx_media_volume_set.c ****                 {
 453              		.loc 1 424 23 is_stmt 0 view .LVU159
 454 01e4 3D9E     		ldr	r6, [sp, #244]
 424:Middlewares/ST/filex/common/src/fx_media_volume_set.c ****                 {
 455              		.loc 1 424 20 view .LVU160
 456 01e6 4645     		cmp	r6, r8
 457 01e8 E5D2     		bcs	.L15
 428:Middlewares/ST/filex/common/src/fx_media_volume_set.c ****                     j =  i;
 458              		.loc 1 428 21 is_stmt 1 view .LVU161
 428:Middlewares/ST/filex/common/src/fx_media_volume_set.c ****                     j =  i;
 459              		.loc 1 428 31 is_stmt 0 view .LVU162
 460 01ea 7022     		movs	r2, #112
 461 01ec 04A9     		add	r1, sp, #16
 462 01ee 20A8     		add	r0, sp, #128
 463              	.LVL38:
 428:Middlewares/ST/filex/common/src/fx_media_volume_set.c ****                     j =  i;
 464              		.loc 1 428 31 view .LVU163
 465 01f0 FFF7FEFF 		bl	memcpy
 466              	.LVL39:
 429:Middlewares/ST/filex/common/src/fx_media_volume_set.c ****                 }
 467              		.loc 1 429 21 is_stmt 1 view .LVU164
 429:Middlewares/ST/filex/common/src/fx_media_volume_set.c ****                 }
 468              		.loc 1 429 23 is_stmt 0 view .LVU165
 469 01f4 B046     		mov	r8, r6
 470 01f6 DEE7     		b	.L15
 471              	.LVL40:
 472              	.L39:
 438:Middlewares/ST/filex/common/src/fx_media_volume_set.c ****                 {
 473              		.loc 1 438 17 is_stmt 1 view .LVU166
 438:Middlewares/ST/filex/common/src/fx_media_volume_set.c ****                 {
 474              		.loc 1 438 23 is_stmt 0 view .LVU167
 475 01f8 3D9E     		ldr	r6, [sp, #244]
 438:Middlewares/ST/filex/common/src/fx_media_volume_set.c ****                 {
 476              		.loc 1 438 20 view .LVU168
 477 01fa 4645     		cmp	r6, r8
 478 01fc 0DD2     		bcs	.L17
 442:Middlewares/ST/filex/common/src/fx_media_volume_set.c ****                     j =  i;
ARM GAS  /tmp/cc2yhXCT.s 			page 22


 479              		.loc 1 442 21 is_stmt 1 view .LVU169
 442:Middlewares/ST/filex/common/src/fx_media_volume_set.c ****                     j =  i;
 480              		.loc 1 442 31 is_stmt 0 view .LVU170
 481 01fe 7022     		movs	r2, #112
 482 0200 04A9     		add	r1, sp, #16
 483 0202 20A8     		add	r0, sp, #128
 484              	.LVL41:
 442:Middlewares/ST/filex/common/src/fx_media_volume_set.c ****                     j =  i;
 485              		.loc 1 442 31 view .LVU171
 486 0204 FFF7FEFF 		bl	memcpy
 487              	.LVL42:
 443:Middlewares/ST/filex/common/src/fx_media_volume_set.c ****                 }
 488              		.loc 1 443 21 is_stmt 1 view .LVU172
 443:Middlewares/ST/filex/common/src/fx_media_volume_set.c ****                 }
 489              		.loc 1 443 23 is_stmt 0 view .LVU173
 490 0208 B046     		mov	r8, r6
 491 020a 06E0     		b	.L17
 492              	.LVL43:
 493              	.L40:
 452:Middlewares/ST/filex/common/src/fx_media_volume_set.c ****                 j =  i;
 494              		.loc 1 452 17 is_stmt 1 view .LVU174
 452:Middlewares/ST/filex/common/src/fx_media_volume_set.c ****                 j =  i;
 495              		.loc 1 452 27 is_stmt 0 view .LVU175
 496 020c 7022     		movs	r2, #112
 497 020e 04A9     		add	r1, sp, #16
 498 0210 20A8     		add	r0, sp, #128
 499              	.LVL44:
 452:Middlewares/ST/filex/common/src/fx_media_volume_set.c ****                 j =  i;
 500              		.loc 1 452 27 view .LVU176
 501 0212 FFF7FEFF 		bl	memcpy
 502              	.LVL45:
 453:Middlewares/ST/filex/common/src/fx_media_volume_set.c ****                 break;
 503              		.loc 1 453 17 is_stmt 1 view .LVU177
 453:Middlewares/ST/filex/common/src/fx_media_volume_set.c ****                 break;
 504              		.loc 1 453 19 is_stmt 0 view .LVU178
 505 0216 DDF8F480 		ldr	r8, [sp, #244]
 506              	.LVL46:
 454:Middlewares/ST/filex/common/src/fx_media_volume_set.c ****             }
 507              		.loc 1 454 17 is_stmt 1 view .LVU179
 508              	.L17:
 462:Middlewares/ST/filex/common/src/fx_media_volume_set.c ****         {
 509              		.loc 1 462 9 view .LVU180
 462:Middlewares/ST/filex/common/src/fx_media_volume_set.c ****         {
 510              		.loc 1 462 28 is_stmt 0 view .LVU181
 511 021a A36F     		ldr	r3, [r4, #120]
 462:Middlewares/ST/filex/common/src/fx_media_volume_set.c ****         {
 512              		.loc 1 462 15 view .LVU182
 513 021c 3D9A     		ldr	r2, [sp, #244]
 462:Middlewares/ST/filex/common/src/fx_media_volume_set.c ****         {
 514              		.loc 1 462 12 view .LVU183
 515 021e 9342     		cmp	r3, r2
 516 0220 02D1     		bne	.L19
 466:Middlewares/ST/filex/common/src/fx_media_volume_set.c ****             {
 517              		.loc 1 466 13 is_stmt 1 view .LVU184
 466:Middlewares/ST/filex/common/src/fx_media_volume_set.c ****             {
 518              		.loc 1 466 68 is_stmt 0 view .LVU185
 519 0222 0133     		adds	r3, r3, #1
ARM GAS  /tmp/cc2yhXCT.s 			page 23


 466:Middlewares/ST/filex/common/src/fx_media_volume_set.c ****             {
 520              		.loc 1 466 16 view .LVU186
 521 0224 4345     		cmp	r3, r8
 522 0226 13D0     		beq	.L42
 523              	.L19:
 482:Middlewares/ST/filex/common/src/fx_media_volume_set.c ****                                                   media_ptr -> fx_media_memory_buffer, ((ULONG) 1),
 524              		.loc 1 482 9 is_stmt 1 view .LVU187
 482:Middlewares/ST/filex/common/src/fx_media_volume_set.c ****                                                   media_ptr -> fx_media_memory_buffer, ((ULONG) 1),
 525              		.loc 1 482 81 is_stmt 0 view .LVU188
 526 0228 DDE93089 		ldrd	r8, [sp, #192]
 527              	.LVL47:
 483:Middlewares/ST/filex/common/src/fx_media_volume_set.c **** 
 528              		.loc 1 483 61 view .LVU189
 529 022c A268     		ldr	r2, [r4, #8]
 482:Middlewares/ST/filex/common/src/fx_media_volume_set.c ****                                                   media_ptr -> fx_media_memory_buffer, ((ULONG) 1),
 530              		.loc 1 482 19 view .LVU190
 531 022e 0123     		movs	r3, #1
 532 0230 0293     		str	r3, [sp, #8]
 533 0232 0193     		str	r3, [sp, #4]
 534 0234 0092     		str	r2, [sp]
 535 0236 4246     		mov	r2, r8
 536 0238 4B46     		mov	r3, r9
 537 023a 2046     		mov	r0, r4
 538 023c FFF7FEFF 		bl	_fx_utility_logical_sector_read
 539              	.LVL48:
 486:Middlewares/ST/filex/common/src/fx_media_volume_set.c ****         {
 540              		.loc 1 486 9 is_stmt 1 view .LVU191
 486:Middlewares/ST/filex/common/src/fx_media_volume_set.c ****         {
 541              		.loc 1 486 12 is_stmt 0 view .LVU192
 542 0240 0646     		mov	r6, r0
 543 0242 50B9     		cbnz	r0, .L43
 497:Middlewares/ST/filex/common/src/fx_media_volume_set.c ****             (UINT)dir_entry.fx_dir_entry_byte_offset;
 544              		.loc 1 497 9 is_stmt 1 view .LVU193
 497:Middlewares/ST/filex/common/src/fx_media_volume_set.c ****             (UINT)dir_entry.fx_dir_entry_byte_offset;
 545              		.loc 1 497 31 is_stmt 0 view .LVU194
 546 0244 A068     		ldr	r0, [r4, #8]
 547              	.LVL49:
 498:Middlewares/ST/filex/common/src/fx_media_volume_set.c **** 
 548              		.loc 1 498 28 view .LVU195
 549 0246 329B     		ldr	r3, [sp, #200]
 497:Middlewares/ST/filex/common/src/fx_media_volume_set.c ****             (UINT)dir_entry.fx_dir_entry_byte_offset;
 550              		.loc 1 497 18 view .LVU196
 551 0248 1844     		add	r0, r0, r3
 552              	.LVL50:
 501:Middlewares/ST/filex/common/src/fx_media_volume_set.c ****         {
 553              		.loc 1 501 9 is_stmt 1 view .LVU197
 501:Middlewares/ST/filex/common/src/fx_media_volume_set.c ****         {
 554              		.loc 1 501 16 is_stmt 0 view .LVU198
 555 024a 0023     		movs	r3, #0
 556 024c 3D93     		str	r3, [sp, #244]
 501:Middlewares/ST/filex/common/src/fx_media_volume_set.c ****         {
 557              		.loc 1 501 9 view .LVU199
 558 024e 0CE0     		b	.L21
 559              	.LVL51:
 560              	.L42:
 472:Middlewares/ST/filex/common/src/fx_media_volume_set.c **** 
 561              		.loc 1 472 17 is_stmt 1 view .LVU200
ARM GAS  /tmp/cc2yhXCT.s 			page 24


 562 0250 3846     		mov	r0, r7
 563 0252 FFF7FEFF 		bl	_tx_mutex_put
 564              	.LVL52:
 475:Middlewares/ST/filex/common/src/fx_media_volume_set.c ****             }
 565              		.loc 1 475 17 view .LVU201
 475:Middlewares/ST/filex/common/src/fx_media_volume_set.c ****             }
 566              		.loc 1 475 23 is_stmt 0 view .LVU202
 567 0256 0226     		movs	r6, #2
 568 0258 DAE6     		b	.L1
 569              	.LVL53:
 570              	.L43:
 490:Middlewares/ST/filex/common/src/fx_media_volume_set.c **** 
 571              		.loc 1 490 13 is_stmt 1 view .LVU203
 572 025a 3846     		mov	r0, r7
 573              	.LVL54:
 490:Middlewares/ST/filex/common/src/fx_media_volume_set.c **** 
 574              		.loc 1 490 13 is_stmt 0 view .LVU204
 575 025c FFF7FEFF 		bl	_tx_mutex_put
 576              	.LVL55:
 493:Middlewares/ST/filex/common/src/fx_media_volume_set.c ****         }
 577              		.loc 1 493 13 is_stmt 1 view .LVU205
 493:Middlewares/ST/filex/common/src/fx_media_volume_set.c ****         }
 578              		.loc 1 493 19 is_stmt 0 view .LVU206
 579 0260 D6E6     		b	.L1
 580              	.LVL56:
 581              	.L23:
 523:Middlewares/ST/filex/common/src/fx_media_volume_set.c ****         }
 582              		.loc 1 523 13 is_stmt 1 view .LVU207
 523:Middlewares/ST/filex/common/src/fx_media_volume_set.c ****         }
 583              		.loc 1 523 25 is_stmt 0 view .LVU208
 584 0262 8354     		strb	r3, [r0, r2]
 501:Middlewares/ST/filex/common/src/fx_media_volume_set.c ****         {
 585              		.loc 1 501 38 is_stmt 1 discriminator 2 view .LVU209
 586 0264 3D9B     		ldr	r3, [sp, #244]
 587              	.LVL57:
 501:Middlewares/ST/filex/common/src/fx_media_volume_set.c ****         {
 588              		.loc 1 501 38 is_stmt 0 discriminator 2 view .LVU210
 589 0266 0133     		adds	r3, r3, #1
 590 0268 3D93     		str	r3, [sp, #244]
 591              	.LVL58:
 592              	.L21:
 501:Middlewares/ST/filex/common/src/fx_media_volume_set.c ****         {
 593              		.loc 1 501 21 is_stmt 1 discriminator 1 view .LVU211
 501:Middlewares/ST/filex/common/src/fx_media_volume_set.c ****         {
 594              		.loc 1 501 32 is_stmt 0 discriminator 1 view .LVU212
 595 026a 3D9A     		ldr	r2, [sp, #244]
 596 026c AB5C     		ldrb	r3, [r5, r2]	@ zero_extendqisi2
 501:Middlewares/ST/filex/common/src/fx_media_volume_set.c ****         {
 597              		.loc 1 501 21 discriminator 1 view .LVU213
 598 026e 83B1     		cbz	r3, .L25
 505:Middlewares/ST/filex/common/src/fx_media_volume_set.c ****             {
 599              		.loc 1 505 13 is_stmt 1 view .LVU214
 505:Middlewares/ST/filex/common/src/fx_media_volume_set.c ****             {
 600              		.loc 1 505 16 is_stmt 0 view .LVU215
 601 0270 0B2A     		cmp	r2, #11
 602 0272 0ED0     		beq	.L25
 512:Middlewares/ST/filex/common/src/fx_media_volume_set.c **** 
ARM GAS  /tmp/cc2yhXCT.s 			page 25


 603              		.loc 1 512 13 is_stmt 1 view .LVU216
 604              	.LVL59:
 515:Middlewares/ST/filex/common/src/fx_media_volume_set.c ****             {
 605              		.loc 1 515 13 view .LVU217
 515:Middlewares/ST/filex/common/src/fx_media_volume_set.c ****             {
 606              		.loc 1 515 32 is_stmt 0 view .LVU218
 607 0274 A3F16101 		sub	r1, r3, #97
 608 0278 C9B2     		uxtb	r1, r1
 515:Middlewares/ST/filex/common/src/fx_media_volume_set.c ****             {
 609              		.loc 1 515 16 view .LVU219
 610 027a 1929     		cmp	r1, #25
 611 027c F1D8     		bhi	.L23
 519:Middlewares/ST/filex/common/src/fx_media_volume_set.c ****             }
 612              		.loc 1 519 17 is_stmt 1 view .LVU220
 519:Middlewares/ST/filex/common/src/fx_media_volume_set.c ****             }
 613              		.loc 1 519 23 is_stmt 0 view .LVU221
 614 027e 203B     		subs	r3, r3, #32
 615              	.LVL60:
 519:Middlewares/ST/filex/common/src/fx_media_volume_set.c ****             }
 616              		.loc 1 519 23 view .LVU222
 617 0280 DBB2     		uxtb	r3, r3
 618              	.LVL61:
 519:Middlewares/ST/filex/common/src/fx_media_volume_set.c ****             }
 619              		.loc 1 519 23 view .LVU223
 620 0282 EEE7     		b	.L23
 621              	.L45:
 622              		.align	2
 623              	.L44:
 624 0284 4944454D 		.word	1296385097
 625              	.LVL62:
 626              	.L26:
 529:Middlewares/ST/filex/common/src/fx_media_volume_set.c ****         }
 627              		.loc 1 529 13 is_stmt 1 view .LVU224
 529:Middlewares/ST/filex/common/src/fx_media_volume_set.c ****         }
 628              		.loc 1 529 25 is_stmt 0 view .LVU225
 629 0288 2022     		movs	r2, #32
 630 028a C254     		strb	r2, [r0, r3]
 527:Middlewares/ST/filex/common/src/fx_media_volume_set.c ****         {
 631              		.loc 1 527 25 is_stmt 1 discriminator 2 view .LVU226
 632 028c 3D9B     		ldr	r3, [sp, #244]
 633 028e 0133     		adds	r3, r3, #1
 634 0290 3D93     		str	r3, [sp, #244]
 635              	.L25:
 527:Middlewares/ST/filex/common/src/fx_media_volume_set.c ****         {
 636              		.loc 1 527 18 discriminator 1 view .LVU227
 637 0292 3D9B     		ldr	r3, [sp, #244]
 638 0294 0A2B     		cmp	r3, #10
 639 0296 F7D9     		bls	.L26
 533:Middlewares/ST/filex/common/src/fx_media_volume_set.c **** 
 640              		.loc 1 533 9 view .LVU228
 533:Middlewares/ST/filex/common/src/fx_media_volume_set.c **** 
 641              		.loc 1 533 22 is_stmt 0 view .LVU229
 642 0298 2823     		movs	r3, #40
 643 029a C372     		strb	r3, [r0, #11]
 538:Middlewares/ST/filex/common/src/fx_media_volume_set.c ****         work_ptr[21] =  0;
 644              		.loc 1 538 9 is_stmt 1 view .LVU230
 538:Middlewares/ST/filex/common/src/fx_media_volume_set.c ****         work_ptr[21] =  0;
ARM GAS  /tmp/cc2yhXCT.s 			page 26


 645              		.loc 1 538 22 is_stmt 0 view .LVU231
 646 029c 0023     		movs	r3, #0
 647 029e 0375     		strb	r3, [r0, #20]
 539:Middlewares/ST/filex/common/src/fx_media_volume_set.c **** 
 648              		.loc 1 539 9 is_stmt 1 view .LVU232
 539:Middlewares/ST/filex/common/src/fx_media_volume_set.c **** 
 649              		.loc 1 539 22 is_stmt 0 view .LVU233
 650 02a0 4375     		strb	r3, [r0, #21]
 542:Middlewares/ST/filex/common/src/fx_media_volume_set.c ****         work_ptr[27] =  0;
 651              		.loc 1 542 9 is_stmt 1 view .LVU234
 542:Middlewares/ST/filex/common/src/fx_media_volume_set.c ****         work_ptr[27] =  0;
 652              		.loc 1 542 22 is_stmt 0 view .LVU235
 653 02a2 8376     		strb	r3, [r0, #26]
 543:Middlewares/ST/filex/common/src/fx_media_volume_set.c **** 
 654              		.loc 1 543 9 is_stmt 1 view .LVU236
 543:Middlewares/ST/filex/common/src/fx_media_volume_set.c **** 
 655              		.loc 1 543 22 is_stmt 0 view .LVU237
 656 02a4 C376     		strb	r3, [r0, #27]
 546:Middlewares/ST/filex/common/src/fx_media_volume_set.c ****         work_ptr[29] =  0;
 657              		.loc 1 546 9 is_stmt 1 view .LVU238
 546:Middlewares/ST/filex/common/src/fx_media_volume_set.c ****         work_ptr[29] =  0;
 658              		.loc 1 546 22 is_stmt 0 view .LVU239
 659 02a6 0377     		strb	r3, [r0, #28]
 547:Middlewares/ST/filex/common/src/fx_media_volume_set.c ****         work_ptr[30] =  0;
 660              		.loc 1 547 9 is_stmt 1 view .LVU240
 547:Middlewares/ST/filex/common/src/fx_media_volume_set.c ****         work_ptr[30] =  0;
 661              		.loc 1 547 22 is_stmt 0 view .LVU241
 662 02a8 4377     		strb	r3, [r0, #29]
 548:Middlewares/ST/filex/common/src/fx_media_volume_set.c ****         work_ptr[31] =  0;
 663              		.loc 1 548 9 is_stmt 1 view .LVU242
 548:Middlewares/ST/filex/common/src/fx_media_volume_set.c ****         work_ptr[31] =  0;
 664              		.loc 1 548 22 is_stmt 0 view .LVU243
 665 02aa 8377     		strb	r3, [r0, #30]
 549:Middlewares/ST/filex/common/src/fx_media_volume_set.c **** 
 666              		.loc 1 549 9 is_stmt 1 view .LVU244
 549:Middlewares/ST/filex/common/src/fx_media_volume_set.c **** 
 667              		.loc 1 549 22 is_stmt 0 view .LVU245
 668 02ac C377     		strb	r3, [r0, #31]
 552:Middlewares/ST/filex/common/src/fx_media_volume_set.c ****                                                    media_ptr -> fx_media_memory_buffer, ((ULONG) 1)
 669              		.loc 1 552 9 is_stmt 1 view .LVU246
 553:Middlewares/ST/filex/common/src/fx_media_volume_set.c **** #ifdef FX_ENABLE_EXFAT
 670              		.loc 1 553 62 is_stmt 0 view .LVU247
 671 02ae A368     		ldr	r3, [r4, #8]
 552:Middlewares/ST/filex/common/src/fx_media_volume_set.c ****                                                    media_ptr -> fx_media_memory_buffer, ((ULONG) 1)
 672              		.loc 1 552 19 view .LVU248
 673 02b0 0322     		movs	r2, #3
 674 02b2 0292     		str	r2, [sp, #8]
 675 02b4 0122     		movs	r2, #1
 676 02b6 0192     		str	r2, [sp, #4]
 677 02b8 0093     		str	r3, [sp]
 678 02ba 4246     		mov	r2, r8
 679 02bc 4B46     		mov	r3, r9
 680 02be 2046     		mov	r0, r4
 681              	.LVL63:
 552:Middlewares/ST/filex/common/src/fx_media_volume_set.c ****                                                    media_ptr -> fx_media_memory_buffer, ((ULONG) 1)
 682              		.loc 1 552 19 view .LVU249
 683 02c0 FFF7FEFF 		bl	_fx_utility_logical_sector_write
ARM GAS  /tmp/cc2yhXCT.s 			page 27


 684              	.LVL64:
 685 02c4 0646     		mov	r6, r0
 686              	.LVL65:
 559:Middlewares/ST/filex/common/src/fx_media_volume_set.c **** 
 687              		.loc 1 559 5 is_stmt 1 view .LVU250
 688 02c6 3846     		mov	r0, r7
 689              	.LVL66:
 559:Middlewares/ST/filex/common/src/fx_media_volume_set.c **** 
 690              		.loc 1 559 5 is_stmt 0 view .LVU251
 691 02c8 FFF7FEFF 		bl	_tx_mutex_put
 692              	.LVL67:
 562:Middlewares/ST/filex/common/src/fx_media_volume_set.c **** }
 693              		.loc 1 562 5 is_stmt 1 view .LVU252
 562:Middlewares/ST/filex/common/src/fx_media_volume_set.c **** }
 694              		.loc 1 562 11 is_stmt 0 view .LVU253
 695 02cc A0E6     		b	.L1
 696              	.LVL68:
 697              	.L29:
 110:Middlewares/ST/filex/common/src/fx_media_volume_set.c **** 
 698              		.loc 1 110 5 discriminator 3 view .LVU254
 699 02ce 1126     		movs	r6, #17
 700 02d0 9EE6     		b	.L1
 701              	.L30:
 261:Middlewares/ST/filex/common/src/fx_media_volume_set.c ****         }
 702              		.loc 1 261 19 view .LVU255
 703 02d2 0C26     		movs	r6, #12
 704 02d4 9CE6     		b	.L1
 705              		.cfi_endproc
 706              	.LFE8:
 708 02d6 00BF     		.text
 709              	.Letext0:
 710              		.file 2 "Middlewares/ST/threadx/ports/cortex_m7/gnu/inc/tx_port.h"
 711              		.file 3 "Middlewares/ST/threadx/common/inc/tx_api.h"
 712              		.file 4 "Middlewares/ST/threadx/common/inc/tx_trace.h"
 713              		.file 5 "Middlewares/ST/filex/common/inc/fx_api.h"
 714              		.file 6 "Middlewares/ST/filex/common/inc/fx_utility.h"
 715              		.file 7 "Middlewares/ST/filex/common/inc/fx_directory.h"
 716              		.file 8 "<built-in>"
ARM GAS  /tmp/cc2yhXCT.s 			page 28


DEFINED SYMBOLS
                            *ABS*:00000000 fx_media_volume_set.c
     /tmp/cc2yhXCT.s:20     .text._fx_media_volume_set:00000000 $t
     /tmp/cc2yhXCT.s:26     .text._fx_media_volume_set:00000000 _fx_media_volume_set
     /tmp/cc2yhXCT.s:624    .text._fx_media_volume_set:00000284 $d
     /tmp/cc2yhXCT.s:629    .text._fx_media_volume_set:00000288 $t

UNDEFINED SYMBOLS
_fx_trace_event_insert
_tx_mutex_get
_fx_utility_logical_sector_read
_tx_mutex_put
_fx_directory_entry_read
memcpy
_fx_utility_logical_sector_write
