ARM GAS  /tmp/ccjyvcSj.s 			page 1


   1              		.cpu cortex-m7
   2              		.arch armv7e-m
   3              		.fpu fpv5-d16
   4              		.eabi_attribute 28, 1
   5              		.eabi_attribute 20, 1
   6              		.eabi_attribute 21, 1
   7              		.eabi_attribute 23, 3
   8              		.eabi_attribute 24, 1
   9              		.eabi_attribute 25, 1
  10              		.eabi_attribute 26, 1
  11              		.eabi_attribute 30, 1
  12              		.eabi_attribute 34, 1
  13              		.eabi_attribute 18, 4
  14              		.file	"fx_unicode_directory_search.c"
  15              		.text
  16              	.Ltext0:
  17              		.cfi_sections	.debug_frame
  18              		.file 1 "Middlewares/ST/filex/common/src/fx_unicode_directory_search.c"
  19              		.section	.text._fx_unicode_directory_search,"ax",%progbits
  20              		.align	1
  21              		.global	_fx_unicode_directory_search
  22              		.syntax unified
  23              		.thumb
  24              		.thumb_func
  26              	_fx_unicode_directory_search:
  27              	.LVL0:
  28              	.LFB8:
   1:Middlewares/ST/filex/common/src/fx_unicode_directory_search.c **** /**************************************************************************/
   2:Middlewares/ST/filex/common/src/fx_unicode_directory_search.c **** /*                                                                        */
   3:Middlewares/ST/filex/common/src/fx_unicode_directory_search.c **** /*       Copyright (c) Microsoft Corporation. All rights reserved.        */
   4:Middlewares/ST/filex/common/src/fx_unicode_directory_search.c **** /*                                                                        */
   5:Middlewares/ST/filex/common/src/fx_unicode_directory_search.c **** /*       This software is licensed under the Microsoft Software License   */
   6:Middlewares/ST/filex/common/src/fx_unicode_directory_search.c **** /*       Terms for Microsoft Azure RTOS. Full text of the license can be  */
   7:Middlewares/ST/filex/common/src/fx_unicode_directory_search.c **** /*       found in the LICENSE file at https://aka.ms/AzureRTOS_EULA       */
   8:Middlewares/ST/filex/common/src/fx_unicode_directory_search.c **** /*       and in the root directory of this software.                      */
   9:Middlewares/ST/filex/common/src/fx_unicode_directory_search.c **** /*                                                                        */
  10:Middlewares/ST/filex/common/src/fx_unicode_directory_search.c **** /**************************************************************************/
  11:Middlewares/ST/filex/common/src/fx_unicode_directory_search.c **** 
  12:Middlewares/ST/filex/common/src/fx_unicode_directory_search.c **** 
  13:Middlewares/ST/filex/common/src/fx_unicode_directory_search.c **** /**************************************************************************/
  14:Middlewares/ST/filex/common/src/fx_unicode_directory_search.c **** /**************************************************************************/
  15:Middlewares/ST/filex/common/src/fx_unicode_directory_search.c **** /**                                                                       */
  16:Middlewares/ST/filex/common/src/fx_unicode_directory_search.c **** /** FileX Component                                                       */
  17:Middlewares/ST/filex/common/src/fx_unicode_directory_search.c **** /**                                                                       */
  18:Middlewares/ST/filex/common/src/fx_unicode_directory_search.c **** /**   Unicode                                                             */
  19:Middlewares/ST/filex/common/src/fx_unicode_directory_search.c **** /**                                                                       */
  20:Middlewares/ST/filex/common/src/fx_unicode_directory_search.c **** /**************************************************************************/
  21:Middlewares/ST/filex/common/src/fx_unicode_directory_search.c **** /**************************************************************************/
  22:Middlewares/ST/filex/common/src/fx_unicode_directory_search.c **** 
  23:Middlewares/ST/filex/common/src/fx_unicode_directory_search.c **** #define FX_SOURCE_CODE
  24:Middlewares/ST/filex/common/src/fx_unicode_directory_search.c **** 
  25:Middlewares/ST/filex/common/src/fx_unicode_directory_search.c **** 
  26:Middlewares/ST/filex/common/src/fx_unicode_directory_search.c **** /* Include necessary system files.  */
  27:Middlewares/ST/filex/common/src/fx_unicode_directory_search.c **** 
  28:Middlewares/ST/filex/common/src/fx_unicode_directory_search.c **** #include "fx_api.h"
  29:Middlewares/ST/filex/common/src/fx_unicode_directory_search.c **** #include "fx_unicode.h"
  30:Middlewares/ST/filex/common/src/fx_unicode_directory_search.c **** #include "fx_utility.h"
ARM GAS  /tmp/ccjyvcSj.s 			page 2


  31:Middlewares/ST/filex/common/src/fx_unicode_directory_search.c **** 
  32:Middlewares/ST/filex/common/src/fx_unicode_directory_search.c **** #ifndef FX_NO_LOCAL_PATH
  33:Middlewares/ST/filex/common/src/fx_unicode_directory_search.c **** FX_LOCAL_PATH_SETUP
  34:Middlewares/ST/filex/common/src/fx_unicode_directory_search.c **** #endif
  35:Middlewares/ST/filex/common/src/fx_unicode_directory_search.c **** 
  36:Middlewares/ST/filex/common/src/fx_unicode_directory_search.c **** 
  37:Middlewares/ST/filex/common/src/fx_unicode_directory_search.c **** /* Define several Unicode working arrays...  This keeps the data structures
  38:Middlewares/ST/filex/common/src/fx_unicode_directory_search.c ****    off the local stack.  */
  39:Middlewares/ST/filex/common/src/fx_unicode_directory_search.c **** 
  40:Middlewares/ST/filex/common/src/fx_unicode_directory_search.c **** UCHAR _fx_unicode_temp_long_file_name[FX_MAX_LONG_NAME_LEN];
  41:Middlewares/ST/filex/common/src/fx_unicode_directory_search.c **** UCHAR _fx_unicode_search_name[FX_MAX_LONG_NAME_LEN * 2];
  42:Middlewares/ST/filex/common/src/fx_unicode_directory_search.c **** 
  43:Middlewares/ST/filex/common/src/fx_unicode_directory_search.c **** 
  44:Middlewares/ST/filex/common/src/fx_unicode_directory_search.c **** /**************************************************************************/
  45:Middlewares/ST/filex/common/src/fx_unicode_directory_search.c **** /*                                                                        */
  46:Middlewares/ST/filex/common/src/fx_unicode_directory_search.c **** /*  FUNCTION                                               RELEASE        */
  47:Middlewares/ST/filex/common/src/fx_unicode_directory_search.c **** /*                                                                        */
  48:Middlewares/ST/filex/common/src/fx_unicode_directory_search.c **** /*    _fx_unicode_directory_search                        PORTABLE C      */
  49:Middlewares/ST/filex/common/src/fx_unicode_directory_search.c **** /*                                                           6.1          */
  50:Middlewares/ST/filex/common/src/fx_unicode_directory_search.c **** /*  AUTHOR                                                                */
  51:Middlewares/ST/filex/common/src/fx_unicode_directory_search.c **** /*                                                                        */
  52:Middlewares/ST/filex/common/src/fx_unicode_directory_search.c **** /*    William E. Lamie, Microsoft Corporation                             */
  53:Middlewares/ST/filex/common/src/fx_unicode_directory_search.c **** /*                                                                        */
  54:Middlewares/ST/filex/common/src/fx_unicode_directory_search.c **** /*  DESCRIPTION                                                           */
  55:Middlewares/ST/filex/common/src/fx_unicode_directory_search.c **** /*                                                                        */
  56:Middlewares/ST/filex/common/src/fx_unicode_directory_search.c **** /*    This function searches for the specified unicode or short name.     */
  57:Middlewares/ST/filex/common/src/fx_unicode_directory_search.c **** /*                                                                        */
  58:Middlewares/ST/filex/common/src/fx_unicode_directory_search.c **** /*    Note: The buffer of short_name and unicode_name must be valid to    */
  59:Middlewares/ST/filex/common/src/fx_unicode_directory_search.c **** /*    fill search result. When short_name is a zero length string, search */
  60:Middlewares/ST/filex/common/src/fx_unicode_directory_search.c **** /*    is based on unicode string (terminated with NULL). If it's found    */
  61:Middlewares/ST/filex/common/src/fx_unicode_directory_search.c **** /*    the short name is written back to buffer of short_name. In this case*/
  62:Middlewares/ST/filex/common/src/fx_unicode_directory_search.c **** /*    unicode_name_buffer_length is ignored and short_name_buffer_length  */
  63:Middlewares/ST/filex/common/src/fx_unicode_directory_search.c **** /*    must not be zero to specify the buffer length. If buffer is too     */
  64:Middlewares/ST/filex/common/src/fx_unicode_directory_search.c **** /*    smallfor the result, overflow characters and NULL-terminator are cut*/
  65:Middlewares/ST/filex/common/src/fx_unicode_directory_search.c **** /*    off. When short_name is a valid string, search is based on          */
  66:Middlewares/ST/filex/common/src/fx_unicode_directory_search.c **** /*    short_name (terminated with NULL). If it's found the unicode name is*/
  67:Middlewares/ST/filex/common/src/fx_unicode_directory_search.c **** /*    written back to buffer of unicode_name. In this case                */
  68:Middlewares/ST/filex/common/src/fx_unicode_directory_search.c **** /*    short_name_buffer_length is ignored and unicode_name_buffer_length  */
  69:Middlewares/ST/filex/common/src/fx_unicode_directory_search.c **** /*    must not be zero to specify the unicode buffer length. If buffer is */
  70:Middlewares/ST/filex/common/src/fx_unicode_directory_search.c **** /*    too small for the result, overflow characters are cut off but       */
  71:Middlewares/ST/filex/common/src/fx_unicode_directory_search.c **** /*    NULL-terminator is kept.                                            */
  72:Middlewares/ST/filex/common/src/fx_unicode_directory_search.c **** /*                                                                        */
  73:Middlewares/ST/filex/common/src/fx_unicode_directory_search.c **** /*  INPUT                                                                 */
  74:Middlewares/ST/filex/common/src/fx_unicode_directory_search.c **** /*                                                                        */
  75:Middlewares/ST/filex/common/src/fx_unicode_directory_search.c **** /*    media_ptr                             Pointer to media              */
  76:Middlewares/ST/filex/common/src/fx_unicode_directory_search.c **** /*    short_name                            Pointer to short name         */
  77:Middlewares/ST/filex/common/src/fx_unicode_directory_search.c **** /*    short_name_buffer_length              Buffer length for short name  */
  78:Middlewares/ST/filex/common/src/fx_unicode_directory_search.c **** /*    unicode_name                          Pointer to Unicode name       */
  79:Middlewares/ST/filex/common/src/fx_unicode_directory_search.c **** /*    unicode_name_length                   Unicode name length           */
  80:Middlewares/ST/filex/common/src/fx_unicode_directory_search.c **** /*    unicode_name_buffer_length            Buffer length for Unicode name*/
  81:Middlewares/ST/filex/common/src/fx_unicode_directory_search.c **** /*                                                                        */
  82:Middlewares/ST/filex/common/src/fx_unicode_directory_search.c **** /*  OUTPUT                                                                */
  83:Middlewares/ST/filex/common/src/fx_unicode_directory_search.c **** /*                                                                        */
  84:Middlewares/ST/filex/common/src/fx_unicode_directory_search.c **** /*    Completion Status                                                   */
  85:Middlewares/ST/filex/common/src/fx_unicode_directory_search.c **** /*                                                                        */
  86:Middlewares/ST/filex/common/src/fx_unicode_directory_search.c **** /*  CALLS                                                                 */
  87:Middlewares/ST/filex/common/src/fx_unicode_directory_search.c **** /*                                                                        */
ARM GAS  /tmp/ccjyvcSj.s 			page 3


  88:Middlewares/ST/filex/common/src/fx_unicode_directory_search.c **** /*    _fx_unicode_directory_entry_read      Read a full unicode directory */
  89:Middlewares/ST/filex/common/src/fx_unicode_directory_search.c **** /*                                            entry                       */
  90:Middlewares/ST/filex/common/src/fx_unicode_directory_search.c **** /*    _fx_utility_FAT_entry_read            Read a FAT entry              */
  91:Middlewares/ST/filex/common/src/fx_unicode_directory_search.c **** /*                                                                        */
  92:Middlewares/ST/filex/common/src/fx_unicode_directory_search.c **** /*  CALLED BY                                                             */
  93:Middlewares/ST/filex/common/src/fx_unicode_directory_search.c **** /*                                                                        */
  94:Middlewares/ST/filex/common/src/fx_unicode_directory_search.c **** /*    Unicode Utilities                                                   */
  95:Middlewares/ST/filex/common/src/fx_unicode_directory_search.c **** /*                                                                        */
  96:Middlewares/ST/filex/common/src/fx_unicode_directory_search.c **** /*  RELEASE HISTORY                                                       */
  97:Middlewares/ST/filex/common/src/fx_unicode_directory_search.c **** /*                                                                        */
  98:Middlewares/ST/filex/common/src/fx_unicode_directory_search.c **** /*    DATE              NAME                      DESCRIPTION             */
  99:Middlewares/ST/filex/common/src/fx_unicode_directory_search.c **** /*                                                                        */
 100:Middlewares/ST/filex/common/src/fx_unicode_directory_search.c **** /*  05-19-2020     William E. Lamie         Initial Version 6.0           */
 101:Middlewares/ST/filex/common/src/fx_unicode_directory_search.c **** /*  09-30-2020     William E. Lamie         Modified comment(s),          */
 102:Middlewares/ST/filex/common/src/fx_unicode_directory_search.c **** /*                                            resulting in version 6.1    */
 103:Middlewares/ST/filex/common/src/fx_unicode_directory_search.c **** /*                                                                        */
 104:Middlewares/ST/filex/common/src/fx_unicode_directory_search.c **** /**************************************************************************/
 105:Middlewares/ST/filex/common/src/fx_unicode_directory_search.c **** UINT  _fx_unicode_directory_search(FX_MEDIA *media_ptr, FX_DIR_ENTRY *entry_ptr,
 106:Middlewares/ST/filex/common/src/fx_unicode_directory_search.c ****                                    UCHAR *short_name, ULONG short_name_buffer_length, 
 107:Middlewares/ST/filex/common/src/fx_unicode_directory_search.c ****                                    UCHAR *unicode_name, ULONG *unicode_name_length, ULONG unicode_n
 108:Middlewares/ST/filex/common/src/fx_unicode_directory_search.c **** {
  29              		.loc 1 108 1 view -0
  30              		.cfi_startproc
  31              		@ args = 12, pretend = 0, frame = 152
  32              		@ frame_needed = 0, uses_anonymous_args = 0
  33              		.loc 1 108 1 is_stmt 0 view .LVU1
  34 0000 2DE9F04F 		push	{r4, r5, r6, r7, r8, r9, r10, fp, lr}
  35              	.LCFI0:
  36              		.cfi_def_cfa_offset 36
  37              		.cfi_offset 4, -36
  38              		.cfi_offset 5, -32
  39              		.cfi_offset 6, -28
  40              		.cfi_offset 7, -24
  41              		.cfi_offset 8, -20
  42              		.cfi_offset 9, -16
  43              		.cfi_offset 10, -12
  44              		.cfi_offset 11, -8
  45              		.cfi_offset 14, -4
  46 0004 A9B0     		sub	sp, sp, #164
  47              	.LCFI1:
  48              		.cfi_def_cfa_offset 200
  49 0006 0546     		mov	r5, r0
  50 0008 0C46     		mov	r4, r1
  51 000a 1646     		mov	r6, r2
  52 000c 9B46     		mov	fp, r3
  53 000e DDF8C880 		ldr	r8, [sp, #200]
 109:Middlewares/ST/filex/common/src/fx_unicode_directory_search.c **** 
 110:Middlewares/ST/filex/common/src/fx_unicode_directory_search.c **** ULONG         i, j;
  54              		.loc 1 110 1 is_stmt 1 view .LVU2
 111:Middlewares/ST/filex/common/src/fx_unicode_directory_search.c **** UINT          status, found;
  55              		.loc 1 111 1 view .LVU3
 112:Middlewares/ST/filex/common/src/fx_unicode_directory_search.c **** ULONG         cluster, next_cluster = 0;
  56              		.loc 1 112 1 view .LVU4
  57              		.loc 1 112 24 is_stmt 0 view .LVU5
  58 0012 0023     		movs	r3, #0
  59              	.LVL1:
  60              		.loc 1 112 24 view .LVU6
ARM GAS  /tmp/ccjyvcSj.s 			page 4


  61 0014 2693     		str	r3, [sp, #152]
 113:Middlewares/ST/filex/common/src/fx_unicode_directory_search.c **** ULONG         directory_size;
  62              		.loc 1 113 1 is_stmt 1 view .LVU7
 114:Middlewares/ST/filex/common/src/fx_unicode_directory_search.c **** FX_DIR_ENTRY  search_dir;
  63              		.loc 1 114 1 view .LVU8
 115:Middlewares/ST/filex/common/src/fx_unicode_directory_search.c **** FX_DIR_ENTRY *search_dir_ptr;
  64              		.loc 1 115 1 view .LVU9
 116:Middlewares/ST/filex/common/src/fx_unicode_directory_search.c **** ULONG         unicode_search_length;
  65              		.loc 1 116 1 view .LVU10
 117:Middlewares/ST/filex/common/src/fx_unicode_directory_search.c **** ULONG         local_unicode_name_length;
  66              		.loc 1 117 1 view .LVU11
 118:Middlewares/ST/filex/common/src/fx_unicode_directory_search.c **** CHAR          unicode_to_short_name[13];
  67              		.loc 1 118 1 view .LVU12
 119:Middlewares/ST/filex/common/src/fx_unicode_directory_search.c **** CHAR         *short_name_ptr;
  68              		.loc 1 119 1 view .LVU13
 120:Middlewares/ST/filex/common/src/fx_unicode_directory_search.c **** 
 121:Middlewares/ST/filex/common/src/fx_unicode_directory_search.c **** 
 122:Middlewares/ST/filex/common/src/fx_unicode_directory_search.c ****     /* Setup temp unicode name length.  */
 123:Middlewares/ST/filex/common/src/fx_unicode_directory_search.c ****     local_unicode_name_length =  *unicode_name_length;
  69              		.loc 1 123 5 view .LVU14
  70              		.loc 1 123 31 is_stmt 0 view .LVU15
  71 0016 339B     		ldr	r3, [sp, #204]
  72 0018 1F68     		ldr	r7, [r3]
  73              	.LVL2:
 124:Middlewares/ST/filex/common/src/fx_unicode_directory_search.c **** 
 125:Middlewares/ST/filex/common/src/fx_unicode_directory_search.c **** #ifndef FX_MEDIA_STATISTICS_DISABLE
 126:Middlewares/ST/filex/common/src/fx_unicode_directory_search.c **** 
 127:Middlewares/ST/filex/common/src/fx_unicode_directory_search.c ****     /* Increment the number of directory search requests.  */
 128:Middlewares/ST/filex/common/src/fx_unicode_directory_search.c ****     media_ptr -> fx_media_directory_searches++;
  74              		.loc 1 128 5 is_stmt 1 view .LVU16
  75              		.loc 1 128 15 is_stmt 0 view .LVU17
  76 001a D0F87031 		ldr	r3, [r0, #368]
  77              		.loc 1 128 45 view .LVU18
  78 001e 0133     		adds	r3, r3, #1
  79 0020 C0F87031 		str	r3, [r0, #368]
 129:Middlewares/ST/filex/common/src/fx_unicode_directory_search.c **** #endif
 130:Middlewares/ST/filex/common/src/fx_unicode_directory_search.c **** 
 131:Middlewares/ST/filex/common/src/fx_unicode_directory_search.c ****     /* Set the initial search directory to the current working
 132:Middlewares/ST/filex/common/src/fx_unicode_directory_search.c ****        directory - if there is one.  */
 133:Middlewares/ST/filex/common/src/fx_unicode_directory_search.c **** 
 134:Middlewares/ST/filex/common/src/fx_unicode_directory_search.c ****     /* First check for a local path pointer stored in the thread control block.  This
 135:Middlewares/ST/filex/common/src/fx_unicode_directory_search.c ****        is only available in ThreadX Version 4 and above.  */
 136:Middlewares/ST/filex/common/src/fx_unicode_directory_search.c **** #ifndef FX_NO_LOCAL_PATH
 137:Middlewares/ST/filex/common/src/fx_unicode_directory_search.c ****     if (_tx_thread_current_ptr -> tx_thread_filex_ptr)
  80              		.loc 1 137 5 is_stmt 1 view .LVU19
  81              		.loc 1 137 32 is_stmt 0 view .LVU20
  82 0024 8E4B     		ldr	r3, .L71
  83 0026 1B68     		ldr	r3, [r3]
  84 0028 D3F89010 		ldr	r1, [r3, #144]
  85              	.LVL3:
  86              		.loc 1 137 8 view .LVU21
  87 002c 61B3     		cbz	r1, .L2
 138:Middlewares/ST/filex/common/src/fx_unicode_directory_search.c ****     {
 139:Middlewares/ST/filex/common/src/fx_unicode_directory_search.c **** 
 140:Middlewares/ST/filex/common/src/fx_unicode_directory_search.c ****         /* Determine if the local directory is not the root directory.  */
 141:Middlewares/ST/filex/common/src/fx_unicode_directory_search.c ****         if (((FX_PATH *)_tx_thread_current_ptr -> tx_thread_filex_ptr) -> fx_path_directory.fx_dir_
  88              		.loc 1 141 9 is_stmt 1 view .LVU22
ARM GAS  /tmp/ccjyvcSj.s 			page 5


  89              		.loc 1 141 92 is_stmt 0 view .LVU23
  90 002e 0B68     		ldr	r3, [r1]
  91              		.loc 1 141 110 view .LVU24
  92 0030 1B78     		ldrb	r3, [r3]	@ zero_extendqisi2
  93              		.loc 1 141 12 view .LVU25
  94 0032 002B     		cmp	r3, #0
  95 0034 43D0     		beq	.L3
 142:Middlewares/ST/filex/common/src/fx_unicode_directory_search.c ****         {
 143:Middlewares/ST/filex/common/src/fx_unicode_directory_search.c **** 
 144:Middlewares/ST/filex/common/src/fx_unicode_directory_search.c ****             /* Start at the current working directory of the media.  */
 145:Middlewares/ST/filex/common/src/fx_unicode_directory_search.c ****             search_dir =   ((FX_PATH *)_tx_thread_current_ptr -> tx_thread_filex_ptr) -> fx_path_di
  96              		.loc 1 145 13 is_stmt 1 view .LVU26
  97              		.loc 1 145 24 is_stmt 0 view .LVU27
  98 0036 7022     		movs	r2, #112
  99              	.LVL4:
 100              		.loc 1 145 24 view .LVU28
 101 0038 0AA8     		add	r0, sp, #40
 102              	.LVL5:
 103              		.loc 1 145 24 view .LVU29
 104 003a FFF7FEFF 		bl	memcpy
 105              	.LVL6:
 146:Middlewares/ST/filex/common/src/fx_unicode_directory_search.c **** 
 147:Middlewares/ST/filex/common/src/fx_unicode_directory_search.c ****             /* Set the internal pointer to the search directory as well.  */
 148:Middlewares/ST/filex/common/src/fx_unicode_directory_search.c ****             search_dir_ptr =  &search_dir;
 106              		.loc 1 148 13 is_stmt 1 view .LVU30
 149:Middlewares/ST/filex/common/src/fx_unicode_directory_search.c ****         }
 150:Middlewares/ST/filex/common/src/fx_unicode_directory_search.c ****         else
 151:Middlewares/ST/filex/common/src/fx_unicode_directory_search.c ****         {
 152:Middlewares/ST/filex/common/src/fx_unicode_directory_search.c **** 
 153:Middlewares/ST/filex/common/src/fx_unicode_directory_search.c ****             /* We are searching in the root directory.  */
 154:Middlewares/ST/filex/common/src/fx_unicode_directory_search.c ****             search_dir_ptr =  FX_NULL;
 155:Middlewares/ST/filex/common/src/fx_unicode_directory_search.c ****         }
 156:Middlewares/ST/filex/common/src/fx_unicode_directory_search.c ****     }
 157:Middlewares/ST/filex/common/src/fx_unicode_directory_search.c ****     else
 158:Middlewares/ST/filex/common/src/fx_unicode_directory_search.c **** #endif
 159:Middlewares/ST/filex/common/src/fx_unicode_directory_search.c ****     if (media_ptr -> fx_media_default_path.fx_path_directory.fx_dir_entry_name[0])
 160:Middlewares/ST/filex/common/src/fx_unicode_directory_search.c ****     {
 161:Middlewares/ST/filex/common/src/fx_unicode_directory_search.c **** 
 162:Middlewares/ST/filex/common/src/fx_unicode_directory_search.c ****         /* Start at the current working directory of the media.  */
 163:Middlewares/ST/filex/common/src/fx_unicode_directory_search.c ****         search_dir =  media_ptr -> fx_media_default_path.fx_path_directory;
 164:Middlewares/ST/filex/common/src/fx_unicode_directory_search.c **** 
 165:Middlewares/ST/filex/common/src/fx_unicode_directory_search.c ****         /* Set the internal pointer to the search directory as well.  */
 166:Middlewares/ST/filex/common/src/fx_unicode_directory_search.c ****         search_dir_ptr =  &search_dir;
 167:Middlewares/ST/filex/common/src/fx_unicode_directory_search.c ****     }
 168:Middlewares/ST/filex/common/src/fx_unicode_directory_search.c ****     else
 169:Middlewares/ST/filex/common/src/fx_unicode_directory_search.c ****     {
 170:Middlewares/ST/filex/common/src/fx_unicode_directory_search.c **** 
 171:Middlewares/ST/filex/common/src/fx_unicode_directory_search.c ****         /* The current default directory is the root so just set the
 172:Middlewares/ST/filex/common/src/fx_unicode_directory_search.c ****            search directory pointer to NULL.  */
 173:Middlewares/ST/filex/common/src/fx_unicode_directory_search.c ****         search_dir_ptr =  FX_NULL;
 174:Middlewares/ST/filex/common/src/fx_unicode_directory_search.c ****     }
 175:Middlewares/ST/filex/common/src/fx_unicode_directory_search.c **** 
 176:Middlewares/ST/filex/common/src/fx_unicode_directory_search.c ****     /* Calculate the directory size.  */
 177:Middlewares/ST/filex/common/src/fx_unicode_directory_search.c ****     if (search_dir_ptr)
 107              		.loc 1 177 5 view .LVU31
 108              	.L4:
 178:Middlewares/ST/filex/common/src/fx_unicode_directory_search.c ****     {
ARM GAS  /tmp/ccjyvcSj.s 			page 6


 179:Middlewares/ST/filex/common/src/fx_unicode_directory_search.c **** 
 180:Middlewares/ST/filex/common/src/fx_unicode_directory_search.c ****         /* Ensure that the search directory's last search cluster is cleared.  */
 181:Middlewares/ST/filex/common/src/fx_unicode_directory_search.c ****         search_dir_ptr -> fx_dir_entry_last_search_cluster =  0;
 109              		.loc 1 181 9 view .LVU32
 110              		.loc 1 181 60 is_stmt 0 view .LVU33
 111 003e 0023     		movs	r3, #0
 112 0040 1E93     		str	r3, [sp, #120]
 182:Middlewares/ST/filex/common/src/fx_unicode_directory_search.c **** 
 183:Middlewares/ST/filex/common/src/fx_unicode_directory_search.c ****         /* Calculate the directory size by counting the allocated
 184:Middlewares/ST/filex/common/src/fx_unicode_directory_search.c ****            clusters for it.  */
 185:Middlewares/ST/filex/common/src/fx_unicode_directory_search.c ****         i =        0;
 113              		.loc 1 185 9 is_stmt 1 view .LVU34
 114              		.loc 1 185 11 is_stmt 0 view .LVU35
 115 0042 2793     		str	r3, [sp, #156]
 186:Middlewares/ST/filex/common/src/fx_unicode_directory_search.c ****         cluster =  search_dir_ptr -> fx_dir_entry_cluster;
 116              		.loc 1 186 9 is_stmt 1 view .LVU36
 117              		.loc 1 186 17 is_stmt 0 view .LVU37
 118 0044 DDF85C90 		ldr	r9, [sp, #92]
 119              	.LVL7:
 187:Middlewares/ST/filex/common/src/fx_unicode_directory_search.c ****         while ((cluster >= FX_FAT_ENTRY_START) && (cluster < media_ptr -> fx_media_fat_reserved))
 120              		.loc 1 187 9 is_stmt 1 view .LVU38
 121              	.L5:
 122              		.loc 1 187 48 view .LVU39
 123 0048 B9F1010F 		cmp	r9, #1
 124 004c 27D9     		bls	.L7
 125              		.loc 1 187 72 is_stmt 0 discriminator 1 view .LVU40
 126 004e 05F50053 		add	r3, r5, #8192
 127 0052 D3F8A834 		ldr	r3, [r3, #1192]
 128              		.loc 1 187 48 discriminator 1 view .LVU41
 129 0056 4B45     		cmp	r3, r9
 130 0058 21D9     		bls	.L7
 188:Middlewares/ST/filex/common/src/fx_unicode_directory_search.c ****         {
 189:Middlewares/ST/filex/common/src/fx_unicode_directory_search.c **** 
 190:Middlewares/ST/filex/common/src/fx_unicode_directory_search.c ****             /* Increment the cluster count.  */
 191:Middlewares/ST/filex/common/src/fx_unicode_directory_search.c ****             i++;
 131              		.loc 1 191 13 is_stmt 1 view .LVU42
 132              		.loc 1 191 14 is_stmt 0 view .LVU43
 133 005a 279B     		ldr	r3, [sp, #156]
 134 005c 0133     		adds	r3, r3, #1
 135 005e 2793     		str	r3, [sp, #156]
 192:Middlewares/ST/filex/common/src/fx_unicode_directory_search.c **** 
 193:Middlewares/ST/filex/common/src/fx_unicode_directory_search.c ****             /* Read the next FAT entry.  */
 194:Middlewares/ST/filex/common/src/fx_unicode_directory_search.c ****             status =  _fx_utility_FAT_entry_read(media_ptr, cluster, &next_cluster);
 136              		.loc 1 194 13 is_stmt 1 view .LVU44
 137              		.loc 1 194 23 is_stmt 0 view .LVU45
 138 0060 26AA     		add	r2, sp, #152
 139 0062 4946     		mov	r1, r9
 140 0064 2846     		mov	r0, r5
 141 0066 FFF7FEFF 		bl	_fx_utility_FAT_entry_read
 142              	.LVL8:
 195:Middlewares/ST/filex/common/src/fx_unicode_directory_search.c **** 
 196:Middlewares/ST/filex/common/src/fx_unicode_directory_search.c ****             /* Check the return status.  */
 197:Middlewares/ST/filex/common/src/fx_unicode_directory_search.c ****             if (status != FX_SUCCESS)
 143              		.loc 1 197 13 is_stmt 1 view .LVU46
 144              		.loc 1 197 16 is_stmt 0 view .LVU47
 145 006a 8446     		mov	ip, r0
 146 006c 0028     		cmp	r0, #0
ARM GAS  /tmp/ccjyvcSj.s 			page 7


 147 006e 40F0F280 		bne	.L1
 198:Middlewares/ST/filex/common/src/fx_unicode_directory_search.c ****             {
 199:Middlewares/ST/filex/common/src/fx_unicode_directory_search.c **** 
 200:Middlewares/ST/filex/common/src/fx_unicode_directory_search.c ****                 /* Return the bad status.  */
 201:Middlewares/ST/filex/common/src/fx_unicode_directory_search.c ****                 return(status);
 202:Middlewares/ST/filex/common/src/fx_unicode_directory_search.c ****             }
 203:Middlewares/ST/filex/common/src/fx_unicode_directory_search.c **** 
 204:Middlewares/ST/filex/common/src/fx_unicode_directory_search.c ****             /* Check for error situation.  */
 205:Middlewares/ST/filex/common/src/fx_unicode_directory_search.c ****             if ((cluster == next_cluster) || (i > media_ptr -> fx_media_total_clusters))
 148              		.loc 1 205 13 is_stmt 1 view .LVU48
 149              		.loc 1 205 26 is_stmt 0 view .LVU49
 150 0072 269B     		ldr	r3, [sp, #152]
 151              		.loc 1 205 16 view .LVU50
 152 0074 4B45     		cmp	r3, r9
 153 0076 00F04381 		beq	.L49
 154              		.loc 1 205 61 discriminator 1 view .LVU51
 155 007a 296C     		ldr	r1, [r5, #64]
 156              		.loc 1 205 49 discriminator 1 view .LVU52
 157 007c 279A     		ldr	r2, [sp, #156]
 158              		.loc 1 205 43 discriminator 1 view .LVU53
 159 007e 9142     		cmp	r1, r2
 160 0080 C0F04181 		bcc	.L50
 206:Middlewares/ST/filex/common/src/fx_unicode_directory_search.c ****             {
 207:Middlewares/ST/filex/common/src/fx_unicode_directory_search.c **** 
 208:Middlewares/ST/filex/common/src/fx_unicode_directory_search.c ****                 /* Return the bad status.  */
 209:Middlewares/ST/filex/common/src/fx_unicode_directory_search.c ****                 return(FX_FAT_READ_ERROR);
 210:Middlewares/ST/filex/common/src/fx_unicode_directory_search.c ****             }
 211:Middlewares/ST/filex/common/src/fx_unicode_directory_search.c **** 
 212:Middlewares/ST/filex/common/src/fx_unicode_directory_search.c ****             cluster = next_cluster;
 161              		.loc 1 212 21 view .LVU54
 162 0084 9946     		mov	r9, r3
 163              	.LVL9:
 164              		.loc 1 212 21 view .LVU55
 165 0086 DFE7     		b	.L5
 166              	.LVL10:
 167              	.L2:
 159:Middlewares/ST/filex/common/src/fx_unicode_directory_search.c ****     {
 168              		.loc 1 159 5 is_stmt 1 view .LVU56
 159:Middlewares/ST/filex/common/src/fx_unicode_directory_search.c ****     {
 169              		.loc 1 159 61 is_stmt 0 view .LVU57
 170 0088 D0F8E034 		ldr	r3, [r0, #1248]
 159:Middlewares/ST/filex/common/src/fx_unicode_directory_search.c ****     {
 171              		.loc 1 159 79 view .LVU58
 172 008c 1B78     		ldrb	r3, [r3]	@ zero_extendqisi2
 159:Middlewares/ST/filex/common/src/fx_unicode_directory_search.c ****     {
 173              		.loc 1 159 8 view .LVU59
 174 008e B3B1     		cbz	r3, .L3
 163:Middlewares/ST/filex/common/src/fx_unicode_directory_search.c **** 
 175              		.loc 1 163 9 is_stmt 1 view .LVU60
 163:Middlewares/ST/filex/common/src/fx_unicode_directory_search.c **** 
 176              		.loc 1 163 20 is_stmt 0 view .LVU61
 177 0090 7022     		movs	r2, #112
 178              	.LVL11:
 163:Middlewares/ST/filex/common/src/fx_unicode_directory_search.c **** 
 179              		.loc 1 163 20 view .LVU62
 180 0092 00F59C61 		add	r1, r0, #1248
 181 0096 0AA8     		add	r0, sp, #40
ARM GAS  /tmp/ccjyvcSj.s 			page 8


 182              	.LVL12:
 163:Middlewares/ST/filex/common/src/fx_unicode_directory_search.c **** 
 183              		.loc 1 163 20 view .LVU63
 184 0098 FFF7FEFF 		bl	memcpy
 185              	.LVL13:
 166:Middlewares/ST/filex/common/src/fx_unicode_directory_search.c ****     }
 186              		.loc 1 166 9 is_stmt 1 view .LVU64
 177:Middlewares/ST/filex/common/src/fx_unicode_directory_search.c ****     {
 187              		.loc 1 177 5 view .LVU65
 188 009c CFE7     		b	.L4
 189              	.LVL14:
 190              	.L7:
 213:Middlewares/ST/filex/common/src/fx_unicode_directory_search.c ****         }
 214:Middlewares/ST/filex/common/src/fx_unicode_directory_search.c **** 
 215:Middlewares/ST/filex/common/src/fx_unicode_directory_search.c ****         /* Now we can calculate the directory size.  */
 216:Middlewares/ST/filex/common/src/fx_unicode_directory_search.c ****         directory_size =  (((ULONG)media_ptr -> fx_media_bytes_per_sector) *
 191              		.loc 1 216 9 view .LVU66
 192              		.loc 1 216 46 is_stmt 0 view .LVU67
 193 009e AB6A     		ldr	r3, [r5, #40]
 217:Middlewares/ST/filex/common/src/fx_unicode_directory_search.c ****                            ((ULONG)media_ptr -> fx_media_sectors_per_cluster) * i) /
 194              		.loc 1 217 46 view .LVU68
 195 00a0 6A6D     		ldr	r2, [r5, #84]
 216:Middlewares/ST/filex/common/src/fx_unicode_directory_search.c ****                            ((ULONG)media_ptr -> fx_media_sectors_per_cluster) * i) /
 196              		.loc 1 216 76 view .LVU69
 197 00a2 02FB03FA 		mul	r10, r2, r3
 198              		.loc 1 217 79 view .LVU70
 199 00a6 279B     		ldr	r3, [sp, #156]
 200 00a8 03FB0AFA 		mul	r10, r3, r10
 216:Middlewares/ST/filex/common/src/fx_unicode_directory_search.c ****                            ((ULONG)media_ptr -> fx_media_sectors_per_cluster) * i) /
 201              		.loc 1 216 24 view .LVU71
 202 00ac 4FEA5A1A 		lsr	r10, r10, #5
 203              	.LVL15:
 218:Middlewares/ST/filex/common/src/fx_unicode_directory_search.c ****                            (ULONG)FX_DIR_ENTRY_SIZE;
 219:Middlewares/ST/filex/common/src/fx_unicode_directory_search.c **** 
 220:Middlewares/ST/filex/common/src/fx_unicode_directory_search.c ****         /* Also save this in the directory entry so we don't have to
 221:Middlewares/ST/filex/common/src/fx_unicode_directory_search.c ****            calculate it later.  */
 222:Middlewares/ST/filex/common/src/fx_unicode_directory_search.c ****         search_dir_ptr -> fx_dir_entry_file_size =  directory_size;
 204              		.loc 1 222 9 is_stmt 1 view .LVU72
 205              		.loc 1 222 50 is_stmt 0 view .LVU73
 206 00b0 CDF860A0 		str	r10, [sp, #96]
 207 00b4 0023     		movs	r3, #0
 208 00b6 1993     		str	r3, [sp, #100]
 209 00b8 0DF12809 		add	r9, sp, #40
 210              	.LVL16:
 211              		.loc 1 222 50 view .LVU74
 212 00bc 03E0     		b	.L9
 213              	.LVL17:
 214              	.L3:
 223:Middlewares/ST/filex/common/src/fx_unicode_directory_search.c ****     }
 224:Middlewares/ST/filex/common/src/fx_unicode_directory_search.c ****     else
 225:Middlewares/ST/filex/common/src/fx_unicode_directory_search.c ****     {
 226:Middlewares/ST/filex/common/src/fx_unicode_directory_search.c **** 
 227:Middlewares/ST/filex/common/src/fx_unicode_directory_search.c ****         /* Directory size is the number of entries in the root directory.  */
 228:Middlewares/ST/filex/common/src/fx_unicode_directory_search.c ****         directory_size =  (ULONG)media_ptr -> fx_media_root_directory_entries;
 215              		.loc 1 228 9 is_stmt 1 view .LVU75
 216              		.loc 1 228 24 is_stmt 0 view .LVU76
 217 00be D5F878A0 		ldr	r10, [r5, #120]
ARM GAS  /tmp/ccjyvcSj.s 			page 9


 218              	.LVL18:
 219              		.loc 1 228 24 view .LVU77
 220 00c2 4FF00009 		mov	r9, #0
 221              	.LVL19:
 222              	.L9:
 229:Middlewares/ST/filex/common/src/fx_unicode_directory_search.c ****     }
 230:Middlewares/ST/filex/common/src/fx_unicode_directory_search.c **** 
 231:Middlewares/ST/filex/common/src/fx_unicode_directory_search.c ****     /* Determine if we are searching for a short file name or a unicode file name.  */
 232:Middlewares/ST/filex/common/src/fx_unicode_directory_search.c ****     if (short_name[0] == 0)
 223              		.loc 1 232 5 is_stmt 1 view .LVU78
 224              		.loc 1 232 19 is_stmt 0 view .LVU79
 225 00c6 3378     		ldrb	r3, [r6]	@ zero_extendqisi2
 226              		.loc 1 232 8 view .LVU80
 227 00c8 53BB     		cbnz	r3, .L10
 233:Middlewares/ST/filex/common/src/fx_unicode_directory_search.c ****     {
 234:Middlewares/ST/filex/common/src/fx_unicode_directory_search.c **** 
 235:Middlewares/ST/filex/common/src/fx_unicode_directory_search.c ****         /* If the unicode name fit into short name length, covert the Unicode to ASCII if possible.
 236:Middlewares/ST/filex/common/src/fx_unicode_directory_search.c ****         if (local_unicode_name_length <= 13)
 228              		.loc 1 236 9 is_stmt 1 view .LVU81
 229              		.loc 1 236 12 is_stmt 0 view .LVU82
 230 00ca 0D2F     		cmp	r7, #13
 231 00cc 26D9     		bls	.L51
 237:Middlewares/ST/filex/common/src/fx_unicode_directory_search.c ****         {
 238:Middlewares/ST/filex/common/src/fx_unicode_directory_search.c ****             for (j = 0; j < local_unicode_name_length; j++)
 239:Middlewares/ST/filex/common/src/fx_unicode_directory_search.c ****             {
 240:Middlewares/ST/filex/common/src/fx_unicode_directory_search.c ****                 if ((unicode_name[j * 2] <= 0x7F) && (unicode_name[j * 2 + 1] == 0))
 241:Middlewares/ST/filex/common/src/fx_unicode_directory_search.c ****                 {
 242:Middlewares/ST/filex/common/src/fx_unicode_directory_search.c **** 
 243:Middlewares/ST/filex/common/src/fx_unicode_directory_search.c ****                     unicode_to_short_name[j] = (CHAR)unicode_name[j * 2];
 244:Middlewares/ST/filex/common/src/fx_unicode_directory_search.c ****                     if ((unicode_to_short_name[j] >= 'a') && (unicode_to_short_name[j] <= 'z'))
 245:Middlewares/ST/filex/common/src/fx_unicode_directory_search.c ****                     {
 246:Middlewares/ST/filex/common/src/fx_unicode_directory_search.c **** 
 247:Middlewares/ST/filex/common/src/fx_unicode_directory_search.c ****                         /* Lower case, convert to upper case!  */
 248:Middlewares/ST/filex/common/src/fx_unicode_directory_search.c ****                         unicode_to_short_name[j] =  (CHAR)((INT)unicode_to_short_name[j] - 0x20);
 249:Middlewares/ST/filex/common/src/fx_unicode_directory_search.c ****                     }
 250:Middlewares/ST/filex/common/src/fx_unicode_directory_search.c ****                 }
 251:Middlewares/ST/filex/common/src/fx_unicode_directory_search.c ****                 else
 252:Middlewares/ST/filex/common/src/fx_unicode_directory_search.c ****                 {
 253:Middlewares/ST/filex/common/src/fx_unicode_directory_search.c ****                     unicode_to_short_name[0] = 0;
 254:Middlewares/ST/filex/common/src/fx_unicode_directory_search.c ****                     break;
 255:Middlewares/ST/filex/common/src/fx_unicode_directory_search.c ****                 }
 256:Middlewares/ST/filex/common/src/fx_unicode_directory_search.c ****             }
 257:Middlewares/ST/filex/common/src/fx_unicode_directory_search.c ****         }
 258:Middlewares/ST/filex/common/src/fx_unicode_directory_search.c ****         else
 259:Middlewares/ST/filex/common/src/fx_unicode_directory_search.c ****         {
 260:Middlewares/ST/filex/common/src/fx_unicode_directory_search.c ****             unicode_to_short_name[0] = 0;
 232              		.loc 1 260 13 is_stmt 1 view .LVU83
 233              		.loc 1 260 38 is_stmt 0 view .LVU84
 234 00ce 0023     		movs	r3, #0
 235 00d0 8DF81430 		strb	r3, [sp, #20]
 236 00d4 27E0     		b	.L15
 237              	.LVL20:
 238              	.L13:
 253:Middlewares/ST/filex/common/src/fx_unicode_directory_search.c ****                     break;
 239              		.loc 1 253 21 is_stmt 1 view .LVU85
 253:Middlewares/ST/filex/common/src/fx_unicode_directory_search.c ****                     break;
 240              		.loc 1 253 46 is_stmt 0 view .LVU86
ARM GAS  /tmp/ccjyvcSj.s 			page 10


 241 00d6 0023     		movs	r3, #0
 242              	.LVL21:
 253:Middlewares/ST/filex/common/src/fx_unicode_directory_search.c ****                     break;
 243              		.loc 1 253 46 view .LVU87
 244 00d8 8DF81430 		strb	r3, [sp, #20]
 254:Middlewares/ST/filex/common/src/fx_unicode_directory_search.c ****                 }
 245              		.loc 1 254 21 is_stmt 1 view .LVU88
 246 00dc 23E0     		b	.L15
 247              	.LVL22:
 248              	.L14:
 238:Middlewares/ST/filex/common/src/fx_unicode_directory_search.c ****             {
 249              		.loc 1 238 57 discriminator 2 view .LVU89
 250 00de 0133     		adds	r3, r3, #1
 251              	.LVL23:
 252              	.L11:
 238:Middlewares/ST/filex/common/src/fx_unicode_directory_search.c ****             {
 253              		.loc 1 238 27 discriminator 1 view .LVU90
 254 00e0 BB42     		cmp	r3, r7
 255 00e2 20D2     		bcs	.L15
 240:Middlewares/ST/filex/common/src/fx_unicode_directory_search.c ****                 {
 256              		.loc 1 240 17 view .LVU91
 240:Middlewares/ST/filex/common/src/fx_unicode_directory_search.c ****                 {
 257              		.loc 1 240 37 is_stmt 0 view .LVU92
 258 00e4 5900     		lsls	r1, r3, #1
 240:Middlewares/ST/filex/common/src/fx_unicode_directory_search.c ****                 {
 259              		.loc 1 240 34 view .LVU93
 260 00e6 18F81320 		ldrb	r2, [r8, r3, lsl #1]	@ zero_extendqisi2
 240:Middlewares/ST/filex/common/src/fx_unicode_directory_search.c ****                 {
 261              		.loc 1 240 42 view .LVU94
 262 00ea 18F91300 		ldrsb	r0, [r8, r3, lsl #1]
 240:Middlewares/ST/filex/common/src/fx_unicode_directory_search.c ****                 {
 263              		.loc 1 240 20 view .LVU95
 264 00ee 0028     		cmp	r0, #0
 265 00f0 F1DB     		blt	.L13
 240:Middlewares/ST/filex/common/src/fx_unicode_directory_search.c ****                 {
 266              		.loc 1 240 67 discriminator 1 view .LVU96
 267 00f2 4144     		add	r1, r1, r8
 268 00f4 4978     		ldrb	r1, [r1, #1]	@ zero_extendqisi2
 240:Middlewares/ST/filex/common/src/fx_unicode_directory_search.c ****                 {
 269              		.loc 1 240 51 discriminator 1 view .LVU97
 270 00f6 0029     		cmp	r1, #0
 271 00f8 EDD1     		bne	.L13
 243:Middlewares/ST/filex/common/src/fx_unicode_directory_search.c ****                     if ((unicode_to_short_name[j] >= 'a') && (unicode_to_short_name[j] <= 'z'))
 272              		.loc 1 243 21 is_stmt 1 view .LVU98
 243:Middlewares/ST/filex/common/src/fx_unicode_directory_search.c ****                     if ((unicode_to_short_name[j] >= 'a') && (unicode_to_short_name[j] <= 'z'))
 273              		.loc 1 243 46 is_stmt 0 view .LVU99
 274 00fa 03F1A001 		add	r1, r3, #160
 275 00fe 6944     		add	r1, sp, r1
 276 0100 01F88C2C 		strb	r2, [r1, #-140]
 244:Middlewares/ST/filex/common/src/fx_unicode_directory_search.c ****                     {
 277              		.loc 1 244 21 is_stmt 1 view .LVU100
 244:Middlewares/ST/filex/common/src/fx_unicode_directory_search.c ****                     {
 278              		.loc 1 244 59 is_stmt 0 view .LVU101
 279 0104 A2F16101 		sub	r1, r2, #97
 280 0108 C9B2     		uxtb	r1, r1
 244:Middlewares/ST/filex/common/src/fx_unicode_directory_search.c ****                     {
 281              		.loc 1 244 24 view .LVU102
ARM GAS  /tmp/ccjyvcSj.s 			page 11


 282 010a 1929     		cmp	r1, #25
 283 010c E7D8     		bhi	.L14
 248:Middlewares/ST/filex/common/src/fx_unicode_directory_search.c ****                     }
 284              		.loc 1 248 25 is_stmt 1 view .LVU103
 248:Middlewares/ST/filex/common/src/fx_unicode_directory_search.c ****                     }
 285              		.loc 1 248 53 is_stmt 0 view .LVU104
 286 010e 203A     		subs	r2, r2, #32
 248:Middlewares/ST/filex/common/src/fx_unicode_directory_search.c ****                     }
 287              		.loc 1 248 50 view .LVU105
 288 0110 03F1A001 		add	r1, r3, #160
 289 0114 6944     		add	r1, sp, r1
 290 0116 01F88C2C 		strb	r2, [r1, #-140]
 291 011a E0E7     		b	.L14
 292              	.LVL24:
 293              	.L51:
 238:Middlewares/ST/filex/common/src/fx_unicode_directory_search.c ****             {
 294              		.loc 1 238 20 view .LVU106
 295 011c 0023     		movs	r3, #0
 296 011e DFE7     		b	.L11
 297              	.L10:
 261:Middlewares/ST/filex/common/src/fx_unicode_directory_search.c ****         }
 262:Middlewares/ST/filex/common/src/fx_unicode_directory_search.c ****     }
 263:Middlewares/ST/filex/common/src/fx_unicode_directory_search.c ****     else
 264:Middlewares/ST/filex/common/src/fx_unicode_directory_search.c ****     {
 265:Middlewares/ST/filex/common/src/fx_unicode_directory_search.c ****         unicode_to_short_name[0] = 0;
 298              		.loc 1 265 9 is_stmt 1 view .LVU107
 299              		.loc 1 265 34 is_stmt 0 view .LVU108
 300 0120 0023     		movs	r3, #0
 301 0122 8DF81430 		strb	r3, [sp, #20]
 302              	.L15:
 266:Middlewares/ST/filex/common/src/fx_unicode_directory_search.c ****     }
 267:Middlewares/ST/filex/common/src/fx_unicode_directory_search.c **** 
 268:Middlewares/ST/filex/common/src/fx_unicode_directory_search.c ****     /* Loop through entries in the directory.  Yes, this is a
 269:Middlewares/ST/filex/common/src/fx_unicode_directory_search.c ****        linear search!  */
 270:Middlewares/ST/filex/common/src/fx_unicode_directory_search.c ****     i =      0;
 303              		.loc 1 270 5 is_stmt 1 view .LVU109
 304              		.loc 1 270 7 is_stmt 0 view .LVU110
 305 0126 0023     		movs	r3, #0
 306 0128 2793     		str	r3, [sp, #156]
 307 012a 04E0     		b	.L48
 308              	.LVL25:
 309              	.L66:
 271:Middlewares/ST/filex/common/src/fx_unicode_directory_search.c ****     do
 272:Middlewares/ST/filex/common/src/fx_unicode_directory_search.c ****     {
 273:Middlewares/ST/filex/common/src/fx_unicode_directory_search.c **** 
 274:Middlewares/ST/filex/common/src/fx_unicode_directory_search.c ****         /* Read an entry from the directory.  */
 275:Middlewares/ST/filex/common/src/fx_unicode_directory_search.c ****         status =  _fx_unicode_directory_entry_read(media_ptr, search_dir_ptr, &i, entry_ptr, &_fx_u
 276:Middlewares/ST/filex/common/src/fx_unicode_directory_search.c ****         i++;
 277:Middlewares/ST/filex/common/src/fx_unicode_directory_search.c **** 
 278:Middlewares/ST/filex/common/src/fx_unicode_directory_search.c ****         /* Check for error status.  */
 279:Middlewares/ST/filex/common/src/fx_unicode_directory_search.c ****         if (status != FX_SUCCESS)
 280:Middlewares/ST/filex/common/src/fx_unicode_directory_search.c ****         {
 281:Middlewares/ST/filex/common/src/fx_unicode_directory_search.c ****             return(status);
 282:Middlewares/ST/filex/common/src/fx_unicode_directory_search.c ****         }
 283:Middlewares/ST/filex/common/src/fx_unicode_directory_search.c **** 
 284:Middlewares/ST/filex/common/src/fx_unicode_directory_search.c ****         /* Determine if this is an empty entry.  */
 285:Middlewares/ST/filex/common/src/fx_unicode_directory_search.c ****         if (((UCHAR)entry_ptr -> fx_dir_entry_name[0] == (UCHAR)FX_DIR_ENTRY_FREE) && (entry_ptr ->
ARM GAS  /tmp/ccjyvcSj.s 			page 12


 310              		.loc 1 285 124 discriminator 1 view .LVU111
 311 012c 2179     		ldrb	r1, [r4, #4]	@ zero_extendqisi2
 312              		.loc 1 285 84 discriminator 1 view .LVU112
 313 012e B1B9     		cbnz	r1, .L17
 314              	.L18:
 286:Middlewares/ST/filex/common/src/fx_unicode_directory_search.c ****         {
 287:Middlewares/ST/filex/common/src/fx_unicode_directory_search.c ****             continue;
 288:Middlewares/ST/filex/common/src/fx_unicode_directory_search.c ****         }
 289:Middlewares/ST/filex/common/src/fx_unicode_directory_search.c **** 
 290:Middlewares/ST/filex/common/src/fx_unicode_directory_search.c ****         /* Determine if this is the last directory entry.  */
 291:Middlewares/ST/filex/common/src/fx_unicode_directory_search.c ****         if ((UCHAR)entry_ptr -> fx_dir_entry_name[0] == (UCHAR)FX_DIR_ENTRY_DONE)
 292:Middlewares/ST/filex/common/src/fx_unicode_directory_search.c ****         {
 293:Middlewares/ST/filex/common/src/fx_unicode_directory_search.c ****             break;
 294:Middlewares/ST/filex/common/src/fx_unicode_directory_search.c ****         }
 295:Middlewares/ST/filex/common/src/fx_unicode_directory_search.c **** 
 296:Middlewares/ST/filex/common/src/fx_unicode_directory_search.c ****         /* Determine if there is a short name to match.  */
 297:Middlewares/ST/filex/common/src/fx_unicode_directory_search.c ****         if (unicode_to_short_name[0])
 298:Middlewares/ST/filex/common/src/fx_unicode_directory_search.c ****         {
 299:Middlewares/ST/filex/common/src/fx_unicode_directory_search.c **** 
 300:Middlewares/ST/filex/common/src/fx_unicode_directory_search.c ****             /* Get the short name pointer.  */
 301:Middlewares/ST/filex/common/src/fx_unicode_directory_search.c ****             if (entry_ptr -> fx_dir_entry_short_name[0])
 302:Middlewares/ST/filex/common/src/fx_unicode_directory_search.c ****             {
 303:Middlewares/ST/filex/common/src/fx_unicode_directory_search.c ****                 short_name_ptr =  entry_ptr -> fx_dir_entry_short_name;
 304:Middlewares/ST/filex/common/src/fx_unicode_directory_search.c ****             }
 305:Middlewares/ST/filex/common/src/fx_unicode_directory_search.c ****             else
 306:Middlewares/ST/filex/common/src/fx_unicode_directory_search.c ****             {
 307:Middlewares/ST/filex/common/src/fx_unicode_directory_search.c ****                 short_name_ptr =  entry_ptr -> fx_dir_entry_name;
 308:Middlewares/ST/filex/common/src/fx_unicode_directory_search.c ****             }
 309:Middlewares/ST/filex/common/src/fx_unicode_directory_search.c **** 
 310:Middlewares/ST/filex/common/src/fx_unicode_directory_search.c ****             for (j = 0; j < local_unicode_name_length; j++)
 311:Middlewares/ST/filex/common/src/fx_unicode_directory_search.c ****             {
 312:Middlewares/ST/filex/common/src/fx_unicode_directory_search.c **** 
 313:Middlewares/ST/filex/common/src/fx_unicode_directory_search.c ****                 /* Compare characters.  */
 314:Middlewares/ST/filex/common/src/fx_unicode_directory_search.c ****                 if (short_name_ptr[j] != unicode_to_short_name[j])
 315:Middlewares/ST/filex/common/src/fx_unicode_directory_search.c ****                 {
 316:Middlewares/ST/filex/common/src/fx_unicode_directory_search.c ****                     break;
 317:Middlewares/ST/filex/common/src/fx_unicode_directory_search.c ****                 }
 318:Middlewares/ST/filex/common/src/fx_unicode_directory_search.c ****             }
 319:Middlewares/ST/filex/common/src/fx_unicode_directory_search.c ****             if (j == local_unicode_name_length)
 320:Middlewares/ST/filex/common/src/fx_unicode_directory_search.c ****             {
 321:Middlewares/ST/filex/common/src/fx_unicode_directory_search.c **** 
 322:Middlewares/ST/filex/common/src/fx_unicode_directory_search.c ****                 /* Only the 1st 13 bytes or the buffer length is copied, whichever is smaller.  */
 323:Middlewares/ST/filex/common/src/fx_unicode_directory_search.c ****                 if (short_name_buffer_length > 13)
 324:Middlewares/ST/filex/common/src/fx_unicode_directory_search.c ****                 {
 325:Middlewares/ST/filex/common/src/fx_unicode_directory_search.c ****                     short_name_buffer_length = 13;
 326:Middlewares/ST/filex/common/src/fx_unicode_directory_search.c ****                 }
 327:Middlewares/ST/filex/common/src/fx_unicode_directory_search.c **** 
 328:Middlewares/ST/filex/common/src/fx_unicode_directory_search.c ****                 /* The names match, copy the short name into the destination.  */
 329:Middlewares/ST/filex/common/src/fx_unicode_directory_search.c ****                 for (j = 0; j < short_name_buffer_length; j++)
 330:Middlewares/ST/filex/common/src/fx_unicode_directory_search.c ****                 {
 331:Middlewares/ST/filex/common/src/fx_unicode_directory_search.c ****                     short_name[j] = (UCHAR)short_name_ptr[j];
 332:Middlewares/ST/filex/common/src/fx_unicode_directory_search.c ****                 }
 333:Middlewares/ST/filex/common/src/fx_unicode_directory_search.c **** 
 334:Middlewares/ST/filex/common/src/fx_unicode_directory_search.c ****                 /* Return success to caller.  */
 335:Middlewares/ST/filex/common/src/fx_unicode_directory_search.c ****                 return(FX_SUCCESS);
 336:Middlewares/ST/filex/common/src/fx_unicode_directory_search.c ****             }
 337:Middlewares/ST/filex/common/src/fx_unicode_directory_search.c ****         }
ARM GAS  /tmp/ccjyvcSj.s 			page 13


 338:Middlewares/ST/filex/common/src/fx_unicode_directory_search.c **** 
 339:Middlewares/ST/filex/common/src/fx_unicode_directory_search.c ****         /* Determine if this is not a unicode name.  */
 340:Middlewares/ST/filex/common/src/fx_unicode_directory_search.c ****         if (unicode_search_length == 0)
 341:Middlewares/ST/filex/common/src/fx_unicode_directory_search.c ****         {
 342:Middlewares/ST/filex/common/src/fx_unicode_directory_search.c ****             continue;
 343:Middlewares/ST/filex/common/src/fx_unicode_directory_search.c ****         }
 344:Middlewares/ST/filex/common/src/fx_unicode_directory_search.c **** 
 345:Middlewares/ST/filex/common/src/fx_unicode_directory_search.c ****         /* Determine if we are searching for a short file name or a unicode file name.  */
 346:Middlewares/ST/filex/common/src/fx_unicode_directory_search.c ****         if (short_name[0])
 347:Middlewares/ST/filex/common/src/fx_unicode_directory_search.c ****         {
 348:Middlewares/ST/filex/common/src/fx_unicode_directory_search.c **** 
 349:Middlewares/ST/filex/common/src/fx_unicode_directory_search.c ****             /* We have a short name and need a unicode name.  Compare the short name against the sh
 350:Middlewares/ST/filex/common/src/fx_unicode_directory_search.c ****                the directory entry for a match.  */
 351:Middlewares/ST/filex/common/src/fx_unicode_directory_search.c ****             found =  FX_TRUE;
 352:Middlewares/ST/filex/common/src/fx_unicode_directory_search.c ****             for (j = 0; j < 12; j++)
 353:Middlewares/ST/filex/common/src/fx_unicode_directory_search.c ****             {
 354:Middlewares/ST/filex/common/src/fx_unicode_directory_search.c **** 
 355:Middlewares/ST/filex/common/src/fx_unicode_directory_search.c ****                 /* Compare characters...  */
 356:Middlewares/ST/filex/common/src/fx_unicode_directory_search.c ****                 if (entry_ptr -> fx_dir_entry_short_name[0])
 357:Middlewares/ST/filex/common/src/fx_unicode_directory_search.c ****                 {
 358:Middlewares/ST/filex/common/src/fx_unicode_directory_search.c **** 
 359:Middlewares/ST/filex/common/src/fx_unicode_directory_search.c ****                     /* Yes, the return name is in the short name field... compare against it!  */
 360:Middlewares/ST/filex/common/src/fx_unicode_directory_search.c ****                     if (short_name[j] != (UCHAR)entry_ptr -> fx_dir_entry_short_name[j])
 361:Middlewares/ST/filex/common/src/fx_unicode_directory_search.c ****                     {
 362:Middlewares/ST/filex/common/src/fx_unicode_directory_search.c **** 
 363:Middlewares/ST/filex/common/src/fx_unicode_directory_search.c ****                         found = FX_FALSE;
 364:Middlewares/ST/filex/common/src/fx_unicode_directory_search.c ****                         break;
 365:Middlewares/ST/filex/common/src/fx_unicode_directory_search.c ****                     }
 366:Middlewares/ST/filex/common/src/fx_unicode_directory_search.c ****                 }
 367:Middlewares/ST/filex/common/src/fx_unicode_directory_search.c ****                 else
 368:Middlewares/ST/filex/common/src/fx_unicode_directory_search.c ****                 {
 369:Middlewares/ST/filex/common/src/fx_unicode_directory_search.c **** 
 370:Middlewares/ST/filex/common/src/fx_unicode_directory_search.c ****                     /* No, the return name is in the name field... compare against it!  */
 371:Middlewares/ST/filex/common/src/fx_unicode_directory_search.c ****                     if (short_name[j] != (UCHAR)entry_ptr -> fx_dir_entry_name[j])
 372:Middlewares/ST/filex/common/src/fx_unicode_directory_search.c ****                     {
 373:Middlewares/ST/filex/common/src/fx_unicode_directory_search.c **** 
 374:Middlewares/ST/filex/common/src/fx_unicode_directory_search.c ****                         found = FX_FALSE;
 375:Middlewares/ST/filex/common/src/fx_unicode_directory_search.c ****                         break;
 376:Middlewares/ST/filex/common/src/fx_unicode_directory_search.c ****                     }
 377:Middlewares/ST/filex/common/src/fx_unicode_directory_search.c ****                 }
 378:Middlewares/ST/filex/common/src/fx_unicode_directory_search.c **** 
 379:Middlewares/ST/filex/common/src/fx_unicode_directory_search.c ****                 /* Are we done?  */
 380:Middlewares/ST/filex/common/src/fx_unicode_directory_search.c ****                 if (short_name[j] == (UCHAR)FX_NULL)
 381:Middlewares/ST/filex/common/src/fx_unicode_directory_search.c ****                 {
 382:Middlewares/ST/filex/common/src/fx_unicode_directory_search.c ****                     break;
 383:Middlewares/ST/filex/common/src/fx_unicode_directory_search.c ****                 }
 384:Middlewares/ST/filex/common/src/fx_unicode_directory_search.c ****             }
 385:Middlewares/ST/filex/common/src/fx_unicode_directory_search.c **** 
 386:Middlewares/ST/filex/common/src/fx_unicode_directory_search.c ****             /* One final compare to see if we have a match.  */
 387:Middlewares/ST/filex/common/src/fx_unicode_directory_search.c ****             if ((found == FX_FALSE) || ((j == 12) && (short_name[12] != 0)))
 388:Middlewares/ST/filex/common/src/fx_unicode_directory_search.c ****             {
 389:Middlewares/ST/filex/common/src/fx_unicode_directory_search.c ****                 continue;
 390:Middlewares/ST/filex/common/src/fx_unicode_directory_search.c ****             }
 391:Middlewares/ST/filex/common/src/fx_unicode_directory_search.c **** 
 392:Middlewares/ST/filex/common/src/fx_unicode_directory_search.c ****             /* A match was found so copy the unicode name and length and return.  */
 393:Middlewares/ST/filex/common/src/fx_unicode_directory_search.c ****             /* Copy the length.  */
 394:Middlewares/ST/filex/common/src/fx_unicode_directory_search.c ****             *unicode_name_length =  unicode_search_length;
ARM GAS  /tmp/ccjyvcSj.s 			page 14


 395:Middlewares/ST/filex/common/src/fx_unicode_directory_search.c ****             
 396:Middlewares/ST/filex/common/src/fx_unicode_directory_search.c ****             /* Check if the name fit in the buffer.  */
 397:Middlewares/ST/filex/common/src/fx_unicode_directory_search.c ****             if (unicode_name_buffer_length < (unicode_search_length + 1) * 2)
 398:Middlewares/ST/filex/common/src/fx_unicode_directory_search.c ****             {
 399:Middlewares/ST/filex/common/src/fx_unicode_directory_search.c ****                 unicode_search_length = (unicode_name_buffer_length - 2) / 2;
 400:Middlewares/ST/filex/common/src/fx_unicode_directory_search.c ****             }
 401:Middlewares/ST/filex/common/src/fx_unicode_directory_search.c **** 
 402:Middlewares/ST/filex/common/src/fx_unicode_directory_search.c ****             /* Copy the unicode name.   */
 403:Middlewares/ST/filex/common/src/fx_unicode_directory_search.c ****             for (j = 0; j < unicode_search_length * 2; j++)
 404:Middlewares/ST/filex/common/src/fx_unicode_directory_search.c ****             {
 405:Middlewares/ST/filex/common/src/fx_unicode_directory_search.c **** 
 406:Middlewares/ST/filex/common/src/fx_unicode_directory_search.c ****                 /* Copy one unicode character to the destination...  */
 407:Middlewares/ST/filex/common/src/fx_unicode_directory_search.c ****                 unicode_name[j] =  _fx_unicode_search_name[j];
 408:Middlewares/ST/filex/common/src/fx_unicode_directory_search.c ****             }
 409:Middlewares/ST/filex/common/src/fx_unicode_directory_search.c **** 
 410:Middlewares/ST/filex/common/src/fx_unicode_directory_search.c ****             /* Make sure there is a NULL in the destination.  */
 411:Middlewares/ST/filex/common/src/fx_unicode_directory_search.c ****             unicode_name[j] =    (UCHAR)0;
 412:Middlewares/ST/filex/common/src/fx_unicode_directory_search.c ****             unicode_name[j + 1] =  (UCHAR)0;
 413:Middlewares/ST/filex/common/src/fx_unicode_directory_search.c **** 
 414:Middlewares/ST/filex/common/src/fx_unicode_directory_search.c **** 
 415:Middlewares/ST/filex/common/src/fx_unicode_directory_search.c **** 
 416:Middlewares/ST/filex/common/src/fx_unicode_directory_search.c ****             /* Return successful completion.  */
 417:Middlewares/ST/filex/common/src/fx_unicode_directory_search.c ****             return(FX_SUCCESS);
 418:Middlewares/ST/filex/common/src/fx_unicode_directory_search.c ****         }
 419:Middlewares/ST/filex/common/src/fx_unicode_directory_search.c ****         else
 420:Middlewares/ST/filex/common/src/fx_unicode_directory_search.c ****         {
 421:Middlewares/ST/filex/common/src/fx_unicode_directory_search.c **** 
 422:Middlewares/ST/filex/common/src/fx_unicode_directory_search.c ****             /* Determine if this is the correct unicode name.  */
 423:Middlewares/ST/filex/common/src/fx_unicode_directory_search.c ****             if (unicode_search_length != local_unicode_name_length)
 424:Middlewares/ST/filex/common/src/fx_unicode_directory_search.c ****             {
 425:Middlewares/ST/filex/common/src/fx_unicode_directory_search.c ****                 continue;
 426:Middlewares/ST/filex/common/src/fx_unicode_directory_search.c ****             }
 427:Middlewares/ST/filex/common/src/fx_unicode_directory_search.c **** 
 428:Middlewares/ST/filex/common/src/fx_unicode_directory_search.c ****             /* Compare the unicode search name with the requested unicode name.  */
 429:Middlewares/ST/filex/common/src/fx_unicode_directory_search.c ****             for (j = 0; j < (local_unicode_name_length * 2); j = j + 2)
 430:Middlewares/ST/filex/common/src/fx_unicode_directory_search.c ****             {
 431:Middlewares/ST/filex/common/src/fx_unicode_directory_search.c **** 
 432:Middlewares/ST/filex/common/src/fx_unicode_directory_search.c ****                 /* Compare bytes of each unicode name.  */
 433:Middlewares/ST/filex/common/src/fx_unicode_directory_search.c ****                 if (unicode_name[j] != _fx_unicode_search_name[j])
 434:Middlewares/ST/filex/common/src/fx_unicode_directory_search.c ****                 {
 435:Middlewares/ST/filex/common/src/fx_unicode_directory_search.c **** 
 436:Middlewares/ST/filex/common/src/fx_unicode_directory_search.c ****                     /* Not match, Check if the character is in ASCII range.  */
 437:Middlewares/ST/filex/common/src/fx_unicode_directory_search.c ****                     if ((_fx_unicode_search_name[j + 1] == 0) && (unicode_name[j + 1] == 0))
 438:Middlewares/ST/filex/common/src/fx_unicode_directory_search.c ****                     {
 439:Middlewares/ST/filex/common/src/fx_unicode_directory_search.c **** 
 440:Middlewares/ST/filex/common/src/fx_unicode_directory_search.c ****                         /* Check if it is case mismatch.  */
 441:Middlewares/ST/filex/common/src/fx_unicode_directory_search.c ****                         if ((unicode_name[j]) >= 'a' && (unicode_name[j] <= 'z'))
 442:Middlewares/ST/filex/common/src/fx_unicode_directory_search.c ****                         {
 443:Middlewares/ST/filex/common/src/fx_unicode_directory_search.c ****                             if ((unicode_name[j] - 0x20) == _fx_unicode_search_name[j])
 444:Middlewares/ST/filex/common/src/fx_unicode_directory_search.c ****                             {
 445:Middlewares/ST/filex/common/src/fx_unicode_directory_search.c ****                                 continue;
 446:Middlewares/ST/filex/common/src/fx_unicode_directory_search.c ****                             }
 447:Middlewares/ST/filex/common/src/fx_unicode_directory_search.c ****                         }
 448:Middlewares/ST/filex/common/src/fx_unicode_directory_search.c ****                         if ((_fx_unicode_search_name[j]) >= 'a' && (_fx_unicode_search_name[j] <= '
 449:Middlewares/ST/filex/common/src/fx_unicode_directory_search.c ****                         {
 450:Middlewares/ST/filex/common/src/fx_unicode_directory_search.c ****                             if ((_fx_unicode_search_name[j] - 0x20) == unicode_name[j])
 451:Middlewares/ST/filex/common/src/fx_unicode_directory_search.c ****                             {
ARM GAS  /tmp/ccjyvcSj.s 			page 15


 452:Middlewares/ST/filex/common/src/fx_unicode_directory_search.c ****                                 continue;
 453:Middlewares/ST/filex/common/src/fx_unicode_directory_search.c ****                             }
 454:Middlewares/ST/filex/common/src/fx_unicode_directory_search.c ****                         }
 455:Middlewares/ST/filex/common/src/fx_unicode_directory_search.c ****                     }
 456:Middlewares/ST/filex/common/src/fx_unicode_directory_search.c **** 
 457:Middlewares/ST/filex/common/src/fx_unicode_directory_search.c ****                     break;
 458:Middlewares/ST/filex/common/src/fx_unicode_directory_search.c ****                 }
 459:Middlewares/ST/filex/common/src/fx_unicode_directory_search.c **** 
 460:Middlewares/ST/filex/common/src/fx_unicode_directory_search.c ****                 /* Compare the next byte.  */
 461:Middlewares/ST/filex/common/src/fx_unicode_directory_search.c ****                 if (unicode_name[j + 1] != _fx_unicode_search_name[j + 1])
 462:Middlewares/ST/filex/common/src/fx_unicode_directory_search.c ****                 {
 463:Middlewares/ST/filex/common/src/fx_unicode_directory_search.c ****                     break;
 464:Middlewares/ST/filex/common/src/fx_unicode_directory_search.c ****                 }
 465:Middlewares/ST/filex/common/src/fx_unicode_directory_search.c ****             }
 466:Middlewares/ST/filex/common/src/fx_unicode_directory_search.c **** 
 467:Middlewares/ST/filex/common/src/fx_unicode_directory_search.c ****             /* Determine if the names do not match.  */
 468:Middlewares/ST/filex/common/src/fx_unicode_directory_search.c ****             if (j != (local_unicode_name_length * 2))
 469:Middlewares/ST/filex/common/src/fx_unicode_directory_search.c ****             {
 470:Middlewares/ST/filex/common/src/fx_unicode_directory_search.c ****                 continue;
 471:Middlewares/ST/filex/common/src/fx_unicode_directory_search.c ****             }
 472:Middlewares/ST/filex/common/src/fx_unicode_directory_search.c **** 
 473:Middlewares/ST/filex/common/src/fx_unicode_directory_search.c ****             /* Otherwise, the names match, copy the short name into the destination.  */
 474:Middlewares/ST/filex/common/src/fx_unicode_directory_search.c ****             /* Only the 1st 13 bytes or the buffer length is copied, whichever is smaller.  */
 475:Middlewares/ST/filex/common/src/fx_unicode_directory_search.c ****             if (short_name_buffer_length > 13)
 476:Middlewares/ST/filex/common/src/fx_unicode_directory_search.c ****             {
 477:Middlewares/ST/filex/common/src/fx_unicode_directory_search.c ****                 short_name_buffer_length = 13;
 478:Middlewares/ST/filex/common/src/fx_unicode_directory_search.c ****             }
 479:Middlewares/ST/filex/common/src/fx_unicode_directory_search.c ****             for (j = 0; j < short_name_buffer_length; j++)
 480:Middlewares/ST/filex/common/src/fx_unicode_directory_search.c ****             {
 481:Middlewares/ST/filex/common/src/fx_unicode_directory_search.c **** 
 482:Middlewares/ST/filex/common/src/fx_unicode_directory_search.c ****                 /* Copy a character.  */
 483:Middlewares/ST/filex/common/src/fx_unicode_directory_search.c ****                 if (entry_ptr -> fx_dir_entry_short_name[0])
 484:Middlewares/ST/filex/common/src/fx_unicode_directory_search.c ****                 {
 485:Middlewares/ST/filex/common/src/fx_unicode_directory_search.c ****                     short_name[j] =  (UCHAR)entry_ptr -> fx_dir_entry_short_name[j];
 486:Middlewares/ST/filex/common/src/fx_unicode_directory_search.c ****                 }
 487:Middlewares/ST/filex/common/src/fx_unicode_directory_search.c ****                 else
 488:Middlewares/ST/filex/common/src/fx_unicode_directory_search.c ****                 {
 489:Middlewares/ST/filex/common/src/fx_unicode_directory_search.c ****                     short_name[j] =  (UCHAR)entry_ptr -> fx_dir_entry_name[j];
 490:Middlewares/ST/filex/common/src/fx_unicode_directory_search.c ****                 }
 491:Middlewares/ST/filex/common/src/fx_unicode_directory_search.c ****             }
 492:Middlewares/ST/filex/common/src/fx_unicode_directory_search.c **** 
 493:Middlewares/ST/filex/common/src/fx_unicode_directory_search.c ****             /* Return success to caller.  */
 494:Middlewares/ST/filex/common/src/fx_unicode_directory_search.c ****             return(FX_SUCCESS);
 495:Middlewares/ST/filex/common/src/fx_unicode_directory_search.c ****         }
 496:Middlewares/ST/filex/common/src/fx_unicode_directory_search.c ****     } while (i < directory_size);
 315              		.loc 1 496 16 is_stmt 1 view .LVU113
 316 0130 5345     		cmp	r3, r10
 317 0132 80F0E280 		bcs	.L65
 318              	.LVL26:
 319              	.L48:
 271:Middlewares/ST/filex/common/src/fx_unicode_directory_search.c ****     do
 320              		.loc 1 271 5 view .LVU114
 275:Middlewares/ST/filex/common/src/fx_unicode_directory_search.c ****         i++;
 321              		.loc 1 275 9 view .LVU115
 275:Middlewares/ST/filex/common/src/fx_unicode_directory_search.c ****         i++;
 322              		.loc 1 275 19 is_stmt 0 view .LVU116
 323 0136 09AB     		add	r3, sp, #36
ARM GAS  /tmp/ccjyvcSj.s 			page 16


 324 0138 0193     		str	r3, [sp, #4]
 325 013a 4A4B     		ldr	r3, .L71+4
 326 013c 0093     		str	r3, [sp]
 327 013e 2346     		mov	r3, r4
 328 0140 27AA     		add	r2, sp, #156
 329 0142 4946     		mov	r1, r9
 330 0144 2846     		mov	r0, r5
 331 0146 FFF7FEFF 		bl	_fx_unicode_directory_entry_read
 332              	.LVL27:
 276:Middlewares/ST/filex/common/src/fx_unicode_directory_search.c **** 
 333              		.loc 1 276 9 is_stmt 1 view .LVU117
 276:Middlewares/ST/filex/common/src/fx_unicode_directory_search.c **** 
 334              		.loc 1 276 10 is_stmt 0 view .LVU118
 335 014a 279B     		ldr	r3, [sp, #156]
 336 014c 0133     		adds	r3, r3, #1
 337 014e 2793     		str	r3, [sp, #156]
 279:Middlewares/ST/filex/common/src/fx_unicode_directory_search.c ****         {
 338              		.loc 1 279 9 is_stmt 1 view .LVU119
 279:Middlewares/ST/filex/common/src/fx_unicode_directory_search.c ****         {
 339              		.loc 1 279 12 is_stmt 0 view .LVU120
 340 0150 8446     		mov	ip, r0
 341 0152 0028     		cmp	r0, #0
 342 0154 7FD1     		bne	.L1
 285:Middlewares/ST/filex/common/src/fx_unicode_directory_search.c ****         {
 343              		.loc 1 285 9 is_stmt 1 view .LVU121
 285:Middlewares/ST/filex/common/src/fx_unicode_directory_search.c ****         {
 344              		.loc 1 285 31 is_stmt 0 view .LVU122
 345 0156 2068     		ldr	r0, [r4]
 346              	.LVL28:
 285:Middlewares/ST/filex/common/src/fx_unicode_directory_search.c ****         {
 347              		.loc 1 285 51 view .LVU123
 348 0158 0278     		ldrb	r2, [r0]	@ zero_extendqisi2
 285:Middlewares/ST/filex/common/src/fx_unicode_directory_search.c ****         {
 349              		.loc 1 285 12 view .LVU124
 350 015a E52A     		cmp	r2, #229
 351 015c E6D0     		beq	.L66
 352              	.L17:
 291:Middlewares/ST/filex/common/src/fx_unicode_directory_search.c ****         {
 353              		.loc 1 291 9 is_stmt 1 view .LVU125
 291:Middlewares/ST/filex/common/src/fx_unicode_directory_search.c ****         {
 354              		.loc 1 291 12 is_stmt 0 view .LVU126
 355 015e 002A     		cmp	r2, #0
 356 0160 00F0D480 		beq	.L52
 297:Middlewares/ST/filex/common/src/fx_unicode_directory_search.c ****         {
 357              		.loc 1 297 9 is_stmt 1 view .LVU127
 297:Middlewares/ST/filex/common/src/fx_unicode_directory_search.c ****         {
 358              		.loc 1 297 34 is_stmt 0 view .LVU128
 359 0164 9DF81420 		ldrb	r2, [sp, #20]	@ zero_extendqisi2
 297:Middlewares/ST/filex/common/src/fx_unicode_directory_search.c ****         {
 360              		.loc 1 297 12 view .LVU129
 361 0168 62B9     		cbnz	r2, .L67
 362              	.L19:
 340:Middlewares/ST/filex/common/src/fx_unicode_directory_search.c ****         {
 363              		.loc 1 340 9 is_stmt 1 view .LVU130
 340:Middlewares/ST/filex/common/src/fx_unicode_directory_search.c ****         {
 364              		.loc 1 340 35 is_stmt 0 view .LVU131
 365 016a 0999     		ldr	r1, [sp, #36]
ARM GAS  /tmp/ccjyvcSj.s 			page 17


 340:Middlewares/ST/filex/common/src/fx_unicode_directory_search.c ****         {
 366              		.loc 1 340 12 view .LVU132
 367 016c 0029     		cmp	r1, #0
 368 016e DFD0     		beq	.L18
 346:Middlewares/ST/filex/common/src/fx_unicode_directory_search.c ****         {
 369              		.loc 1 346 9 is_stmt 1 view .LVU133
 346:Middlewares/ST/filex/common/src/fx_unicode_directory_search.c ****         {
 370              		.loc 1 346 23 is_stmt 0 view .LVU134
 371 0170 3278     		ldrb	r2, [r6]	@ zero_extendqisi2
 346:Middlewares/ST/filex/common/src/fx_unicode_directory_search.c ****         {
 372              		.loc 1 346 12 view .LVU135
 373 0172 002A     		cmp	r2, #0
 374 0174 42D1     		bne	.L68
 423:Middlewares/ST/filex/common/src/fx_unicode_directory_search.c ****             {
 375              		.loc 1 423 13 is_stmt 1 view .LVU136
 423:Middlewares/ST/filex/common/src/fx_unicode_directory_search.c ****             {
 376              		.loc 1 423 16 is_stmt 0 view .LVU137
 377 0176 B942     		cmp	r1, r7
 378 0178 DAD1     		bne	.L18
 429:Middlewares/ST/filex/common/src/fx_unicode_directory_search.c ****             {
 379              		.loc 1 429 20 view .LVU138
 380 017a 6246     		mov	r2, ip
 381 017c 0293     		str	r3, [sp, #8]
 382 017e CDF80CA0 		str	r10, [sp, #12]
 383 0182 79E0     		b	.L37
 384              	.L67:
 301:Middlewares/ST/filex/common/src/fx_unicode_directory_search.c ****             {
 385              		.loc 1 301 13 is_stmt 1 view .LVU139
 301:Middlewares/ST/filex/common/src/fx_unicode_directory_search.c ****             {
 386              		.loc 1 301 53 is_stmt 0 view .LVU140
 387 0184 2279     		ldrb	r2, [r4, #4]	@ zero_extendqisi2
 301:Middlewares/ST/filex/common/src/fx_unicode_directory_search.c ****             {
 388              		.loc 1 301 16 view .LVU141
 389 0186 22B1     		cbz	r2, .L53
 303:Middlewares/ST/filex/common/src/fx_unicode_directory_search.c ****             }
 390              		.loc 1 303 17 is_stmt 1 view .LVU142
 303:Middlewares/ST/filex/common/src/fx_unicode_directory_search.c ****             }
 391              		.loc 1 303 32 is_stmt 0 view .LVU143
 392 0188 04F1040E 		add	lr, r4, #4
 393              	.LVL29:
 394              	.L20:
 310:Middlewares/ST/filex/common/src/fx_unicode_directory_search.c ****             {
 395              		.loc 1 310 13 is_stmt 1 view .LVU144
 310:Middlewares/ST/filex/common/src/fx_unicode_directory_search.c ****             {
 396              		.loc 1 310 20 is_stmt 0 view .LVU145
 397 018c 6246     		mov	r2, ip
 398 018e 0293     		str	r3, [sp, #8]
 310:Middlewares/ST/filex/common/src/fx_unicode_directory_search.c ****             {
 399              		.loc 1 310 13 view .LVU146
 400 0190 02E0     		b	.L21
 401              	.LVL30:
 402              	.L53:
 307:Middlewares/ST/filex/common/src/fx_unicode_directory_search.c ****             }
 403              		.loc 1 307 32 view .LVU147
 404 0192 8646     		mov	lr, r0
 405 0194 FAE7     		b	.L20
 406              	.LVL31:
ARM GAS  /tmp/ccjyvcSj.s 			page 18


 407              	.L69:
 310:Middlewares/ST/filex/common/src/fx_unicode_directory_search.c ****             {
 408              		.loc 1 310 57 is_stmt 1 discriminator 2 view .LVU148
 409 0196 0132     		adds	r2, r2, #1
 410              	.LVL32:
 411              	.L21:
 310:Middlewares/ST/filex/common/src/fx_unicode_directory_search.c ****             {
 412              		.loc 1 310 27 discriminator 1 view .LVU149
 413 0198 BA42     		cmp	r2, r7
 414 019a 08D2     		bcs	.L22
 314:Middlewares/ST/filex/common/src/fx_unicode_directory_search.c ****                 {
 415              		.loc 1 314 17 view .LVU150
 314:Middlewares/ST/filex/common/src/fx_unicode_directory_search.c ****                 {
 416              		.loc 1 314 35 is_stmt 0 view .LVU151
 417 019c 1EF80210 		ldrb	r1, [lr, r2]	@ zero_extendqisi2
 314:Middlewares/ST/filex/common/src/fx_unicode_directory_search.c ****                 {
 418              		.loc 1 314 63 view .LVU152
 419 01a0 02F1A003 		add	r3, r2, #160
 420 01a4 6B44     		add	r3, sp, r3
 421 01a6 13F88C3C 		ldrb	r3, [r3, #-140]	@ zero_extendqisi2
 314:Middlewares/ST/filex/common/src/fx_unicode_directory_search.c ****                 {
 422              		.loc 1 314 20 view .LVU153
 423 01aa 9942     		cmp	r1, r3
 424 01ac F3D0     		beq	.L69
 425              	.L22:
 319:Middlewares/ST/filex/common/src/fx_unicode_directory_search.c ****             {
 426              		.loc 1 319 16 view .LVU154
 427 01ae 029B     		ldr	r3, [sp, #8]
 319:Middlewares/ST/filex/common/src/fx_unicode_directory_search.c ****             {
 428              		.loc 1 319 13 is_stmt 1 view .LVU155
 319:Middlewares/ST/filex/common/src/fx_unicode_directory_search.c ****             {
 429              		.loc 1 319 16 is_stmt 0 view .LVU156
 430 01b0 BA42     		cmp	r2, r7
 431 01b2 DAD1     		bne	.L19
 323:Middlewares/ST/filex/common/src/fx_unicode_directory_search.c ****                 {
 432              		.loc 1 323 17 is_stmt 1 view .LVU157
 323:Middlewares/ST/filex/common/src/fx_unicode_directory_search.c ****                 {
 433              		.loc 1 323 20 is_stmt 0 view .LVU158
 434 01b4 BBF10D0F 		cmp	fp, #13
 435 01b8 01D9     		bls	.L24
 325:Middlewares/ST/filex/common/src/fx_unicode_directory_search.c ****                 }
 436              		.loc 1 325 46 view .LVU159
 437 01ba 4FF00D0B 		mov	fp, #13
 438              	.LVL33:
 439              	.L24:
 329:Middlewares/ST/filex/common/src/fx_unicode_directory_search.c ****                 {
 440              		.loc 1 329 17 is_stmt 1 view .LVU160
 329:Middlewares/ST/filex/common/src/fx_unicode_directory_search.c ****                 {
 441              		.loc 1 329 24 is_stmt 0 view .LVU161
 442 01be 6346     		mov	r3, ip
 329:Middlewares/ST/filex/common/src/fx_unicode_directory_search.c ****                 {
 443              		.loc 1 329 17 view .LVU162
 444 01c0 03E0     		b	.L25
 445              	.LVL34:
 446              	.L26:
 331:Middlewares/ST/filex/common/src/fx_unicode_directory_search.c ****                 }
 447              		.loc 1 331 21 is_stmt 1 view .LVU163
ARM GAS  /tmp/ccjyvcSj.s 			page 19


 331:Middlewares/ST/filex/common/src/fx_unicode_directory_search.c ****                 }
 448              		.loc 1 331 37 is_stmt 0 view .LVU164
 449 01c2 1EF80320 		ldrb	r2, [lr, r3]	@ zero_extendqisi2
 331:Middlewares/ST/filex/common/src/fx_unicode_directory_search.c ****                 }
 450              		.loc 1 331 35 view .LVU165
 451 01c6 F254     		strb	r2, [r6, r3]
 329:Middlewares/ST/filex/common/src/fx_unicode_directory_search.c ****                 {
 452              		.loc 1 329 60 is_stmt 1 discriminator 3 view .LVU166
 453 01c8 0133     		adds	r3, r3, #1
 454              	.LVL35:
 455              	.L25:
 329:Middlewares/ST/filex/common/src/fx_unicode_directory_search.c ****                 {
 456              		.loc 1 329 31 discriminator 1 view .LVU167
 457 01ca 9B45     		cmp	fp, r3
 458 01cc F9D8     		bhi	.L26
 459 01ce 42E0     		b	.L1
 460              	.LVL36:
 461              	.L29:
 371:Middlewares/ST/filex/common/src/fx_unicode_directory_search.c ****                     {
 462              		.loc 1 371 21 view .LVU168
 371:Middlewares/ST/filex/common/src/fx_unicode_directory_search.c ****                     {
 463              		.loc 1 371 35 is_stmt 0 view .LVU169
 464 01d0 16F802E0 		ldrb	lr, [r6, r2]	@ zero_extendqisi2
 371:Middlewares/ST/filex/common/src/fx_unicode_directory_search.c ****                     {
 465              		.loc 1 371 39 view .LVU170
 466 01d4 835C     		ldrb	r3, [r0, r2]	@ zero_extendqisi2
 371:Middlewares/ST/filex/common/src/fx_unicode_directory_search.c ****                     {
 467              		.loc 1 371 24 view .LVU171
 468 01d6 9E45     		cmp	lr, r3
 469 01d8 28D1     		bne	.L57
 470              	.L31:
 380:Middlewares/ST/filex/common/src/fx_unicode_directory_search.c ****                 {
 471              		.loc 1 380 17 is_stmt 1 view .LVU172
 380:Middlewares/ST/filex/common/src/fx_unicode_directory_search.c ****                 {
 472              		.loc 1 380 31 is_stmt 0 view .LVU173
 473 01da B35C     		ldrb	r3, [r6, r2]	@ zero_extendqisi2
 380:Middlewares/ST/filex/common/src/fx_unicode_directory_search.c ****                 {
 474              		.loc 1 380 20 view .LVU174
 475 01dc 4BB3     		cbz	r3, .L58
 352:Middlewares/ST/filex/common/src/fx_unicode_directory_search.c ****             {
 476              		.loc 1 352 34 is_stmt 1 discriminator 2 view .LVU175
 477 01de 0132     		adds	r2, r2, #1
 478              	.LVL37:
 479              	.L27:
 352:Middlewares/ST/filex/common/src/fx_unicode_directory_search.c ****             {
 480              		.loc 1 352 27 discriminator 1 view .LVU176
 481 01e0 0B2A     		cmp	r2, #11
 482 01e2 0ED8     		bhi	.L70
 356:Middlewares/ST/filex/common/src/fx_unicode_directory_search.c ****                 {
 483              		.loc 1 356 17 view .LVU177
 356:Middlewares/ST/filex/common/src/fx_unicode_directory_search.c ****                 {
 484              		.loc 1 356 57 is_stmt 0 view .LVU178
 485 01e4 2379     		ldrb	r3, [r4, #4]	@ zero_extendqisi2
 356:Middlewares/ST/filex/common/src/fx_unicode_directory_search.c ****                 {
 486              		.loc 1 356 20 view .LVU179
 487 01e6 002B     		cmp	r3, #0
 488 01e8 F2D0     		beq	.L29
ARM GAS  /tmp/ccjyvcSj.s 			page 20


 360:Middlewares/ST/filex/common/src/fx_unicode_directory_search.c ****                     {
 489              		.loc 1 360 21 is_stmt 1 view .LVU180
 360:Middlewares/ST/filex/common/src/fx_unicode_directory_search.c ****                     {
 490              		.loc 1 360 35 is_stmt 0 view .LVU181
 491 01ea 16F802E0 		ldrb	lr, [r6, r2]	@ zero_extendqisi2
 360:Middlewares/ST/filex/common/src/fx_unicode_directory_search.c ****                     {
 492              		.loc 1 360 85 view .LVU182
 493 01ee A318     		adds	r3, r4, r2
 494 01f0 1B79     		ldrb	r3, [r3, #4]	@ zero_extendqisi2
 360:Middlewares/ST/filex/common/src/fx_unicode_directory_search.c ****                     {
 495              		.loc 1 360 24 view .LVU183
 496 01f2 9E45     		cmp	lr, r3
 497 01f4 F1D0     		beq	.L31
 498 01f6 029B     		ldr	r3, [sp, #8]
 363:Middlewares/ST/filex/common/src/fx_unicode_directory_search.c ****                         break;
 499              		.loc 1 363 31 view .LVU184
 500 01f8 6046     		mov	r0, ip
 501 01fa 04E0     		b	.L30
 502              	.LVL38:
 503              	.L68:
 352:Middlewares/ST/filex/common/src/fx_unicode_directory_search.c ****             {
 504              		.loc 1 352 20 view .LVU185
 505 01fc 6246     		mov	r2, ip
 506 01fe 0293     		str	r3, [sp, #8]
 507 0200 EEE7     		b	.L27
 508              	.LVL39:
 509              	.L70:
 351:Middlewares/ST/filex/common/src/fx_unicode_directory_search.c ****             for (j = 0; j < 12; j++)
 510              		.loc 1 351 19 view .LVU186
 511 0202 029B     		ldr	r3, [sp, #8]
 512 0204 0120     		movs	r0, #1
 513              	.L30:
 514              	.LVL40:
 387:Middlewares/ST/filex/common/src/fx_unicode_directory_search.c ****             {
 515              		.loc 1 387 13 is_stmt 1 view .LVU187
 387:Middlewares/ST/filex/common/src/fx_unicode_directory_search.c ****             {
 516              		.loc 1 387 16 is_stmt 0 view .LVU188
 517 0206 0028     		cmp	r0, #0
 518 0208 92D0     		beq	.L18
 387:Middlewares/ST/filex/common/src/fx_unicode_directory_search.c ****             {
 519              		.loc 1 387 37 discriminator 2 view .LVU189
 520 020a 0C2A     		cmp	r2, #12
 521 020c 02D1     		bne	.L33
 387:Middlewares/ST/filex/common/src/fx_unicode_directory_search.c ****             {
 522              		.loc 1 387 65 discriminator 3 view .LVU190
 523 020e 327B     		ldrb	r2, [r6, #12]	@ zero_extendqisi2
 524              	.LVL41:
 387:Middlewares/ST/filex/common/src/fx_unicode_directory_search.c ****             {
 525              		.loc 1 387 51 discriminator 3 view .LVU191
 526 0210 002A     		cmp	r2, #0
 527 0212 8DD1     		bne	.L18
 528              	.L33:
 394:Middlewares/ST/filex/common/src/fx_unicode_directory_search.c ****             
 529              		.loc 1 394 13 is_stmt 1 view .LVU192
 394:Middlewares/ST/filex/common/src/fx_unicode_directory_search.c ****             
 530              		.loc 1 394 34 is_stmt 0 view .LVU193
 531 0214 339B     		ldr	r3, [sp, #204]
ARM GAS  /tmp/ccjyvcSj.s 			page 21


 532 0216 1960     		str	r1, [r3]
 397:Middlewares/ST/filex/common/src/fx_unicode_directory_search.c ****             {
 533              		.loc 1 397 13 is_stmt 1 view .LVU194
 397:Middlewares/ST/filex/common/src/fx_unicode_directory_search.c ****             {
 534              		.loc 1 397 69 is_stmt 0 view .LVU195
 535 0218 0131     		adds	r1, r1, #1
 397:Middlewares/ST/filex/common/src/fx_unicode_directory_search.c ****             {
 536              		.loc 1 397 16 view .LVU196
 537 021a 349B     		ldr	r3, [sp, #208]
 538 021c B3EB410F 		cmp	r3, r1, lsl #1
 539 0220 02D2     		bcs	.L34
 399:Middlewares/ST/filex/common/src/fx_unicode_directory_search.c ****             }
 540              		.loc 1 399 17 is_stmt 1 view .LVU197
 399:Middlewares/ST/filex/common/src/fx_unicode_directory_search.c ****             }
 541              		.loc 1 399 69 is_stmt 0 view .LVU198
 542 0222 023B     		subs	r3, r3, #2
 399:Middlewares/ST/filex/common/src/fx_unicode_directory_search.c ****             }
 543              		.loc 1 399 74 view .LVU199
 544 0224 5B08     		lsrs	r3, r3, #1
 399:Middlewares/ST/filex/common/src/fx_unicode_directory_search.c ****             }
 545              		.loc 1 399 39 view .LVU200
 546 0226 0993     		str	r3, [sp, #36]
 547              	.L34:
 351:Middlewares/ST/filex/common/src/fx_unicode_directory_search.c ****             for (j = 0; j < 12; j++)
 548              		.loc 1 351 19 view .LVU201
 549 0228 6346     		mov	r3, ip
 550 022a 0AE0     		b	.L35
 551              	.LVL42:
 552              	.L57:
 374:Middlewares/ST/filex/common/src/fx_unicode_directory_search.c ****                         break;
 553              		.loc 1 374 31 view .LVU202
 554 022c 029B     		ldr	r3, [sp, #8]
 555 022e 6046     		mov	r0, ip
 556 0230 E9E7     		b	.L30
 557              	.L58:
 351:Middlewares/ST/filex/common/src/fx_unicode_directory_search.c ****             for (j = 0; j < 12; j++)
 558              		.loc 1 351 19 view .LVU203
 559 0232 029B     		ldr	r3, [sp, #8]
 560 0234 0120     		movs	r0, #1
 561 0236 E6E7     		b	.L30
 562              	.LVL43:
 563              	.L36:
 407:Middlewares/ST/filex/common/src/fx_unicode_directory_search.c ****             }
 564              		.loc 1 407 17 is_stmt 1 view .LVU204
 407:Middlewares/ST/filex/common/src/fx_unicode_directory_search.c ****             }
 565              		.loc 1 407 59 is_stmt 0 view .LVU205
 566 0238 0A4A     		ldr	r2, .L71+4
 567 023a D25C     		ldrb	r2, [r2, r3]	@ zero_extendqisi2
 407:Middlewares/ST/filex/common/src/fx_unicode_directory_search.c ****             }
 568              		.loc 1 407 33 view .LVU206
 569 023c 08F80320 		strb	r2, [r8, r3]
 403:Middlewares/ST/filex/common/src/fx_unicode_directory_search.c ****             {
 570              		.loc 1 403 57 is_stmt 1 discriminator 3 view .LVU207
 571 0240 0133     		adds	r3, r3, #1
 572              	.LVL44:
 573              	.L35:
 403:Middlewares/ST/filex/common/src/fx_unicode_directory_search.c ****             {
ARM GAS  /tmp/ccjyvcSj.s 			page 22


 574              		.loc 1 403 27 discriminator 1 view .LVU208
 575 0242 099A     		ldr	r2, [sp, #36]
 576 0244 B3EB420F 		cmp	r3, r2, lsl #1
 577 0248 F6D3     		bcc	.L36
 411:Middlewares/ST/filex/common/src/fx_unicode_directory_search.c ****             unicode_name[j + 1] =  (UCHAR)0;
 578              		.loc 1 411 13 view .LVU209
 411:Middlewares/ST/filex/common/src/fx_unicode_directory_search.c ****             unicode_name[j + 1] =  (UCHAR)0;
 579              		.loc 1 411 29 is_stmt 0 view .LVU210
 580 024a 0022     		movs	r2, #0
 581 024c 08F80320 		strb	r2, [r8, r3]
 412:Middlewares/ST/filex/common/src/fx_unicode_directory_search.c **** 
 582              		.loc 1 412 13 is_stmt 1 view .LVU211
 412:Middlewares/ST/filex/common/src/fx_unicode_directory_search.c **** 
 583              		.loc 1 412 25 is_stmt 0 view .LVU212
 584 0250 0133     		adds	r3, r3, #1
 585              	.LVL45:
 412:Middlewares/ST/filex/common/src/fx_unicode_directory_search.c **** 
 586              		.loc 1 412 33 view .LVU213
 587 0252 08F80320 		strb	r2, [r8, r3]
 417:Middlewares/ST/filex/common/src/fx_unicode_directory_search.c ****         }
 588              		.loc 1 417 13 is_stmt 1 view .LVU214
 589              	.LVL46:
 590              	.L1:
 497:Middlewares/ST/filex/common/src/fx_unicode_directory_search.c **** 
 498:Middlewares/ST/filex/common/src/fx_unicode_directory_search.c ****     /* Return not found.  */
 499:Middlewares/ST/filex/common/src/fx_unicode_directory_search.c ****     return(FX_NOT_FOUND);
 500:Middlewares/ST/filex/common/src/fx_unicode_directory_search.c **** }
 591              		.loc 1 500 1 is_stmt 0 view .LVU215
 592 0256 6046     		mov	r0, ip
 593 0258 29B0     		add	sp, sp, #164
 594              	.LCFI2:
 595              		.cfi_remember_state
 596              		.cfi_def_cfa_offset 36
 597              		@ sp needed
 598 025a BDE8F08F 		pop	{r4, r5, r6, r7, r8, r9, r10, fp, pc}
 599              	.LVL47:
 600              	.L72:
 601              		.loc 1 500 1 view .LVU216
 602 025e 00BF     		.align	2
 603              	.L71:
 604 0260 00000000 		.word	_tx_thread_current_ptr
 605 0264 00000000 		.word	_fx_unicode_search_name
 606              	.LVL48:
 607              	.L38:
 608              	.LCFI3:
 609              		.cfi_restore_state
 461:Middlewares/ST/filex/common/src/fx_unicode_directory_search.c ****                 {
 610              		.loc 1 461 17 is_stmt 1 view .LVU217
 461:Middlewares/ST/filex/common/src/fx_unicode_directory_search.c ****                 {
 611              		.loc 1 461 33 is_stmt 0 view .LVU218
 612 0268 531C     		adds	r3, r2, #1
 613 026a 18F80310 		ldrb	r1, [r8, r3]	@ zero_extendqisi2
 461:Middlewares/ST/filex/common/src/fx_unicode_directory_search.c ****                 {
 614              		.loc 1 461 67 view .LVU219
 615 026e 2948     		ldr	r0, .L73
 616 0270 C35C     		ldrb	r3, [r0, r3]	@ zero_extendqisi2
 461:Middlewares/ST/filex/common/src/fx_unicode_directory_search.c ****                 {
ARM GAS  /tmp/ccjyvcSj.s 			page 23


 617              		.loc 1 461 20 view .LVU220
 618 0272 9942     		cmp	r1, r3
 619 0274 27D1     		bne	.L39
 620              	.L41:
 429:Middlewares/ST/filex/common/src/fx_unicode_directory_search.c ****             {
 621              		.loc 1 429 64 is_stmt 1 discriminator 2 view .LVU221
 622 0276 0232     		adds	r2, r2, #2
 623              	.LVL49:
 624              	.L37:
 429:Middlewares/ST/filex/common/src/fx_unicode_directory_search.c ****             {
 625              		.loc 1 429 27 discriminator 1 view .LVU222
 429:Middlewares/ST/filex/common/src/fx_unicode_directory_search.c ****             {
 626              		.loc 1 429 56 is_stmt 0 discriminator 1 view .LVU223
 627 0278 4FEA470E 		lsl	lr, r7, #1
 429:Middlewares/ST/filex/common/src/fx_unicode_directory_search.c ****             {
 628              		.loc 1 429 27 discriminator 1 view .LVU224
 629 027c B2EB470F 		cmp	r2, r7, lsl #1
 630 0280 21D2     		bcs	.L39
 433:Middlewares/ST/filex/common/src/fx_unicode_directory_search.c ****                 {
 631              		.loc 1 433 17 is_stmt 1 view .LVU225
 433:Middlewares/ST/filex/common/src/fx_unicode_directory_search.c ****                 {
 632              		.loc 1 433 33 is_stmt 0 view .LVU226
 633 0282 18F80210 		ldrb	r1, [r8, r2]	@ zero_extendqisi2
 433:Middlewares/ST/filex/common/src/fx_unicode_directory_search.c ****                 {
 634              		.loc 1 433 63 view .LVU227
 635 0286 234B     		ldr	r3, .L73
 636 0288 9B5C     		ldrb	r3, [r3, r2]	@ zero_extendqisi2
 433:Middlewares/ST/filex/common/src/fx_unicode_directory_search.c ****                 {
 637              		.loc 1 433 20 view .LVU228
 638 028a 9942     		cmp	r1, r3
 639 028c ECD0     		beq	.L38
 437:Middlewares/ST/filex/common/src/fx_unicode_directory_search.c ****                     {
 640              		.loc 1 437 21 is_stmt 1 view .LVU229
 437:Middlewares/ST/filex/common/src/fx_unicode_directory_search.c ****                     {
 641              		.loc 1 437 52 is_stmt 0 view .LVU230
 642 028e 501C     		adds	r0, r2, #1
 437:Middlewares/ST/filex/common/src/fx_unicode_directory_search.c ****                     {
 643              		.loc 1 437 49 view .LVU231
 644 0290 DFF880A0 		ldr	r10, .L73
 645 0294 1AF800A0 		ldrb	r10, [r10, r0]	@ zero_extendqisi2
 437:Middlewares/ST/filex/common/src/fx_unicode_directory_search.c ****                     {
 646              		.loc 1 437 24 view .LVU232
 647 0298 BAF1000F 		cmp	r10, #0
 648 029c 13D1     		bne	.L39
 437:Middlewares/ST/filex/common/src/fx_unicode_directory_search.c ****                     {
 649              		.loc 1 437 79 discriminator 1 view .LVU233
 650 029e 18F80000 		ldrb	r0, [r8, r0]	@ zero_extendqisi2
 437:Middlewares/ST/filex/common/src/fx_unicode_directory_search.c ****                     {
 651              		.loc 1 437 63 discriminator 1 view .LVU234
 652 02a2 80B9     		cbnz	r0, .L39
 441:Middlewares/ST/filex/common/src/fx_unicode_directory_search.c ****                         {
 653              		.loc 1 441 25 is_stmt 1 view .LVU235
 441:Middlewares/ST/filex/common/src/fx_unicode_directory_search.c ****                         {
 654              		.loc 1 441 54 is_stmt 0 view .LVU236
 655 02a4 A1F16100 		sub	r0, r1, #97
 656 02a8 C0B2     		uxtb	r0, r0
 441:Middlewares/ST/filex/common/src/fx_unicode_directory_search.c ****                         {
ARM GAS  /tmp/ccjyvcSj.s 			page 24


 657              		.loc 1 441 28 view .LVU237
 658 02aa 1928     		cmp	r0, #25
 659 02ac 03D8     		bhi	.L40
 443:Middlewares/ST/filex/common/src/fx_unicode_directory_search.c ****                             {
 660              		.loc 1 443 29 is_stmt 1 view .LVU238
 443:Middlewares/ST/filex/common/src/fx_unicode_directory_search.c ****                             {
 661              		.loc 1 443 50 is_stmt 0 view .LVU239
 662 02ae A1F12000 		sub	r0, r1, #32
 443:Middlewares/ST/filex/common/src/fx_unicode_directory_search.c ****                             {
 663              		.loc 1 443 32 view .LVU240
 664 02b2 9842     		cmp	r0, r3
 665 02b4 DFD0     		beq	.L41
 666              	.L40:
 448:Middlewares/ST/filex/common/src/fx_unicode_directory_search.c ****                         {
 667              		.loc 1 448 25 is_stmt 1 view .LVU241
 448:Middlewares/ST/filex/common/src/fx_unicode_directory_search.c ****                         {
 668              		.loc 1 448 65 is_stmt 0 view .LVU242
 669 02b6 A3F16100 		sub	r0, r3, #97
 670 02ba C0B2     		uxtb	r0, r0
 448:Middlewares/ST/filex/common/src/fx_unicode_directory_search.c ****                         {
 671              		.loc 1 448 28 view .LVU243
 672 02bc 1928     		cmp	r0, #25
 673 02be 02D8     		bhi	.L39
 450:Middlewares/ST/filex/common/src/fx_unicode_directory_search.c ****                             {
 674              		.loc 1 450 29 is_stmt 1 view .LVU244
 450:Middlewares/ST/filex/common/src/fx_unicode_directory_search.c ****                             {
 675              		.loc 1 450 61 is_stmt 0 view .LVU245
 676 02c0 203B     		subs	r3, r3, #32
 450:Middlewares/ST/filex/common/src/fx_unicode_directory_search.c ****                             {
 677              		.loc 1 450 32 view .LVU246
 678 02c2 8B42     		cmp	r3, r1
 679 02c4 D7D0     		beq	.L41
 680              	.L39:
 468:Middlewares/ST/filex/common/src/fx_unicode_directory_search.c ****             {
 681              		.loc 1 468 16 view .LVU247
 682 02c6 029B     		ldr	r3, [sp, #8]
 683 02c8 DDF80CA0 		ldr	r10, [sp, #12]
 468:Middlewares/ST/filex/common/src/fx_unicode_directory_search.c ****             {
 684              		.loc 1 468 13 is_stmt 1 view .LVU248
 468:Middlewares/ST/filex/common/src/fx_unicode_directory_search.c ****             {
 685              		.loc 1 468 16 is_stmt 0 view .LVU249
 686 02cc 9645     		cmp	lr, r2
 687 02ce 7FF42FAF 		bne	.L18
 475:Middlewares/ST/filex/common/src/fx_unicode_directory_search.c ****             {
 688              		.loc 1 475 13 is_stmt 1 view .LVU250
 475:Middlewares/ST/filex/common/src/fx_unicode_directory_search.c ****             {
 689              		.loc 1 475 16 is_stmt 0 view .LVU251
 690 02d2 BBF10D0F 		cmp	fp, #13
 691 02d6 01D9     		bls	.L43
 477:Middlewares/ST/filex/common/src/fx_unicode_directory_search.c ****             }
 692              		.loc 1 477 42 view .LVU252
 693 02d8 4FF00D0B 		mov	fp, #13
 694              	.LVL50:
 695              	.L43:
 479:Middlewares/ST/filex/common/src/fx_unicode_directory_search.c ****             {
 696              		.loc 1 479 13 is_stmt 1 view .LVU253
 479:Middlewares/ST/filex/common/src/fx_unicode_directory_search.c ****             {
ARM GAS  /tmp/ccjyvcSj.s 			page 25


 697              		.loc 1 479 20 is_stmt 0 view .LVU254
 698 02dc 6346     		mov	r3, ip
 479:Middlewares/ST/filex/common/src/fx_unicode_directory_search.c ****             {
 699              		.loc 1 479 13 view .LVU255
 700 02de 03E0     		b	.L44
 701              	.LVL51:
 702              	.L45:
 489:Middlewares/ST/filex/common/src/fx_unicode_directory_search.c ****                 }
 703              		.loc 1 489 21 is_stmt 1 view .LVU256
 489:Middlewares/ST/filex/common/src/fx_unicode_directory_search.c ****                 }
 704              		.loc 1 489 55 is_stmt 0 view .LVU257
 705 02e0 2268     		ldr	r2, [r4]
 489:Middlewares/ST/filex/common/src/fx_unicode_directory_search.c ****                 }
 706              		.loc 1 489 38 view .LVU258
 707 02e2 D25C     		ldrb	r2, [r2, r3]	@ zero_extendqisi2
 489:Middlewares/ST/filex/common/src/fx_unicode_directory_search.c ****                 }
 708              		.loc 1 489 35 view .LVU259
 709 02e4 F254     		strb	r2, [r6, r3]
 710              	.L46:
 479:Middlewares/ST/filex/common/src/fx_unicode_directory_search.c ****             {
 711              		.loc 1 479 56 is_stmt 1 discriminator 2 view .LVU260
 712 02e6 0133     		adds	r3, r3, #1
 713              	.LVL52:
 714              	.L44:
 479:Middlewares/ST/filex/common/src/fx_unicode_directory_search.c ****             {
 715              		.loc 1 479 27 discriminator 1 view .LVU261
 716 02e8 9B45     		cmp	fp, r3
 717 02ea B4D9     		bls	.L1
 483:Middlewares/ST/filex/common/src/fx_unicode_directory_search.c ****                 {
 718              		.loc 1 483 17 view .LVU262
 483:Middlewares/ST/filex/common/src/fx_unicode_directory_search.c ****                 {
 719              		.loc 1 483 57 is_stmt 0 view .LVU263
 720 02ec 2279     		ldrb	r2, [r4, #4]	@ zero_extendqisi2
 483:Middlewares/ST/filex/common/src/fx_unicode_directory_search.c ****                 {
 721              		.loc 1 483 20 view .LVU264
 722 02ee 002A     		cmp	r2, #0
 723 02f0 F6D0     		beq	.L45
 485:Middlewares/ST/filex/common/src/fx_unicode_directory_search.c ****                 }
 724              		.loc 1 485 21 is_stmt 1 view .LVU265
 485:Middlewares/ST/filex/common/src/fx_unicode_directory_search.c ****                 }
 725              		.loc 1 485 81 is_stmt 0 view .LVU266
 726 02f2 E218     		adds	r2, r4, r3
 727 02f4 1279     		ldrb	r2, [r2, #4]	@ zero_extendqisi2
 485:Middlewares/ST/filex/common/src/fx_unicode_directory_search.c ****                 }
 728              		.loc 1 485 35 view .LVU267
 729 02f6 F254     		strb	r2, [r6, r3]
 730 02f8 F5E7     		b	.L46
 731              	.LVL53:
 732              	.L65:
 499:Middlewares/ST/filex/common/src/fx_unicode_directory_search.c **** }
 733              		.loc 1 499 11 view .LVU268
 734 02fa 4FF0040C 		mov	ip, #4
 735              	.LVL54:
 499:Middlewares/ST/filex/common/src/fx_unicode_directory_search.c **** }
 736              		.loc 1 499 11 view .LVU269
 737 02fe AAE7     		b	.L1
 738              	.LVL55:
ARM GAS  /tmp/ccjyvcSj.s 			page 26


 739              	.L49:
 209:Middlewares/ST/filex/common/src/fx_unicode_directory_search.c ****             }
 740              		.loc 1 209 23 view .LVU270
 741 0300 4FF0030C 		mov	ip, #3
 742 0304 A7E7     		b	.L1
 743              	.L50:
 209:Middlewares/ST/filex/common/src/fx_unicode_directory_search.c ****             }
 744              		.loc 1 209 23 view .LVU271
 745 0306 4FF0030C 		mov	ip, #3
 746 030a A4E7     		b	.L1
 747              	.LVL56:
 748              	.L52:
 499:Middlewares/ST/filex/common/src/fx_unicode_directory_search.c **** }
 749              		.loc 1 499 11 view .LVU272
 750 030c 4FF0040C 		mov	ip, #4
 751              	.LVL57:
 499:Middlewares/ST/filex/common/src/fx_unicode_directory_search.c **** }
 752              		.loc 1 499 11 view .LVU273
 753 0310 A1E7     		b	.L1
 754              	.L74:
 755 0312 00BF     		.align	2
 756              	.L73:
 757 0314 00000000 		.word	_fx_unicode_search_name
 758              		.cfi_endproc
 759              	.LFE8:
 761              		.global	_fx_unicode_search_name
 762              		.section	.bss._fx_unicode_search_name,"aw",%nobits
 763              		.align	2
 766              	_fx_unicode_search_name:
 767 0000 00000000 		.space	512
 767      00000000 
 767      00000000 
 767      00000000 
 767      00000000 
 768              		.global	_fx_unicode_temp_long_file_name
 769              		.section	.bss._fx_unicode_temp_long_file_name,"aw",%nobits
 770              		.align	2
 773              	_fx_unicode_temp_long_file_name:
 774 0000 00000000 		.space	256
 774      00000000 
 774      00000000 
 774      00000000 
 774      00000000 
 775              		.text
 776              	.Letext0:
 777              		.file 2 "Middlewares/ST/threadx/ports/cortex_m7/gnu/inc/tx_port.h"
 778              		.file 3 "Middlewares/ST/threadx/common/inc/tx_api.h"
 779              		.file 4 "Middlewares/ST/filex/common/inc/fx_api.h"
 780              		.file 5 "Middlewares/ST/threadx/common/inc/tx_thread.h"
 781              		.file 6 "Middlewares/ST/filex/common/inc/fx_unicode.h"
 782              		.file 7 "Middlewares/ST/filex/common/inc/fx_utility.h"
 783              		.file 8 "<built-in>"
ARM GAS  /tmp/ccjyvcSj.s 			page 27


DEFINED SYMBOLS
                            *ABS*:00000000 fx_unicode_directory_search.c
     /tmp/ccjyvcSj.s:20     .text._fx_unicode_directory_search:00000000 $t
     /tmp/ccjyvcSj.s:26     .text._fx_unicode_directory_search:00000000 _fx_unicode_directory_search
     /tmp/ccjyvcSj.s:604    .text._fx_unicode_directory_search:00000260 $d
     /tmp/ccjyvcSj.s:766    .bss._fx_unicode_search_name:00000000 _fx_unicode_search_name
     /tmp/ccjyvcSj.s:612    .text._fx_unicode_directory_search:00000268 $t
     /tmp/ccjyvcSj.s:757    .text._fx_unicode_directory_search:00000314 $d
     /tmp/ccjyvcSj.s:763    .bss._fx_unicode_search_name:00000000 $d
     /tmp/ccjyvcSj.s:773    .bss._fx_unicode_temp_long_file_name:00000000 _fx_unicode_temp_long_file_name
     /tmp/ccjyvcSj.s:770    .bss._fx_unicode_temp_long_file_name:00000000 $d

UNDEFINED SYMBOLS
memcpy
_fx_utility_FAT_entry_read
_fx_unicode_directory_entry_read
_tx_thread_current_ptr
