ARM GAS  /tmp/ccL1aQsx.s 			page 1


   1              		.cpu cortex-m7
   2              		.arch armv7e-m
   3              		.fpu fpv5-d16
   4              		.eabi_attribute 28, 1
   5              		.eabi_attribute 20, 1
   6              		.eabi_attribute 21, 1
   7              		.eabi_attribute 23, 3
   8              		.eabi_attribute 24, 1
   9              		.eabi_attribute 25, 1
  10              		.eabi_attribute 26, 1
  11              		.eabi_attribute 30, 1
  12              		.eabi_attribute 34, 1
  13              		.eabi_attribute 18, 4
  14              		.file	"fx_utility_logical_sector_cache_entry_read.c"
  15              		.text
  16              	.Ltext0:
  17              		.cfi_sections	.debug_frame
  18              		.file 1 "Middlewares/ST/filex/common/src/fx_utility_logical_sector_cache_entry_read.c"
  19              		.section	.text._fx_utility_logical_sector_cache_entry_read,"ax",%progbits
  20              		.align	1
  21              		.global	_fx_utility_logical_sector_cache_entry_read
  22              		.syntax unified
  23              		.thumb
  24              		.thumb_func
  26              	_fx_utility_logical_sector_cache_entry_read:
  27              	.LVL0:
  28              	.LFB8:
   1:Middlewares/ST/filex/common/src/fx_utility_logical_sector_cache_entry_read.c **** /**************************************************************************/
   2:Middlewares/ST/filex/common/src/fx_utility_logical_sector_cache_entry_read.c **** /*                                                                        */
   3:Middlewares/ST/filex/common/src/fx_utility_logical_sector_cache_entry_read.c **** /*       Copyright (c) Microsoft Corporation. All rights reserved.        */
   4:Middlewares/ST/filex/common/src/fx_utility_logical_sector_cache_entry_read.c **** /*                                                                        */
   5:Middlewares/ST/filex/common/src/fx_utility_logical_sector_cache_entry_read.c **** /*       This software is licensed under the Microsoft Software License   */
   6:Middlewares/ST/filex/common/src/fx_utility_logical_sector_cache_entry_read.c **** /*       Terms for Microsoft Azure RTOS. Full text of the license can be  */
   7:Middlewares/ST/filex/common/src/fx_utility_logical_sector_cache_entry_read.c **** /*       found in the LICENSE file at https://aka.ms/AzureRTOS_EULA       */
   8:Middlewares/ST/filex/common/src/fx_utility_logical_sector_cache_entry_read.c **** /*       and in the root directory of this software.                      */
   9:Middlewares/ST/filex/common/src/fx_utility_logical_sector_cache_entry_read.c **** /*                                                                        */
  10:Middlewares/ST/filex/common/src/fx_utility_logical_sector_cache_entry_read.c **** /**************************************************************************/
  11:Middlewares/ST/filex/common/src/fx_utility_logical_sector_cache_entry_read.c **** 
  12:Middlewares/ST/filex/common/src/fx_utility_logical_sector_cache_entry_read.c **** 
  13:Middlewares/ST/filex/common/src/fx_utility_logical_sector_cache_entry_read.c **** /**************************************************************************/
  14:Middlewares/ST/filex/common/src/fx_utility_logical_sector_cache_entry_read.c **** /**************************************************************************/
  15:Middlewares/ST/filex/common/src/fx_utility_logical_sector_cache_entry_read.c **** /**                                                                       */
  16:Middlewares/ST/filex/common/src/fx_utility_logical_sector_cache_entry_read.c **** /** FileX Component                                                       */
  17:Middlewares/ST/filex/common/src/fx_utility_logical_sector_cache_entry_read.c **** /**                                                                       */
  18:Middlewares/ST/filex/common/src/fx_utility_logical_sector_cache_entry_read.c **** /**   Utility                                                             */
  19:Middlewares/ST/filex/common/src/fx_utility_logical_sector_cache_entry_read.c **** /**                                                                       */
  20:Middlewares/ST/filex/common/src/fx_utility_logical_sector_cache_entry_read.c **** /**************************************************************************/
  21:Middlewares/ST/filex/common/src/fx_utility_logical_sector_cache_entry_read.c **** /**************************************************************************/
  22:Middlewares/ST/filex/common/src/fx_utility_logical_sector_cache_entry_read.c **** 
  23:Middlewares/ST/filex/common/src/fx_utility_logical_sector_cache_entry_read.c **** #define FX_SOURCE_CODE
  24:Middlewares/ST/filex/common/src/fx_utility_logical_sector_cache_entry_read.c **** 
  25:Middlewares/ST/filex/common/src/fx_utility_logical_sector_cache_entry_read.c **** 
  26:Middlewares/ST/filex/common/src/fx_utility_logical_sector_cache_entry_read.c **** /* Include necessary system files.  */
  27:Middlewares/ST/filex/common/src/fx_utility_logical_sector_cache_entry_read.c **** 
  28:Middlewares/ST/filex/common/src/fx_utility_logical_sector_cache_entry_read.c **** #include "fx_api.h"
  29:Middlewares/ST/filex/common/src/fx_utility_logical_sector_cache_entry_read.c **** #include "fx_system.h"
  30:Middlewares/ST/filex/common/src/fx_utility_logical_sector_cache_entry_read.c **** #include "fx_utility.h"
ARM GAS  /tmp/ccL1aQsx.s 			page 2


  31:Middlewares/ST/filex/common/src/fx_utility_logical_sector_cache_entry_read.c **** 
  32:Middlewares/ST/filex/common/src/fx_utility_logical_sector_cache_entry_read.c **** 
  33:Middlewares/ST/filex/common/src/fx_utility_logical_sector_cache_entry_read.c **** /**************************************************************************/
  34:Middlewares/ST/filex/common/src/fx_utility_logical_sector_cache_entry_read.c **** /*                                                                        */
  35:Middlewares/ST/filex/common/src/fx_utility_logical_sector_cache_entry_read.c **** /*  FUNCTION                                               RELEASE        */
  36:Middlewares/ST/filex/common/src/fx_utility_logical_sector_cache_entry_read.c **** /*                                                                        */
  37:Middlewares/ST/filex/common/src/fx_utility_logical_sector_cache_entry_read.c **** /*    _fx_utility_logical_sector_cache_entry_read         PORTABLE C      */
  38:Middlewares/ST/filex/common/src/fx_utility_logical_sector_cache_entry_read.c **** /*                                                           6.1.10       */
  39:Middlewares/ST/filex/common/src/fx_utility_logical_sector_cache_entry_read.c **** /*  AUTHOR                                                                */
  40:Middlewares/ST/filex/common/src/fx_utility_logical_sector_cache_entry_read.c **** /*                                                                        */
  41:Middlewares/ST/filex/common/src/fx_utility_logical_sector_cache_entry_read.c **** /*    William E. Lamie, Microsoft Corporation                             */
  42:Middlewares/ST/filex/common/src/fx_utility_logical_sector_cache_entry_read.c **** /*                                                                        */
  43:Middlewares/ST/filex/common/src/fx_utility_logical_sector_cache_entry_read.c **** /*  DESCRIPTION                                                           */
  44:Middlewares/ST/filex/common/src/fx_utility_logical_sector_cache_entry_read.c **** /*                                                                        */
  45:Middlewares/ST/filex/common/src/fx_utility_logical_sector_cache_entry_read.c **** /*    This function handles logical sector cache read requests for the    */
  46:Middlewares/ST/filex/common/src/fx_utility_logical_sector_cache_entry_read.c **** /*    logical sector read function. If the function finds the requested   */
  47:Middlewares/ST/filex/common/src/fx_utility_logical_sector_cache_entry_read.c **** /*    sector in the cache, it setup the appropriate pointers and          */
  48:Middlewares/ST/filex/common/src/fx_utility_logical_sector_cache_entry_read.c **** /*    returns a FX_NULL.                                                  */
  49:Middlewares/ST/filex/common/src/fx_utility_logical_sector_cache_entry_read.c **** /*                                                                        */
  50:Middlewares/ST/filex/common/src/fx_utility_logical_sector_cache_entry_read.c **** /*  INPUT                                                                 */
  51:Middlewares/ST/filex/common/src/fx_utility_logical_sector_cache_entry_read.c **** /*                                                                        */
  52:Middlewares/ST/filex/common/src/fx_utility_logical_sector_cache_entry_read.c **** /*    media_ptr                             Media control block pointer   */
  53:Middlewares/ST/filex/common/src/fx_utility_logical_sector_cache_entry_read.c **** /*    logical_sector                        Logical sector number         */
  54:Middlewares/ST/filex/common/src/fx_utility_logical_sector_cache_entry_read.c **** /*    previous_cache_entry                  Pointer to previous entry in  */
  55:Middlewares/ST/filex/common/src/fx_utility_logical_sector_cache_entry_read.c **** /*                                            non-hashed cache            */
  56:Middlewares/ST/filex/common/src/fx_utility_logical_sector_cache_entry_read.c **** /*                                                                        */
  57:Middlewares/ST/filex/common/src/fx_utility_logical_sector_cache_entry_read.c **** /*  OUTPUT                                                                */
  58:Middlewares/ST/filex/common/src/fx_utility_logical_sector_cache_entry_read.c **** /*                                                                        */
  59:Middlewares/ST/filex/common/src/fx_utility_logical_sector_cache_entry_read.c **** /*    FX_CACHED_SECTOR *                    Cache entry to setup          */
  60:Middlewares/ST/filex/common/src/fx_utility_logical_sector_cache_entry_read.c **** /*                                                                        */
  61:Middlewares/ST/filex/common/src/fx_utility_logical_sector_cache_entry_read.c **** /*  CALLS                                                                 */
  62:Middlewares/ST/filex/common/src/fx_utility_logical_sector_cache_entry_read.c **** /*                                                                        */
  63:Middlewares/ST/filex/common/src/fx_utility_logical_sector_cache_entry_read.c **** /*    None                                                                */
  64:Middlewares/ST/filex/common/src/fx_utility_logical_sector_cache_entry_read.c **** /*                                                                        */
  65:Middlewares/ST/filex/common/src/fx_utility_logical_sector_cache_entry_read.c **** /*  CALLED BY                                                             */
  66:Middlewares/ST/filex/common/src/fx_utility_logical_sector_cache_entry_read.c **** /*                                                                        */
  67:Middlewares/ST/filex/common/src/fx_utility_logical_sector_cache_entry_read.c **** /*    _fx_utility_logical_sector_read       Logical sector read function  */
  68:Middlewares/ST/filex/common/src/fx_utility_logical_sector_cache_entry_read.c **** /*                                                                        */
  69:Middlewares/ST/filex/common/src/fx_utility_logical_sector_cache_entry_read.c **** /*  RELEASE HISTORY                                                       */
  70:Middlewares/ST/filex/common/src/fx_utility_logical_sector_cache_entry_read.c **** /*                                                                        */
  71:Middlewares/ST/filex/common/src/fx_utility_logical_sector_cache_entry_read.c **** /*    DATE              NAME                      DESCRIPTION             */
  72:Middlewares/ST/filex/common/src/fx_utility_logical_sector_cache_entry_read.c **** /*                                                                        */
  73:Middlewares/ST/filex/common/src/fx_utility_logical_sector_cache_entry_read.c **** /*  05-19-2020     William E. Lamie         Initial Version 6.0           */
  74:Middlewares/ST/filex/common/src/fx_utility_logical_sector_cache_entry_read.c **** /*  09-30-2020     William E. Lamie         Modified comment(s), and      */
  75:Middlewares/ST/filex/common/src/fx_utility_logical_sector_cache_entry_read.c **** /*                                            added conditional to        */
  76:Middlewares/ST/filex/common/src/fx_utility_logical_sector_cache_entry_read.c **** /*                                            disable cache,              */
  77:Middlewares/ST/filex/common/src/fx_utility_logical_sector_cache_entry_read.c **** /*                                            resulting in version 6.1    */
  78:Middlewares/ST/filex/common/src/fx_utility_logical_sector_cache_entry_read.c **** /*  01-31-2022     William E. Lamie         Modified comment(s), fixed    */
  79:Middlewares/ST/filex/common/src/fx_utility_logical_sector_cache_entry_read.c **** /*                                            errors without cache,       */
  80:Middlewares/ST/filex/common/src/fx_utility_logical_sector_cache_entry_read.c **** /*                                            resulting in version 6.1.10 */
  81:Middlewares/ST/filex/common/src/fx_utility_logical_sector_cache_entry_read.c **** /*                                                                        */
  82:Middlewares/ST/filex/common/src/fx_utility_logical_sector_cache_entry_read.c **** /**************************************************************************/
  83:Middlewares/ST/filex/common/src/fx_utility_logical_sector_cache_entry_read.c **** FX_CACHED_SECTOR  *_fx_utility_logical_sector_cache_entry_read(FX_MEDIA *media_ptr, ULONG64 logical
  84:Middlewares/ST/filex/common/src/fx_utility_logical_sector_cache_entry_read.c ****                                                                FX_CACHED_SECTOR **previous_cache_en
  85:Middlewares/ST/filex/common/src/fx_utility_logical_sector_cache_entry_read.c **** {
  29              		.loc 1 85 1 view -0
  30              		.cfi_startproc
ARM GAS  /tmp/ccL1aQsx.s 			page 3


  31              		@ args = 4, pretend = 0, frame = 24
  32              		@ frame_needed = 0, uses_anonymous_args = 0
  33              		.loc 1 85 1 is_stmt 0 view .LVU1
  34 0000 2DE9F047 		push	{r4, r5, r6, r7, r8, r9, r10, lr}
  35              	.LCFI0:
  36              		.cfi_def_cfa_offset 32
  37              		.cfi_offset 4, -32
  38              		.cfi_offset 5, -28
  39              		.cfi_offset 6, -24
  40              		.cfi_offset 7, -20
  41              		.cfi_offset 8, -16
  42              		.cfi_offset 9, -12
  43              		.cfi_offset 10, -8
  44              		.cfi_offset 14, -4
  45 0004 86B0     		sub	sp, sp, #24
  46              	.LCFI1:
  47              		.cfi_def_cfa_offset 56
  48 0006 8646     		mov	lr, r0
  49 0008 0E9C     		ldr	r4, [sp, #56]
  86:Middlewares/ST/filex/common/src/fx_utility_logical_sector_cache_entry_read.c **** 
  87:Middlewares/ST/filex/common/src/fx_utility_logical_sector_cache_entry_read.c **** #ifndef FX_DISABLE_CACHE
  88:Middlewares/ST/filex/common/src/fx_utility_logical_sector_cache_entry_read.c **** FX_CACHED_SECTOR *cache_entry;
  50              		.loc 1 88 1 is_stmt 1 view .LVU2
  89:Middlewares/ST/filex/common/src/fx_utility_logical_sector_cache_entry_read.c **** FX_CACHED_SECTOR  temp_storage;
  51              		.loc 1 89 1 view .LVU3
  90:Middlewares/ST/filex/common/src/fx_utility_logical_sector_cache_entry_read.c **** ULONG             cache_size;
  52              		.loc 1 90 1 view .LVU4
  91:Middlewares/ST/filex/common/src/fx_utility_logical_sector_cache_entry_read.c **** ULONG             index;
  53              		.loc 1 91 1 view .LVU5
  92:Middlewares/ST/filex/common/src/fx_utility_logical_sector_cache_entry_read.c **** 
  93:Middlewares/ST/filex/common/src/fx_utility_logical_sector_cache_entry_read.c **** 
  94:Middlewares/ST/filex/common/src/fx_utility_logical_sector_cache_entry_read.c ****     /* Determine if the logical sector cache access should use the hash function.  */
  95:Middlewares/ST/filex/common/src/fx_utility_logical_sector_cache_entry_read.c ****     if (media_ptr -> fx_media_sector_cache_hashed)
  54              		.loc 1 95 5 view .LVU6
  55              		.loc 1 95 19 is_stmt 0 view .LVU7
  56 000a 0169     		ldr	r1, [r0, #16]
  57              		.loc 1 95 8 view .LVU8
  58 000c 0029     		cmp	r1, #0
  59 000e 00F0A581 		beq	.L2
  96:Middlewares/ST/filex/common/src/fx_utility_logical_sector_cache_entry_read.c ****     {
  97:Middlewares/ST/filex/common/src/fx_utility_logical_sector_cache_entry_read.c **** 
  98:Middlewares/ST/filex/common/src/fx_utility_logical_sector_cache_entry_read.c ****         /* Calculate the area of the cache for this logical sector.  */
  99:Middlewares/ST/filex/common/src/fx_utility_logical_sector_cache_entry_read.c **** 
 100:Middlewares/ST/filex/common/src/fx_utility_logical_sector_cache_entry_read.c ****         /* First compute the hashed value of this index by simply using the lower bits of
 101:Middlewares/ST/filex/common/src/fx_utility_logical_sector_cache_entry_read.c ****            the sector number.  */
 102:Middlewares/ST/filex/common/src/fx_utility_logical_sector_cache_entry_read.c ****         index =  (ULONG)(logical_sector & media_ptr -> fx_media_sector_cache_hash_mask);
  60              		.loc 1 102 9 is_stmt 1 view .LVU9
  61              		.loc 1 102 53 is_stmt 0 view .LVU10
  62 0012 00F50051 		add	r1, r0, #8192
  63 0016 D1F8A014 		ldr	r1, [r1, #1184]
  64              		.loc 1 102 15 view .LVU11
  65 001a 02EA010C 		and	ip, r2, r1
  66              	.LVL1:
 103:Middlewares/ST/filex/common/src/fx_utility_logical_sector_cache_entry_read.c **** 
 104:Middlewares/ST/filex/common/src/fx_utility_logical_sector_cache_entry_read.c ****         /* Set the bit indicating there is one or more valid sectors at this cache index.  */
 105:Middlewares/ST/filex/common/src/fx_utility_logical_sector_cache_entry_read.c ****         media_ptr -> fx_media_sector_cache_hashed_sector_valid |=  ((ULONG)1) << (index % 32);
  67              		.loc 1 105 9 is_stmt 1 view .LVU12
ARM GAS  /tmp/ccL1aQsx.s 			page 4


  68              		.loc 1 105 19 is_stmt 0 view .LVU13
  69 001e 016A     		ldr	r1, [r0, #32]
  70              		.loc 1 105 89 view .LVU14
  71 0020 0CF01F05 		and	r5, ip, #31
  72              		.loc 1 105 79 view .LVU15
  73 0024 0120     		movs	r0, #1
  74              	.LVL2:
  75              		.loc 1 105 79 view .LVU16
  76 0026 A840     		lsls	r0, r0, r5
  77              		.loc 1 105 64 view .LVU17
  78 0028 0143     		orrs	r1, r1, r0
  79 002a CEF82010 		str	r1, [lr, #32]
 106:Middlewares/ST/filex/common/src/fx_utility_logical_sector_cache_entry_read.c **** 
 107:Middlewares/ST/filex/common/src/fx_utility_logical_sector_cache_entry_read.c ****         /* Compute the actual array index by multiplying by the cache depth.  */
 108:Middlewares/ST/filex/common/src/fx_utility_logical_sector_cache_entry_read.c ****         index =  index * FX_SECTOR_CACHE_DEPTH;
  80              		.loc 1 108 9 is_stmt 1 view .LVU18
  81              		.loc 1 108 15 is_stmt 0 view .LVU19
  82 002e 4FEA8C01 		lsl	r1, ip, #2
  83              	.LVL3:
 109:Middlewares/ST/filex/common/src/fx_utility_logical_sector_cache_entry_read.c **** 
 110:Middlewares/ST/filex/common/src/fx_utility_logical_sector_cache_entry_read.c ****         /* Build a pointer to the cache entry.  */
 111:Middlewares/ST/filex/common/src/fx_utility_logical_sector_cache_entry_read.c ****         cache_entry =  &(media_ptr -> fx_media_sector_cache[index]);
  84              		.loc 1 111 9 is_stmt 1 view .LVU20
  85              		.loc 1 111 21 is_stmt 0 view .LVU21
  86 0032 4FEACC05 		lsl	r5, ip, #3
  87 0036 05EB8C00 		add	r0, r5, ip, lsl #2
  88 003a C000     		lsls	r0, r0, #3
  89 003c 00F54A60 		add	r0, r0, #3232
  90 0040 7044     		add	r0, r0, lr
  91              	.LVL4:
 112:Middlewares/ST/filex/common/src/fx_utility_logical_sector_cache_entry_read.c **** 
 113:Middlewares/ST/filex/common/src/fx_utility_logical_sector_cache_entry_read.c ****         /* Determine if the logical sector is in the cache - assuming the depth of the
 114:Middlewares/ST/filex/common/src/fx_utility_logical_sector_cache_entry_read.c ****            sector cache is 4 entries.  */
 115:Middlewares/ST/filex/common/src/fx_utility_logical_sector_cache_entry_read.c ****         if ((cache_entry -> fx_cached_sector_valid) && (cache_entry -> fx_cached_sector == logical_
  92              		.loc 1 115 9 is_stmt 1 view .LVU22
  93              		.loc 1 115 26 is_stmt 0 view .LVU23
  94 0042 05EB8C05 		add	r5, r5, ip, lsl #2
  95 0046 0EEBC505 		add	r5, lr, r5, lsl #3
  96 004a 95F8B1AC 		ldrb	r10, [r5, #3249]	@ zero_extendqisi2
  97              		.loc 1 115 12 view .LVU24
  98 004e BAF1000F 		cmp	r10, #0
  99 0052 0BD0     		beq	.L3
 100              		.loc 1 115 69 discriminator 1 view .LVU25
 101 0054 01EB4105 		add	r5, r1, r1, lsl #1
 102 0058 0EEBC505 		add	r5, lr, r5, lsl #3
 103 005c D5F8A86C 		ldr	r6, [r5, #3240]
 104 0060 D5F8AC5C 		ldr	r5, [r5, #3244]
 105              		.loc 1 115 53 discriminator 1 view .LVU26
 106 0064 9D42     		cmp	r5, r3
 107 0066 08BF     		it	eq
 108 0068 9642     		cmpeq	r6, r2
 109 006a 7BD0     		beq	.L14
 110              	.L3:
 116:Middlewares/ST/filex/common/src/fx_utility_logical_sector_cache_entry_read.c ****         {
 117:Middlewares/ST/filex/common/src/fx_utility_logical_sector_cache_entry_read.c **** 
 118:Middlewares/ST/filex/common/src/fx_utility_logical_sector_cache_entry_read.c ****             /* Yes, we found a match.  Simply setup the pointer to this
 119:Middlewares/ST/filex/common/src/fx_utility_logical_sector_cache_entry_read.c ****                buffer and return.  */
ARM GAS  /tmp/ccL1aQsx.s 			page 5


 120:Middlewares/ST/filex/common/src/fx_utility_logical_sector_cache_entry_read.c ****             media_ptr -> fx_media_memory_buffer =  cache_entry -> fx_cached_sector_memory_buffer;
 121:Middlewares/ST/filex/common/src/fx_utility_logical_sector_cache_entry_read.c **** 
 122:Middlewares/ST/filex/common/src/fx_utility_logical_sector_cache_entry_read.c **** #ifndef FX_MEDIA_STATISTICS_DISABLE
 123:Middlewares/ST/filex/common/src/fx_utility_logical_sector_cache_entry_read.c **** 
 124:Middlewares/ST/filex/common/src/fx_utility_logical_sector_cache_entry_read.c ****             /* Increment the number of logical sectors cache read hits.  */
 125:Middlewares/ST/filex/common/src/fx_utility_logical_sector_cache_entry_read.c ****             media_ptr -> fx_media_logical_sector_cache_read_hits++;
 126:Middlewares/ST/filex/common/src/fx_utility_logical_sector_cache_entry_read.c **** #endif
 127:Middlewares/ST/filex/common/src/fx_utility_logical_sector_cache_entry_read.c ****             /* Success, return to caller immediately!  */
 128:Middlewares/ST/filex/common/src/fx_utility_logical_sector_cache_entry_read.c ****             return(FX_NULL);
 129:Middlewares/ST/filex/common/src/fx_utility_logical_sector_cache_entry_read.c ****         }
 130:Middlewares/ST/filex/common/src/fx_utility_logical_sector_cache_entry_read.c ****         else if (((cache_entry + 1) -> fx_cached_sector_valid) && ((cache_entry + 1) -> fx_cached_s
 111              		.loc 1 130 14 is_stmt 1 view .LVU27
 112              		.loc 1 130 37 is_stmt 0 view .LVU28
 113 006c 90F82960 		ldrb	r6, [r0, #41]	@ zero_extendqisi2
 114              		.loc 1 130 17 view .LVU29
 115 0070 36B1     		cbz	r6, .L5
 116              		.loc 1 130 86 discriminator 1 view .LVU30
 117 0072 456A     		ldr	r5, [r0, #36]
 118              		.loc 1 130 64 discriminator 1 view .LVU31
 119 0074 076A     		ldr	r7, [r0, #32]
 120 0076 9D42     		cmp	r5, r3
 121 0078 08BF     		it	eq
 122 007a 9742     		cmpeq	r7, r2
 123 007c 00F08180 		beq	.L15
 124              	.L5:
 131:Middlewares/ST/filex/common/src/fx_utility_logical_sector_cache_entry_read.c ****         {
 132:Middlewares/ST/filex/common/src/fx_utility_logical_sector_cache_entry_read.c **** 
 133:Middlewares/ST/filex/common/src/fx_utility_logical_sector_cache_entry_read.c ****             /* Yes, we found a match.  Simply setup the pointer to this
 134:Middlewares/ST/filex/common/src/fx_utility_logical_sector_cache_entry_read.c ****                buffer and return.  */
 135:Middlewares/ST/filex/common/src/fx_utility_logical_sector_cache_entry_read.c ****             media_ptr -> fx_media_memory_buffer =  (cache_entry + 1) -> fx_cached_sector_memory_buf
 136:Middlewares/ST/filex/common/src/fx_utility_logical_sector_cache_entry_read.c **** 
 137:Middlewares/ST/filex/common/src/fx_utility_logical_sector_cache_entry_read.c **** #ifndef FX_MEDIA_STATISTICS_DISABLE
 138:Middlewares/ST/filex/common/src/fx_utility_logical_sector_cache_entry_read.c **** 
 139:Middlewares/ST/filex/common/src/fx_utility_logical_sector_cache_entry_read.c ****             /* Increment the number of logical sectors cache read hits.  */
 140:Middlewares/ST/filex/common/src/fx_utility_logical_sector_cache_entry_read.c ****             media_ptr -> fx_media_logical_sector_cache_read_hits++;
 141:Middlewares/ST/filex/common/src/fx_utility_logical_sector_cache_entry_read.c **** #endif
 142:Middlewares/ST/filex/common/src/fx_utility_logical_sector_cache_entry_read.c **** 
 143:Middlewares/ST/filex/common/src/fx_utility_logical_sector_cache_entry_read.c ****             /* Swap the first and second cache entries to keep the most recently used
 144:Middlewares/ST/filex/common/src/fx_utility_logical_sector_cache_entry_read.c ****                at the top.  */
 145:Middlewares/ST/filex/common/src/fx_utility_logical_sector_cache_entry_read.c ****             temp_storage.fx_cached_sector_memory_buffer =           (cache_entry) -> fx_cached_sect
 146:Middlewares/ST/filex/common/src/fx_utility_logical_sector_cache_entry_read.c ****             temp_storage.fx_cached_sector =                         (cache_entry) -> fx_cached_sect
 147:Middlewares/ST/filex/common/src/fx_utility_logical_sector_cache_entry_read.c ****             temp_storage.fx_cached_sector_buffer_dirty =            (cache_entry) -> fx_cached_sect
 148:Middlewares/ST/filex/common/src/fx_utility_logical_sector_cache_entry_read.c ****             temp_storage.fx_cached_sector_valid =                   (cache_entry) -> fx_cached_sect
 149:Middlewares/ST/filex/common/src/fx_utility_logical_sector_cache_entry_read.c ****             temp_storage.fx_cached_sector_type =                    (cache_entry) -> fx_cached_sect
 150:Middlewares/ST/filex/common/src/fx_utility_logical_sector_cache_entry_read.c **** 
 151:Middlewares/ST/filex/common/src/fx_utility_logical_sector_cache_entry_read.c ****             (cache_entry) -> fx_cached_sector_memory_buffer =       (cache_entry + 1) -> fx_cached_
 152:Middlewares/ST/filex/common/src/fx_utility_logical_sector_cache_entry_read.c ****             (cache_entry) -> fx_cached_sector =                     (cache_entry + 1) -> fx_cached_
 153:Middlewares/ST/filex/common/src/fx_utility_logical_sector_cache_entry_read.c ****             (cache_entry) -> fx_cached_sector_buffer_dirty =        (cache_entry + 1) -> fx_cached_
 154:Middlewares/ST/filex/common/src/fx_utility_logical_sector_cache_entry_read.c ****             (cache_entry) -> fx_cached_sector_valid =               (cache_entry + 1) -> fx_cached_
 155:Middlewares/ST/filex/common/src/fx_utility_logical_sector_cache_entry_read.c ****             (cache_entry) -> fx_cached_sector_type =                (cache_entry + 1) -> fx_cached_
 156:Middlewares/ST/filex/common/src/fx_utility_logical_sector_cache_entry_read.c **** 
 157:Middlewares/ST/filex/common/src/fx_utility_logical_sector_cache_entry_read.c ****             (cache_entry + 1) -> fx_cached_sector_memory_buffer =   temp_storage.fx_cached_sector_m
 158:Middlewares/ST/filex/common/src/fx_utility_logical_sector_cache_entry_read.c ****             (cache_entry + 1) -> fx_cached_sector =                 temp_storage.fx_cached_sector;
 159:Middlewares/ST/filex/common/src/fx_utility_logical_sector_cache_entry_read.c ****             (cache_entry + 1) -> fx_cached_sector_buffer_dirty =    temp_storage.fx_cached_sector_b
 160:Middlewares/ST/filex/common/src/fx_utility_logical_sector_cache_entry_read.c ****             (cache_entry + 1) -> fx_cached_sector_valid =           temp_storage.fx_cached_sector_v
 161:Middlewares/ST/filex/common/src/fx_utility_logical_sector_cache_entry_read.c ****             (cache_entry + 1) -> fx_cached_sector_type =            temp_storage.fx_cached_sector_t
 162:Middlewares/ST/filex/common/src/fx_utility_logical_sector_cache_entry_read.c **** 
ARM GAS  /tmp/ccL1aQsx.s 			page 6


 163:Middlewares/ST/filex/common/src/fx_utility_logical_sector_cache_entry_read.c ****             /* Success, return to caller immediately!  */
 164:Middlewares/ST/filex/common/src/fx_utility_logical_sector_cache_entry_read.c ****             return(FX_NULL);
 165:Middlewares/ST/filex/common/src/fx_utility_logical_sector_cache_entry_read.c ****         }
 166:Middlewares/ST/filex/common/src/fx_utility_logical_sector_cache_entry_read.c ****         else if (((cache_entry + 2) -> fx_cached_sector_valid) && ((cache_entry + 2) -> fx_cached_s
 125              		.loc 1 166 14 is_stmt 1 view .LVU32
 126              		.loc 1 166 37 is_stmt 0 view .LVU33
 127 0080 90F84180 		ldrb	r8, [r0, #65]	@ zero_extendqisi2
 128              		.loc 1 166 17 view .LVU34
 129 0084 B8F1000F 		cmp	r8, #0
 130 0088 06D0     		beq	.L6
 131              		.loc 1 166 64 discriminator 1 view .LVU35
 132 008a 876B     		ldr	r7, [r0, #56]
 133 008c C56B     		ldr	r5, [r0, #60]
 134 008e 9D42     		cmp	r5, r3
 135 0090 08BF     		it	eq
 136 0092 9742     		cmpeq	r7, r2
 137 0094 00F0B280 		beq	.L16
 138              	.L6:
 167:Middlewares/ST/filex/common/src/fx_utility_logical_sector_cache_entry_read.c ****         {
 168:Middlewares/ST/filex/common/src/fx_utility_logical_sector_cache_entry_read.c **** 
 169:Middlewares/ST/filex/common/src/fx_utility_logical_sector_cache_entry_read.c ****             /* Yes, we found a match.  Simply setup the pointer to this
 170:Middlewares/ST/filex/common/src/fx_utility_logical_sector_cache_entry_read.c ****                buffer and return.  */
 171:Middlewares/ST/filex/common/src/fx_utility_logical_sector_cache_entry_read.c ****             media_ptr -> fx_media_memory_buffer =  (cache_entry + 2) -> fx_cached_sector_memory_buf
 172:Middlewares/ST/filex/common/src/fx_utility_logical_sector_cache_entry_read.c **** 
 173:Middlewares/ST/filex/common/src/fx_utility_logical_sector_cache_entry_read.c **** #ifndef FX_MEDIA_STATISTICS_DISABLE
 174:Middlewares/ST/filex/common/src/fx_utility_logical_sector_cache_entry_read.c **** 
 175:Middlewares/ST/filex/common/src/fx_utility_logical_sector_cache_entry_read.c ****             /* Increment the number of logical sectors cache read hits.  */
 176:Middlewares/ST/filex/common/src/fx_utility_logical_sector_cache_entry_read.c ****             media_ptr -> fx_media_logical_sector_cache_read_hits++;
 177:Middlewares/ST/filex/common/src/fx_utility_logical_sector_cache_entry_read.c **** #endif
 178:Middlewares/ST/filex/common/src/fx_utility_logical_sector_cache_entry_read.c **** 
 179:Middlewares/ST/filex/common/src/fx_utility_logical_sector_cache_entry_read.c ****             /* Move the third entry to the top and the first two entries down.  */
 180:Middlewares/ST/filex/common/src/fx_utility_logical_sector_cache_entry_read.c ****             temp_storage.fx_cached_sector_memory_buffer =           (cache_entry) -> fx_cached_sect
 181:Middlewares/ST/filex/common/src/fx_utility_logical_sector_cache_entry_read.c ****             temp_storage.fx_cached_sector =                         (cache_entry) -> fx_cached_sect
 182:Middlewares/ST/filex/common/src/fx_utility_logical_sector_cache_entry_read.c ****             temp_storage.fx_cached_sector_buffer_dirty =            (cache_entry) -> fx_cached_sect
 183:Middlewares/ST/filex/common/src/fx_utility_logical_sector_cache_entry_read.c ****             temp_storage.fx_cached_sector_valid =                   (cache_entry) -> fx_cached_sect
 184:Middlewares/ST/filex/common/src/fx_utility_logical_sector_cache_entry_read.c ****             temp_storage.fx_cached_sector_type =                    (cache_entry) -> fx_cached_sect
 185:Middlewares/ST/filex/common/src/fx_utility_logical_sector_cache_entry_read.c **** 
 186:Middlewares/ST/filex/common/src/fx_utility_logical_sector_cache_entry_read.c ****             (cache_entry) -> fx_cached_sector_memory_buffer =       (cache_entry + 2) -> fx_cached_
 187:Middlewares/ST/filex/common/src/fx_utility_logical_sector_cache_entry_read.c ****             (cache_entry) -> fx_cached_sector =                     (cache_entry + 2) -> fx_cached_
 188:Middlewares/ST/filex/common/src/fx_utility_logical_sector_cache_entry_read.c ****             (cache_entry) -> fx_cached_sector_buffer_dirty =        (cache_entry + 2) -> fx_cached_
 189:Middlewares/ST/filex/common/src/fx_utility_logical_sector_cache_entry_read.c ****             (cache_entry) -> fx_cached_sector_valid =               (cache_entry + 2) -> fx_cached_
 190:Middlewares/ST/filex/common/src/fx_utility_logical_sector_cache_entry_read.c ****             (cache_entry) -> fx_cached_sector_type =                (cache_entry + 2) -> fx_cached_
 191:Middlewares/ST/filex/common/src/fx_utility_logical_sector_cache_entry_read.c **** 
 192:Middlewares/ST/filex/common/src/fx_utility_logical_sector_cache_entry_read.c ****             (cache_entry + 2) -> fx_cached_sector_memory_buffer =   (cache_entry + 1) -> fx_cached_
 193:Middlewares/ST/filex/common/src/fx_utility_logical_sector_cache_entry_read.c ****             (cache_entry + 2) -> fx_cached_sector =                 (cache_entry + 1) -> fx_cached_
 194:Middlewares/ST/filex/common/src/fx_utility_logical_sector_cache_entry_read.c ****             (cache_entry + 2) -> fx_cached_sector_buffer_dirty =    (cache_entry + 1) -> fx_cached_
 195:Middlewares/ST/filex/common/src/fx_utility_logical_sector_cache_entry_read.c ****             (cache_entry + 2) -> fx_cached_sector_valid =           (cache_entry + 1) -> fx_cached_
 196:Middlewares/ST/filex/common/src/fx_utility_logical_sector_cache_entry_read.c ****             (cache_entry + 2) -> fx_cached_sector_type =            (cache_entry + 1) -> fx_cached_
 197:Middlewares/ST/filex/common/src/fx_utility_logical_sector_cache_entry_read.c **** 
 198:Middlewares/ST/filex/common/src/fx_utility_logical_sector_cache_entry_read.c ****             (cache_entry + 1) -> fx_cached_sector_memory_buffer =   temp_storage.fx_cached_sector_m
 199:Middlewares/ST/filex/common/src/fx_utility_logical_sector_cache_entry_read.c ****             (cache_entry + 1) -> fx_cached_sector =                 temp_storage.fx_cached_sector;
 200:Middlewares/ST/filex/common/src/fx_utility_logical_sector_cache_entry_read.c ****             (cache_entry + 1) -> fx_cached_sector_buffer_dirty =    temp_storage.fx_cached_sector_b
 201:Middlewares/ST/filex/common/src/fx_utility_logical_sector_cache_entry_read.c ****             (cache_entry + 1) -> fx_cached_sector_valid =           temp_storage.fx_cached_sector_v
 202:Middlewares/ST/filex/common/src/fx_utility_logical_sector_cache_entry_read.c ****             (cache_entry + 1) -> fx_cached_sector_type =            temp_storage.fx_cached_sector_t
 203:Middlewares/ST/filex/common/src/fx_utility_logical_sector_cache_entry_read.c **** 
 204:Middlewares/ST/filex/common/src/fx_utility_logical_sector_cache_entry_read.c ****             /* Success, return to caller immediately!  */
 205:Middlewares/ST/filex/common/src/fx_utility_logical_sector_cache_entry_read.c ****             return(FX_NULL);
ARM GAS  /tmp/ccL1aQsx.s 			page 7


 206:Middlewares/ST/filex/common/src/fx_utility_logical_sector_cache_entry_read.c ****         }
 207:Middlewares/ST/filex/common/src/fx_utility_logical_sector_cache_entry_read.c ****         else if (((cache_entry + 3) -> fx_cached_sector_valid) && ((cache_entry + 3) -> fx_cached_s
 139              		.loc 1 207 14 is_stmt 1 view .LVU36
 140              		.loc 1 207 37 is_stmt 0 view .LVU37
 141 0098 90F859C0 		ldrb	ip, [r0, #89]	@ zero_extendqisi2
 142              		.loc 1 207 17 view .LVU38
 143 009c BCF1000F 		cmp	ip, #0
 144 00a0 06D0     		beq	.L7
 145              		.loc 1 207 64 discriminator 1 view .LVU39
 146 00a2 056D     		ldr	r5, [r0, #80]
 147 00a4 476D     		ldr	r7, [r0, #84]
 148 00a6 9F42     		cmp	r7, r3
 149 00a8 08BF     		it	eq
 150 00aa 9542     		cmpeq	r5, r2
 151 00ac 00F0F580 		beq	.L17
 152              	.L7:
 208:Middlewares/ST/filex/common/src/fx_utility_logical_sector_cache_entry_read.c ****         {
 209:Middlewares/ST/filex/common/src/fx_utility_logical_sector_cache_entry_read.c **** 
 210:Middlewares/ST/filex/common/src/fx_utility_logical_sector_cache_entry_read.c ****             /* Yes, we found a match.  Simply setup the pointer to this
 211:Middlewares/ST/filex/common/src/fx_utility_logical_sector_cache_entry_read.c ****                buffer and return.  */
 212:Middlewares/ST/filex/common/src/fx_utility_logical_sector_cache_entry_read.c ****             media_ptr -> fx_media_memory_buffer =  (cache_entry + 3) -> fx_cached_sector_memory_buf
 213:Middlewares/ST/filex/common/src/fx_utility_logical_sector_cache_entry_read.c **** 
 214:Middlewares/ST/filex/common/src/fx_utility_logical_sector_cache_entry_read.c **** #ifndef FX_MEDIA_STATISTICS_DISABLE
 215:Middlewares/ST/filex/common/src/fx_utility_logical_sector_cache_entry_read.c **** 
 216:Middlewares/ST/filex/common/src/fx_utility_logical_sector_cache_entry_read.c ****             /* Increment the number of logical sectors cache read hits.  */
 217:Middlewares/ST/filex/common/src/fx_utility_logical_sector_cache_entry_read.c ****             media_ptr -> fx_media_logical_sector_cache_read_hits++;
 218:Middlewares/ST/filex/common/src/fx_utility_logical_sector_cache_entry_read.c **** #endif
 219:Middlewares/ST/filex/common/src/fx_utility_logical_sector_cache_entry_read.c **** 
 220:Middlewares/ST/filex/common/src/fx_utility_logical_sector_cache_entry_read.c ****             /* Move the last entry to the top and the first three entries down.  */
 221:Middlewares/ST/filex/common/src/fx_utility_logical_sector_cache_entry_read.c ****             temp_storage.fx_cached_sector_memory_buffer =           (cache_entry) -> fx_cached_sect
 222:Middlewares/ST/filex/common/src/fx_utility_logical_sector_cache_entry_read.c ****             temp_storage.fx_cached_sector =                         (cache_entry) -> fx_cached_sect
 223:Middlewares/ST/filex/common/src/fx_utility_logical_sector_cache_entry_read.c ****             temp_storage.fx_cached_sector_buffer_dirty =            (cache_entry) -> fx_cached_sect
 224:Middlewares/ST/filex/common/src/fx_utility_logical_sector_cache_entry_read.c ****             temp_storage.fx_cached_sector_valid =                   (cache_entry) -> fx_cached_sect
 225:Middlewares/ST/filex/common/src/fx_utility_logical_sector_cache_entry_read.c ****             temp_storage.fx_cached_sector_type =                    (cache_entry) -> fx_cached_sect
 226:Middlewares/ST/filex/common/src/fx_utility_logical_sector_cache_entry_read.c **** 
 227:Middlewares/ST/filex/common/src/fx_utility_logical_sector_cache_entry_read.c ****             (cache_entry) -> fx_cached_sector_memory_buffer =       (cache_entry + 3) -> fx_cached_
 228:Middlewares/ST/filex/common/src/fx_utility_logical_sector_cache_entry_read.c ****             (cache_entry) -> fx_cached_sector =                     (cache_entry + 3) -> fx_cached_
 229:Middlewares/ST/filex/common/src/fx_utility_logical_sector_cache_entry_read.c ****             (cache_entry) -> fx_cached_sector_buffer_dirty =        (cache_entry + 3) -> fx_cached_
 230:Middlewares/ST/filex/common/src/fx_utility_logical_sector_cache_entry_read.c ****             (cache_entry) -> fx_cached_sector_valid =               (cache_entry + 3) -> fx_cached_
 231:Middlewares/ST/filex/common/src/fx_utility_logical_sector_cache_entry_read.c ****             (cache_entry) -> fx_cached_sector_type =                (cache_entry + 3) -> fx_cached_
 232:Middlewares/ST/filex/common/src/fx_utility_logical_sector_cache_entry_read.c **** 
 233:Middlewares/ST/filex/common/src/fx_utility_logical_sector_cache_entry_read.c ****             (cache_entry + 3) -> fx_cached_sector_memory_buffer =   (cache_entry + 2) -> fx_cached_
 234:Middlewares/ST/filex/common/src/fx_utility_logical_sector_cache_entry_read.c ****             (cache_entry + 3) -> fx_cached_sector =                 (cache_entry + 2) -> fx_cached_
 235:Middlewares/ST/filex/common/src/fx_utility_logical_sector_cache_entry_read.c ****             (cache_entry + 3) -> fx_cached_sector_buffer_dirty =    (cache_entry + 2) -> fx_cached_
 236:Middlewares/ST/filex/common/src/fx_utility_logical_sector_cache_entry_read.c ****             (cache_entry + 3) -> fx_cached_sector_valid =           (cache_entry + 2) -> fx_cached_
 237:Middlewares/ST/filex/common/src/fx_utility_logical_sector_cache_entry_read.c ****             (cache_entry + 3) -> fx_cached_sector_type =            (cache_entry + 2) -> fx_cached_
 238:Middlewares/ST/filex/common/src/fx_utility_logical_sector_cache_entry_read.c **** 
 239:Middlewares/ST/filex/common/src/fx_utility_logical_sector_cache_entry_read.c ****             (cache_entry + 2) -> fx_cached_sector_memory_buffer =   (cache_entry + 1) -> fx_cached_
 240:Middlewares/ST/filex/common/src/fx_utility_logical_sector_cache_entry_read.c ****             (cache_entry + 2) -> fx_cached_sector =                 (cache_entry + 1) -> fx_cached_
 241:Middlewares/ST/filex/common/src/fx_utility_logical_sector_cache_entry_read.c ****             (cache_entry + 2) -> fx_cached_sector_buffer_dirty =    (cache_entry + 1) -> fx_cached_
 242:Middlewares/ST/filex/common/src/fx_utility_logical_sector_cache_entry_read.c ****             (cache_entry + 2) -> fx_cached_sector_valid =           (cache_entry + 1) -> fx_cached_
 243:Middlewares/ST/filex/common/src/fx_utility_logical_sector_cache_entry_read.c ****             (cache_entry + 2) -> fx_cached_sector_type =            (cache_entry + 1) -> fx_cached_
 244:Middlewares/ST/filex/common/src/fx_utility_logical_sector_cache_entry_read.c **** 
 245:Middlewares/ST/filex/common/src/fx_utility_logical_sector_cache_entry_read.c ****             (cache_entry + 1) -> fx_cached_sector_memory_buffer =   temp_storage.fx_cached_sector_m
 246:Middlewares/ST/filex/common/src/fx_utility_logical_sector_cache_entry_read.c ****             (cache_entry + 1) -> fx_cached_sector =                 temp_storage.fx_cached_sector;
 247:Middlewares/ST/filex/common/src/fx_utility_logical_sector_cache_entry_read.c ****             (cache_entry + 1) -> fx_cached_sector_buffer_dirty =    temp_storage.fx_cached_sector_b
 248:Middlewares/ST/filex/common/src/fx_utility_logical_sector_cache_entry_read.c ****             (cache_entry + 1) -> fx_cached_sector_valid =           temp_storage.fx_cached_sector_v
ARM GAS  /tmp/ccL1aQsx.s 			page 8


 249:Middlewares/ST/filex/common/src/fx_utility_logical_sector_cache_entry_read.c ****             (cache_entry + 1) -> fx_cached_sector_type =            temp_storage.fx_cached_sector_t
 250:Middlewares/ST/filex/common/src/fx_utility_logical_sector_cache_entry_read.c **** 
 251:Middlewares/ST/filex/common/src/fx_utility_logical_sector_cache_entry_read.c ****             /* Success, return to caller immediately!  */
 252:Middlewares/ST/filex/common/src/fx_utility_logical_sector_cache_entry_read.c ****             return(FX_NULL);
 253:Middlewares/ST/filex/common/src/fx_utility_logical_sector_cache_entry_read.c ****         }
 254:Middlewares/ST/filex/common/src/fx_utility_logical_sector_cache_entry_read.c **** 
 255:Middlewares/ST/filex/common/src/fx_utility_logical_sector_cache_entry_read.c ****         /* At this point we have a cache miss.  We need to move all of the sectors down one slot, s
 256:Middlewares/ST/filex/common/src/fx_utility_logical_sector_cache_entry_read.c ****            the 4th entry with the first.  */
 257:Middlewares/ST/filex/common/src/fx_utility_logical_sector_cache_entry_read.c ****         temp_storage.fx_cached_sector_memory_buffer =           (cache_entry + 3) -> fx_cached_sect
 153              		.loc 1 257 9 is_stmt 1 view .LVU40
 154              		.loc 1 257 83 is_stmt 0 view .LVU41
 155 00b0 D0F84890 		ldr	r9, [r0, #72]
 156              		.loc 1 257 53 view .LVU42
 157 00b4 CDF80090 		str	r9, [sp]
 258:Middlewares/ST/filex/common/src/fx_utility_logical_sector_cache_entry_read.c ****         temp_storage.fx_cached_sector =                         (cache_entry + 3) -> fx_cached_sect
 158              		.loc 1 258 9 is_stmt 1 view .LVU43
 159              		.loc 1 258 83 is_stmt 0 view .LVU44
 160 00b8 90ED147B 		vldr.64	d7, [r0, #80]	@ int
 161              		.loc 1 258 39 view .LVU45
 162 00bc 8DED027B 		vstr.64	d7, [sp, #8]	@ int
 259:Middlewares/ST/filex/common/src/fx_utility_logical_sector_cache_entry_read.c ****         temp_storage.fx_cached_sector_buffer_dirty =            (cache_entry + 3) -> fx_cached_sect
 163              		.loc 1 259 9 is_stmt 1 view .LVU46
 164              		.loc 1 259 83 is_stmt 0 view .LVU47
 165 00c0 90F85870 		ldrb	r7, [r0, #88]	@ zero_extendqisi2
 166              		.loc 1 259 52 view .LVU48
 167 00c4 8DF81070 		strb	r7, [sp, #16]
 260:Middlewares/ST/filex/common/src/fx_utility_logical_sector_cache_entry_read.c ****         temp_storage.fx_cached_sector_valid =                   (cache_entry + 3) -> fx_cached_sect
 168              		.loc 1 260 9 is_stmt 1 view .LVU49
 169              		.loc 1 260 45 is_stmt 0 view .LVU50
 170 00c8 8DF811C0 		strb	ip, [sp, #17]
 261:Middlewares/ST/filex/common/src/fx_utility_logical_sector_cache_entry_read.c ****         temp_storage.fx_cached_sector_type =                    (cache_entry + 3) -> fx_cached_sect
 171              		.loc 1 261 9 is_stmt 1 view .LVU51
 172              		.loc 1 261 83 is_stmt 0 view .LVU52
 173 00cc 90F85A20 		ldrb	r2, [r0, #90]	@ zero_extendqisi2
 174              	.LVL5:
 175              		.loc 1 261 44 view .LVU53
 176 00d0 8DF81220 		strb	r2, [sp, #18]
 262:Middlewares/ST/filex/common/src/fx_utility_logical_sector_cache_entry_read.c **** 
 263:Middlewares/ST/filex/common/src/fx_utility_logical_sector_cache_entry_read.c ****         (cache_entry + 3) -> fx_cached_sector_memory_buffer =   (cache_entry + 2) -> fx_cached_sect
 177              		.loc 1 263 9 is_stmt 1 view .LVU54
 178              		.loc 1 263 83 is_stmt 0 view .LVU55
 179 00d4 036B     		ldr	r3, [r0, #48]
 180              		.loc 1 263 61 view .LVU56
 181 00d6 8364     		str	r3, [r0, #72]
 264:Middlewares/ST/filex/common/src/fx_utility_logical_sector_cache_entry_read.c ****         (cache_entry + 3) -> fx_cached_sector =                 (cache_entry + 2) -> fx_cached_sect
 182              		.loc 1 264 9 is_stmt 1 view .LVU57
 183              		.loc 1 264 83 is_stmt 0 view .LVU58
 184 00d8 90ED0E6B 		vldr.64	d6, [r0, #56]	@ int
 185              		.loc 1 264 47 view .LVU59
 186 00dc 80ED146B 		vstr.64	d6, [r0, #80]	@ int
 265:Middlewares/ST/filex/common/src/fx_utility_logical_sector_cache_entry_read.c ****         (cache_entry + 3) -> fx_cached_sector_buffer_dirty =    (cache_entry + 2) -> fx_cached_sect
 187              		.loc 1 265 9 is_stmt 1 view .LVU60
 188              		.loc 1 265 83 is_stmt 0 view .LVU61
 189 00e0 90F84030 		ldrb	r3, [r0, #64]	@ zero_extendqisi2
 190              		.loc 1 265 60 view .LVU62
 191 00e4 80F85830 		strb	r3, [r0, #88]
 266:Middlewares/ST/filex/common/src/fx_utility_logical_sector_cache_entry_read.c ****         (cache_entry + 3) -> fx_cached_sector_valid =           (cache_entry + 2) -> fx_cached_sect
ARM GAS  /tmp/ccL1aQsx.s 			page 9


 192              		.loc 1 266 9 is_stmt 1 view .LVU63
 193              		.loc 1 266 53 is_stmt 0 view .LVU64
 194 00e8 80F85980 		strb	r8, [r0, #89]
 267:Middlewares/ST/filex/common/src/fx_utility_logical_sector_cache_entry_read.c ****         (cache_entry + 3) -> fx_cached_sector_type =            (cache_entry + 2) -> fx_cached_sect
 195              		.loc 1 267 9 is_stmt 1 view .LVU65
 196              		.loc 1 267 83 is_stmt 0 view .LVU66
 197 00ec 90F84230 		ldrb	r3, [r0, #66]	@ zero_extendqisi2
 198              		.loc 1 267 52 view .LVU67
 199 00f0 80F85A30 		strb	r3, [r0, #90]
 268:Middlewares/ST/filex/common/src/fx_utility_logical_sector_cache_entry_read.c **** 
 269:Middlewares/ST/filex/common/src/fx_utility_logical_sector_cache_entry_read.c ****         (cache_entry + 2) -> fx_cached_sector_memory_buffer =   (cache_entry + 1) -> fx_cached_sect
 200              		.loc 1 269 9 is_stmt 1 view .LVU68
 201              		.loc 1 269 83 is_stmt 0 view .LVU69
 202 00f4 8369     		ldr	r3, [r0, #24]
 203              		.loc 1 269 61 view .LVU70
 204 00f6 0363     		str	r3, [r0, #48]
 270:Middlewares/ST/filex/common/src/fx_utility_logical_sector_cache_entry_read.c ****         (cache_entry + 2) -> fx_cached_sector =                 (cache_entry + 1) -> fx_cached_sect
 205              		.loc 1 270 9 is_stmt 1 view .LVU71
 206              		.loc 1 270 83 is_stmt 0 view .LVU72
 207 00f8 90ED086B 		vldr.64	d6, [r0, #32]	@ int
 208              		.loc 1 270 47 view .LVU73
 209 00fc 80ED0E6B 		vstr.64	d6, [r0, #56]	@ int
 271:Middlewares/ST/filex/common/src/fx_utility_logical_sector_cache_entry_read.c ****         (cache_entry + 2) -> fx_cached_sector_buffer_dirty =    (cache_entry + 1) -> fx_cached_sect
 210              		.loc 1 271 9 is_stmt 1 view .LVU74
 211              		.loc 1 271 83 is_stmt 0 view .LVU75
 212 0100 90F82830 		ldrb	r3, [r0, #40]	@ zero_extendqisi2
 213              		.loc 1 271 60 view .LVU76
 214 0104 80F84030 		strb	r3, [r0, #64]
 272:Middlewares/ST/filex/common/src/fx_utility_logical_sector_cache_entry_read.c ****         (cache_entry + 2) -> fx_cached_sector_valid =           (cache_entry + 1) -> fx_cached_sect
 215              		.loc 1 272 9 is_stmt 1 view .LVU77
 216              		.loc 1 272 53 is_stmt 0 view .LVU78
 217 0108 80F84160 		strb	r6, [r0, #65]
 273:Middlewares/ST/filex/common/src/fx_utility_logical_sector_cache_entry_read.c ****         (cache_entry + 2) -> fx_cached_sector_type =            (cache_entry + 1) -> fx_cached_sect
 218              		.loc 1 273 9 is_stmt 1 view .LVU79
 219              		.loc 1 273 83 is_stmt 0 view .LVU80
 220 010c 90F82A30 		ldrb	r3, [r0, #42]	@ zero_extendqisi2
 221              		.loc 1 273 52 view .LVU81
 222 0110 80F84230 		strb	r3, [r0, #66]
 274:Middlewares/ST/filex/common/src/fx_utility_logical_sector_cache_entry_read.c **** 
 275:Middlewares/ST/filex/common/src/fx_utility_logical_sector_cache_entry_read.c ****         (cache_entry + 1) -> fx_cached_sector_memory_buffer =   (cache_entry) -> fx_cached_sector_m
 223              		.loc 1 275 9 is_stmt 1 view .LVU82
 224              		.loc 1 275 79 is_stmt 0 view .LVU83
 225 0114 01EB4103 		add	r3, r1, r1, lsl #1
 226 0118 0EEBC303 		add	r3, lr, r3, lsl #3
 227 011c D3F8A05C 		ldr	r5, [r3, #3232]
 228              		.loc 1 275 61 view .LVU84
 229 0120 8561     		str	r5, [r0, #24]
 276:Middlewares/ST/filex/common/src/fx_utility_logical_sector_cache_entry_read.c ****         (cache_entry + 1) -> fx_cached_sector =                 (cache_entry) -> fx_cached_sector;
 230              		.loc 1 276 9 is_stmt 1 view .LVU85
 231              		.loc 1 276 79 is_stmt 0 view .LVU86
 232 0122 03F6A845 		addw	r5, r3, #3240
 233 0126 95ED006B 		vldr.64	d6, [r5]	@ int
 234              		.loc 1 276 47 view .LVU87
 235 012a 80ED086B 		vstr.64	d6, [r0, #32]	@ int
 277:Middlewares/ST/filex/common/src/fx_utility_logical_sector_cache_entry_read.c ****         (cache_entry + 1) -> fx_cached_sector_buffer_dirty =    (cache_entry) -> fx_cached_sector_b
 236              		.loc 1 277 9 is_stmt 1 view .LVU88
 237              		.loc 1 277 79 is_stmt 0 view .LVU89
ARM GAS  /tmp/ccL1aQsx.s 			page 10


 238 012e 93F8B06C 		ldrb	r6, [r3, #3248]	@ zero_extendqisi2
 239              		.loc 1 277 60 view .LVU90
 240 0132 80F82860 		strb	r6, [r0, #40]
 278:Middlewares/ST/filex/common/src/fx_utility_logical_sector_cache_entry_read.c ****         (cache_entry + 1) -> fx_cached_sector_valid =           (cache_entry) -> fx_cached_sector_v
 241              		.loc 1 278 9 is_stmt 1 view .LVU91
 242              		.loc 1 278 79 is_stmt 0 view .LVU92
 243 0136 93F8B16C 		ldrb	r6, [r3, #3249]	@ zero_extendqisi2
 244              		.loc 1 278 53 view .LVU93
 245 013a 80F82960 		strb	r6, [r0, #41]
 279:Middlewares/ST/filex/common/src/fx_utility_logical_sector_cache_entry_read.c ****         (cache_entry + 1) -> fx_cached_sector_type =            (cache_entry) -> fx_cached_sector_t
 246              		.loc 1 279 9 is_stmt 1 view .LVU94
 247              		.loc 1 279 79 is_stmt 0 view .LVU95
 248 013e 93F8B26C 		ldrb	r6, [r3, #3250]	@ zero_extendqisi2
 249              		.loc 1 279 52 view .LVU96
 250 0142 80F82A60 		strb	r6, [r0, #42]
 280:Middlewares/ST/filex/common/src/fx_utility_logical_sector_cache_entry_read.c **** 
 281:Middlewares/ST/filex/common/src/fx_utility_logical_sector_cache_entry_read.c ****         (cache_entry) -> fx_cached_sector_memory_buffer =       temp_storage.fx_cached_sector_memor
 251              		.loc 1 281 9 is_stmt 1 view .LVU97
 252              		.loc 1 281 57 is_stmt 0 view .LVU98
 253 0146 C3F8A09C 		str	r9, [r3, #3232]
 282:Middlewares/ST/filex/common/src/fx_utility_logical_sector_cache_entry_read.c ****         (cache_entry) -> fx_cached_sector =                     temp_storage.fx_cached_sector;
 254              		.loc 1 282 9 is_stmt 1 view .LVU99
 255              		.loc 1 282 43 is_stmt 0 view .LVU100
 256 014a 85ED007B 		vstr.64	d7, [r5]	@ int
 283:Middlewares/ST/filex/common/src/fx_utility_logical_sector_cache_entry_read.c ****         (cache_entry) -> fx_cached_sector_buffer_dirty =        temp_storage.fx_cached_sector_buffe
 257              		.loc 1 283 9 is_stmt 1 view .LVU101
 258              		.loc 1 283 56 is_stmt 0 view .LVU102
 259 014e 83F8B07C 		strb	r7, [r3, #3248]
 284:Middlewares/ST/filex/common/src/fx_utility_logical_sector_cache_entry_read.c ****         (cache_entry) -> fx_cached_sector_valid =               temp_storage.fx_cached_sector_valid
 260              		.loc 1 284 9 is_stmt 1 view .LVU103
 261              		.loc 1 284 49 is_stmt 0 view .LVU104
 262 0152 83F8B1CC 		strb	ip, [r3, #3249]
 285:Middlewares/ST/filex/common/src/fx_utility_logical_sector_cache_entry_read.c ****         (cache_entry) -> fx_cached_sector_type =                temp_storage.fx_cached_sector_type;
 263              		.loc 1 285 9 is_stmt 1 view .LVU105
 264              		.loc 1 285 48 is_stmt 0 view .LVU106
 265 0156 83F8B22C 		strb	r2, [r3, #3250]
 286:Middlewares/ST/filex/common/src/fx_utility_logical_sector_cache_entry_read.c **** 
 287:Middlewares/ST/filex/common/src/fx_utility_logical_sector_cache_entry_read.c ****         /* Set the previous pointer to NULL to avoid the linked list update below.  */
 288:Middlewares/ST/filex/common/src/fx_utility_logical_sector_cache_entry_read.c ****         *previous_cache_entry =  FX_NULL;
 266              		.loc 1 288 9 is_stmt 1 view .LVU107
 267              		.loc 1 288 31 is_stmt 0 view .LVU108
 268 015a 0023     		movs	r3, #0
 269 015c 2360     		str	r3, [r4]
 270              	.LVL6:
 271              	.L1:
 289:Middlewares/ST/filex/common/src/fx_utility_logical_sector_cache_entry_read.c ****     }
 290:Middlewares/ST/filex/common/src/fx_utility_logical_sector_cache_entry_read.c ****     else
 291:Middlewares/ST/filex/common/src/fx_utility_logical_sector_cache_entry_read.c ****     {
 292:Middlewares/ST/filex/common/src/fx_utility_logical_sector_cache_entry_read.c **** 
 293:Middlewares/ST/filex/common/src/fx_utility_logical_sector_cache_entry_read.c ****         /* Search for an entry in the cache that matches this request.  */
 294:Middlewares/ST/filex/common/src/fx_utility_logical_sector_cache_entry_read.c ****         cache_size =            media_ptr -> fx_media_sector_cache_size;
 295:Middlewares/ST/filex/common/src/fx_utility_logical_sector_cache_entry_read.c ****         cache_entry =           media_ptr -> fx_media_sector_cache_list_ptr;
 296:Middlewares/ST/filex/common/src/fx_utility_logical_sector_cache_entry_read.c ****         *previous_cache_entry =  FX_NULL;
 297:Middlewares/ST/filex/common/src/fx_utility_logical_sector_cache_entry_read.c **** 
 298:Middlewares/ST/filex/common/src/fx_utility_logical_sector_cache_entry_read.c ****         /* Look at the cache entries until a match is found or the end of
 299:Middlewares/ST/filex/common/src/fx_utility_logical_sector_cache_entry_read.c ****            the cache is reached.  */
 300:Middlewares/ST/filex/common/src/fx_utility_logical_sector_cache_entry_read.c ****         while (cache_size--)
ARM GAS  /tmp/ccL1aQsx.s 			page 11


 301:Middlewares/ST/filex/common/src/fx_utility_logical_sector_cache_entry_read.c ****         {
 302:Middlewares/ST/filex/common/src/fx_utility_logical_sector_cache_entry_read.c **** 
 303:Middlewares/ST/filex/common/src/fx_utility_logical_sector_cache_entry_read.c ****             /* Determine if the requested sector has been found.  */
 304:Middlewares/ST/filex/common/src/fx_utility_logical_sector_cache_entry_read.c ****             if ((cache_entry -> fx_cached_sector_valid) && (cache_entry -> fx_cached_sector == logi
 305:Middlewares/ST/filex/common/src/fx_utility_logical_sector_cache_entry_read.c ****             {
 306:Middlewares/ST/filex/common/src/fx_utility_logical_sector_cache_entry_read.c **** 
 307:Middlewares/ST/filex/common/src/fx_utility_logical_sector_cache_entry_read.c ****                 /* Yes, we found a match.  Simply setup the pointer to this
 308:Middlewares/ST/filex/common/src/fx_utility_logical_sector_cache_entry_read.c ****                    buffer and return.  */
 309:Middlewares/ST/filex/common/src/fx_utility_logical_sector_cache_entry_read.c ****                 media_ptr -> fx_media_memory_buffer =  cache_entry -> fx_cached_sector_memory_buffe
 310:Middlewares/ST/filex/common/src/fx_utility_logical_sector_cache_entry_read.c **** 
 311:Middlewares/ST/filex/common/src/fx_utility_logical_sector_cache_entry_read.c ****                 /* Determine if we need to update the last used list.  */
 312:Middlewares/ST/filex/common/src/fx_utility_logical_sector_cache_entry_read.c ****                 if (*previous_cache_entry)
 313:Middlewares/ST/filex/common/src/fx_utility_logical_sector_cache_entry_read.c ****                 {
 314:Middlewares/ST/filex/common/src/fx_utility_logical_sector_cache_entry_read.c **** 
 315:Middlewares/ST/filex/common/src/fx_utility_logical_sector_cache_entry_read.c ****                     /* Yes, the current entry is not at the front of the list
 316:Middlewares/ST/filex/common/src/fx_utility_logical_sector_cache_entry_read.c ****                        so we need to change the order.  */
 317:Middlewares/ST/filex/common/src/fx_utility_logical_sector_cache_entry_read.c **** 
 318:Middlewares/ST/filex/common/src/fx_utility_logical_sector_cache_entry_read.c ****                     /* Link the previous entry to this entry's next pointer.  */
 319:Middlewares/ST/filex/common/src/fx_utility_logical_sector_cache_entry_read.c ****                     (*previous_cache_entry) -> fx_cached_sector_next_used =
 320:Middlewares/ST/filex/common/src/fx_utility_logical_sector_cache_entry_read.c ****                         cache_entry -> fx_cached_sector_next_used;
 321:Middlewares/ST/filex/common/src/fx_utility_logical_sector_cache_entry_read.c **** 
 322:Middlewares/ST/filex/common/src/fx_utility_logical_sector_cache_entry_read.c ****                     /* Place this entry at the head of the list.  */
 323:Middlewares/ST/filex/common/src/fx_utility_logical_sector_cache_entry_read.c ****                     cache_entry -> fx_cached_sector_next_used =
 324:Middlewares/ST/filex/common/src/fx_utility_logical_sector_cache_entry_read.c ****                         media_ptr -> fx_media_sector_cache_list_ptr;
 325:Middlewares/ST/filex/common/src/fx_utility_logical_sector_cache_entry_read.c ****                     media_ptr -> fx_media_sector_cache_list_ptr =  cache_entry;
 326:Middlewares/ST/filex/common/src/fx_utility_logical_sector_cache_entry_read.c ****                 }
 327:Middlewares/ST/filex/common/src/fx_utility_logical_sector_cache_entry_read.c **** 
 328:Middlewares/ST/filex/common/src/fx_utility_logical_sector_cache_entry_read.c **** #ifndef FX_MEDIA_STATISTICS_DISABLE
 329:Middlewares/ST/filex/common/src/fx_utility_logical_sector_cache_entry_read.c **** 
 330:Middlewares/ST/filex/common/src/fx_utility_logical_sector_cache_entry_read.c ****                 /* Increment the number of logical sectors cache read hits.  */
 331:Middlewares/ST/filex/common/src/fx_utility_logical_sector_cache_entry_read.c ****                 media_ptr -> fx_media_logical_sector_cache_read_hits++;
 332:Middlewares/ST/filex/common/src/fx_utility_logical_sector_cache_entry_read.c **** #endif
 333:Middlewares/ST/filex/common/src/fx_utility_logical_sector_cache_entry_read.c **** 
 334:Middlewares/ST/filex/common/src/fx_utility_logical_sector_cache_entry_read.c ****                 /* Success, return to caller immediately!  */
 335:Middlewares/ST/filex/common/src/fx_utility_logical_sector_cache_entry_read.c ****                 return(FX_NULL);
 336:Middlewares/ST/filex/common/src/fx_utility_logical_sector_cache_entry_read.c ****             }
 337:Middlewares/ST/filex/common/src/fx_utility_logical_sector_cache_entry_read.c **** 
 338:Middlewares/ST/filex/common/src/fx_utility_logical_sector_cache_entry_read.c ****             /* Otherwise, we have not found the cached entry yet.  */
 339:Middlewares/ST/filex/common/src/fx_utility_logical_sector_cache_entry_read.c **** 
 340:Middlewares/ST/filex/common/src/fx_utility_logical_sector_cache_entry_read.c ****             /* If there are more entries, move to the next one.  */
 341:Middlewares/ST/filex/common/src/fx_utility_logical_sector_cache_entry_read.c ****             if (cache_entry -> fx_cached_sector_next_used)
 342:Middlewares/ST/filex/common/src/fx_utility_logical_sector_cache_entry_read.c ****             {
 343:Middlewares/ST/filex/common/src/fx_utility_logical_sector_cache_entry_read.c **** 
 344:Middlewares/ST/filex/common/src/fx_utility_logical_sector_cache_entry_read.c ****                 *previous_cache_entry =  cache_entry;
 345:Middlewares/ST/filex/common/src/fx_utility_logical_sector_cache_entry_read.c ****                 cache_entry =           cache_entry -> fx_cached_sector_next_used;
 346:Middlewares/ST/filex/common/src/fx_utility_logical_sector_cache_entry_read.c ****             }
 347:Middlewares/ST/filex/common/src/fx_utility_logical_sector_cache_entry_read.c ****         }
 348:Middlewares/ST/filex/common/src/fx_utility_logical_sector_cache_entry_read.c ****     }
 349:Middlewares/ST/filex/common/src/fx_utility_logical_sector_cache_entry_read.c **** 
 350:Middlewares/ST/filex/common/src/fx_utility_logical_sector_cache_entry_read.c ****     /* The requested sector is not in cache, return the last cache entry.  */
 351:Middlewares/ST/filex/common/src/fx_utility_logical_sector_cache_entry_read.c ****     return(cache_entry);
 352:Middlewares/ST/filex/common/src/fx_utility_logical_sector_cache_entry_read.c **** #else
 353:Middlewares/ST/filex/common/src/fx_utility_logical_sector_cache_entry_read.c ****     FX_PARAMETER_NOT_USED(media_ptr);
 354:Middlewares/ST/filex/common/src/fx_utility_logical_sector_cache_entry_read.c ****     FX_PARAMETER_NOT_USED(logical_sector);
 355:Middlewares/ST/filex/common/src/fx_utility_logical_sector_cache_entry_read.c ****     FX_PARAMETER_NOT_USED(previous_cache_entry);
 356:Middlewares/ST/filex/common/src/fx_utility_logical_sector_cache_entry_read.c ****     return(FX_NULL);
 357:Middlewares/ST/filex/common/src/fx_utility_logical_sector_cache_entry_read.c **** #endif /* FX_DISABLE_CACHE */
ARM GAS  /tmp/ccL1aQsx.s 			page 12


 358:Middlewares/ST/filex/common/src/fx_utility_logical_sector_cache_entry_read.c **** }
 272              		.loc 1 358 1 view .LVU109
 273 015e 06B0     		add	sp, sp, #24
 274              	.LCFI2:
 275              		.cfi_remember_state
 276              		.cfi_def_cfa_offset 32
 277              		@ sp needed
 278 0160 BDE8F087 		pop	{r4, r5, r6, r7, r8, r9, r10, pc}
 279              	.LVL7:
 280              	.L14:
 281              	.LCFI3:
 282              		.cfi_restore_state
 120:Middlewares/ST/filex/common/src/fx_utility_logical_sector_cache_entry_read.c **** 
 283              		.loc 1 120 13 is_stmt 1 view .LVU110
 120:Middlewares/ST/filex/common/src/fx_utility_logical_sector_cache_entry_read.c **** 
 284              		.loc 1 120 64 is_stmt 0 view .LVU111
 285 0164 01EB4101 		add	r1, r1, r1, lsl #1
 286              	.LVL8:
 120:Middlewares/ST/filex/common/src/fx_utility_logical_sector_cache_entry_read.c **** 
 287              		.loc 1 120 64 view .LVU112
 288 0168 0EEBC103 		add	r3, lr, r1, lsl #3
 289 016c D3F8A03C 		ldr	r3, [r3, #3232]
 120:Middlewares/ST/filex/common/src/fx_utility_logical_sector_cache_entry_read.c **** 
 290              		.loc 1 120 49 view .LVU113
 291 0170 CEF80830 		str	r3, [lr, #8]
 125:Middlewares/ST/filex/common/src/fx_utility_logical_sector_cache_entry_read.c **** #endif
 292              		.loc 1 125 13 is_stmt 1 view .LVU114
 125:Middlewares/ST/filex/common/src/fx_utility_logical_sector_cache_entry_read.c **** #endif
 293              		.loc 1 125 23 is_stmt 0 view .LVU115
 294 0174 DEF8A431 		ldr	r3, [lr, #420]
 125:Middlewares/ST/filex/common/src/fx_utility_logical_sector_cache_entry_read.c **** #endif
 295              		.loc 1 125 65 view .LVU116
 296 0178 0133     		adds	r3, r3, #1
 297 017a CEF8A431 		str	r3, [lr, #420]
 128:Middlewares/ST/filex/common/src/fx_utility_logical_sector_cache_entry_read.c ****         }
 298              		.loc 1 128 13 is_stmt 1 view .LVU117
 128:Middlewares/ST/filex/common/src/fx_utility_logical_sector_cache_entry_read.c ****         }
 299              		.loc 1 128 19 is_stmt 0 view .LVU118
 300 017e 0020     		movs	r0, #0
 301              	.LVL9:
 128:Middlewares/ST/filex/common/src/fx_utility_logical_sector_cache_entry_read.c ****         }
 302              		.loc 1 128 19 view .LVU119
 303 0180 EDE7     		b	.L1
 304              	.LVL10:
 305              	.L15:
 135:Middlewares/ST/filex/common/src/fx_utility_logical_sector_cache_entry_read.c **** 
 306              		.loc 1 135 13 is_stmt 1 view .LVU120
 135:Middlewares/ST/filex/common/src/fx_utility_logical_sector_cache_entry_read.c **** 
 307              		.loc 1 135 70 is_stmt 0 view .LVU121
 308 0182 8369     		ldr	r3, [r0, #24]
 135:Middlewares/ST/filex/common/src/fx_utility_logical_sector_cache_entry_read.c **** 
 309              		.loc 1 135 49 view .LVU122
 310 0184 CEF80830 		str	r3, [lr, #8]
 140:Middlewares/ST/filex/common/src/fx_utility_logical_sector_cache_entry_read.c **** #endif
 311              		.loc 1 140 13 is_stmt 1 view .LVU123
 140:Middlewares/ST/filex/common/src/fx_utility_logical_sector_cache_entry_read.c **** #endif
 312              		.loc 1 140 23 is_stmt 0 view .LVU124
ARM GAS  /tmp/ccL1aQsx.s 			page 13


 313 0188 DEF8A431 		ldr	r3, [lr, #420]
 140:Middlewares/ST/filex/common/src/fx_utility_logical_sector_cache_entry_read.c **** #endif
 314              		.loc 1 140 65 view .LVU125
 315 018c 0133     		adds	r3, r3, #1
 316 018e CEF8A431 		str	r3, [lr, #420]
 145:Middlewares/ST/filex/common/src/fx_utility_logical_sector_cache_entry_read.c ****             temp_storage.fx_cached_sector =                         (cache_entry) -> fx_cached_sect
 317              		.loc 1 145 13 is_stmt 1 view .LVU126
 145:Middlewares/ST/filex/common/src/fx_utility_logical_sector_cache_entry_read.c ****             temp_storage.fx_cached_sector =                         (cache_entry) -> fx_cached_sect
 318              		.loc 1 145 83 is_stmt 0 view .LVU127
 319 0192 01EB4103 		add	r3, r1, r1, lsl #1
 320 0196 0EEBC303 		add	r3, lr, r3, lsl #3
 321 019a D3F8A06C 		ldr	r6, [r3, #3232]
 145:Middlewares/ST/filex/common/src/fx_utility_logical_sector_cache_entry_read.c ****             temp_storage.fx_cached_sector =                         (cache_entry) -> fx_cached_sect
 322              		.loc 1 145 57 view .LVU128
 323 019e 0096     		str	r6, [sp]
 146:Middlewares/ST/filex/common/src/fx_utility_logical_sector_cache_entry_read.c ****             temp_storage.fx_cached_sector_buffer_dirty =            (cache_entry) -> fx_cached_sect
 324              		.loc 1 146 13 is_stmt 1 view .LVU129
 146:Middlewares/ST/filex/common/src/fx_utility_logical_sector_cache_entry_read.c ****             temp_storage.fx_cached_sector_buffer_dirty =            (cache_entry) -> fx_cached_sect
 325              		.loc 1 146 83 is_stmt 0 view .LVU130
 326 01a0 03F6A84C 		addw	ip, r3, #3240
 327 01a4 DCE90089 		ldrd	r8, [ip]
 146:Middlewares/ST/filex/common/src/fx_utility_logical_sector_cache_entry_read.c ****             temp_storage.fx_cached_sector_buffer_dirty =            (cache_entry) -> fx_cached_sect
 328              		.loc 1 146 43 view .LVU131
 329 01a8 CDE90289 		strd	r8, [sp, #8]
 147:Middlewares/ST/filex/common/src/fx_utility_logical_sector_cache_entry_read.c ****             temp_storage.fx_cached_sector_valid =                   (cache_entry) -> fx_cached_sect
 330              		.loc 1 147 13 is_stmt 1 view .LVU132
 147:Middlewares/ST/filex/common/src/fx_utility_logical_sector_cache_entry_read.c ****             temp_storage.fx_cached_sector_valid =                   (cache_entry) -> fx_cached_sect
 331              		.loc 1 147 83 is_stmt 0 view .LVU133
 332 01ac 93F8B04C 		ldrb	r4, [r3, #3248]	@ zero_extendqisi2
 147:Middlewares/ST/filex/common/src/fx_utility_logical_sector_cache_entry_read.c ****             temp_storage.fx_cached_sector_valid =                   (cache_entry) -> fx_cached_sect
 333              		.loc 1 147 56 view .LVU134
 334 01b0 8DF81040 		strb	r4, [sp, #16]
 148:Middlewares/ST/filex/common/src/fx_utility_logical_sector_cache_entry_read.c ****             temp_storage.fx_cached_sector_type =                    (cache_entry) -> fx_cached_sect
 335              		.loc 1 148 13 is_stmt 1 view .LVU135
 148:Middlewares/ST/filex/common/src/fx_utility_logical_sector_cache_entry_read.c ****             temp_storage.fx_cached_sector_type =                    (cache_entry) -> fx_cached_sect
 336              		.loc 1 148 49 is_stmt 0 view .LVU136
 337 01b4 8DF811A0 		strb	r10, [sp, #17]
 149:Middlewares/ST/filex/common/src/fx_utility_logical_sector_cache_entry_read.c **** 
 338              		.loc 1 149 13 is_stmt 1 view .LVU137
 149:Middlewares/ST/filex/common/src/fx_utility_logical_sector_cache_entry_read.c **** 
 339              		.loc 1 149 83 is_stmt 0 view .LVU138
 340 01b8 93F8B22C 		ldrb	r2, [r3, #3250]	@ zero_extendqisi2
 341              	.LVL11:
 149:Middlewares/ST/filex/common/src/fx_utility_logical_sector_cache_entry_read.c **** 
 342              		.loc 1 149 48 view .LVU139
 343 01bc 8DF81220 		strb	r2, [sp, #18]
 151:Middlewares/ST/filex/common/src/fx_utility_logical_sector_cache_entry_read.c ****             (cache_entry) -> fx_cached_sector =                     (cache_entry + 1) -> fx_cached_
 344              		.loc 1 151 13 is_stmt 1 view .LVU140
 151:Middlewares/ST/filex/common/src/fx_utility_logical_sector_cache_entry_read.c ****             (cache_entry) -> fx_cached_sector =                     (cache_entry + 1) -> fx_cached_
 345              		.loc 1 151 87 is_stmt 0 view .LVU141
 346 01c0 8569     		ldr	r5, [r0, #24]
 151:Middlewares/ST/filex/common/src/fx_utility_logical_sector_cache_entry_read.c ****             (cache_entry) -> fx_cached_sector =                     (cache_entry + 1) -> fx_cached_
 347              		.loc 1 151 61 view .LVU142
 348 01c2 C3F8A05C 		str	r5, [r3, #3232]
 152:Middlewares/ST/filex/common/src/fx_utility_logical_sector_cache_entry_read.c ****             (cache_entry) -> fx_cached_sector_buffer_dirty =        (cache_entry + 1) -> fx_cached_
 349              		.loc 1 152 13 is_stmt 1 view .LVU143
 152:Middlewares/ST/filex/common/src/fx_utility_logical_sector_cache_entry_read.c ****             (cache_entry) -> fx_cached_sector_buffer_dirty =        (cache_entry + 1) -> fx_cached_
ARM GAS  /tmp/ccL1aQsx.s 			page 14


 350              		.loc 1 152 87 is_stmt 0 view .LVU144
 351 01c6 90ED087B 		vldr.64	d7, [r0, #32]	@ int
 152:Middlewares/ST/filex/common/src/fx_utility_logical_sector_cache_entry_read.c ****             (cache_entry) -> fx_cached_sector_buffer_dirty =        (cache_entry + 1) -> fx_cached_
 352              		.loc 1 152 47 view .LVU145
 353 01ca 8CED007B 		vstr.64	d7, [ip]	@ int
 153:Middlewares/ST/filex/common/src/fx_utility_logical_sector_cache_entry_read.c ****             (cache_entry) -> fx_cached_sector_valid =               (cache_entry + 1) -> fx_cached_
 354              		.loc 1 153 13 is_stmt 1 view .LVU146
 153:Middlewares/ST/filex/common/src/fx_utility_logical_sector_cache_entry_read.c ****             (cache_entry) -> fx_cached_sector_valid =               (cache_entry + 1) -> fx_cached_
 355              		.loc 1 153 87 is_stmt 0 view .LVU147
 356 01ce 90F82850 		ldrb	r5, [r0, #40]	@ zero_extendqisi2
 153:Middlewares/ST/filex/common/src/fx_utility_logical_sector_cache_entry_read.c ****             (cache_entry) -> fx_cached_sector_valid =               (cache_entry + 1) -> fx_cached_
 357              		.loc 1 153 60 view .LVU148
 358 01d2 83F8B05C 		strb	r5, [r3, #3248]
 154:Middlewares/ST/filex/common/src/fx_utility_logical_sector_cache_entry_read.c ****             (cache_entry) -> fx_cached_sector_type =                (cache_entry + 1) -> fx_cached_
 359              		.loc 1 154 13 is_stmt 1 view .LVU149
 154:Middlewares/ST/filex/common/src/fx_utility_logical_sector_cache_entry_read.c ****             (cache_entry) -> fx_cached_sector_type =                (cache_entry + 1) -> fx_cached_
 360              		.loc 1 154 87 is_stmt 0 view .LVU150
 361 01d6 90F82950 		ldrb	r5, [r0, #41]	@ zero_extendqisi2
 154:Middlewares/ST/filex/common/src/fx_utility_logical_sector_cache_entry_read.c ****             (cache_entry) -> fx_cached_sector_type =                (cache_entry + 1) -> fx_cached_
 362              		.loc 1 154 53 view .LVU151
 363 01da 83F8B15C 		strb	r5, [r3, #3249]
 155:Middlewares/ST/filex/common/src/fx_utility_logical_sector_cache_entry_read.c **** 
 364              		.loc 1 155 13 is_stmt 1 view .LVU152
 155:Middlewares/ST/filex/common/src/fx_utility_logical_sector_cache_entry_read.c **** 
 365              		.loc 1 155 87 is_stmt 0 view .LVU153
 366 01de 90F82A50 		ldrb	r5, [r0, #42]	@ zero_extendqisi2
 155:Middlewares/ST/filex/common/src/fx_utility_logical_sector_cache_entry_read.c **** 
 367              		.loc 1 155 52 view .LVU154
 368 01e2 83F8B25C 		strb	r5, [r3, #3250]
 157:Middlewares/ST/filex/common/src/fx_utility_logical_sector_cache_entry_read.c ****             (cache_entry + 1) -> fx_cached_sector =                 temp_storage.fx_cached_sector;
 369              		.loc 1 157 13 is_stmt 1 view .LVU155
 157:Middlewares/ST/filex/common/src/fx_utility_logical_sector_cache_entry_read.c ****             (cache_entry + 1) -> fx_cached_sector =                 temp_storage.fx_cached_sector;
 370              		.loc 1 157 65 is_stmt 0 view .LVU156
 371 01e6 8661     		str	r6, [r0, #24]
 158:Middlewares/ST/filex/common/src/fx_utility_logical_sector_cache_entry_read.c ****             (cache_entry + 1) -> fx_cached_sector_buffer_dirty =    temp_storage.fx_cached_sector_b
 372              		.loc 1 158 13 is_stmt 1 view .LVU157
 158:Middlewares/ST/filex/common/src/fx_utility_logical_sector_cache_entry_read.c ****             (cache_entry + 1) -> fx_cached_sector_buffer_dirty =    temp_storage.fx_cached_sector_b
 373              		.loc 1 158 51 is_stmt 0 view .LVU158
 374 01e8 C0E90889 		strd	r8, [r0, #32]
 159:Middlewares/ST/filex/common/src/fx_utility_logical_sector_cache_entry_read.c ****             (cache_entry + 1) -> fx_cached_sector_valid =           temp_storage.fx_cached_sector_v
 375              		.loc 1 159 13 is_stmt 1 view .LVU159
 159:Middlewares/ST/filex/common/src/fx_utility_logical_sector_cache_entry_read.c ****             (cache_entry + 1) -> fx_cached_sector_valid =           temp_storage.fx_cached_sector_v
 376              		.loc 1 159 64 is_stmt 0 view .LVU160
 377 01ec 80F82840 		strb	r4, [r0, #40]
 160:Middlewares/ST/filex/common/src/fx_utility_logical_sector_cache_entry_read.c ****             (cache_entry + 1) -> fx_cached_sector_type =            temp_storage.fx_cached_sector_t
 378              		.loc 1 160 13 is_stmt 1 view .LVU161
 160:Middlewares/ST/filex/common/src/fx_utility_logical_sector_cache_entry_read.c ****             (cache_entry + 1) -> fx_cached_sector_type =            temp_storage.fx_cached_sector_t
 379              		.loc 1 160 57 is_stmt 0 view .LVU162
 380 01f0 80F829A0 		strb	r10, [r0, #41]
 161:Middlewares/ST/filex/common/src/fx_utility_logical_sector_cache_entry_read.c **** 
 381              		.loc 1 161 13 is_stmt 1 view .LVU163
 161:Middlewares/ST/filex/common/src/fx_utility_logical_sector_cache_entry_read.c **** 
 382              		.loc 1 161 56 is_stmt 0 view .LVU164
 383 01f4 80F82A20 		strb	r2, [r0, #42]
 164:Middlewares/ST/filex/common/src/fx_utility_logical_sector_cache_entry_read.c ****         }
 384              		.loc 1 164 13 is_stmt 1 view .LVU165
 164:Middlewares/ST/filex/common/src/fx_utility_logical_sector_cache_entry_read.c ****         }
ARM GAS  /tmp/ccL1aQsx.s 			page 15


 385              		.loc 1 164 19 is_stmt 0 view .LVU166
 386 01f8 0020     		movs	r0, #0
 387              	.LVL12:
 164:Middlewares/ST/filex/common/src/fx_utility_logical_sector_cache_entry_read.c ****         }
 388              		.loc 1 164 19 view .LVU167
 389 01fa B0E7     		b	.L1
 390              	.LVL13:
 391              	.L16:
 171:Middlewares/ST/filex/common/src/fx_utility_logical_sector_cache_entry_read.c **** 
 392              		.loc 1 171 13 is_stmt 1 view .LVU168
 171:Middlewares/ST/filex/common/src/fx_utility_logical_sector_cache_entry_read.c **** 
 393              		.loc 1 171 70 is_stmt 0 view .LVU169
 394 01fc 036B     		ldr	r3, [r0, #48]
 171:Middlewares/ST/filex/common/src/fx_utility_logical_sector_cache_entry_read.c **** 
 395              		.loc 1 171 49 view .LVU170
 396 01fe CEF80830 		str	r3, [lr, #8]
 176:Middlewares/ST/filex/common/src/fx_utility_logical_sector_cache_entry_read.c **** #endif
 397              		.loc 1 176 13 is_stmt 1 view .LVU171
 176:Middlewares/ST/filex/common/src/fx_utility_logical_sector_cache_entry_read.c **** #endif
 398              		.loc 1 176 23 is_stmt 0 view .LVU172
 399 0202 DEF8A431 		ldr	r3, [lr, #420]
 176:Middlewares/ST/filex/common/src/fx_utility_logical_sector_cache_entry_read.c **** #endif
 400              		.loc 1 176 65 view .LVU173
 401 0206 0133     		adds	r3, r3, #1
 402 0208 CEF8A431 		str	r3, [lr, #420]
 180:Middlewares/ST/filex/common/src/fx_utility_logical_sector_cache_entry_read.c ****             temp_storage.fx_cached_sector =                         (cache_entry) -> fx_cached_sect
 403              		.loc 1 180 13 is_stmt 1 view .LVU174
 180:Middlewares/ST/filex/common/src/fx_utility_logical_sector_cache_entry_read.c ****             temp_storage.fx_cached_sector =                         (cache_entry) -> fx_cached_sect
 404              		.loc 1 180 83 is_stmt 0 view .LVU175
 405 020c 01EB4103 		add	r3, r1, r1, lsl #1
 406 0210 0EEBC303 		add	r3, lr, r3, lsl #3
 407 0214 D3F8A06C 		ldr	r6, [r3, #3232]
 180:Middlewares/ST/filex/common/src/fx_utility_logical_sector_cache_entry_read.c ****             temp_storage.fx_cached_sector =                         (cache_entry) -> fx_cached_sect
 408              		.loc 1 180 57 view .LVU176
 409 0218 0096     		str	r6, [sp]
 181:Middlewares/ST/filex/common/src/fx_utility_logical_sector_cache_entry_read.c ****             temp_storage.fx_cached_sector_buffer_dirty =            (cache_entry) -> fx_cached_sect
 410              		.loc 1 181 13 is_stmt 1 view .LVU177
 181:Middlewares/ST/filex/common/src/fx_utility_logical_sector_cache_entry_read.c ****             temp_storage.fx_cached_sector_buffer_dirty =            (cache_entry) -> fx_cached_sect
 411              		.loc 1 181 83 is_stmt 0 view .LVU178
 412 021a 03F6A84C 		addw	ip, r3, #3240
 413 021e DCE90089 		ldrd	r8, [ip]
 181:Middlewares/ST/filex/common/src/fx_utility_logical_sector_cache_entry_read.c ****             temp_storage.fx_cached_sector_buffer_dirty =            (cache_entry) -> fx_cached_sect
 414              		.loc 1 181 43 view .LVU179
 415 0222 CDE90289 		strd	r8, [sp, #8]
 182:Middlewares/ST/filex/common/src/fx_utility_logical_sector_cache_entry_read.c ****             temp_storage.fx_cached_sector_valid =                   (cache_entry) -> fx_cached_sect
 416              		.loc 1 182 13 is_stmt 1 view .LVU180
 182:Middlewares/ST/filex/common/src/fx_utility_logical_sector_cache_entry_read.c ****             temp_storage.fx_cached_sector_valid =                   (cache_entry) -> fx_cached_sect
 417              		.loc 1 182 83 is_stmt 0 view .LVU181
 418 0226 93F8B04C 		ldrb	r4, [r3, #3248]	@ zero_extendqisi2
 182:Middlewares/ST/filex/common/src/fx_utility_logical_sector_cache_entry_read.c ****             temp_storage.fx_cached_sector_valid =                   (cache_entry) -> fx_cached_sect
 419              		.loc 1 182 56 view .LVU182
 420 022a 8DF81040 		strb	r4, [sp, #16]
 183:Middlewares/ST/filex/common/src/fx_utility_logical_sector_cache_entry_read.c ****             temp_storage.fx_cached_sector_type =                    (cache_entry) -> fx_cached_sect
 421              		.loc 1 183 13 is_stmt 1 view .LVU183
 183:Middlewares/ST/filex/common/src/fx_utility_logical_sector_cache_entry_read.c ****             temp_storage.fx_cached_sector_type =                    (cache_entry) -> fx_cached_sect
 422              		.loc 1 183 49 is_stmt 0 view .LVU184
 423 022e 8DF811A0 		strb	r10, [sp, #17]
ARM GAS  /tmp/ccL1aQsx.s 			page 16


 184:Middlewares/ST/filex/common/src/fx_utility_logical_sector_cache_entry_read.c **** 
 424              		.loc 1 184 13 is_stmt 1 view .LVU185
 184:Middlewares/ST/filex/common/src/fx_utility_logical_sector_cache_entry_read.c **** 
 425              		.loc 1 184 83 is_stmt 0 view .LVU186
 426 0232 93F8B22C 		ldrb	r2, [r3, #3250]	@ zero_extendqisi2
 427              	.LVL14:
 184:Middlewares/ST/filex/common/src/fx_utility_logical_sector_cache_entry_read.c **** 
 428              		.loc 1 184 48 view .LVU187
 429 0236 8DF81220 		strb	r2, [sp, #18]
 186:Middlewares/ST/filex/common/src/fx_utility_logical_sector_cache_entry_read.c ****             (cache_entry) -> fx_cached_sector =                     (cache_entry + 2) -> fx_cached_
 430              		.loc 1 186 13 is_stmt 1 view .LVU188
 186:Middlewares/ST/filex/common/src/fx_utility_logical_sector_cache_entry_read.c ****             (cache_entry) -> fx_cached_sector =                     (cache_entry + 2) -> fx_cached_
 431              		.loc 1 186 87 is_stmt 0 view .LVU189
 432 023a 056B     		ldr	r5, [r0, #48]
 186:Middlewares/ST/filex/common/src/fx_utility_logical_sector_cache_entry_read.c ****             (cache_entry) -> fx_cached_sector =                     (cache_entry + 2) -> fx_cached_
 433              		.loc 1 186 61 view .LVU190
 434 023c C3F8A05C 		str	r5, [r3, #3232]
 187:Middlewares/ST/filex/common/src/fx_utility_logical_sector_cache_entry_read.c ****             (cache_entry) -> fx_cached_sector_buffer_dirty =        (cache_entry + 2) -> fx_cached_
 435              		.loc 1 187 13 is_stmt 1 view .LVU191
 187:Middlewares/ST/filex/common/src/fx_utility_logical_sector_cache_entry_read.c ****             (cache_entry) -> fx_cached_sector_buffer_dirty =        (cache_entry + 2) -> fx_cached_
 436              		.loc 1 187 87 is_stmt 0 view .LVU192
 437 0240 90ED0E7B 		vldr.64	d7, [r0, #56]	@ int
 187:Middlewares/ST/filex/common/src/fx_utility_logical_sector_cache_entry_read.c ****             (cache_entry) -> fx_cached_sector_buffer_dirty =        (cache_entry + 2) -> fx_cached_
 438              		.loc 1 187 47 view .LVU193
 439 0244 8CED007B 		vstr.64	d7, [ip]	@ int
 188:Middlewares/ST/filex/common/src/fx_utility_logical_sector_cache_entry_read.c ****             (cache_entry) -> fx_cached_sector_valid =               (cache_entry + 2) -> fx_cached_
 440              		.loc 1 188 13 is_stmt 1 view .LVU194
 188:Middlewares/ST/filex/common/src/fx_utility_logical_sector_cache_entry_read.c ****             (cache_entry) -> fx_cached_sector_valid =               (cache_entry + 2) -> fx_cached_
 441              		.loc 1 188 87 is_stmt 0 view .LVU195
 442 0248 90F84050 		ldrb	r5, [r0, #64]	@ zero_extendqisi2
 188:Middlewares/ST/filex/common/src/fx_utility_logical_sector_cache_entry_read.c ****             (cache_entry) -> fx_cached_sector_valid =               (cache_entry + 2) -> fx_cached_
 443              		.loc 1 188 60 view .LVU196
 444 024c 83F8B05C 		strb	r5, [r3, #3248]
 189:Middlewares/ST/filex/common/src/fx_utility_logical_sector_cache_entry_read.c ****             (cache_entry) -> fx_cached_sector_type =                (cache_entry + 2) -> fx_cached_
 445              		.loc 1 189 13 is_stmt 1 view .LVU197
 189:Middlewares/ST/filex/common/src/fx_utility_logical_sector_cache_entry_read.c ****             (cache_entry) -> fx_cached_sector_type =                (cache_entry + 2) -> fx_cached_
 446              		.loc 1 189 87 is_stmt 0 view .LVU198
 447 0250 90F84150 		ldrb	r5, [r0, #65]	@ zero_extendqisi2
 189:Middlewares/ST/filex/common/src/fx_utility_logical_sector_cache_entry_read.c ****             (cache_entry) -> fx_cached_sector_type =                (cache_entry + 2) -> fx_cached_
 448              		.loc 1 189 53 view .LVU199
 449 0254 83F8B15C 		strb	r5, [r3, #3249]
 190:Middlewares/ST/filex/common/src/fx_utility_logical_sector_cache_entry_read.c **** 
 450              		.loc 1 190 13 is_stmt 1 view .LVU200
 190:Middlewares/ST/filex/common/src/fx_utility_logical_sector_cache_entry_read.c **** 
 451              		.loc 1 190 87 is_stmt 0 view .LVU201
 452 0258 90F84250 		ldrb	r5, [r0, #66]	@ zero_extendqisi2
 190:Middlewares/ST/filex/common/src/fx_utility_logical_sector_cache_entry_read.c **** 
 453              		.loc 1 190 52 view .LVU202
 454 025c 83F8B25C 		strb	r5, [r3, #3250]
 192:Middlewares/ST/filex/common/src/fx_utility_logical_sector_cache_entry_read.c ****             (cache_entry + 2) -> fx_cached_sector =                 (cache_entry + 1) -> fx_cached_
 455              		.loc 1 192 13 is_stmt 1 view .LVU203
 192:Middlewares/ST/filex/common/src/fx_utility_logical_sector_cache_entry_read.c ****             (cache_entry + 2) -> fx_cached_sector =                 (cache_entry + 1) -> fx_cached_
 456              		.loc 1 192 87 is_stmt 0 view .LVU204
 457 0260 8369     		ldr	r3, [r0, #24]
 192:Middlewares/ST/filex/common/src/fx_utility_logical_sector_cache_entry_read.c ****             (cache_entry + 2) -> fx_cached_sector =                 (cache_entry + 1) -> fx_cached_
 458              		.loc 1 192 65 view .LVU205
 459 0262 0363     		str	r3, [r0, #48]
ARM GAS  /tmp/ccL1aQsx.s 			page 17


 193:Middlewares/ST/filex/common/src/fx_utility_logical_sector_cache_entry_read.c ****             (cache_entry + 2) -> fx_cached_sector_buffer_dirty =    (cache_entry + 1) -> fx_cached_
 460              		.loc 1 193 13 is_stmt 1 view .LVU206
 193:Middlewares/ST/filex/common/src/fx_utility_logical_sector_cache_entry_read.c ****             (cache_entry + 2) -> fx_cached_sector_buffer_dirty =    (cache_entry + 1) -> fx_cached_
 461              		.loc 1 193 87 is_stmt 0 view .LVU207
 462 0264 90ED087B 		vldr.64	d7, [r0, #32]	@ int
 193:Middlewares/ST/filex/common/src/fx_utility_logical_sector_cache_entry_read.c ****             (cache_entry + 2) -> fx_cached_sector_buffer_dirty =    (cache_entry + 1) -> fx_cached_
 463              		.loc 1 193 51 view .LVU208
 464 0268 80ED0E7B 		vstr.64	d7, [r0, #56]	@ int
 194:Middlewares/ST/filex/common/src/fx_utility_logical_sector_cache_entry_read.c ****             (cache_entry + 2) -> fx_cached_sector_valid =           (cache_entry + 1) -> fx_cached_
 465              		.loc 1 194 13 is_stmt 1 view .LVU209
 194:Middlewares/ST/filex/common/src/fx_utility_logical_sector_cache_entry_read.c ****             (cache_entry + 2) -> fx_cached_sector_valid =           (cache_entry + 1) -> fx_cached_
 466              		.loc 1 194 87 is_stmt 0 view .LVU210
 467 026c 90F82830 		ldrb	r3, [r0, #40]	@ zero_extendqisi2
 194:Middlewares/ST/filex/common/src/fx_utility_logical_sector_cache_entry_read.c ****             (cache_entry + 2) -> fx_cached_sector_valid =           (cache_entry + 1) -> fx_cached_
 468              		.loc 1 194 64 view .LVU211
 469 0270 80F84030 		strb	r3, [r0, #64]
 195:Middlewares/ST/filex/common/src/fx_utility_logical_sector_cache_entry_read.c ****             (cache_entry + 2) -> fx_cached_sector_type =            (cache_entry + 1) -> fx_cached_
 470              		.loc 1 195 13 is_stmt 1 view .LVU212
 195:Middlewares/ST/filex/common/src/fx_utility_logical_sector_cache_entry_read.c ****             (cache_entry + 2) -> fx_cached_sector_type =            (cache_entry + 1) -> fx_cached_
 471              		.loc 1 195 87 is_stmt 0 view .LVU213
 472 0274 90F82930 		ldrb	r3, [r0, #41]	@ zero_extendqisi2
 195:Middlewares/ST/filex/common/src/fx_utility_logical_sector_cache_entry_read.c ****             (cache_entry + 2) -> fx_cached_sector_type =            (cache_entry + 1) -> fx_cached_
 473              		.loc 1 195 57 view .LVU214
 474 0278 80F84130 		strb	r3, [r0, #65]
 196:Middlewares/ST/filex/common/src/fx_utility_logical_sector_cache_entry_read.c **** 
 475              		.loc 1 196 13 is_stmt 1 view .LVU215
 196:Middlewares/ST/filex/common/src/fx_utility_logical_sector_cache_entry_read.c **** 
 476              		.loc 1 196 87 is_stmt 0 view .LVU216
 477 027c 90F82A30 		ldrb	r3, [r0, #42]	@ zero_extendqisi2
 196:Middlewares/ST/filex/common/src/fx_utility_logical_sector_cache_entry_read.c **** 
 478              		.loc 1 196 56 view .LVU217
 479 0280 80F84230 		strb	r3, [r0, #66]
 198:Middlewares/ST/filex/common/src/fx_utility_logical_sector_cache_entry_read.c ****             (cache_entry + 1) -> fx_cached_sector =                 temp_storage.fx_cached_sector;
 480              		.loc 1 198 13 is_stmt 1 view .LVU218
 198:Middlewares/ST/filex/common/src/fx_utility_logical_sector_cache_entry_read.c ****             (cache_entry + 1) -> fx_cached_sector =                 temp_storage.fx_cached_sector;
 481              		.loc 1 198 65 is_stmt 0 view .LVU219
 482 0284 8661     		str	r6, [r0, #24]
 199:Middlewares/ST/filex/common/src/fx_utility_logical_sector_cache_entry_read.c ****             (cache_entry + 1) -> fx_cached_sector_buffer_dirty =    temp_storage.fx_cached_sector_b
 483              		.loc 1 199 13 is_stmt 1 view .LVU220
 199:Middlewares/ST/filex/common/src/fx_utility_logical_sector_cache_entry_read.c ****             (cache_entry + 1) -> fx_cached_sector_buffer_dirty =    temp_storage.fx_cached_sector_b
 484              		.loc 1 199 51 is_stmt 0 view .LVU221
 485 0286 C0E90889 		strd	r8, [r0, #32]
 200:Middlewares/ST/filex/common/src/fx_utility_logical_sector_cache_entry_read.c ****             (cache_entry + 1) -> fx_cached_sector_valid =           temp_storage.fx_cached_sector_v
 486              		.loc 1 200 13 is_stmt 1 view .LVU222
 200:Middlewares/ST/filex/common/src/fx_utility_logical_sector_cache_entry_read.c ****             (cache_entry + 1) -> fx_cached_sector_valid =           temp_storage.fx_cached_sector_v
 487              		.loc 1 200 64 is_stmt 0 view .LVU223
 488 028a 80F82840 		strb	r4, [r0, #40]
 201:Middlewares/ST/filex/common/src/fx_utility_logical_sector_cache_entry_read.c ****             (cache_entry + 1) -> fx_cached_sector_type =            temp_storage.fx_cached_sector_t
 489              		.loc 1 201 13 is_stmt 1 view .LVU224
 201:Middlewares/ST/filex/common/src/fx_utility_logical_sector_cache_entry_read.c ****             (cache_entry + 1) -> fx_cached_sector_type =            temp_storage.fx_cached_sector_t
 490              		.loc 1 201 57 is_stmt 0 view .LVU225
 491 028e 80F829A0 		strb	r10, [r0, #41]
 202:Middlewares/ST/filex/common/src/fx_utility_logical_sector_cache_entry_read.c **** 
 492              		.loc 1 202 13 is_stmt 1 view .LVU226
 202:Middlewares/ST/filex/common/src/fx_utility_logical_sector_cache_entry_read.c **** 
 493              		.loc 1 202 56 is_stmt 0 view .LVU227
 494 0292 80F82A20 		strb	r2, [r0, #42]
ARM GAS  /tmp/ccL1aQsx.s 			page 18


 205:Middlewares/ST/filex/common/src/fx_utility_logical_sector_cache_entry_read.c ****         }
 495              		.loc 1 205 13 is_stmt 1 view .LVU228
 205:Middlewares/ST/filex/common/src/fx_utility_logical_sector_cache_entry_read.c ****         }
 496              		.loc 1 205 19 is_stmt 0 view .LVU229
 497 0296 0020     		movs	r0, #0
 498              	.LVL15:
 205:Middlewares/ST/filex/common/src/fx_utility_logical_sector_cache_entry_read.c ****         }
 499              		.loc 1 205 19 view .LVU230
 500 0298 61E7     		b	.L1
 501              	.LVL16:
 502              	.L17:
 212:Middlewares/ST/filex/common/src/fx_utility_logical_sector_cache_entry_read.c **** 
 503              		.loc 1 212 13 is_stmt 1 view .LVU231
 212:Middlewares/ST/filex/common/src/fx_utility_logical_sector_cache_entry_read.c **** 
 504              		.loc 1 212 70 is_stmt 0 view .LVU232
 505 029a 836C     		ldr	r3, [r0, #72]
 212:Middlewares/ST/filex/common/src/fx_utility_logical_sector_cache_entry_read.c **** 
 506              		.loc 1 212 49 view .LVU233
 507 029c CEF80830 		str	r3, [lr, #8]
 217:Middlewares/ST/filex/common/src/fx_utility_logical_sector_cache_entry_read.c **** #endif
 508              		.loc 1 217 13 is_stmt 1 view .LVU234
 217:Middlewares/ST/filex/common/src/fx_utility_logical_sector_cache_entry_read.c **** #endif
 509              		.loc 1 217 23 is_stmt 0 view .LVU235
 510 02a0 DEF8A431 		ldr	r3, [lr, #420]
 217:Middlewares/ST/filex/common/src/fx_utility_logical_sector_cache_entry_read.c **** #endif
 511              		.loc 1 217 65 view .LVU236
 512 02a4 0133     		adds	r3, r3, #1
 513 02a6 CEF8A431 		str	r3, [lr, #420]
 221:Middlewares/ST/filex/common/src/fx_utility_logical_sector_cache_entry_read.c ****             temp_storage.fx_cached_sector =                         (cache_entry) -> fx_cached_sect
 514              		.loc 1 221 13 is_stmt 1 view .LVU237
 221:Middlewares/ST/filex/common/src/fx_utility_logical_sector_cache_entry_read.c ****             temp_storage.fx_cached_sector =                         (cache_entry) -> fx_cached_sect
 515              		.loc 1 221 83 is_stmt 0 view .LVU238
 516 02aa 01EB4103 		add	r3, r1, r1, lsl #1
 517 02ae 0EEBC303 		add	r3, lr, r3, lsl #3
 518 02b2 D3F8A06C 		ldr	r6, [r3, #3232]
 221:Middlewares/ST/filex/common/src/fx_utility_logical_sector_cache_entry_read.c ****             temp_storage.fx_cached_sector =                         (cache_entry) -> fx_cached_sect
 519              		.loc 1 221 57 view .LVU239
 520 02b6 0096     		str	r6, [sp]
 222:Middlewares/ST/filex/common/src/fx_utility_logical_sector_cache_entry_read.c ****             temp_storage.fx_cached_sector_buffer_dirty =            (cache_entry) -> fx_cached_sect
 521              		.loc 1 222 13 is_stmt 1 view .LVU240
 222:Middlewares/ST/filex/common/src/fx_utility_logical_sector_cache_entry_read.c ****             temp_storage.fx_cached_sector_buffer_dirty =            (cache_entry) -> fx_cached_sect
 522              		.loc 1 222 83 is_stmt 0 view .LVU241
 523 02b8 03F6A84C 		addw	ip, r3, #3240
 524 02bc DCE90089 		ldrd	r8, [ip]
 222:Middlewares/ST/filex/common/src/fx_utility_logical_sector_cache_entry_read.c ****             temp_storage.fx_cached_sector_buffer_dirty =            (cache_entry) -> fx_cached_sect
 525              		.loc 1 222 43 view .LVU242
 526 02c0 CDE90289 		strd	r8, [sp, #8]
 223:Middlewares/ST/filex/common/src/fx_utility_logical_sector_cache_entry_read.c ****             temp_storage.fx_cached_sector_valid =                   (cache_entry) -> fx_cached_sect
 527              		.loc 1 223 13 is_stmt 1 view .LVU243
 223:Middlewares/ST/filex/common/src/fx_utility_logical_sector_cache_entry_read.c ****             temp_storage.fx_cached_sector_valid =                   (cache_entry) -> fx_cached_sect
 528              		.loc 1 223 83 is_stmt 0 view .LVU244
 529 02c4 93F8B04C 		ldrb	r4, [r3, #3248]	@ zero_extendqisi2
 223:Middlewares/ST/filex/common/src/fx_utility_logical_sector_cache_entry_read.c ****             temp_storage.fx_cached_sector_valid =                   (cache_entry) -> fx_cached_sect
 530              		.loc 1 223 56 view .LVU245
 531 02c8 8DF81040 		strb	r4, [sp, #16]
 224:Middlewares/ST/filex/common/src/fx_utility_logical_sector_cache_entry_read.c ****             temp_storage.fx_cached_sector_type =                    (cache_entry) -> fx_cached_sect
 532              		.loc 1 224 13 is_stmt 1 view .LVU246
ARM GAS  /tmp/ccL1aQsx.s 			page 19


 224:Middlewares/ST/filex/common/src/fx_utility_logical_sector_cache_entry_read.c ****             temp_storage.fx_cached_sector_type =                    (cache_entry) -> fx_cached_sect
 533              		.loc 1 224 49 is_stmt 0 view .LVU247
 534 02cc 8DF811A0 		strb	r10, [sp, #17]
 225:Middlewares/ST/filex/common/src/fx_utility_logical_sector_cache_entry_read.c **** 
 535              		.loc 1 225 13 is_stmt 1 view .LVU248
 225:Middlewares/ST/filex/common/src/fx_utility_logical_sector_cache_entry_read.c **** 
 536              		.loc 1 225 83 is_stmt 0 view .LVU249
 537 02d0 93F8B22C 		ldrb	r2, [r3, #3250]	@ zero_extendqisi2
 538              	.LVL17:
 225:Middlewares/ST/filex/common/src/fx_utility_logical_sector_cache_entry_read.c **** 
 539              		.loc 1 225 48 view .LVU250
 540 02d4 8DF81220 		strb	r2, [sp, #18]
 227:Middlewares/ST/filex/common/src/fx_utility_logical_sector_cache_entry_read.c ****             (cache_entry) -> fx_cached_sector =                     (cache_entry + 3) -> fx_cached_
 541              		.loc 1 227 13 is_stmt 1 view .LVU251
 227:Middlewares/ST/filex/common/src/fx_utility_logical_sector_cache_entry_read.c ****             (cache_entry) -> fx_cached_sector =                     (cache_entry + 3) -> fx_cached_
 542              		.loc 1 227 87 is_stmt 0 view .LVU252
 543 02d8 856C     		ldr	r5, [r0, #72]
 227:Middlewares/ST/filex/common/src/fx_utility_logical_sector_cache_entry_read.c ****             (cache_entry) -> fx_cached_sector =                     (cache_entry + 3) -> fx_cached_
 544              		.loc 1 227 61 view .LVU253
 545 02da C3F8A05C 		str	r5, [r3, #3232]
 228:Middlewares/ST/filex/common/src/fx_utility_logical_sector_cache_entry_read.c ****             (cache_entry) -> fx_cached_sector_buffer_dirty =        (cache_entry + 3) -> fx_cached_
 546              		.loc 1 228 13 is_stmt 1 view .LVU254
 228:Middlewares/ST/filex/common/src/fx_utility_logical_sector_cache_entry_read.c ****             (cache_entry) -> fx_cached_sector_buffer_dirty =        (cache_entry + 3) -> fx_cached_
 547              		.loc 1 228 87 is_stmt 0 view .LVU255
 548 02de 90ED147B 		vldr.64	d7, [r0, #80]	@ int
 228:Middlewares/ST/filex/common/src/fx_utility_logical_sector_cache_entry_read.c ****             (cache_entry) -> fx_cached_sector_buffer_dirty =        (cache_entry + 3) -> fx_cached_
 549              		.loc 1 228 47 view .LVU256
 550 02e2 8CED007B 		vstr.64	d7, [ip]	@ int
 229:Middlewares/ST/filex/common/src/fx_utility_logical_sector_cache_entry_read.c ****             (cache_entry) -> fx_cached_sector_valid =               (cache_entry + 3) -> fx_cached_
 551              		.loc 1 229 13 is_stmt 1 view .LVU257
 229:Middlewares/ST/filex/common/src/fx_utility_logical_sector_cache_entry_read.c ****             (cache_entry) -> fx_cached_sector_valid =               (cache_entry + 3) -> fx_cached_
 552              		.loc 1 229 87 is_stmt 0 view .LVU258
 553 02e6 90F85850 		ldrb	r5, [r0, #88]	@ zero_extendqisi2
 229:Middlewares/ST/filex/common/src/fx_utility_logical_sector_cache_entry_read.c ****             (cache_entry) -> fx_cached_sector_valid =               (cache_entry + 3) -> fx_cached_
 554              		.loc 1 229 60 view .LVU259
 555 02ea 83F8B05C 		strb	r5, [r3, #3248]
 230:Middlewares/ST/filex/common/src/fx_utility_logical_sector_cache_entry_read.c ****             (cache_entry) -> fx_cached_sector_type =                (cache_entry + 3) -> fx_cached_
 556              		.loc 1 230 13 is_stmt 1 view .LVU260
 230:Middlewares/ST/filex/common/src/fx_utility_logical_sector_cache_entry_read.c ****             (cache_entry) -> fx_cached_sector_type =                (cache_entry + 3) -> fx_cached_
 557              		.loc 1 230 87 is_stmt 0 view .LVU261
 558 02ee 90F85950 		ldrb	r5, [r0, #89]	@ zero_extendqisi2
 230:Middlewares/ST/filex/common/src/fx_utility_logical_sector_cache_entry_read.c ****             (cache_entry) -> fx_cached_sector_type =                (cache_entry + 3) -> fx_cached_
 559              		.loc 1 230 53 view .LVU262
 560 02f2 83F8B15C 		strb	r5, [r3, #3249]
 231:Middlewares/ST/filex/common/src/fx_utility_logical_sector_cache_entry_read.c **** 
 561              		.loc 1 231 13 is_stmt 1 view .LVU263
 231:Middlewares/ST/filex/common/src/fx_utility_logical_sector_cache_entry_read.c **** 
 562              		.loc 1 231 87 is_stmt 0 view .LVU264
 563 02f6 90F85A50 		ldrb	r5, [r0, #90]	@ zero_extendqisi2
 231:Middlewares/ST/filex/common/src/fx_utility_logical_sector_cache_entry_read.c **** 
 564              		.loc 1 231 52 view .LVU265
 565 02fa 83F8B25C 		strb	r5, [r3, #3250]
 233:Middlewares/ST/filex/common/src/fx_utility_logical_sector_cache_entry_read.c ****             (cache_entry + 3) -> fx_cached_sector =                 (cache_entry + 2) -> fx_cached_
 566              		.loc 1 233 13 is_stmt 1 view .LVU266
 233:Middlewares/ST/filex/common/src/fx_utility_logical_sector_cache_entry_read.c ****             (cache_entry + 3) -> fx_cached_sector =                 (cache_entry + 2) -> fx_cached_
 567              		.loc 1 233 87 is_stmt 0 view .LVU267
 568 02fe 036B     		ldr	r3, [r0, #48]
ARM GAS  /tmp/ccL1aQsx.s 			page 20


 233:Middlewares/ST/filex/common/src/fx_utility_logical_sector_cache_entry_read.c ****             (cache_entry + 3) -> fx_cached_sector =                 (cache_entry + 2) -> fx_cached_
 569              		.loc 1 233 65 view .LVU268
 570 0300 8364     		str	r3, [r0, #72]
 234:Middlewares/ST/filex/common/src/fx_utility_logical_sector_cache_entry_read.c ****             (cache_entry + 3) -> fx_cached_sector_buffer_dirty =    (cache_entry + 2) -> fx_cached_
 571              		.loc 1 234 13 is_stmt 1 view .LVU269
 234:Middlewares/ST/filex/common/src/fx_utility_logical_sector_cache_entry_read.c ****             (cache_entry + 3) -> fx_cached_sector_buffer_dirty =    (cache_entry + 2) -> fx_cached_
 572              		.loc 1 234 87 is_stmt 0 view .LVU270
 573 0302 90ED0E7B 		vldr.64	d7, [r0, #56]	@ int
 234:Middlewares/ST/filex/common/src/fx_utility_logical_sector_cache_entry_read.c ****             (cache_entry + 3) -> fx_cached_sector_buffer_dirty =    (cache_entry + 2) -> fx_cached_
 574              		.loc 1 234 51 view .LVU271
 575 0306 80ED147B 		vstr.64	d7, [r0, #80]	@ int
 235:Middlewares/ST/filex/common/src/fx_utility_logical_sector_cache_entry_read.c ****             (cache_entry + 3) -> fx_cached_sector_valid =           (cache_entry + 2) -> fx_cached_
 576              		.loc 1 235 13 is_stmt 1 view .LVU272
 235:Middlewares/ST/filex/common/src/fx_utility_logical_sector_cache_entry_read.c ****             (cache_entry + 3) -> fx_cached_sector_valid =           (cache_entry + 2) -> fx_cached_
 577              		.loc 1 235 87 is_stmt 0 view .LVU273
 578 030a 90F84030 		ldrb	r3, [r0, #64]	@ zero_extendqisi2
 235:Middlewares/ST/filex/common/src/fx_utility_logical_sector_cache_entry_read.c ****             (cache_entry + 3) -> fx_cached_sector_valid =           (cache_entry + 2) -> fx_cached_
 579              		.loc 1 235 64 view .LVU274
 580 030e 80F85830 		strb	r3, [r0, #88]
 236:Middlewares/ST/filex/common/src/fx_utility_logical_sector_cache_entry_read.c ****             (cache_entry + 3) -> fx_cached_sector_type =            (cache_entry + 2) -> fx_cached_
 581              		.loc 1 236 13 is_stmt 1 view .LVU275
 236:Middlewares/ST/filex/common/src/fx_utility_logical_sector_cache_entry_read.c ****             (cache_entry + 3) -> fx_cached_sector_type =            (cache_entry + 2) -> fx_cached_
 582              		.loc 1 236 87 is_stmt 0 view .LVU276
 583 0312 90F84130 		ldrb	r3, [r0, #65]	@ zero_extendqisi2
 236:Middlewares/ST/filex/common/src/fx_utility_logical_sector_cache_entry_read.c ****             (cache_entry + 3) -> fx_cached_sector_type =            (cache_entry + 2) -> fx_cached_
 584              		.loc 1 236 57 view .LVU277
 585 0316 80F85930 		strb	r3, [r0, #89]
 237:Middlewares/ST/filex/common/src/fx_utility_logical_sector_cache_entry_read.c **** 
 586              		.loc 1 237 13 is_stmt 1 view .LVU278
 237:Middlewares/ST/filex/common/src/fx_utility_logical_sector_cache_entry_read.c **** 
 587              		.loc 1 237 87 is_stmt 0 view .LVU279
 588 031a 90F84230 		ldrb	r3, [r0, #66]	@ zero_extendqisi2
 237:Middlewares/ST/filex/common/src/fx_utility_logical_sector_cache_entry_read.c **** 
 589              		.loc 1 237 56 view .LVU280
 590 031e 80F85A30 		strb	r3, [r0, #90]
 239:Middlewares/ST/filex/common/src/fx_utility_logical_sector_cache_entry_read.c ****             (cache_entry + 2) -> fx_cached_sector =                 (cache_entry + 1) -> fx_cached_
 591              		.loc 1 239 13 is_stmt 1 view .LVU281
 239:Middlewares/ST/filex/common/src/fx_utility_logical_sector_cache_entry_read.c ****             (cache_entry + 2) -> fx_cached_sector =                 (cache_entry + 1) -> fx_cached_
 592              		.loc 1 239 87 is_stmt 0 view .LVU282
 593 0322 8369     		ldr	r3, [r0, #24]
 239:Middlewares/ST/filex/common/src/fx_utility_logical_sector_cache_entry_read.c ****             (cache_entry + 2) -> fx_cached_sector =                 (cache_entry + 1) -> fx_cached_
 594              		.loc 1 239 65 view .LVU283
 595 0324 0363     		str	r3, [r0, #48]
 240:Middlewares/ST/filex/common/src/fx_utility_logical_sector_cache_entry_read.c ****             (cache_entry + 2) -> fx_cached_sector_buffer_dirty =    (cache_entry + 1) -> fx_cached_
 596              		.loc 1 240 13 is_stmt 1 view .LVU284
 240:Middlewares/ST/filex/common/src/fx_utility_logical_sector_cache_entry_read.c ****             (cache_entry + 2) -> fx_cached_sector_buffer_dirty =    (cache_entry + 1) -> fx_cached_
 597              		.loc 1 240 87 is_stmt 0 view .LVU285
 598 0326 90ED087B 		vldr.64	d7, [r0, #32]	@ int
 240:Middlewares/ST/filex/common/src/fx_utility_logical_sector_cache_entry_read.c ****             (cache_entry + 2) -> fx_cached_sector_buffer_dirty =    (cache_entry + 1) -> fx_cached_
 599              		.loc 1 240 51 view .LVU286
 600 032a 80ED0E7B 		vstr.64	d7, [r0, #56]	@ int
 241:Middlewares/ST/filex/common/src/fx_utility_logical_sector_cache_entry_read.c ****             (cache_entry + 2) -> fx_cached_sector_valid =           (cache_entry + 1) -> fx_cached_
 601              		.loc 1 241 13 is_stmt 1 view .LVU287
 241:Middlewares/ST/filex/common/src/fx_utility_logical_sector_cache_entry_read.c ****             (cache_entry + 2) -> fx_cached_sector_valid =           (cache_entry + 1) -> fx_cached_
 602              		.loc 1 241 87 is_stmt 0 view .LVU288
 603 032e 90F82830 		ldrb	r3, [r0, #40]	@ zero_extendqisi2
 241:Middlewares/ST/filex/common/src/fx_utility_logical_sector_cache_entry_read.c ****             (cache_entry + 2) -> fx_cached_sector_valid =           (cache_entry + 1) -> fx_cached_
ARM GAS  /tmp/ccL1aQsx.s 			page 21


 604              		.loc 1 241 64 view .LVU289
 605 0332 80F84030 		strb	r3, [r0, #64]
 242:Middlewares/ST/filex/common/src/fx_utility_logical_sector_cache_entry_read.c ****             (cache_entry + 2) -> fx_cached_sector_type =            (cache_entry + 1) -> fx_cached_
 606              		.loc 1 242 13 is_stmt 1 view .LVU290
 242:Middlewares/ST/filex/common/src/fx_utility_logical_sector_cache_entry_read.c ****             (cache_entry + 2) -> fx_cached_sector_type =            (cache_entry + 1) -> fx_cached_
 607              		.loc 1 242 87 is_stmt 0 view .LVU291
 608 0336 90F82930 		ldrb	r3, [r0, #41]	@ zero_extendqisi2
 242:Middlewares/ST/filex/common/src/fx_utility_logical_sector_cache_entry_read.c ****             (cache_entry + 2) -> fx_cached_sector_type =            (cache_entry + 1) -> fx_cached_
 609              		.loc 1 242 57 view .LVU292
 610 033a 80F84130 		strb	r3, [r0, #65]
 243:Middlewares/ST/filex/common/src/fx_utility_logical_sector_cache_entry_read.c **** 
 611              		.loc 1 243 13 is_stmt 1 view .LVU293
 243:Middlewares/ST/filex/common/src/fx_utility_logical_sector_cache_entry_read.c **** 
 612              		.loc 1 243 87 is_stmt 0 view .LVU294
 613 033e 90F82A30 		ldrb	r3, [r0, #42]	@ zero_extendqisi2
 243:Middlewares/ST/filex/common/src/fx_utility_logical_sector_cache_entry_read.c **** 
 614              		.loc 1 243 56 view .LVU295
 615 0342 80F84230 		strb	r3, [r0, #66]
 245:Middlewares/ST/filex/common/src/fx_utility_logical_sector_cache_entry_read.c ****             (cache_entry + 1) -> fx_cached_sector =                 temp_storage.fx_cached_sector;
 616              		.loc 1 245 13 is_stmt 1 view .LVU296
 245:Middlewares/ST/filex/common/src/fx_utility_logical_sector_cache_entry_read.c ****             (cache_entry + 1) -> fx_cached_sector =                 temp_storage.fx_cached_sector;
 617              		.loc 1 245 65 is_stmt 0 view .LVU297
 618 0346 8661     		str	r6, [r0, #24]
 246:Middlewares/ST/filex/common/src/fx_utility_logical_sector_cache_entry_read.c ****             (cache_entry + 1) -> fx_cached_sector_buffer_dirty =    temp_storage.fx_cached_sector_b
 619              		.loc 1 246 13 is_stmt 1 view .LVU298
 246:Middlewares/ST/filex/common/src/fx_utility_logical_sector_cache_entry_read.c ****             (cache_entry + 1) -> fx_cached_sector_buffer_dirty =    temp_storage.fx_cached_sector_b
 620              		.loc 1 246 51 is_stmt 0 view .LVU299
 621 0348 C0E90889 		strd	r8, [r0, #32]
 247:Middlewares/ST/filex/common/src/fx_utility_logical_sector_cache_entry_read.c ****             (cache_entry + 1) -> fx_cached_sector_valid =           temp_storage.fx_cached_sector_v
 622              		.loc 1 247 13 is_stmt 1 view .LVU300
 247:Middlewares/ST/filex/common/src/fx_utility_logical_sector_cache_entry_read.c ****             (cache_entry + 1) -> fx_cached_sector_valid =           temp_storage.fx_cached_sector_v
 623              		.loc 1 247 64 is_stmt 0 view .LVU301
 624 034c 80F82840 		strb	r4, [r0, #40]
 248:Middlewares/ST/filex/common/src/fx_utility_logical_sector_cache_entry_read.c ****             (cache_entry + 1) -> fx_cached_sector_type =            temp_storage.fx_cached_sector_t
 625              		.loc 1 248 13 is_stmt 1 view .LVU302
 248:Middlewares/ST/filex/common/src/fx_utility_logical_sector_cache_entry_read.c ****             (cache_entry + 1) -> fx_cached_sector_type =            temp_storage.fx_cached_sector_t
 626              		.loc 1 248 57 is_stmt 0 view .LVU303
 627 0350 80F829A0 		strb	r10, [r0, #41]
 249:Middlewares/ST/filex/common/src/fx_utility_logical_sector_cache_entry_read.c **** 
 628              		.loc 1 249 13 is_stmt 1 view .LVU304
 249:Middlewares/ST/filex/common/src/fx_utility_logical_sector_cache_entry_read.c **** 
 629              		.loc 1 249 56 is_stmt 0 view .LVU305
 630 0354 80F82A20 		strb	r2, [r0, #42]
 252:Middlewares/ST/filex/common/src/fx_utility_logical_sector_cache_entry_read.c ****         }
 631              		.loc 1 252 13 is_stmt 1 view .LVU306
 252:Middlewares/ST/filex/common/src/fx_utility_logical_sector_cache_entry_read.c ****         }
 632              		.loc 1 252 19 is_stmt 0 view .LVU307
 633 0358 0020     		movs	r0, #0
 634              	.LVL18:
 252:Middlewares/ST/filex/common/src/fx_utility_logical_sector_cache_entry_read.c ****         }
 635              		.loc 1 252 19 view .LVU308
 636 035a 00E7     		b	.L1
 637              	.LVL19:
 638              	.L2:
 294:Middlewares/ST/filex/common/src/fx_utility_logical_sector_cache_entry_read.c ****         cache_entry =           media_ptr -> fx_media_sector_cache_list_ptr;
 639              		.loc 1 294 9 is_stmt 1 view .LVU309
 294:Middlewares/ST/filex/common/src/fx_utility_logical_sector_cache_entry_read.c ****         cache_entry =           media_ptr -> fx_media_sector_cache_list_ptr;
ARM GAS  /tmp/ccL1aQsx.s 			page 22


 640              		.loc 1 294 20 is_stmt 0 view .LVU310
 641 035c 4169     		ldr	r1, [r0, #20]
 642              	.LVL20:
 295:Middlewares/ST/filex/common/src/fx_utility_logical_sector_cache_entry_read.c ****         *previous_cache_entry =  FX_NULL;
 643              		.loc 1 295 9 is_stmt 1 view .LVU311
 295:Middlewares/ST/filex/common/src/fx_utility_logical_sector_cache_entry_read.c ****         *previous_cache_entry =  FX_NULL;
 644              		.loc 1 295 21 is_stmt 0 view .LVU312
 645 035e C069     		ldr	r0, [r0, #28]
 646              	.LVL21:
 296:Middlewares/ST/filex/common/src/fx_utility_logical_sector_cache_entry_read.c **** 
 647              		.loc 1 296 9 is_stmt 1 view .LVU313
 296:Middlewares/ST/filex/common/src/fx_utility_logical_sector_cache_entry_read.c **** 
 648              		.loc 1 296 31 is_stmt 0 view .LVU314
 649 0360 0025     		movs	r5, #0
 650 0362 2560     		str	r5, [r4]
 300:Middlewares/ST/filex/common/src/fx_utility_logical_sector_cache_entry_read.c ****         {
 651              		.loc 1 300 9 is_stmt 1 view .LVU315
 300:Middlewares/ST/filex/common/src/fx_utility_logical_sector_cache_entry_read.c ****         {
 652              		.loc 1 300 15 is_stmt 0 view .LVU316
 653 0364 04E0     		b	.L8
 654              	.LVL22:
 655              	.L9:
 341:Middlewares/ST/filex/common/src/fx_utility_logical_sector_cache_entry_read.c ****             {
 656              		.loc 1 341 13 is_stmt 1 view .LVU317
 341:Middlewares/ST/filex/common/src/fx_utility_logical_sector_cache_entry_read.c ****             {
 657              		.loc 1 341 29 is_stmt 0 view .LVU318
 658 0366 4169     		ldr	r1, [r0, #20]
 341:Middlewares/ST/filex/common/src/fx_utility_logical_sector_cache_entry_read.c ****             {
 659              		.loc 1 341 16 view .LVU319
 660 0368 09B1     		cbz	r1, .L11
 344:Middlewares/ST/filex/common/src/fx_utility_logical_sector_cache_entry_read.c ****                 cache_entry =           cache_entry -> fx_cached_sector_next_used;
 661              		.loc 1 344 17 is_stmt 1 view .LVU320
 344:Middlewares/ST/filex/common/src/fx_utility_logical_sector_cache_entry_read.c ****                 cache_entry =           cache_entry -> fx_cached_sector_next_used;
 662              		.loc 1 344 39 is_stmt 0 view .LVU321
 663 036a 2060     		str	r0, [r4]
 345:Middlewares/ST/filex/common/src/fx_utility_logical_sector_cache_entry_read.c ****             }
 664              		.loc 1 345 17 is_stmt 1 view .LVU322
 345:Middlewares/ST/filex/common/src/fx_utility_logical_sector_cache_entry_read.c ****             }
 665              		.loc 1 345 29 is_stmt 0 view .LVU323
 666 036c 4069     		ldr	r0, [r0, #20]
 667              	.LVL23:
 668              	.L11:
  85:Middlewares/ST/filex/common/src/fx_utility_logical_sector_cache_entry_read.c **** 
 669              		.loc 1 85 1 view .LVU324
 670 036e 6146     		mov	r1, ip
 671              	.LVL24:
 672              	.L8:
 300:Middlewares/ST/filex/common/src/fx_utility_logical_sector_cache_entry_read.c ****         {
 673              		.loc 1 300 16 is_stmt 1 view .LVU325
 300:Middlewares/ST/filex/common/src/fx_utility_logical_sector_cache_entry_read.c ****         {
 674              		.loc 1 300 26 is_stmt 0 view .LVU326
 675 0370 01F1FF3C 		add	ip, r1, #-1
 676              	.LVL25:
 300:Middlewares/ST/filex/common/src/fx_utility_logical_sector_cache_entry_read.c ****         {
 677              		.loc 1 300 16 view .LVU327
 678 0374 0029     		cmp	r1, #0
 679 0376 3FF4F2AE 		beq	.L1
ARM GAS  /tmp/ccL1aQsx.s 			page 23


 304:Middlewares/ST/filex/common/src/fx_utility_logical_sector_cache_entry_read.c ****             {
 680              		.loc 1 304 13 is_stmt 1 view .LVU328
 304:Middlewares/ST/filex/common/src/fx_utility_logical_sector_cache_entry_read.c ****             {
 681              		.loc 1 304 30 is_stmt 0 view .LVU329
 682 037a 417C     		ldrb	r1, [r0, #17]	@ zero_extendqisi2
 304:Middlewares/ST/filex/common/src/fx_utility_logical_sector_cache_entry_read.c ****             {
 683              		.loc 1 304 16 view .LVU330
 684 037c 0029     		cmp	r1, #0
 685 037e F2D0     		beq	.L9
 304:Middlewares/ST/filex/common/src/fx_utility_logical_sector_cache_entry_read.c ****             {
 686              		.loc 1 304 73 discriminator 1 view .LVU331
 687 0380 C168     		ldr	r1, [r0, #12]
 304:Middlewares/ST/filex/common/src/fx_utility_logical_sector_cache_entry_read.c ****             {
 688              		.loc 1 304 57 discriminator 1 view .LVU332
 689 0382 8568     		ldr	r5, [r0, #8]
 690 0384 9942     		cmp	r1, r3
 691 0386 08BF     		it	eq
 692 0388 9542     		cmpeq	r5, r2
 693 038a ECD1     		bne	.L9
 309:Middlewares/ST/filex/common/src/fx_utility_logical_sector_cache_entry_read.c **** 
 694              		.loc 1 309 17 is_stmt 1 view .LVU333
 309:Middlewares/ST/filex/common/src/fx_utility_logical_sector_cache_entry_read.c **** 
 695              		.loc 1 309 68 is_stmt 0 view .LVU334
 696 038c 0368     		ldr	r3, [r0]
 309:Middlewares/ST/filex/common/src/fx_utility_logical_sector_cache_entry_read.c **** 
 697              		.loc 1 309 53 view .LVU335
 698 038e CEF80830 		str	r3, [lr, #8]
 312:Middlewares/ST/filex/common/src/fx_utility_logical_sector_cache_entry_read.c ****                 {
 699              		.loc 1 312 17 is_stmt 1 view .LVU336
 312:Middlewares/ST/filex/common/src/fx_utility_logical_sector_cache_entry_read.c ****                 {
 700              		.loc 1 312 21 is_stmt 0 view .LVU337
 701 0392 2368     		ldr	r3, [r4]
 312:Middlewares/ST/filex/common/src/fx_utility_logical_sector_cache_entry_read.c ****                 {
 702              		.loc 1 312 20 view .LVU338
 703 0394 33B1     		cbz	r3, .L10
 319:Middlewares/ST/filex/common/src/fx_utility_logical_sector_cache_entry_read.c ****                         cache_entry -> fx_cached_sector_next_used;
 704              		.loc 1 319 21 is_stmt 1 view .LVU339
 320:Middlewares/ST/filex/common/src/fx_utility_logical_sector_cache_entry_read.c **** 
 705              		.loc 1 320 37 is_stmt 0 view .LVU340
 706 0396 4269     		ldr	r2, [r0, #20]
 707              	.LVL26:
 319:Middlewares/ST/filex/common/src/fx_utility_logical_sector_cache_entry_read.c ****                         cache_entry -> fx_cached_sector_next_used;
 708              		.loc 1 319 75 view .LVU341
 709 0398 5A61     		str	r2, [r3, #20]
 323:Middlewares/ST/filex/common/src/fx_utility_logical_sector_cache_entry_read.c ****                         media_ptr -> fx_media_sector_cache_list_ptr;
 710              		.loc 1 323 21 is_stmt 1 view .LVU342
 324:Middlewares/ST/filex/common/src/fx_utility_logical_sector_cache_entry_read.c ****                     media_ptr -> fx_media_sector_cache_list_ptr =  cache_entry;
 711              		.loc 1 324 35 is_stmt 0 view .LVU343
 712 039a DEF81C30 		ldr	r3, [lr, #28]
 323:Middlewares/ST/filex/common/src/fx_utility_logical_sector_cache_entry_read.c ****                         media_ptr -> fx_media_sector_cache_list_ptr;
 713              		.loc 1 323 63 view .LVU344
 714 039e 4361     		str	r3, [r0, #20]
 325:Middlewares/ST/filex/common/src/fx_utility_logical_sector_cache_entry_read.c ****                 }
 715              		.loc 1 325 21 is_stmt 1 view .LVU345
 325:Middlewares/ST/filex/common/src/fx_utility_logical_sector_cache_entry_read.c ****                 }
 716              		.loc 1 325 65 is_stmt 0 view .LVU346
 717 03a0 CEF81C00 		str	r0, [lr, #28]
ARM GAS  /tmp/ccL1aQsx.s 			page 24


 718              	.L10:
 331:Middlewares/ST/filex/common/src/fx_utility_logical_sector_cache_entry_read.c **** #endif
 719              		.loc 1 331 17 is_stmt 1 view .LVU347
 331:Middlewares/ST/filex/common/src/fx_utility_logical_sector_cache_entry_read.c **** #endif
 720              		.loc 1 331 27 is_stmt 0 view .LVU348
 721 03a4 DEF8A431 		ldr	r3, [lr, #420]
 331:Middlewares/ST/filex/common/src/fx_utility_logical_sector_cache_entry_read.c **** #endif
 722              		.loc 1 331 69 view .LVU349
 723 03a8 0133     		adds	r3, r3, #1
 724 03aa CEF8A431 		str	r3, [lr, #420]
 335:Middlewares/ST/filex/common/src/fx_utility_logical_sector_cache_entry_read.c ****             }
 725              		.loc 1 335 17 is_stmt 1 view .LVU350
 335:Middlewares/ST/filex/common/src/fx_utility_logical_sector_cache_entry_read.c ****             }
 726              		.loc 1 335 23 is_stmt 0 view .LVU351
 727 03ae 0020     		movs	r0, #0
 728              	.LVL27:
 335:Middlewares/ST/filex/common/src/fx_utility_logical_sector_cache_entry_read.c ****             }
 729              		.loc 1 335 23 view .LVU352
 730 03b0 D5E6     		b	.L1
 731              		.cfi_endproc
 732              	.LFE8:
 734              		.text
 735              	.Letext0:
 736              		.file 2 "Middlewares/ST/threadx/ports/cortex_m7/gnu/inc/tx_port.h"
 737              		.file 3 "Middlewares/ST/threadx/common/inc/tx_api.h"
 738              		.file 4 "Middlewares/ST/filex/common/inc/fx_api.h"
ARM GAS  /tmp/ccL1aQsx.s 			page 25


DEFINED SYMBOLS
                            *ABS*:00000000 fx_utility_logical_sector_cache_entry_read.c
     /tmp/ccL1aQsx.s:20     .text._fx_utility_logical_sector_cache_entry_read:00000000 $t
     /tmp/ccL1aQsx.s:26     .text._fx_utility_logical_sector_cache_entry_read:00000000 _fx_utility_logical_sector_cache_entry_read

NO UNDEFINED SYMBOLS
