ARM GAS  /tmp/ccLIbKdJ.s 			page 1


   1              		.cpu cortex-m7
   2              		.arch armv7e-m
   3              		.fpu fpv5-d16
   4              		.eabi_attribute 28, 1
   5              		.eabi_attribute 20, 1
   6              		.eabi_attribute 21, 1
   7              		.eabi_attribute 23, 3
   8              		.eabi_attribute 24, 1
   9              		.eabi_attribute 25, 1
  10              		.eabi_attribute 26, 1
  11              		.eabi_attribute 30, 1
  12              		.eabi_attribute 34, 1
  13              		.eabi_attribute 18, 4
  14              		.file	"stm32f7xx_hal_tim_ex.c"
  15              		.text
  16              	.Ltext0:
  17              		.cfi_sections	.debug_frame
  18              		.file 1 "Drivers/STM32F7xx_HAL_Driver/Src/stm32f7xx_hal_tim_ex.c"
  19              		.section	.text.TIM_CCxNChannelCmd,"ax",%progbits
  20              		.align	1
  21              		.syntax unified
  22              		.thumb
  23              		.thumb_func
  25              	TIM_CCxNChannelCmd:
  26              	.LVL0:
  27              	.LFB185:
   1:Drivers/STM32F7xx_HAL_Driver/Src/stm32f7xx_hal_tim_ex.c **** /**
   2:Drivers/STM32F7xx_HAL_Driver/Src/stm32f7xx_hal_tim_ex.c ****   ******************************************************************************
   3:Drivers/STM32F7xx_HAL_Driver/Src/stm32f7xx_hal_tim_ex.c ****   * @file    stm32f7xx_hal_tim_ex.c
   4:Drivers/STM32F7xx_HAL_Driver/Src/stm32f7xx_hal_tim_ex.c ****   * @author  MCD Application Team
   5:Drivers/STM32F7xx_HAL_Driver/Src/stm32f7xx_hal_tim_ex.c ****   * @brief   TIM HAL module driver.
   6:Drivers/STM32F7xx_HAL_Driver/Src/stm32f7xx_hal_tim_ex.c ****   *          This file provides firmware functions to manage the following
   7:Drivers/STM32F7xx_HAL_Driver/Src/stm32f7xx_hal_tim_ex.c ****   *          functionalities of the Timer Extended peripheral:
   8:Drivers/STM32F7xx_HAL_Driver/Src/stm32f7xx_hal_tim_ex.c ****   *           + Time Hall Sensor Interface Initialization
   9:Drivers/STM32F7xx_HAL_Driver/Src/stm32f7xx_hal_tim_ex.c ****   *           + Time Hall Sensor Interface Start
  10:Drivers/STM32F7xx_HAL_Driver/Src/stm32f7xx_hal_tim_ex.c ****   *           + Time Complementary signal break and dead time configuration
  11:Drivers/STM32F7xx_HAL_Driver/Src/stm32f7xx_hal_tim_ex.c ****   *           + Time Master and Slave synchronization configuration
  12:Drivers/STM32F7xx_HAL_Driver/Src/stm32f7xx_hal_tim_ex.c ****   *           + Time Output Compare/PWM Channel Configuration (for channels 5 and 6)
  13:Drivers/STM32F7xx_HAL_Driver/Src/stm32f7xx_hal_tim_ex.c ****   *           + Timer remapping capabilities configuration
  14:Drivers/STM32F7xx_HAL_Driver/Src/stm32f7xx_hal_tim_ex.c ****   ******************************************************************************
  15:Drivers/STM32F7xx_HAL_Driver/Src/stm32f7xx_hal_tim_ex.c ****   * @attention
  16:Drivers/STM32F7xx_HAL_Driver/Src/stm32f7xx_hal_tim_ex.c ****   *
  17:Drivers/STM32F7xx_HAL_Driver/Src/stm32f7xx_hal_tim_ex.c ****   * Copyright (c) 2017 STMicroelectronics.
  18:Drivers/STM32F7xx_HAL_Driver/Src/stm32f7xx_hal_tim_ex.c ****   * All rights reserved.
  19:Drivers/STM32F7xx_HAL_Driver/Src/stm32f7xx_hal_tim_ex.c ****   *
  20:Drivers/STM32F7xx_HAL_Driver/Src/stm32f7xx_hal_tim_ex.c ****   * This software is licensed under terms that can be found in the LICENSE file
  21:Drivers/STM32F7xx_HAL_Driver/Src/stm32f7xx_hal_tim_ex.c ****   * in the root directory of this software component.
  22:Drivers/STM32F7xx_HAL_Driver/Src/stm32f7xx_hal_tim_ex.c ****   * If no LICENSE file comes with this software, it is provided AS-IS.
  23:Drivers/STM32F7xx_HAL_Driver/Src/stm32f7xx_hal_tim_ex.c ****   *
  24:Drivers/STM32F7xx_HAL_Driver/Src/stm32f7xx_hal_tim_ex.c ****   ******************************************************************************
  25:Drivers/STM32F7xx_HAL_Driver/Src/stm32f7xx_hal_tim_ex.c ****   @verbatim
  26:Drivers/STM32F7xx_HAL_Driver/Src/stm32f7xx_hal_tim_ex.c ****   ==============================================================================
  27:Drivers/STM32F7xx_HAL_Driver/Src/stm32f7xx_hal_tim_ex.c ****                       ##### TIMER Extended features #####
  28:Drivers/STM32F7xx_HAL_Driver/Src/stm32f7xx_hal_tim_ex.c ****   ==============================================================================
  29:Drivers/STM32F7xx_HAL_Driver/Src/stm32f7xx_hal_tim_ex.c ****   [..]
  30:Drivers/STM32F7xx_HAL_Driver/Src/stm32f7xx_hal_tim_ex.c ****     The Timer Extended features include:
  31:Drivers/STM32F7xx_HAL_Driver/Src/stm32f7xx_hal_tim_ex.c ****     (#) Complementary outputs with programmable dead-time for :
ARM GAS  /tmp/ccLIbKdJ.s 			page 2


  32:Drivers/STM32F7xx_HAL_Driver/Src/stm32f7xx_hal_tim_ex.c ****         (++) Output Compare
  33:Drivers/STM32F7xx_HAL_Driver/Src/stm32f7xx_hal_tim_ex.c ****         (++) PWM generation (Edge and Center-aligned Mode)
  34:Drivers/STM32F7xx_HAL_Driver/Src/stm32f7xx_hal_tim_ex.c ****         (++) One-pulse mode output
  35:Drivers/STM32F7xx_HAL_Driver/Src/stm32f7xx_hal_tim_ex.c ****     (#) Synchronization circuit to control the timer with external signals and to
  36:Drivers/STM32F7xx_HAL_Driver/Src/stm32f7xx_hal_tim_ex.c ****         interconnect several timers together.
  37:Drivers/STM32F7xx_HAL_Driver/Src/stm32f7xx_hal_tim_ex.c ****     (#) Break input to put the timer output signals in reset state or in a known state.
  38:Drivers/STM32F7xx_HAL_Driver/Src/stm32f7xx_hal_tim_ex.c ****     (#) Supports incremental (quadrature) encoder and hall-sensor circuitry for
  39:Drivers/STM32F7xx_HAL_Driver/Src/stm32f7xx_hal_tim_ex.c ****         positioning purposes
  40:Drivers/STM32F7xx_HAL_Driver/Src/stm32f7xx_hal_tim_ex.c **** 
  41:Drivers/STM32F7xx_HAL_Driver/Src/stm32f7xx_hal_tim_ex.c ****             ##### How to use this driver #####
  42:Drivers/STM32F7xx_HAL_Driver/Src/stm32f7xx_hal_tim_ex.c ****   ==============================================================================
  43:Drivers/STM32F7xx_HAL_Driver/Src/stm32f7xx_hal_tim_ex.c ****     [..]
  44:Drivers/STM32F7xx_HAL_Driver/Src/stm32f7xx_hal_tim_ex.c ****      (#) Initialize the TIM low level resources by implementing the following functions
  45:Drivers/STM32F7xx_HAL_Driver/Src/stm32f7xx_hal_tim_ex.c ****          depending on the selected feature:
  46:Drivers/STM32F7xx_HAL_Driver/Src/stm32f7xx_hal_tim_ex.c ****            (++) Hall Sensor output : HAL_TIMEx_HallSensor_MspInit()
  47:Drivers/STM32F7xx_HAL_Driver/Src/stm32f7xx_hal_tim_ex.c **** 
  48:Drivers/STM32F7xx_HAL_Driver/Src/stm32f7xx_hal_tim_ex.c ****      (#) Initialize the TIM low level resources :
  49:Drivers/STM32F7xx_HAL_Driver/Src/stm32f7xx_hal_tim_ex.c ****         (##) Enable the TIM interface clock using __HAL_RCC_TIMx_CLK_ENABLE();
  50:Drivers/STM32F7xx_HAL_Driver/Src/stm32f7xx_hal_tim_ex.c ****         (##) TIM pins configuration
  51:Drivers/STM32F7xx_HAL_Driver/Src/stm32f7xx_hal_tim_ex.c ****             (+++) Enable the clock for the TIM GPIOs using the following function:
  52:Drivers/STM32F7xx_HAL_Driver/Src/stm32f7xx_hal_tim_ex.c ****               __HAL_RCC_GPIOx_CLK_ENABLE();
  53:Drivers/STM32F7xx_HAL_Driver/Src/stm32f7xx_hal_tim_ex.c ****             (+++) Configure these TIM pins in Alternate function mode using HAL_GPIO_Init();
  54:Drivers/STM32F7xx_HAL_Driver/Src/stm32f7xx_hal_tim_ex.c **** 
  55:Drivers/STM32F7xx_HAL_Driver/Src/stm32f7xx_hal_tim_ex.c ****      (#) The external Clock can be configured, if needed (the default clock is the
  56:Drivers/STM32F7xx_HAL_Driver/Src/stm32f7xx_hal_tim_ex.c ****          internal clock from the APBx), using the following function:
  57:Drivers/STM32F7xx_HAL_Driver/Src/stm32f7xx_hal_tim_ex.c ****          HAL_TIM_ConfigClockSource, the clock configuration should be done before
  58:Drivers/STM32F7xx_HAL_Driver/Src/stm32f7xx_hal_tim_ex.c ****          any start function.
  59:Drivers/STM32F7xx_HAL_Driver/Src/stm32f7xx_hal_tim_ex.c **** 
  60:Drivers/STM32F7xx_HAL_Driver/Src/stm32f7xx_hal_tim_ex.c ****      (#) Configure the TIM in the desired functioning mode using one of the
  61:Drivers/STM32F7xx_HAL_Driver/Src/stm32f7xx_hal_tim_ex.c ****          initialization function of this driver:
  62:Drivers/STM32F7xx_HAL_Driver/Src/stm32f7xx_hal_tim_ex.c ****           (++) HAL_TIMEx_HallSensor_Init() and HAL_TIMEx_ConfigCommutEvent(): to use the
  63:Drivers/STM32F7xx_HAL_Driver/Src/stm32f7xx_hal_tim_ex.c ****                Timer Hall Sensor Interface and the commutation event with the corresponding
  64:Drivers/STM32F7xx_HAL_Driver/Src/stm32f7xx_hal_tim_ex.c ****                Interrupt and DMA request if needed (Note that One Timer is used to interface
  65:Drivers/STM32F7xx_HAL_Driver/Src/stm32f7xx_hal_tim_ex.c ****                with the Hall sensor Interface and another Timer should be used to use
  66:Drivers/STM32F7xx_HAL_Driver/Src/stm32f7xx_hal_tim_ex.c ****                the commutation event).
  67:Drivers/STM32F7xx_HAL_Driver/Src/stm32f7xx_hal_tim_ex.c **** 
  68:Drivers/STM32F7xx_HAL_Driver/Src/stm32f7xx_hal_tim_ex.c ****      (#) Activate the TIM peripheral using one of the start functions:
  69:Drivers/STM32F7xx_HAL_Driver/Src/stm32f7xx_hal_tim_ex.c ****            (++) Complementary Output Compare : HAL_TIMEx_OCN_Start(), HAL_TIMEx_OCN_Start_DMA(),
  70:Drivers/STM32F7xx_HAL_Driver/Src/stm32f7xx_hal_tim_ex.c ****                 HAL_TIMEx_OCN_Start_IT()
  71:Drivers/STM32F7xx_HAL_Driver/Src/stm32f7xx_hal_tim_ex.c ****            (++) Complementary PWM generation : HAL_TIMEx_PWMN_Start(), HAL_TIMEx_PWMN_Start_DMA(),
  72:Drivers/STM32F7xx_HAL_Driver/Src/stm32f7xx_hal_tim_ex.c ****                 HAL_TIMEx_PWMN_Start_IT()
  73:Drivers/STM32F7xx_HAL_Driver/Src/stm32f7xx_hal_tim_ex.c ****            (++) Complementary One-pulse mode output : HAL_TIMEx_OnePulseN_Start(), HAL_TIMEx_OnePul
  74:Drivers/STM32F7xx_HAL_Driver/Src/stm32f7xx_hal_tim_ex.c ****            (++) Hall Sensor output : HAL_TIMEx_HallSensor_Start(), HAL_TIMEx_HallSensor_Start_DMA()
  75:Drivers/STM32F7xx_HAL_Driver/Src/stm32f7xx_hal_tim_ex.c ****                 HAL_TIMEx_HallSensor_Start_IT().
  76:Drivers/STM32F7xx_HAL_Driver/Src/stm32f7xx_hal_tim_ex.c **** 
  77:Drivers/STM32F7xx_HAL_Driver/Src/stm32f7xx_hal_tim_ex.c ****   @endverbatim
  78:Drivers/STM32F7xx_HAL_Driver/Src/stm32f7xx_hal_tim_ex.c ****   ******************************************************************************
  79:Drivers/STM32F7xx_HAL_Driver/Src/stm32f7xx_hal_tim_ex.c ****   */
  80:Drivers/STM32F7xx_HAL_Driver/Src/stm32f7xx_hal_tim_ex.c **** 
  81:Drivers/STM32F7xx_HAL_Driver/Src/stm32f7xx_hal_tim_ex.c **** /* Includes ------------------------------------------------------------------*/
  82:Drivers/STM32F7xx_HAL_Driver/Src/stm32f7xx_hal_tim_ex.c **** #include "stm32f7xx_hal.h"
  83:Drivers/STM32F7xx_HAL_Driver/Src/stm32f7xx_hal_tim_ex.c **** 
  84:Drivers/STM32F7xx_HAL_Driver/Src/stm32f7xx_hal_tim_ex.c **** /** @addtogroup STM32F7xx_HAL_Driver
  85:Drivers/STM32F7xx_HAL_Driver/Src/stm32f7xx_hal_tim_ex.c ****   * @{
  86:Drivers/STM32F7xx_HAL_Driver/Src/stm32f7xx_hal_tim_ex.c ****   */
  87:Drivers/STM32F7xx_HAL_Driver/Src/stm32f7xx_hal_tim_ex.c **** 
  88:Drivers/STM32F7xx_HAL_Driver/Src/stm32f7xx_hal_tim_ex.c **** /** @defgroup TIMEx TIMEx
ARM GAS  /tmp/ccLIbKdJ.s 			page 3


  89:Drivers/STM32F7xx_HAL_Driver/Src/stm32f7xx_hal_tim_ex.c ****   * @brief TIM Extended HAL module driver
  90:Drivers/STM32F7xx_HAL_Driver/Src/stm32f7xx_hal_tim_ex.c ****   * @{
  91:Drivers/STM32F7xx_HAL_Driver/Src/stm32f7xx_hal_tim_ex.c ****   */
  92:Drivers/STM32F7xx_HAL_Driver/Src/stm32f7xx_hal_tim_ex.c **** 
  93:Drivers/STM32F7xx_HAL_Driver/Src/stm32f7xx_hal_tim_ex.c **** #ifdef HAL_TIM_MODULE_ENABLED
  94:Drivers/STM32F7xx_HAL_Driver/Src/stm32f7xx_hal_tim_ex.c **** 
  95:Drivers/STM32F7xx_HAL_Driver/Src/stm32f7xx_hal_tim_ex.c **** /* Private typedef -----------------------------------------------------------*/
  96:Drivers/STM32F7xx_HAL_Driver/Src/stm32f7xx_hal_tim_ex.c **** /* Private define ------------------------------------------------------------*/
  97:Drivers/STM32F7xx_HAL_Driver/Src/stm32f7xx_hal_tim_ex.c **** /* Private macros ------------------------------------------------------------*/
  98:Drivers/STM32F7xx_HAL_Driver/Src/stm32f7xx_hal_tim_ex.c **** /* Private variables ---------------------------------------------------------*/
  99:Drivers/STM32F7xx_HAL_Driver/Src/stm32f7xx_hal_tim_ex.c **** /* Private function prototypes -----------------------------------------------*/
 100:Drivers/STM32F7xx_HAL_Driver/Src/stm32f7xx_hal_tim_ex.c **** static void TIM_DMADelayPulseNCplt(DMA_HandleTypeDef *hdma);
 101:Drivers/STM32F7xx_HAL_Driver/Src/stm32f7xx_hal_tim_ex.c **** static void TIM_DMAErrorCCxN(DMA_HandleTypeDef *hdma);
 102:Drivers/STM32F7xx_HAL_Driver/Src/stm32f7xx_hal_tim_ex.c **** static void TIM_CCxNChannelCmd(TIM_TypeDef *TIMx, uint32_t Channel, uint32_t ChannelNState);
 103:Drivers/STM32F7xx_HAL_Driver/Src/stm32f7xx_hal_tim_ex.c **** 
 104:Drivers/STM32F7xx_HAL_Driver/Src/stm32f7xx_hal_tim_ex.c **** /* Exported functions --------------------------------------------------------*/
 105:Drivers/STM32F7xx_HAL_Driver/Src/stm32f7xx_hal_tim_ex.c **** /** @defgroup TIMEx_Exported_Functions TIM Extended Exported Functions
 106:Drivers/STM32F7xx_HAL_Driver/Src/stm32f7xx_hal_tim_ex.c ****   * @{
 107:Drivers/STM32F7xx_HAL_Driver/Src/stm32f7xx_hal_tim_ex.c ****   */
 108:Drivers/STM32F7xx_HAL_Driver/Src/stm32f7xx_hal_tim_ex.c **** 
 109:Drivers/STM32F7xx_HAL_Driver/Src/stm32f7xx_hal_tim_ex.c **** /** @defgroup TIMEx_Exported_Functions_Group1 Extended Timer Hall Sensor functions
 110:Drivers/STM32F7xx_HAL_Driver/Src/stm32f7xx_hal_tim_ex.c ****   * @brief    Timer Hall Sensor functions
 111:Drivers/STM32F7xx_HAL_Driver/Src/stm32f7xx_hal_tim_ex.c ****   *
 112:Drivers/STM32F7xx_HAL_Driver/Src/stm32f7xx_hal_tim_ex.c **** @verbatim
 113:Drivers/STM32F7xx_HAL_Driver/Src/stm32f7xx_hal_tim_ex.c ****   ==============================================================================
 114:Drivers/STM32F7xx_HAL_Driver/Src/stm32f7xx_hal_tim_ex.c ****                       ##### Timer Hall Sensor functions #####
 115:Drivers/STM32F7xx_HAL_Driver/Src/stm32f7xx_hal_tim_ex.c ****   ==============================================================================
 116:Drivers/STM32F7xx_HAL_Driver/Src/stm32f7xx_hal_tim_ex.c ****   [..]
 117:Drivers/STM32F7xx_HAL_Driver/Src/stm32f7xx_hal_tim_ex.c ****     This section provides functions allowing to:
 118:Drivers/STM32F7xx_HAL_Driver/Src/stm32f7xx_hal_tim_ex.c ****     (+) Initialize and configure TIM HAL Sensor.
 119:Drivers/STM32F7xx_HAL_Driver/Src/stm32f7xx_hal_tim_ex.c ****     (+) De-initialize TIM HAL Sensor.
 120:Drivers/STM32F7xx_HAL_Driver/Src/stm32f7xx_hal_tim_ex.c ****     (+) Start the Hall Sensor Interface.
 121:Drivers/STM32F7xx_HAL_Driver/Src/stm32f7xx_hal_tim_ex.c ****     (+) Stop the Hall Sensor Interface.
 122:Drivers/STM32F7xx_HAL_Driver/Src/stm32f7xx_hal_tim_ex.c ****     (+) Start the Hall Sensor Interface and enable interrupts.
 123:Drivers/STM32F7xx_HAL_Driver/Src/stm32f7xx_hal_tim_ex.c ****     (+) Stop the Hall Sensor Interface and disable interrupts.
 124:Drivers/STM32F7xx_HAL_Driver/Src/stm32f7xx_hal_tim_ex.c ****     (+) Start the Hall Sensor Interface and enable DMA transfers.
 125:Drivers/STM32F7xx_HAL_Driver/Src/stm32f7xx_hal_tim_ex.c ****     (+) Stop the Hall Sensor Interface and disable DMA transfers.
 126:Drivers/STM32F7xx_HAL_Driver/Src/stm32f7xx_hal_tim_ex.c **** 
 127:Drivers/STM32F7xx_HAL_Driver/Src/stm32f7xx_hal_tim_ex.c **** @endverbatim
 128:Drivers/STM32F7xx_HAL_Driver/Src/stm32f7xx_hal_tim_ex.c ****   * @{
 129:Drivers/STM32F7xx_HAL_Driver/Src/stm32f7xx_hal_tim_ex.c ****   */
 130:Drivers/STM32F7xx_HAL_Driver/Src/stm32f7xx_hal_tim_ex.c **** /**
 131:Drivers/STM32F7xx_HAL_Driver/Src/stm32f7xx_hal_tim_ex.c ****   * @brief  Initializes the TIM Hall Sensor Interface and initialize the associated handle.
 132:Drivers/STM32F7xx_HAL_Driver/Src/stm32f7xx_hal_tim_ex.c ****   * @note   When the timer instance is initialized in Hall Sensor Interface mode,
 133:Drivers/STM32F7xx_HAL_Driver/Src/stm32f7xx_hal_tim_ex.c ****   *         timer channels 1 and channel 2 are reserved and cannot be used for
 134:Drivers/STM32F7xx_HAL_Driver/Src/stm32f7xx_hal_tim_ex.c ****   *         other purpose.
 135:Drivers/STM32F7xx_HAL_Driver/Src/stm32f7xx_hal_tim_ex.c ****   * @param  htim TIM Hall Sensor Interface handle
 136:Drivers/STM32F7xx_HAL_Driver/Src/stm32f7xx_hal_tim_ex.c ****   * @param  sConfig TIM Hall Sensor configuration structure
 137:Drivers/STM32F7xx_HAL_Driver/Src/stm32f7xx_hal_tim_ex.c ****   * @retval HAL status
 138:Drivers/STM32F7xx_HAL_Driver/Src/stm32f7xx_hal_tim_ex.c ****   */
 139:Drivers/STM32F7xx_HAL_Driver/Src/stm32f7xx_hal_tim_ex.c **** HAL_StatusTypeDef HAL_TIMEx_HallSensor_Init(TIM_HandleTypeDef *htim, const TIM_HallSensor_InitTypeD
 140:Drivers/STM32F7xx_HAL_Driver/Src/stm32f7xx_hal_tim_ex.c **** {
 141:Drivers/STM32F7xx_HAL_Driver/Src/stm32f7xx_hal_tim_ex.c ****   TIM_OC_InitTypeDef OC_Config;
 142:Drivers/STM32F7xx_HAL_Driver/Src/stm32f7xx_hal_tim_ex.c **** 
 143:Drivers/STM32F7xx_HAL_Driver/Src/stm32f7xx_hal_tim_ex.c ****   /* Check the TIM handle allocation */
 144:Drivers/STM32F7xx_HAL_Driver/Src/stm32f7xx_hal_tim_ex.c ****   if (htim == NULL)
 145:Drivers/STM32F7xx_HAL_Driver/Src/stm32f7xx_hal_tim_ex.c ****   {
ARM GAS  /tmp/ccLIbKdJ.s 			page 4


 146:Drivers/STM32F7xx_HAL_Driver/Src/stm32f7xx_hal_tim_ex.c ****     return HAL_ERROR;
 147:Drivers/STM32F7xx_HAL_Driver/Src/stm32f7xx_hal_tim_ex.c ****   }
 148:Drivers/STM32F7xx_HAL_Driver/Src/stm32f7xx_hal_tim_ex.c **** 
 149:Drivers/STM32F7xx_HAL_Driver/Src/stm32f7xx_hal_tim_ex.c ****   /* Check the parameters */
 150:Drivers/STM32F7xx_HAL_Driver/Src/stm32f7xx_hal_tim_ex.c ****   assert_param(IS_TIM_HALL_SENSOR_INTERFACE_INSTANCE(htim->Instance));
 151:Drivers/STM32F7xx_HAL_Driver/Src/stm32f7xx_hal_tim_ex.c ****   assert_param(IS_TIM_COUNTER_MODE(htim->Init.CounterMode));
 152:Drivers/STM32F7xx_HAL_Driver/Src/stm32f7xx_hal_tim_ex.c ****   assert_param(IS_TIM_CLOCKDIVISION_DIV(htim->Init.ClockDivision));
 153:Drivers/STM32F7xx_HAL_Driver/Src/stm32f7xx_hal_tim_ex.c ****   assert_param(IS_TIM_AUTORELOAD_PRELOAD(htim->Init.AutoReloadPreload));
 154:Drivers/STM32F7xx_HAL_Driver/Src/stm32f7xx_hal_tim_ex.c ****   assert_param(IS_TIM_IC_POLARITY(sConfig->IC1Polarity));
 155:Drivers/STM32F7xx_HAL_Driver/Src/stm32f7xx_hal_tim_ex.c ****   assert_param(IS_TIM_PERIOD(htim, htim->Init.Period));
 156:Drivers/STM32F7xx_HAL_Driver/Src/stm32f7xx_hal_tim_ex.c ****   assert_param(IS_TIM_IC_PRESCALER(sConfig->IC1Prescaler));
 157:Drivers/STM32F7xx_HAL_Driver/Src/stm32f7xx_hal_tim_ex.c ****   assert_param(IS_TIM_IC_FILTER(sConfig->IC1Filter));
 158:Drivers/STM32F7xx_HAL_Driver/Src/stm32f7xx_hal_tim_ex.c **** 
 159:Drivers/STM32F7xx_HAL_Driver/Src/stm32f7xx_hal_tim_ex.c ****   if (htim->State == HAL_TIM_STATE_RESET)
 160:Drivers/STM32F7xx_HAL_Driver/Src/stm32f7xx_hal_tim_ex.c ****   {
 161:Drivers/STM32F7xx_HAL_Driver/Src/stm32f7xx_hal_tim_ex.c ****     /* Allocate lock resource and initialize it */
 162:Drivers/STM32F7xx_HAL_Driver/Src/stm32f7xx_hal_tim_ex.c ****     htim->Lock = HAL_UNLOCKED;
 163:Drivers/STM32F7xx_HAL_Driver/Src/stm32f7xx_hal_tim_ex.c **** 
 164:Drivers/STM32F7xx_HAL_Driver/Src/stm32f7xx_hal_tim_ex.c **** #if (USE_HAL_TIM_REGISTER_CALLBACKS == 1)
 165:Drivers/STM32F7xx_HAL_Driver/Src/stm32f7xx_hal_tim_ex.c ****     /* Reset interrupt callbacks to legacy week callbacks */
 166:Drivers/STM32F7xx_HAL_Driver/Src/stm32f7xx_hal_tim_ex.c ****     TIM_ResetCallback(htim);
 167:Drivers/STM32F7xx_HAL_Driver/Src/stm32f7xx_hal_tim_ex.c **** 
 168:Drivers/STM32F7xx_HAL_Driver/Src/stm32f7xx_hal_tim_ex.c ****     if (htim->HallSensor_MspInitCallback == NULL)
 169:Drivers/STM32F7xx_HAL_Driver/Src/stm32f7xx_hal_tim_ex.c ****     {
 170:Drivers/STM32F7xx_HAL_Driver/Src/stm32f7xx_hal_tim_ex.c ****       htim->HallSensor_MspInitCallback = HAL_TIMEx_HallSensor_MspInit;
 171:Drivers/STM32F7xx_HAL_Driver/Src/stm32f7xx_hal_tim_ex.c ****     }
 172:Drivers/STM32F7xx_HAL_Driver/Src/stm32f7xx_hal_tim_ex.c ****     /* Init the low level hardware : GPIO, CLOCK, NVIC */
 173:Drivers/STM32F7xx_HAL_Driver/Src/stm32f7xx_hal_tim_ex.c ****     htim->HallSensor_MspInitCallback(htim);
 174:Drivers/STM32F7xx_HAL_Driver/Src/stm32f7xx_hal_tim_ex.c **** #else
 175:Drivers/STM32F7xx_HAL_Driver/Src/stm32f7xx_hal_tim_ex.c ****     /* Init the low level hardware : GPIO, CLOCK, NVIC and DMA */
 176:Drivers/STM32F7xx_HAL_Driver/Src/stm32f7xx_hal_tim_ex.c ****     HAL_TIMEx_HallSensor_MspInit(htim);
 177:Drivers/STM32F7xx_HAL_Driver/Src/stm32f7xx_hal_tim_ex.c **** #endif /* USE_HAL_TIM_REGISTER_CALLBACKS */
 178:Drivers/STM32F7xx_HAL_Driver/Src/stm32f7xx_hal_tim_ex.c ****   }
 179:Drivers/STM32F7xx_HAL_Driver/Src/stm32f7xx_hal_tim_ex.c **** 
 180:Drivers/STM32F7xx_HAL_Driver/Src/stm32f7xx_hal_tim_ex.c ****   /* Set the TIM state */
 181:Drivers/STM32F7xx_HAL_Driver/Src/stm32f7xx_hal_tim_ex.c ****   htim->State = HAL_TIM_STATE_BUSY;
 182:Drivers/STM32F7xx_HAL_Driver/Src/stm32f7xx_hal_tim_ex.c **** 
 183:Drivers/STM32F7xx_HAL_Driver/Src/stm32f7xx_hal_tim_ex.c ****   /* Configure the Time base in the Encoder Mode */
 184:Drivers/STM32F7xx_HAL_Driver/Src/stm32f7xx_hal_tim_ex.c ****   TIM_Base_SetConfig(htim->Instance, &htim->Init);
 185:Drivers/STM32F7xx_HAL_Driver/Src/stm32f7xx_hal_tim_ex.c **** 
 186:Drivers/STM32F7xx_HAL_Driver/Src/stm32f7xx_hal_tim_ex.c ****   /* Configure the Channel 1 as Input Channel to interface with the three Outputs of the  Hall sens
 187:Drivers/STM32F7xx_HAL_Driver/Src/stm32f7xx_hal_tim_ex.c ****   TIM_TI1_SetConfig(htim->Instance, sConfig->IC1Polarity, TIM_ICSELECTION_TRC, sConfig->IC1Filter);
 188:Drivers/STM32F7xx_HAL_Driver/Src/stm32f7xx_hal_tim_ex.c **** 
 189:Drivers/STM32F7xx_HAL_Driver/Src/stm32f7xx_hal_tim_ex.c ****   /* Reset the IC1PSC Bits */
 190:Drivers/STM32F7xx_HAL_Driver/Src/stm32f7xx_hal_tim_ex.c ****   htim->Instance->CCMR1 &= ~TIM_CCMR1_IC1PSC;
 191:Drivers/STM32F7xx_HAL_Driver/Src/stm32f7xx_hal_tim_ex.c ****   /* Set the IC1PSC value */
 192:Drivers/STM32F7xx_HAL_Driver/Src/stm32f7xx_hal_tim_ex.c ****   htim->Instance->CCMR1 |= sConfig->IC1Prescaler;
 193:Drivers/STM32F7xx_HAL_Driver/Src/stm32f7xx_hal_tim_ex.c **** 
 194:Drivers/STM32F7xx_HAL_Driver/Src/stm32f7xx_hal_tim_ex.c ****   /* Enable the Hall sensor interface (XOR function of the three inputs) */
 195:Drivers/STM32F7xx_HAL_Driver/Src/stm32f7xx_hal_tim_ex.c ****   htim->Instance->CR2 |= TIM_CR2_TI1S;
 196:Drivers/STM32F7xx_HAL_Driver/Src/stm32f7xx_hal_tim_ex.c **** 
 197:Drivers/STM32F7xx_HAL_Driver/Src/stm32f7xx_hal_tim_ex.c ****   /* Select the TIM_TS_TI1F_ED signal as Input trigger for the TIM */
 198:Drivers/STM32F7xx_HAL_Driver/Src/stm32f7xx_hal_tim_ex.c ****   htim->Instance->SMCR &= ~TIM_SMCR_TS;
 199:Drivers/STM32F7xx_HAL_Driver/Src/stm32f7xx_hal_tim_ex.c ****   htim->Instance->SMCR |= TIM_TS_TI1F_ED;
 200:Drivers/STM32F7xx_HAL_Driver/Src/stm32f7xx_hal_tim_ex.c **** 
 201:Drivers/STM32F7xx_HAL_Driver/Src/stm32f7xx_hal_tim_ex.c ****   /* Use the TIM_TS_TI1F_ED signal to reset the TIM counter each edge detection */
 202:Drivers/STM32F7xx_HAL_Driver/Src/stm32f7xx_hal_tim_ex.c ****   htim->Instance->SMCR &= ~TIM_SMCR_SMS;
ARM GAS  /tmp/ccLIbKdJ.s 			page 5


 203:Drivers/STM32F7xx_HAL_Driver/Src/stm32f7xx_hal_tim_ex.c ****   htim->Instance->SMCR |= TIM_SLAVEMODE_RESET;
 204:Drivers/STM32F7xx_HAL_Driver/Src/stm32f7xx_hal_tim_ex.c **** 
 205:Drivers/STM32F7xx_HAL_Driver/Src/stm32f7xx_hal_tim_ex.c ****   /* Program channel 2 in PWM 2 mode with the desired Commutation_Delay*/
 206:Drivers/STM32F7xx_HAL_Driver/Src/stm32f7xx_hal_tim_ex.c ****   OC_Config.OCFastMode = TIM_OCFAST_DISABLE;
 207:Drivers/STM32F7xx_HAL_Driver/Src/stm32f7xx_hal_tim_ex.c ****   OC_Config.OCIdleState = TIM_OCIDLESTATE_RESET;
 208:Drivers/STM32F7xx_HAL_Driver/Src/stm32f7xx_hal_tim_ex.c ****   OC_Config.OCMode = TIM_OCMODE_PWM2;
 209:Drivers/STM32F7xx_HAL_Driver/Src/stm32f7xx_hal_tim_ex.c ****   OC_Config.OCNIdleState = TIM_OCNIDLESTATE_RESET;
 210:Drivers/STM32F7xx_HAL_Driver/Src/stm32f7xx_hal_tim_ex.c ****   OC_Config.OCNPolarity = TIM_OCNPOLARITY_HIGH;
 211:Drivers/STM32F7xx_HAL_Driver/Src/stm32f7xx_hal_tim_ex.c ****   OC_Config.OCPolarity = TIM_OCPOLARITY_HIGH;
 212:Drivers/STM32F7xx_HAL_Driver/Src/stm32f7xx_hal_tim_ex.c ****   OC_Config.Pulse = sConfig->Commutation_Delay;
 213:Drivers/STM32F7xx_HAL_Driver/Src/stm32f7xx_hal_tim_ex.c **** 
 214:Drivers/STM32F7xx_HAL_Driver/Src/stm32f7xx_hal_tim_ex.c ****   TIM_OC2_SetConfig(htim->Instance, &OC_Config);
 215:Drivers/STM32F7xx_HAL_Driver/Src/stm32f7xx_hal_tim_ex.c **** 
 216:Drivers/STM32F7xx_HAL_Driver/Src/stm32f7xx_hal_tim_ex.c ****   /* Select OC2REF as trigger output on TRGO: write the MMS bits in the TIMx_CR2
 217:Drivers/STM32F7xx_HAL_Driver/Src/stm32f7xx_hal_tim_ex.c ****     register to 101 */
 218:Drivers/STM32F7xx_HAL_Driver/Src/stm32f7xx_hal_tim_ex.c ****   htim->Instance->CR2 &= ~TIM_CR2_MMS;
 219:Drivers/STM32F7xx_HAL_Driver/Src/stm32f7xx_hal_tim_ex.c ****   htim->Instance->CR2 |= TIM_TRGO_OC2REF;
 220:Drivers/STM32F7xx_HAL_Driver/Src/stm32f7xx_hal_tim_ex.c **** 
 221:Drivers/STM32F7xx_HAL_Driver/Src/stm32f7xx_hal_tim_ex.c ****   /* Initialize the DMA burst operation state */
 222:Drivers/STM32F7xx_HAL_Driver/Src/stm32f7xx_hal_tim_ex.c ****   htim->DMABurstState = HAL_DMA_BURST_STATE_READY;
 223:Drivers/STM32F7xx_HAL_Driver/Src/stm32f7xx_hal_tim_ex.c **** 
 224:Drivers/STM32F7xx_HAL_Driver/Src/stm32f7xx_hal_tim_ex.c ****   /* Initialize the TIM channels state */
 225:Drivers/STM32F7xx_HAL_Driver/Src/stm32f7xx_hal_tim_ex.c ****   TIM_CHANNEL_STATE_SET(htim, TIM_CHANNEL_1, HAL_TIM_CHANNEL_STATE_READY);
 226:Drivers/STM32F7xx_HAL_Driver/Src/stm32f7xx_hal_tim_ex.c ****   TIM_CHANNEL_STATE_SET(htim, TIM_CHANNEL_2, HAL_TIM_CHANNEL_STATE_READY);
 227:Drivers/STM32F7xx_HAL_Driver/Src/stm32f7xx_hal_tim_ex.c ****   TIM_CHANNEL_N_STATE_SET(htim, TIM_CHANNEL_1, HAL_TIM_CHANNEL_STATE_READY);
 228:Drivers/STM32F7xx_HAL_Driver/Src/stm32f7xx_hal_tim_ex.c ****   TIM_CHANNEL_N_STATE_SET(htim, TIM_CHANNEL_2, HAL_TIM_CHANNEL_STATE_READY);
 229:Drivers/STM32F7xx_HAL_Driver/Src/stm32f7xx_hal_tim_ex.c **** 
 230:Drivers/STM32F7xx_HAL_Driver/Src/stm32f7xx_hal_tim_ex.c ****   /* Initialize the TIM state*/
 231:Drivers/STM32F7xx_HAL_Driver/Src/stm32f7xx_hal_tim_ex.c ****   htim->State = HAL_TIM_STATE_READY;
 232:Drivers/STM32F7xx_HAL_Driver/Src/stm32f7xx_hal_tim_ex.c **** 
 233:Drivers/STM32F7xx_HAL_Driver/Src/stm32f7xx_hal_tim_ex.c ****   return HAL_OK;
 234:Drivers/STM32F7xx_HAL_Driver/Src/stm32f7xx_hal_tim_ex.c **** }
 235:Drivers/STM32F7xx_HAL_Driver/Src/stm32f7xx_hal_tim_ex.c **** 
 236:Drivers/STM32F7xx_HAL_Driver/Src/stm32f7xx_hal_tim_ex.c **** /**
 237:Drivers/STM32F7xx_HAL_Driver/Src/stm32f7xx_hal_tim_ex.c ****   * @brief  DeInitializes the TIM Hall Sensor interface
 238:Drivers/STM32F7xx_HAL_Driver/Src/stm32f7xx_hal_tim_ex.c ****   * @param  htim TIM Hall Sensor Interface handle
 239:Drivers/STM32F7xx_HAL_Driver/Src/stm32f7xx_hal_tim_ex.c ****   * @retval HAL status
 240:Drivers/STM32F7xx_HAL_Driver/Src/stm32f7xx_hal_tim_ex.c ****   */
 241:Drivers/STM32F7xx_HAL_Driver/Src/stm32f7xx_hal_tim_ex.c **** HAL_StatusTypeDef HAL_TIMEx_HallSensor_DeInit(TIM_HandleTypeDef *htim)
 242:Drivers/STM32F7xx_HAL_Driver/Src/stm32f7xx_hal_tim_ex.c **** {
 243:Drivers/STM32F7xx_HAL_Driver/Src/stm32f7xx_hal_tim_ex.c ****   /* Check the parameters */
 244:Drivers/STM32F7xx_HAL_Driver/Src/stm32f7xx_hal_tim_ex.c ****   assert_param(IS_TIM_INSTANCE(htim->Instance));
 245:Drivers/STM32F7xx_HAL_Driver/Src/stm32f7xx_hal_tim_ex.c **** 
 246:Drivers/STM32F7xx_HAL_Driver/Src/stm32f7xx_hal_tim_ex.c ****   htim->State = HAL_TIM_STATE_BUSY;
 247:Drivers/STM32F7xx_HAL_Driver/Src/stm32f7xx_hal_tim_ex.c **** 
 248:Drivers/STM32F7xx_HAL_Driver/Src/stm32f7xx_hal_tim_ex.c ****   /* Disable the TIM Peripheral Clock */
 249:Drivers/STM32F7xx_HAL_Driver/Src/stm32f7xx_hal_tim_ex.c ****   __HAL_TIM_DISABLE(htim);
 250:Drivers/STM32F7xx_HAL_Driver/Src/stm32f7xx_hal_tim_ex.c **** 
 251:Drivers/STM32F7xx_HAL_Driver/Src/stm32f7xx_hal_tim_ex.c **** #if (USE_HAL_TIM_REGISTER_CALLBACKS == 1)
 252:Drivers/STM32F7xx_HAL_Driver/Src/stm32f7xx_hal_tim_ex.c ****   if (htim->HallSensor_MspDeInitCallback == NULL)
 253:Drivers/STM32F7xx_HAL_Driver/Src/stm32f7xx_hal_tim_ex.c ****   {
 254:Drivers/STM32F7xx_HAL_Driver/Src/stm32f7xx_hal_tim_ex.c ****     htim->HallSensor_MspDeInitCallback = HAL_TIMEx_HallSensor_MspDeInit;
 255:Drivers/STM32F7xx_HAL_Driver/Src/stm32f7xx_hal_tim_ex.c ****   }
 256:Drivers/STM32F7xx_HAL_Driver/Src/stm32f7xx_hal_tim_ex.c ****   /* DeInit the low level hardware */
 257:Drivers/STM32F7xx_HAL_Driver/Src/stm32f7xx_hal_tim_ex.c ****   htim->HallSensor_MspDeInitCallback(htim);
 258:Drivers/STM32F7xx_HAL_Driver/Src/stm32f7xx_hal_tim_ex.c **** #else
 259:Drivers/STM32F7xx_HAL_Driver/Src/stm32f7xx_hal_tim_ex.c ****   /* DeInit the low level hardware: GPIO, CLOCK, NVIC */
ARM GAS  /tmp/ccLIbKdJ.s 			page 6


 260:Drivers/STM32F7xx_HAL_Driver/Src/stm32f7xx_hal_tim_ex.c ****   HAL_TIMEx_HallSensor_MspDeInit(htim);
 261:Drivers/STM32F7xx_HAL_Driver/Src/stm32f7xx_hal_tim_ex.c **** #endif /* USE_HAL_TIM_REGISTER_CALLBACKS */
 262:Drivers/STM32F7xx_HAL_Driver/Src/stm32f7xx_hal_tim_ex.c **** 
 263:Drivers/STM32F7xx_HAL_Driver/Src/stm32f7xx_hal_tim_ex.c ****   /* Change the DMA burst operation state */
 264:Drivers/STM32F7xx_HAL_Driver/Src/stm32f7xx_hal_tim_ex.c ****   htim->DMABurstState = HAL_DMA_BURST_STATE_RESET;
 265:Drivers/STM32F7xx_HAL_Driver/Src/stm32f7xx_hal_tim_ex.c **** 
 266:Drivers/STM32F7xx_HAL_Driver/Src/stm32f7xx_hal_tim_ex.c ****   /* Change the TIM channels state */
 267:Drivers/STM32F7xx_HAL_Driver/Src/stm32f7xx_hal_tim_ex.c ****   TIM_CHANNEL_STATE_SET(htim, TIM_CHANNEL_1, HAL_TIM_CHANNEL_STATE_RESET);
 268:Drivers/STM32F7xx_HAL_Driver/Src/stm32f7xx_hal_tim_ex.c ****   TIM_CHANNEL_STATE_SET(htim, TIM_CHANNEL_2, HAL_TIM_CHANNEL_STATE_RESET);
 269:Drivers/STM32F7xx_HAL_Driver/Src/stm32f7xx_hal_tim_ex.c ****   TIM_CHANNEL_N_STATE_SET(htim, TIM_CHANNEL_1, HAL_TIM_CHANNEL_STATE_RESET);
 270:Drivers/STM32F7xx_HAL_Driver/Src/stm32f7xx_hal_tim_ex.c ****   TIM_CHANNEL_N_STATE_SET(htim, TIM_CHANNEL_2, HAL_TIM_CHANNEL_STATE_RESET);
 271:Drivers/STM32F7xx_HAL_Driver/Src/stm32f7xx_hal_tim_ex.c **** 
 272:Drivers/STM32F7xx_HAL_Driver/Src/stm32f7xx_hal_tim_ex.c ****   /* Change TIM state */
 273:Drivers/STM32F7xx_HAL_Driver/Src/stm32f7xx_hal_tim_ex.c ****   htim->State = HAL_TIM_STATE_RESET;
 274:Drivers/STM32F7xx_HAL_Driver/Src/stm32f7xx_hal_tim_ex.c **** 
 275:Drivers/STM32F7xx_HAL_Driver/Src/stm32f7xx_hal_tim_ex.c ****   /* Release Lock */
 276:Drivers/STM32F7xx_HAL_Driver/Src/stm32f7xx_hal_tim_ex.c ****   __HAL_UNLOCK(htim);
 277:Drivers/STM32F7xx_HAL_Driver/Src/stm32f7xx_hal_tim_ex.c **** 
 278:Drivers/STM32F7xx_HAL_Driver/Src/stm32f7xx_hal_tim_ex.c ****   return HAL_OK;
 279:Drivers/STM32F7xx_HAL_Driver/Src/stm32f7xx_hal_tim_ex.c **** }
 280:Drivers/STM32F7xx_HAL_Driver/Src/stm32f7xx_hal_tim_ex.c **** 
 281:Drivers/STM32F7xx_HAL_Driver/Src/stm32f7xx_hal_tim_ex.c **** /**
 282:Drivers/STM32F7xx_HAL_Driver/Src/stm32f7xx_hal_tim_ex.c ****   * @brief  Initializes the TIM Hall Sensor MSP.
 283:Drivers/STM32F7xx_HAL_Driver/Src/stm32f7xx_hal_tim_ex.c ****   * @param  htim TIM Hall Sensor Interface handle
 284:Drivers/STM32F7xx_HAL_Driver/Src/stm32f7xx_hal_tim_ex.c ****   * @retval None
 285:Drivers/STM32F7xx_HAL_Driver/Src/stm32f7xx_hal_tim_ex.c ****   */
 286:Drivers/STM32F7xx_HAL_Driver/Src/stm32f7xx_hal_tim_ex.c **** __weak void HAL_TIMEx_HallSensor_MspInit(TIM_HandleTypeDef *htim)
 287:Drivers/STM32F7xx_HAL_Driver/Src/stm32f7xx_hal_tim_ex.c **** {
 288:Drivers/STM32F7xx_HAL_Driver/Src/stm32f7xx_hal_tim_ex.c ****   /* Prevent unused argument(s) compilation warning */
 289:Drivers/STM32F7xx_HAL_Driver/Src/stm32f7xx_hal_tim_ex.c ****   UNUSED(htim);
 290:Drivers/STM32F7xx_HAL_Driver/Src/stm32f7xx_hal_tim_ex.c **** 
 291:Drivers/STM32F7xx_HAL_Driver/Src/stm32f7xx_hal_tim_ex.c ****   /* NOTE : This function should not be modified, when the callback is needed,
 292:Drivers/STM32F7xx_HAL_Driver/Src/stm32f7xx_hal_tim_ex.c ****             the HAL_TIMEx_HallSensor_MspInit could be implemented in the user file
 293:Drivers/STM32F7xx_HAL_Driver/Src/stm32f7xx_hal_tim_ex.c ****    */
 294:Drivers/STM32F7xx_HAL_Driver/Src/stm32f7xx_hal_tim_ex.c **** }
 295:Drivers/STM32F7xx_HAL_Driver/Src/stm32f7xx_hal_tim_ex.c **** 
 296:Drivers/STM32F7xx_HAL_Driver/Src/stm32f7xx_hal_tim_ex.c **** /**
 297:Drivers/STM32F7xx_HAL_Driver/Src/stm32f7xx_hal_tim_ex.c ****   * @brief  DeInitializes TIM Hall Sensor MSP.
 298:Drivers/STM32F7xx_HAL_Driver/Src/stm32f7xx_hal_tim_ex.c ****   * @param  htim TIM Hall Sensor Interface handle
 299:Drivers/STM32F7xx_HAL_Driver/Src/stm32f7xx_hal_tim_ex.c ****   * @retval None
 300:Drivers/STM32F7xx_HAL_Driver/Src/stm32f7xx_hal_tim_ex.c ****   */
 301:Drivers/STM32F7xx_HAL_Driver/Src/stm32f7xx_hal_tim_ex.c **** __weak void HAL_TIMEx_HallSensor_MspDeInit(TIM_HandleTypeDef *htim)
 302:Drivers/STM32F7xx_HAL_Driver/Src/stm32f7xx_hal_tim_ex.c **** {
 303:Drivers/STM32F7xx_HAL_Driver/Src/stm32f7xx_hal_tim_ex.c ****   /* Prevent unused argument(s) compilation warning */
 304:Drivers/STM32F7xx_HAL_Driver/Src/stm32f7xx_hal_tim_ex.c ****   UNUSED(htim);
 305:Drivers/STM32F7xx_HAL_Driver/Src/stm32f7xx_hal_tim_ex.c **** 
 306:Drivers/STM32F7xx_HAL_Driver/Src/stm32f7xx_hal_tim_ex.c ****   /* NOTE : This function should not be modified, when the callback is needed,
 307:Drivers/STM32F7xx_HAL_Driver/Src/stm32f7xx_hal_tim_ex.c ****             the HAL_TIMEx_HallSensor_MspDeInit could be implemented in the user file
 308:Drivers/STM32F7xx_HAL_Driver/Src/stm32f7xx_hal_tim_ex.c ****    */
 309:Drivers/STM32F7xx_HAL_Driver/Src/stm32f7xx_hal_tim_ex.c **** }
 310:Drivers/STM32F7xx_HAL_Driver/Src/stm32f7xx_hal_tim_ex.c **** 
 311:Drivers/STM32F7xx_HAL_Driver/Src/stm32f7xx_hal_tim_ex.c **** /**
 312:Drivers/STM32F7xx_HAL_Driver/Src/stm32f7xx_hal_tim_ex.c ****   * @brief  Starts the TIM Hall Sensor Interface.
 313:Drivers/STM32F7xx_HAL_Driver/Src/stm32f7xx_hal_tim_ex.c ****   * @param  htim TIM Hall Sensor Interface handle
 314:Drivers/STM32F7xx_HAL_Driver/Src/stm32f7xx_hal_tim_ex.c ****   * @retval HAL status
 315:Drivers/STM32F7xx_HAL_Driver/Src/stm32f7xx_hal_tim_ex.c ****   */
 316:Drivers/STM32F7xx_HAL_Driver/Src/stm32f7xx_hal_tim_ex.c **** HAL_StatusTypeDef HAL_TIMEx_HallSensor_Start(TIM_HandleTypeDef *htim)
ARM GAS  /tmp/ccLIbKdJ.s 			page 7


 317:Drivers/STM32F7xx_HAL_Driver/Src/stm32f7xx_hal_tim_ex.c **** {
 318:Drivers/STM32F7xx_HAL_Driver/Src/stm32f7xx_hal_tim_ex.c ****   uint32_t tmpsmcr;
 319:Drivers/STM32F7xx_HAL_Driver/Src/stm32f7xx_hal_tim_ex.c ****   HAL_TIM_ChannelStateTypeDef channel_1_state = TIM_CHANNEL_STATE_GET(htim, TIM_CHANNEL_1);
 320:Drivers/STM32F7xx_HAL_Driver/Src/stm32f7xx_hal_tim_ex.c ****   HAL_TIM_ChannelStateTypeDef channel_2_state = TIM_CHANNEL_STATE_GET(htim, TIM_CHANNEL_2);
 321:Drivers/STM32F7xx_HAL_Driver/Src/stm32f7xx_hal_tim_ex.c ****   HAL_TIM_ChannelStateTypeDef complementary_channel_1_state = TIM_CHANNEL_N_STATE_GET(htim, TIM_CHA
 322:Drivers/STM32F7xx_HAL_Driver/Src/stm32f7xx_hal_tim_ex.c ****   HAL_TIM_ChannelStateTypeDef complementary_channel_2_state = TIM_CHANNEL_N_STATE_GET(htim, TIM_CHA
 323:Drivers/STM32F7xx_HAL_Driver/Src/stm32f7xx_hal_tim_ex.c **** 
 324:Drivers/STM32F7xx_HAL_Driver/Src/stm32f7xx_hal_tim_ex.c ****   /* Check the parameters */
 325:Drivers/STM32F7xx_HAL_Driver/Src/stm32f7xx_hal_tim_ex.c ****   assert_param(IS_TIM_HALL_SENSOR_INTERFACE_INSTANCE(htim->Instance));
 326:Drivers/STM32F7xx_HAL_Driver/Src/stm32f7xx_hal_tim_ex.c **** 
 327:Drivers/STM32F7xx_HAL_Driver/Src/stm32f7xx_hal_tim_ex.c ****   /* Check the TIM channels state */
 328:Drivers/STM32F7xx_HAL_Driver/Src/stm32f7xx_hal_tim_ex.c ****   if ((channel_1_state != HAL_TIM_CHANNEL_STATE_READY)
 329:Drivers/STM32F7xx_HAL_Driver/Src/stm32f7xx_hal_tim_ex.c ****       || (channel_2_state != HAL_TIM_CHANNEL_STATE_READY)
 330:Drivers/STM32F7xx_HAL_Driver/Src/stm32f7xx_hal_tim_ex.c ****       || (complementary_channel_1_state != HAL_TIM_CHANNEL_STATE_READY)
 331:Drivers/STM32F7xx_HAL_Driver/Src/stm32f7xx_hal_tim_ex.c ****       || (complementary_channel_2_state != HAL_TIM_CHANNEL_STATE_READY))
 332:Drivers/STM32F7xx_HAL_Driver/Src/stm32f7xx_hal_tim_ex.c ****   {
 333:Drivers/STM32F7xx_HAL_Driver/Src/stm32f7xx_hal_tim_ex.c ****     return HAL_ERROR;
 334:Drivers/STM32F7xx_HAL_Driver/Src/stm32f7xx_hal_tim_ex.c ****   }
 335:Drivers/STM32F7xx_HAL_Driver/Src/stm32f7xx_hal_tim_ex.c **** 
 336:Drivers/STM32F7xx_HAL_Driver/Src/stm32f7xx_hal_tim_ex.c ****   /* Set the TIM channels state */
 337:Drivers/STM32F7xx_HAL_Driver/Src/stm32f7xx_hal_tim_ex.c ****   TIM_CHANNEL_STATE_SET(htim, TIM_CHANNEL_1, HAL_TIM_CHANNEL_STATE_BUSY);
 338:Drivers/STM32F7xx_HAL_Driver/Src/stm32f7xx_hal_tim_ex.c ****   TIM_CHANNEL_STATE_SET(htim, TIM_CHANNEL_2, HAL_TIM_CHANNEL_STATE_BUSY);
 339:Drivers/STM32F7xx_HAL_Driver/Src/stm32f7xx_hal_tim_ex.c ****   TIM_CHANNEL_N_STATE_SET(htim, TIM_CHANNEL_1, HAL_TIM_CHANNEL_STATE_BUSY);
 340:Drivers/STM32F7xx_HAL_Driver/Src/stm32f7xx_hal_tim_ex.c ****   TIM_CHANNEL_N_STATE_SET(htim, TIM_CHANNEL_2, HAL_TIM_CHANNEL_STATE_BUSY);
 341:Drivers/STM32F7xx_HAL_Driver/Src/stm32f7xx_hal_tim_ex.c **** 
 342:Drivers/STM32F7xx_HAL_Driver/Src/stm32f7xx_hal_tim_ex.c ****   /* Enable the Input Capture channel 1
 343:Drivers/STM32F7xx_HAL_Driver/Src/stm32f7xx_hal_tim_ex.c ****   (in the Hall Sensor Interface the three possible channels that can be used are TIM_CHANNEL_1,
 344:Drivers/STM32F7xx_HAL_Driver/Src/stm32f7xx_hal_tim_ex.c ****   TIM_CHANNEL_2 and TIM_CHANNEL_3) */
 345:Drivers/STM32F7xx_HAL_Driver/Src/stm32f7xx_hal_tim_ex.c ****   TIM_CCxChannelCmd(htim->Instance, TIM_CHANNEL_1, TIM_CCx_ENABLE);
 346:Drivers/STM32F7xx_HAL_Driver/Src/stm32f7xx_hal_tim_ex.c **** 
 347:Drivers/STM32F7xx_HAL_Driver/Src/stm32f7xx_hal_tim_ex.c ****   /* Enable the Peripheral, except in trigger mode where enable is automatically done with trigger 
 348:Drivers/STM32F7xx_HAL_Driver/Src/stm32f7xx_hal_tim_ex.c ****   if (IS_TIM_SLAVE_INSTANCE(htim->Instance))
 349:Drivers/STM32F7xx_HAL_Driver/Src/stm32f7xx_hal_tim_ex.c ****   {
 350:Drivers/STM32F7xx_HAL_Driver/Src/stm32f7xx_hal_tim_ex.c ****     tmpsmcr = htim->Instance->SMCR & TIM_SMCR_SMS;
 351:Drivers/STM32F7xx_HAL_Driver/Src/stm32f7xx_hal_tim_ex.c ****     if (!IS_TIM_SLAVEMODE_TRIGGER_ENABLED(tmpsmcr))
 352:Drivers/STM32F7xx_HAL_Driver/Src/stm32f7xx_hal_tim_ex.c ****     {
 353:Drivers/STM32F7xx_HAL_Driver/Src/stm32f7xx_hal_tim_ex.c ****       __HAL_TIM_ENABLE(htim);
 354:Drivers/STM32F7xx_HAL_Driver/Src/stm32f7xx_hal_tim_ex.c ****     }
 355:Drivers/STM32F7xx_HAL_Driver/Src/stm32f7xx_hal_tim_ex.c ****   }
 356:Drivers/STM32F7xx_HAL_Driver/Src/stm32f7xx_hal_tim_ex.c ****   else
 357:Drivers/STM32F7xx_HAL_Driver/Src/stm32f7xx_hal_tim_ex.c ****   {
 358:Drivers/STM32F7xx_HAL_Driver/Src/stm32f7xx_hal_tim_ex.c ****     __HAL_TIM_ENABLE(htim);
 359:Drivers/STM32F7xx_HAL_Driver/Src/stm32f7xx_hal_tim_ex.c ****   }
 360:Drivers/STM32F7xx_HAL_Driver/Src/stm32f7xx_hal_tim_ex.c **** 
 361:Drivers/STM32F7xx_HAL_Driver/Src/stm32f7xx_hal_tim_ex.c ****   /* Return function status */
 362:Drivers/STM32F7xx_HAL_Driver/Src/stm32f7xx_hal_tim_ex.c ****   return HAL_OK;
 363:Drivers/STM32F7xx_HAL_Driver/Src/stm32f7xx_hal_tim_ex.c **** }
 364:Drivers/STM32F7xx_HAL_Driver/Src/stm32f7xx_hal_tim_ex.c **** 
 365:Drivers/STM32F7xx_HAL_Driver/Src/stm32f7xx_hal_tim_ex.c **** /**
 366:Drivers/STM32F7xx_HAL_Driver/Src/stm32f7xx_hal_tim_ex.c ****   * @brief  Stops the TIM Hall sensor Interface.
 367:Drivers/STM32F7xx_HAL_Driver/Src/stm32f7xx_hal_tim_ex.c ****   * @param  htim TIM Hall Sensor Interface handle
 368:Drivers/STM32F7xx_HAL_Driver/Src/stm32f7xx_hal_tim_ex.c ****   * @retval HAL status
 369:Drivers/STM32F7xx_HAL_Driver/Src/stm32f7xx_hal_tim_ex.c ****   */
 370:Drivers/STM32F7xx_HAL_Driver/Src/stm32f7xx_hal_tim_ex.c **** HAL_StatusTypeDef HAL_TIMEx_HallSensor_Stop(TIM_HandleTypeDef *htim)
 371:Drivers/STM32F7xx_HAL_Driver/Src/stm32f7xx_hal_tim_ex.c **** {
 372:Drivers/STM32F7xx_HAL_Driver/Src/stm32f7xx_hal_tim_ex.c ****   /* Check the parameters */
 373:Drivers/STM32F7xx_HAL_Driver/Src/stm32f7xx_hal_tim_ex.c ****   assert_param(IS_TIM_HALL_SENSOR_INTERFACE_INSTANCE(htim->Instance));
ARM GAS  /tmp/ccLIbKdJ.s 			page 8


 374:Drivers/STM32F7xx_HAL_Driver/Src/stm32f7xx_hal_tim_ex.c **** 
 375:Drivers/STM32F7xx_HAL_Driver/Src/stm32f7xx_hal_tim_ex.c ****   /* Disable the Input Capture channels 1, 2 and 3
 376:Drivers/STM32F7xx_HAL_Driver/Src/stm32f7xx_hal_tim_ex.c ****   (in the Hall Sensor Interface the three possible channels that can be used are TIM_CHANNEL_1,
 377:Drivers/STM32F7xx_HAL_Driver/Src/stm32f7xx_hal_tim_ex.c ****   TIM_CHANNEL_2 and TIM_CHANNEL_3) */
 378:Drivers/STM32F7xx_HAL_Driver/Src/stm32f7xx_hal_tim_ex.c ****   TIM_CCxChannelCmd(htim->Instance, TIM_CHANNEL_1, TIM_CCx_DISABLE);
 379:Drivers/STM32F7xx_HAL_Driver/Src/stm32f7xx_hal_tim_ex.c **** 
 380:Drivers/STM32F7xx_HAL_Driver/Src/stm32f7xx_hal_tim_ex.c ****   /* Disable the Peripheral */
 381:Drivers/STM32F7xx_HAL_Driver/Src/stm32f7xx_hal_tim_ex.c ****   __HAL_TIM_DISABLE(htim);
 382:Drivers/STM32F7xx_HAL_Driver/Src/stm32f7xx_hal_tim_ex.c **** 
 383:Drivers/STM32F7xx_HAL_Driver/Src/stm32f7xx_hal_tim_ex.c ****   /* Set the TIM channels state */
 384:Drivers/STM32F7xx_HAL_Driver/Src/stm32f7xx_hal_tim_ex.c ****   TIM_CHANNEL_STATE_SET(htim, TIM_CHANNEL_1, HAL_TIM_CHANNEL_STATE_READY);
 385:Drivers/STM32F7xx_HAL_Driver/Src/stm32f7xx_hal_tim_ex.c ****   TIM_CHANNEL_STATE_SET(htim, TIM_CHANNEL_2, HAL_TIM_CHANNEL_STATE_READY);
 386:Drivers/STM32F7xx_HAL_Driver/Src/stm32f7xx_hal_tim_ex.c ****   TIM_CHANNEL_N_STATE_SET(htim, TIM_CHANNEL_1, HAL_TIM_CHANNEL_STATE_READY);
 387:Drivers/STM32F7xx_HAL_Driver/Src/stm32f7xx_hal_tim_ex.c ****   TIM_CHANNEL_N_STATE_SET(htim, TIM_CHANNEL_2, HAL_TIM_CHANNEL_STATE_READY);
 388:Drivers/STM32F7xx_HAL_Driver/Src/stm32f7xx_hal_tim_ex.c **** 
 389:Drivers/STM32F7xx_HAL_Driver/Src/stm32f7xx_hal_tim_ex.c ****   /* Return function status */
 390:Drivers/STM32F7xx_HAL_Driver/Src/stm32f7xx_hal_tim_ex.c ****   return HAL_OK;
 391:Drivers/STM32F7xx_HAL_Driver/Src/stm32f7xx_hal_tim_ex.c **** }
 392:Drivers/STM32F7xx_HAL_Driver/Src/stm32f7xx_hal_tim_ex.c **** 
 393:Drivers/STM32F7xx_HAL_Driver/Src/stm32f7xx_hal_tim_ex.c **** /**
 394:Drivers/STM32F7xx_HAL_Driver/Src/stm32f7xx_hal_tim_ex.c ****   * @brief  Starts the TIM Hall Sensor Interface in interrupt mode.
 395:Drivers/STM32F7xx_HAL_Driver/Src/stm32f7xx_hal_tim_ex.c ****   * @param  htim TIM Hall Sensor Interface handle
 396:Drivers/STM32F7xx_HAL_Driver/Src/stm32f7xx_hal_tim_ex.c ****   * @retval HAL status
 397:Drivers/STM32F7xx_HAL_Driver/Src/stm32f7xx_hal_tim_ex.c ****   */
 398:Drivers/STM32F7xx_HAL_Driver/Src/stm32f7xx_hal_tim_ex.c **** HAL_StatusTypeDef HAL_TIMEx_HallSensor_Start_IT(TIM_HandleTypeDef *htim)
 399:Drivers/STM32F7xx_HAL_Driver/Src/stm32f7xx_hal_tim_ex.c **** {
 400:Drivers/STM32F7xx_HAL_Driver/Src/stm32f7xx_hal_tim_ex.c ****   uint32_t tmpsmcr;
 401:Drivers/STM32F7xx_HAL_Driver/Src/stm32f7xx_hal_tim_ex.c ****   HAL_TIM_ChannelStateTypeDef channel_1_state = TIM_CHANNEL_STATE_GET(htim, TIM_CHANNEL_1);
 402:Drivers/STM32F7xx_HAL_Driver/Src/stm32f7xx_hal_tim_ex.c ****   HAL_TIM_ChannelStateTypeDef channel_2_state = TIM_CHANNEL_STATE_GET(htim, TIM_CHANNEL_2);
 403:Drivers/STM32F7xx_HAL_Driver/Src/stm32f7xx_hal_tim_ex.c ****   HAL_TIM_ChannelStateTypeDef complementary_channel_1_state = TIM_CHANNEL_N_STATE_GET(htim, TIM_CHA
 404:Drivers/STM32F7xx_HAL_Driver/Src/stm32f7xx_hal_tim_ex.c ****   HAL_TIM_ChannelStateTypeDef complementary_channel_2_state = TIM_CHANNEL_N_STATE_GET(htim, TIM_CHA
 405:Drivers/STM32F7xx_HAL_Driver/Src/stm32f7xx_hal_tim_ex.c **** 
 406:Drivers/STM32F7xx_HAL_Driver/Src/stm32f7xx_hal_tim_ex.c ****   /* Check the parameters */
 407:Drivers/STM32F7xx_HAL_Driver/Src/stm32f7xx_hal_tim_ex.c ****   assert_param(IS_TIM_HALL_SENSOR_INTERFACE_INSTANCE(htim->Instance));
 408:Drivers/STM32F7xx_HAL_Driver/Src/stm32f7xx_hal_tim_ex.c **** 
 409:Drivers/STM32F7xx_HAL_Driver/Src/stm32f7xx_hal_tim_ex.c ****   /* Check the TIM channels state */
 410:Drivers/STM32F7xx_HAL_Driver/Src/stm32f7xx_hal_tim_ex.c ****   if ((channel_1_state != HAL_TIM_CHANNEL_STATE_READY)
 411:Drivers/STM32F7xx_HAL_Driver/Src/stm32f7xx_hal_tim_ex.c ****       || (channel_2_state != HAL_TIM_CHANNEL_STATE_READY)
 412:Drivers/STM32F7xx_HAL_Driver/Src/stm32f7xx_hal_tim_ex.c ****       || (complementary_channel_1_state != HAL_TIM_CHANNEL_STATE_READY)
 413:Drivers/STM32F7xx_HAL_Driver/Src/stm32f7xx_hal_tim_ex.c ****       || (complementary_channel_2_state != HAL_TIM_CHANNEL_STATE_READY))
 414:Drivers/STM32F7xx_HAL_Driver/Src/stm32f7xx_hal_tim_ex.c ****   {
 415:Drivers/STM32F7xx_HAL_Driver/Src/stm32f7xx_hal_tim_ex.c ****     return HAL_ERROR;
 416:Drivers/STM32F7xx_HAL_Driver/Src/stm32f7xx_hal_tim_ex.c ****   }
 417:Drivers/STM32F7xx_HAL_Driver/Src/stm32f7xx_hal_tim_ex.c **** 
 418:Drivers/STM32F7xx_HAL_Driver/Src/stm32f7xx_hal_tim_ex.c ****   /* Set the TIM channels state */
 419:Drivers/STM32F7xx_HAL_Driver/Src/stm32f7xx_hal_tim_ex.c ****   TIM_CHANNEL_STATE_SET(htim, TIM_CHANNEL_1, HAL_TIM_CHANNEL_STATE_BUSY);
 420:Drivers/STM32F7xx_HAL_Driver/Src/stm32f7xx_hal_tim_ex.c ****   TIM_CHANNEL_STATE_SET(htim, TIM_CHANNEL_2, HAL_TIM_CHANNEL_STATE_BUSY);
 421:Drivers/STM32F7xx_HAL_Driver/Src/stm32f7xx_hal_tim_ex.c ****   TIM_CHANNEL_N_STATE_SET(htim, TIM_CHANNEL_1, HAL_TIM_CHANNEL_STATE_BUSY);
 422:Drivers/STM32F7xx_HAL_Driver/Src/stm32f7xx_hal_tim_ex.c ****   TIM_CHANNEL_N_STATE_SET(htim, TIM_CHANNEL_2, HAL_TIM_CHANNEL_STATE_BUSY);
 423:Drivers/STM32F7xx_HAL_Driver/Src/stm32f7xx_hal_tim_ex.c **** 
 424:Drivers/STM32F7xx_HAL_Driver/Src/stm32f7xx_hal_tim_ex.c ****   /* Enable the capture compare Interrupts 1 event */
 425:Drivers/STM32F7xx_HAL_Driver/Src/stm32f7xx_hal_tim_ex.c ****   __HAL_TIM_ENABLE_IT(htim, TIM_IT_CC1);
 426:Drivers/STM32F7xx_HAL_Driver/Src/stm32f7xx_hal_tim_ex.c **** 
 427:Drivers/STM32F7xx_HAL_Driver/Src/stm32f7xx_hal_tim_ex.c ****   /* Enable the Input Capture channel 1
 428:Drivers/STM32F7xx_HAL_Driver/Src/stm32f7xx_hal_tim_ex.c ****   (in the Hall Sensor Interface the three possible channels that can be used are TIM_CHANNEL_1,
 429:Drivers/STM32F7xx_HAL_Driver/Src/stm32f7xx_hal_tim_ex.c ****   TIM_CHANNEL_2 and TIM_CHANNEL_3) */
 430:Drivers/STM32F7xx_HAL_Driver/Src/stm32f7xx_hal_tim_ex.c ****   TIM_CCxChannelCmd(htim->Instance, TIM_CHANNEL_1, TIM_CCx_ENABLE);
ARM GAS  /tmp/ccLIbKdJ.s 			page 9


 431:Drivers/STM32F7xx_HAL_Driver/Src/stm32f7xx_hal_tim_ex.c **** 
 432:Drivers/STM32F7xx_HAL_Driver/Src/stm32f7xx_hal_tim_ex.c ****   /* Enable the Peripheral, except in trigger mode where enable is automatically done with trigger 
 433:Drivers/STM32F7xx_HAL_Driver/Src/stm32f7xx_hal_tim_ex.c ****   if (IS_TIM_SLAVE_INSTANCE(htim->Instance))
 434:Drivers/STM32F7xx_HAL_Driver/Src/stm32f7xx_hal_tim_ex.c ****   {
 435:Drivers/STM32F7xx_HAL_Driver/Src/stm32f7xx_hal_tim_ex.c ****     tmpsmcr = htim->Instance->SMCR & TIM_SMCR_SMS;
 436:Drivers/STM32F7xx_HAL_Driver/Src/stm32f7xx_hal_tim_ex.c ****     if (!IS_TIM_SLAVEMODE_TRIGGER_ENABLED(tmpsmcr))
 437:Drivers/STM32F7xx_HAL_Driver/Src/stm32f7xx_hal_tim_ex.c ****     {
 438:Drivers/STM32F7xx_HAL_Driver/Src/stm32f7xx_hal_tim_ex.c ****       __HAL_TIM_ENABLE(htim);
 439:Drivers/STM32F7xx_HAL_Driver/Src/stm32f7xx_hal_tim_ex.c ****     }
 440:Drivers/STM32F7xx_HAL_Driver/Src/stm32f7xx_hal_tim_ex.c ****   }
 441:Drivers/STM32F7xx_HAL_Driver/Src/stm32f7xx_hal_tim_ex.c ****   else
 442:Drivers/STM32F7xx_HAL_Driver/Src/stm32f7xx_hal_tim_ex.c ****   {
 443:Drivers/STM32F7xx_HAL_Driver/Src/stm32f7xx_hal_tim_ex.c ****     __HAL_TIM_ENABLE(htim);
 444:Drivers/STM32F7xx_HAL_Driver/Src/stm32f7xx_hal_tim_ex.c ****   }
 445:Drivers/STM32F7xx_HAL_Driver/Src/stm32f7xx_hal_tim_ex.c **** 
 446:Drivers/STM32F7xx_HAL_Driver/Src/stm32f7xx_hal_tim_ex.c ****   /* Return function status */
 447:Drivers/STM32F7xx_HAL_Driver/Src/stm32f7xx_hal_tim_ex.c ****   return HAL_OK;
 448:Drivers/STM32F7xx_HAL_Driver/Src/stm32f7xx_hal_tim_ex.c **** }
 449:Drivers/STM32F7xx_HAL_Driver/Src/stm32f7xx_hal_tim_ex.c **** 
 450:Drivers/STM32F7xx_HAL_Driver/Src/stm32f7xx_hal_tim_ex.c **** /**
 451:Drivers/STM32F7xx_HAL_Driver/Src/stm32f7xx_hal_tim_ex.c ****   * @brief  Stops the TIM Hall Sensor Interface in interrupt mode.
 452:Drivers/STM32F7xx_HAL_Driver/Src/stm32f7xx_hal_tim_ex.c ****   * @param  htim TIM Hall Sensor Interface handle
 453:Drivers/STM32F7xx_HAL_Driver/Src/stm32f7xx_hal_tim_ex.c ****   * @retval HAL status
 454:Drivers/STM32F7xx_HAL_Driver/Src/stm32f7xx_hal_tim_ex.c ****   */
 455:Drivers/STM32F7xx_HAL_Driver/Src/stm32f7xx_hal_tim_ex.c **** HAL_StatusTypeDef HAL_TIMEx_HallSensor_Stop_IT(TIM_HandleTypeDef *htim)
 456:Drivers/STM32F7xx_HAL_Driver/Src/stm32f7xx_hal_tim_ex.c **** {
 457:Drivers/STM32F7xx_HAL_Driver/Src/stm32f7xx_hal_tim_ex.c ****   /* Check the parameters */
 458:Drivers/STM32F7xx_HAL_Driver/Src/stm32f7xx_hal_tim_ex.c ****   assert_param(IS_TIM_HALL_SENSOR_INTERFACE_INSTANCE(htim->Instance));
 459:Drivers/STM32F7xx_HAL_Driver/Src/stm32f7xx_hal_tim_ex.c **** 
 460:Drivers/STM32F7xx_HAL_Driver/Src/stm32f7xx_hal_tim_ex.c ****   /* Disable the Input Capture channel 1
 461:Drivers/STM32F7xx_HAL_Driver/Src/stm32f7xx_hal_tim_ex.c ****   (in the Hall Sensor Interface the three possible channels that can be used are TIM_CHANNEL_1,
 462:Drivers/STM32F7xx_HAL_Driver/Src/stm32f7xx_hal_tim_ex.c ****   TIM_CHANNEL_2 and TIM_CHANNEL_3) */
 463:Drivers/STM32F7xx_HAL_Driver/Src/stm32f7xx_hal_tim_ex.c ****   TIM_CCxChannelCmd(htim->Instance, TIM_CHANNEL_1, TIM_CCx_DISABLE);
 464:Drivers/STM32F7xx_HAL_Driver/Src/stm32f7xx_hal_tim_ex.c **** 
 465:Drivers/STM32F7xx_HAL_Driver/Src/stm32f7xx_hal_tim_ex.c ****   /* Disable the capture compare Interrupts event */
 466:Drivers/STM32F7xx_HAL_Driver/Src/stm32f7xx_hal_tim_ex.c ****   __HAL_TIM_DISABLE_IT(htim, TIM_IT_CC1);
 467:Drivers/STM32F7xx_HAL_Driver/Src/stm32f7xx_hal_tim_ex.c **** 
 468:Drivers/STM32F7xx_HAL_Driver/Src/stm32f7xx_hal_tim_ex.c ****   /* Disable the Peripheral */
 469:Drivers/STM32F7xx_HAL_Driver/Src/stm32f7xx_hal_tim_ex.c ****   __HAL_TIM_DISABLE(htim);
 470:Drivers/STM32F7xx_HAL_Driver/Src/stm32f7xx_hal_tim_ex.c **** 
 471:Drivers/STM32F7xx_HAL_Driver/Src/stm32f7xx_hal_tim_ex.c ****   /* Set the TIM channels state */
 472:Drivers/STM32F7xx_HAL_Driver/Src/stm32f7xx_hal_tim_ex.c ****   TIM_CHANNEL_STATE_SET(htim, TIM_CHANNEL_1, HAL_TIM_CHANNEL_STATE_READY);
 473:Drivers/STM32F7xx_HAL_Driver/Src/stm32f7xx_hal_tim_ex.c ****   TIM_CHANNEL_STATE_SET(htim, TIM_CHANNEL_2, HAL_TIM_CHANNEL_STATE_READY);
 474:Drivers/STM32F7xx_HAL_Driver/Src/stm32f7xx_hal_tim_ex.c ****   TIM_CHANNEL_N_STATE_SET(htim, TIM_CHANNEL_1, HAL_TIM_CHANNEL_STATE_READY);
 475:Drivers/STM32F7xx_HAL_Driver/Src/stm32f7xx_hal_tim_ex.c ****   TIM_CHANNEL_N_STATE_SET(htim, TIM_CHANNEL_2, HAL_TIM_CHANNEL_STATE_READY);
 476:Drivers/STM32F7xx_HAL_Driver/Src/stm32f7xx_hal_tim_ex.c **** 
 477:Drivers/STM32F7xx_HAL_Driver/Src/stm32f7xx_hal_tim_ex.c ****   /* Return function status */
 478:Drivers/STM32F7xx_HAL_Driver/Src/stm32f7xx_hal_tim_ex.c ****   return HAL_OK;
 479:Drivers/STM32F7xx_HAL_Driver/Src/stm32f7xx_hal_tim_ex.c **** }
 480:Drivers/STM32F7xx_HAL_Driver/Src/stm32f7xx_hal_tim_ex.c **** 
 481:Drivers/STM32F7xx_HAL_Driver/Src/stm32f7xx_hal_tim_ex.c **** /**
 482:Drivers/STM32F7xx_HAL_Driver/Src/stm32f7xx_hal_tim_ex.c ****   * @brief  Starts the TIM Hall Sensor Interface in DMA mode.
 483:Drivers/STM32F7xx_HAL_Driver/Src/stm32f7xx_hal_tim_ex.c ****   * @param  htim TIM Hall Sensor Interface handle
 484:Drivers/STM32F7xx_HAL_Driver/Src/stm32f7xx_hal_tim_ex.c ****   * @param  pData The destination Buffer address.
 485:Drivers/STM32F7xx_HAL_Driver/Src/stm32f7xx_hal_tim_ex.c ****   * @param  Length The length of data to be transferred from TIM peripheral to memory.
 486:Drivers/STM32F7xx_HAL_Driver/Src/stm32f7xx_hal_tim_ex.c ****   * @retval HAL status
 487:Drivers/STM32F7xx_HAL_Driver/Src/stm32f7xx_hal_tim_ex.c ****   */
ARM GAS  /tmp/ccLIbKdJ.s 			page 10


 488:Drivers/STM32F7xx_HAL_Driver/Src/stm32f7xx_hal_tim_ex.c **** HAL_StatusTypeDef HAL_TIMEx_HallSensor_Start_DMA(TIM_HandleTypeDef *htim, uint32_t *pData, uint16_t
 489:Drivers/STM32F7xx_HAL_Driver/Src/stm32f7xx_hal_tim_ex.c **** {
 490:Drivers/STM32F7xx_HAL_Driver/Src/stm32f7xx_hal_tim_ex.c ****   uint32_t tmpsmcr;
 491:Drivers/STM32F7xx_HAL_Driver/Src/stm32f7xx_hal_tim_ex.c ****   HAL_TIM_ChannelStateTypeDef channel_1_state = TIM_CHANNEL_STATE_GET(htim, TIM_CHANNEL_1);
 492:Drivers/STM32F7xx_HAL_Driver/Src/stm32f7xx_hal_tim_ex.c ****   HAL_TIM_ChannelStateTypeDef complementary_channel_1_state = TIM_CHANNEL_N_STATE_GET(htim, TIM_CHA
 493:Drivers/STM32F7xx_HAL_Driver/Src/stm32f7xx_hal_tim_ex.c **** 
 494:Drivers/STM32F7xx_HAL_Driver/Src/stm32f7xx_hal_tim_ex.c ****   /* Check the parameters */
 495:Drivers/STM32F7xx_HAL_Driver/Src/stm32f7xx_hal_tim_ex.c ****   assert_param(IS_TIM_HALL_SENSOR_INTERFACE_INSTANCE(htim->Instance));
 496:Drivers/STM32F7xx_HAL_Driver/Src/stm32f7xx_hal_tim_ex.c **** 
 497:Drivers/STM32F7xx_HAL_Driver/Src/stm32f7xx_hal_tim_ex.c ****   /* Set the TIM channel state */
 498:Drivers/STM32F7xx_HAL_Driver/Src/stm32f7xx_hal_tim_ex.c ****   if ((channel_1_state == HAL_TIM_CHANNEL_STATE_BUSY)
 499:Drivers/STM32F7xx_HAL_Driver/Src/stm32f7xx_hal_tim_ex.c ****       || (complementary_channel_1_state == HAL_TIM_CHANNEL_STATE_BUSY))
 500:Drivers/STM32F7xx_HAL_Driver/Src/stm32f7xx_hal_tim_ex.c ****   {
 501:Drivers/STM32F7xx_HAL_Driver/Src/stm32f7xx_hal_tim_ex.c ****     return HAL_BUSY;
 502:Drivers/STM32F7xx_HAL_Driver/Src/stm32f7xx_hal_tim_ex.c ****   }
 503:Drivers/STM32F7xx_HAL_Driver/Src/stm32f7xx_hal_tim_ex.c ****   else if ((channel_1_state == HAL_TIM_CHANNEL_STATE_READY)
 504:Drivers/STM32F7xx_HAL_Driver/Src/stm32f7xx_hal_tim_ex.c ****            && (complementary_channel_1_state == HAL_TIM_CHANNEL_STATE_READY))
 505:Drivers/STM32F7xx_HAL_Driver/Src/stm32f7xx_hal_tim_ex.c ****   {
 506:Drivers/STM32F7xx_HAL_Driver/Src/stm32f7xx_hal_tim_ex.c ****     if ((pData == NULL) || (Length == 0U))
 507:Drivers/STM32F7xx_HAL_Driver/Src/stm32f7xx_hal_tim_ex.c ****     {
 508:Drivers/STM32F7xx_HAL_Driver/Src/stm32f7xx_hal_tim_ex.c ****       return HAL_ERROR;
 509:Drivers/STM32F7xx_HAL_Driver/Src/stm32f7xx_hal_tim_ex.c ****     }
 510:Drivers/STM32F7xx_HAL_Driver/Src/stm32f7xx_hal_tim_ex.c ****     else
 511:Drivers/STM32F7xx_HAL_Driver/Src/stm32f7xx_hal_tim_ex.c ****     {
 512:Drivers/STM32F7xx_HAL_Driver/Src/stm32f7xx_hal_tim_ex.c ****       TIM_CHANNEL_STATE_SET(htim, TIM_CHANNEL_1, HAL_TIM_CHANNEL_STATE_BUSY);
 513:Drivers/STM32F7xx_HAL_Driver/Src/stm32f7xx_hal_tim_ex.c ****       TIM_CHANNEL_N_STATE_SET(htim, TIM_CHANNEL_1, HAL_TIM_CHANNEL_STATE_BUSY);
 514:Drivers/STM32F7xx_HAL_Driver/Src/stm32f7xx_hal_tim_ex.c ****     }
 515:Drivers/STM32F7xx_HAL_Driver/Src/stm32f7xx_hal_tim_ex.c ****   }
 516:Drivers/STM32F7xx_HAL_Driver/Src/stm32f7xx_hal_tim_ex.c ****   else
 517:Drivers/STM32F7xx_HAL_Driver/Src/stm32f7xx_hal_tim_ex.c ****   {
 518:Drivers/STM32F7xx_HAL_Driver/Src/stm32f7xx_hal_tim_ex.c ****     return HAL_ERROR;
 519:Drivers/STM32F7xx_HAL_Driver/Src/stm32f7xx_hal_tim_ex.c ****   }
 520:Drivers/STM32F7xx_HAL_Driver/Src/stm32f7xx_hal_tim_ex.c **** 
 521:Drivers/STM32F7xx_HAL_Driver/Src/stm32f7xx_hal_tim_ex.c ****   /* Enable the Input Capture channel 1
 522:Drivers/STM32F7xx_HAL_Driver/Src/stm32f7xx_hal_tim_ex.c ****   (in the Hall Sensor Interface the three possible channels that can be used are TIM_CHANNEL_1,
 523:Drivers/STM32F7xx_HAL_Driver/Src/stm32f7xx_hal_tim_ex.c ****   TIM_CHANNEL_2 and TIM_CHANNEL_3) */
 524:Drivers/STM32F7xx_HAL_Driver/Src/stm32f7xx_hal_tim_ex.c ****   TIM_CCxChannelCmd(htim->Instance, TIM_CHANNEL_1, TIM_CCx_ENABLE);
 525:Drivers/STM32F7xx_HAL_Driver/Src/stm32f7xx_hal_tim_ex.c **** 
 526:Drivers/STM32F7xx_HAL_Driver/Src/stm32f7xx_hal_tim_ex.c ****   /* Set the DMA Input Capture 1 Callbacks */
 527:Drivers/STM32F7xx_HAL_Driver/Src/stm32f7xx_hal_tim_ex.c ****   htim->hdma[TIM_DMA_ID_CC1]->XferCpltCallback = TIM_DMACaptureCplt;
 528:Drivers/STM32F7xx_HAL_Driver/Src/stm32f7xx_hal_tim_ex.c ****   htim->hdma[TIM_DMA_ID_CC1]->XferHalfCpltCallback = TIM_DMACaptureHalfCplt;
 529:Drivers/STM32F7xx_HAL_Driver/Src/stm32f7xx_hal_tim_ex.c ****   /* Set the DMA error callback */
 530:Drivers/STM32F7xx_HAL_Driver/Src/stm32f7xx_hal_tim_ex.c ****   htim->hdma[TIM_DMA_ID_CC1]->XferErrorCallback = TIM_DMAError ;
 531:Drivers/STM32F7xx_HAL_Driver/Src/stm32f7xx_hal_tim_ex.c **** 
 532:Drivers/STM32F7xx_HAL_Driver/Src/stm32f7xx_hal_tim_ex.c ****   /* Enable the DMA stream for Capture 1*/
 533:Drivers/STM32F7xx_HAL_Driver/Src/stm32f7xx_hal_tim_ex.c ****   if (HAL_DMA_Start_IT(htim->hdma[TIM_DMA_ID_CC1], (uint32_t)&htim->Instance->CCR1, (uint32_t)pData
 534:Drivers/STM32F7xx_HAL_Driver/Src/stm32f7xx_hal_tim_ex.c ****   {
 535:Drivers/STM32F7xx_HAL_Driver/Src/stm32f7xx_hal_tim_ex.c ****     /* Return error status */
 536:Drivers/STM32F7xx_HAL_Driver/Src/stm32f7xx_hal_tim_ex.c ****     return HAL_ERROR;
 537:Drivers/STM32F7xx_HAL_Driver/Src/stm32f7xx_hal_tim_ex.c ****   }
 538:Drivers/STM32F7xx_HAL_Driver/Src/stm32f7xx_hal_tim_ex.c ****   /* Enable the capture compare 1 Interrupt */
 539:Drivers/STM32F7xx_HAL_Driver/Src/stm32f7xx_hal_tim_ex.c ****   __HAL_TIM_ENABLE_DMA(htim, TIM_DMA_CC1);
 540:Drivers/STM32F7xx_HAL_Driver/Src/stm32f7xx_hal_tim_ex.c **** 
 541:Drivers/STM32F7xx_HAL_Driver/Src/stm32f7xx_hal_tim_ex.c ****   /* Enable the Peripheral, except in trigger mode where enable is automatically done with trigger 
 542:Drivers/STM32F7xx_HAL_Driver/Src/stm32f7xx_hal_tim_ex.c ****   if (IS_TIM_SLAVE_INSTANCE(htim->Instance))
 543:Drivers/STM32F7xx_HAL_Driver/Src/stm32f7xx_hal_tim_ex.c ****   {
 544:Drivers/STM32F7xx_HAL_Driver/Src/stm32f7xx_hal_tim_ex.c ****     tmpsmcr = htim->Instance->SMCR & TIM_SMCR_SMS;
ARM GAS  /tmp/ccLIbKdJ.s 			page 11


 545:Drivers/STM32F7xx_HAL_Driver/Src/stm32f7xx_hal_tim_ex.c ****     if (!IS_TIM_SLAVEMODE_TRIGGER_ENABLED(tmpsmcr))
 546:Drivers/STM32F7xx_HAL_Driver/Src/stm32f7xx_hal_tim_ex.c ****     {
 547:Drivers/STM32F7xx_HAL_Driver/Src/stm32f7xx_hal_tim_ex.c ****       __HAL_TIM_ENABLE(htim);
 548:Drivers/STM32F7xx_HAL_Driver/Src/stm32f7xx_hal_tim_ex.c ****     }
 549:Drivers/STM32F7xx_HAL_Driver/Src/stm32f7xx_hal_tim_ex.c ****   }
 550:Drivers/STM32F7xx_HAL_Driver/Src/stm32f7xx_hal_tim_ex.c ****   else
 551:Drivers/STM32F7xx_HAL_Driver/Src/stm32f7xx_hal_tim_ex.c ****   {
 552:Drivers/STM32F7xx_HAL_Driver/Src/stm32f7xx_hal_tim_ex.c ****     __HAL_TIM_ENABLE(htim);
 553:Drivers/STM32F7xx_HAL_Driver/Src/stm32f7xx_hal_tim_ex.c ****   }
 554:Drivers/STM32F7xx_HAL_Driver/Src/stm32f7xx_hal_tim_ex.c **** 
 555:Drivers/STM32F7xx_HAL_Driver/Src/stm32f7xx_hal_tim_ex.c ****   /* Return function status */
 556:Drivers/STM32F7xx_HAL_Driver/Src/stm32f7xx_hal_tim_ex.c ****   return HAL_OK;
 557:Drivers/STM32F7xx_HAL_Driver/Src/stm32f7xx_hal_tim_ex.c **** }
 558:Drivers/STM32F7xx_HAL_Driver/Src/stm32f7xx_hal_tim_ex.c **** 
 559:Drivers/STM32F7xx_HAL_Driver/Src/stm32f7xx_hal_tim_ex.c **** /**
 560:Drivers/STM32F7xx_HAL_Driver/Src/stm32f7xx_hal_tim_ex.c ****   * @brief  Stops the TIM Hall Sensor Interface in DMA mode.
 561:Drivers/STM32F7xx_HAL_Driver/Src/stm32f7xx_hal_tim_ex.c ****   * @param  htim TIM Hall Sensor Interface handle
 562:Drivers/STM32F7xx_HAL_Driver/Src/stm32f7xx_hal_tim_ex.c ****   * @retval HAL status
 563:Drivers/STM32F7xx_HAL_Driver/Src/stm32f7xx_hal_tim_ex.c ****   */
 564:Drivers/STM32F7xx_HAL_Driver/Src/stm32f7xx_hal_tim_ex.c **** HAL_StatusTypeDef HAL_TIMEx_HallSensor_Stop_DMA(TIM_HandleTypeDef *htim)
 565:Drivers/STM32F7xx_HAL_Driver/Src/stm32f7xx_hal_tim_ex.c **** {
 566:Drivers/STM32F7xx_HAL_Driver/Src/stm32f7xx_hal_tim_ex.c ****   /* Check the parameters */
 567:Drivers/STM32F7xx_HAL_Driver/Src/stm32f7xx_hal_tim_ex.c ****   assert_param(IS_TIM_HALL_SENSOR_INTERFACE_INSTANCE(htim->Instance));
 568:Drivers/STM32F7xx_HAL_Driver/Src/stm32f7xx_hal_tim_ex.c **** 
 569:Drivers/STM32F7xx_HAL_Driver/Src/stm32f7xx_hal_tim_ex.c ****   /* Disable the Input Capture channel 1
 570:Drivers/STM32F7xx_HAL_Driver/Src/stm32f7xx_hal_tim_ex.c ****   (in the Hall Sensor Interface the three possible channels that can be used are TIM_CHANNEL_1,
 571:Drivers/STM32F7xx_HAL_Driver/Src/stm32f7xx_hal_tim_ex.c ****   TIM_CHANNEL_2 and TIM_CHANNEL_3) */
 572:Drivers/STM32F7xx_HAL_Driver/Src/stm32f7xx_hal_tim_ex.c ****   TIM_CCxChannelCmd(htim->Instance, TIM_CHANNEL_1, TIM_CCx_DISABLE);
 573:Drivers/STM32F7xx_HAL_Driver/Src/stm32f7xx_hal_tim_ex.c **** 
 574:Drivers/STM32F7xx_HAL_Driver/Src/stm32f7xx_hal_tim_ex.c **** 
 575:Drivers/STM32F7xx_HAL_Driver/Src/stm32f7xx_hal_tim_ex.c ****   /* Disable the capture compare Interrupts 1 event */
 576:Drivers/STM32F7xx_HAL_Driver/Src/stm32f7xx_hal_tim_ex.c ****   __HAL_TIM_DISABLE_DMA(htim, TIM_DMA_CC1);
 577:Drivers/STM32F7xx_HAL_Driver/Src/stm32f7xx_hal_tim_ex.c **** 
 578:Drivers/STM32F7xx_HAL_Driver/Src/stm32f7xx_hal_tim_ex.c ****   (void)HAL_DMA_Abort_IT(htim->hdma[TIM_DMA_ID_CC1]);
 579:Drivers/STM32F7xx_HAL_Driver/Src/stm32f7xx_hal_tim_ex.c **** 
 580:Drivers/STM32F7xx_HAL_Driver/Src/stm32f7xx_hal_tim_ex.c ****   /* Disable the Peripheral */
 581:Drivers/STM32F7xx_HAL_Driver/Src/stm32f7xx_hal_tim_ex.c ****   __HAL_TIM_DISABLE(htim);
 582:Drivers/STM32F7xx_HAL_Driver/Src/stm32f7xx_hal_tim_ex.c **** 
 583:Drivers/STM32F7xx_HAL_Driver/Src/stm32f7xx_hal_tim_ex.c ****   /* Set the TIM channel state */
 584:Drivers/STM32F7xx_HAL_Driver/Src/stm32f7xx_hal_tim_ex.c ****   TIM_CHANNEL_STATE_SET(htim, TIM_CHANNEL_1, HAL_TIM_CHANNEL_STATE_READY);
 585:Drivers/STM32F7xx_HAL_Driver/Src/stm32f7xx_hal_tim_ex.c ****   TIM_CHANNEL_N_STATE_SET(htim, TIM_CHANNEL_1, HAL_TIM_CHANNEL_STATE_READY);
 586:Drivers/STM32F7xx_HAL_Driver/Src/stm32f7xx_hal_tim_ex.c **** 
 587:Drivers/STM32F7xx_HAL_Driver/Src/stm32f7xx_hal_tim_ex.c ****   /* Return function status */
 588:Drivers/STM32F7xx_HAL_Driver/Src/stm32f7xx_hal_tim_ex.c ****   return HAL_OK;
 589:Drivers/STM32F7xx_HAL_Driver/Src/stm32f7xx_hal_tim_ex.c **** }
 590:Drivers/STM32F7xx_HAL_Driver/Src/stm32f7xx_hal_tim_ex.c **** 
 591:Drivers/STM32F7xx_HAL_Driver/Src/stm32f7xx_hal_tim_ex.c **** /**
 592:Drivers/STM32F7xx_HAL_Driver/Src/stm32f7xx_hal_tim_ex.c ****   * @}
 593:Drivers/STM32F7xx_HAL_Driver/Src/stm32f7xx_hal_tim_ex.c ****   */
 594:Drivers/STM32F7xx_HAL_Driver/Src/stm32f7xx_hal_tim_ex.c **** 
 595:Drivers/STM32F7xx_HAL_Driver/Src/stm32f7xx_hal_tim_ex.c **** /** @defgroup TIMEx_Exported_Functions_Group2 Extended Timer Complementary Output Compare functions
 596:Drivers/STM32F7xx_HAL_Driver/Src/stm32f7xx_hal_tim_ex.c ****   *  @brief   Timer Complementary Output Compare functions
 597:Drivers/STM32F7xx_HAL_Driver/Src/stm32f7xx_hal_tim_ex.c ****   *
 598:Drivers/STM32F7xx_HAL_Driver/Src/stm32f7xx_hal_tim_ex.c **** @verbatim
 599:Drivers/STM32F7xx_HAL_Driver/Src/stm32f7xx_hal_tim_ex.c ****   ==============================================================================
 600:Drivers/STM32F7xx_HAL_Driver/Src/stm32f7xx_hal_tim_ex.c ****               ##### Timer Complementary Output Compare functions #####
 601:Drivers/STM32F7xx_HAL_Driver/Src/stm32f7xx_hal_tim_ex.c ****   ==============================================================================
ARM GAS  /tmp/ccLIbKdJ.s 			page 12


 602:Drivers/STM32F7xx_HAL_Driver/Src/stm32f7xx_hal_tim_ex.c ****   [..]
 603:Drivers/STM32F7xx_HAL_Driver/Src/stm32f7xx_hal_tim_ex.c ****     This section provides functions allowing to:
 604:Drivers/STM32F7xx_HAL_Driver/Src/stm32f7xx_hal_tim_ex.c ****     (+) Start the Complementary Output Compare/PWM.
 605:Drivers/STM32F7xx_HAL_Driver/Src/stm32f7xx_hal_tim_ex.c ****     (+) Stop the Complementary Output Compare/PWM.
 606:Drivers/STM32F7xx_HAL_Driver/Src/stm32f7xx_hal_tim_ex.c ****     (+) Start the Complementary Output Compare/PWM and enable interrupts.
 607:Drivers/STM32F7xx_HAL_Driver/Src/stm32f7xx_hal_tim_ex.c ****     (+) Stop the Complementary Output Compare/PWM and disable interrupts.
 608:Drivers/STM32F7xx_HAL_Driver/Src/stm32f7xx_hal_tim_ex.c ****     (+) Start the Complementary Output Compare/PWM and enable DMA transfers.
 609:Drivers/STM32F7xx_HAL_Driver/Src/stm32f7xx_hal_tim_ex.c ****     (+) Stop the Complementary Output Compare/PWM and disable DMA transfers.
 610:Drivers/STM32F7xx_HAL_Driver/Src/stm32f7xx_hal_tim_ex.c **** 
 611:Drivers/STM32F7xx_HAL_Driver/Src/stm32f7xx_hal_tim_ex.c **** @endverbatim
 612:Drivers/STM32F7xx_HAL_Driver/Src/stm32f7xx_hal_tim_ex.c ****   * @{
 613:Drivers/STM32F7xx_HAL_Driver/Src/stm32f7xx_hal_tim_ex.c ****   */
 614:Drivers/STM32F7xx_HAL_Driver/Src/stm32f7xx_hal_tim_ex.c **** 
 615:Drivers/STM32F7xx_HAL_Driver/Src/stm32f7xx_hal_tim_ex.c **** /**
 616:Drivers/STM32F7xx_HAL_Driver/Src/stm32f7xx_hal_tim_ex.c ****   * @brief  Starts the TIM Output Compare signal generation on the complementary
 617:Drivers/STM32F7xx_HAL_Driver/Src/stm32f7xx_hal_tim_ex.c ****   *         output.
 618:Drivers/STM32F7xx_HAL_Driver/Src/stm32f7xx_hal_tim_ex.c ****   * @param  htim TIM Output Compare handle
 619:Drivers/STM32F7xx_HAL_Driver/Src/stm32f7xx_hal_tim_ex.c ****   * @param  Channel TIM Channel to be enabled
 620:Drivers/STM32F7xx_HAL_Driver/Src/stm32f7xx_hal_tim_ex.c ****   *          This parameter can be one of the following values:
 621:Drivers/STM32F7xx_HAL_Driver/Src/stm32f7xx_hal_tim_ex.c ****   *            @arg TIM_CHANNEL_1: TIM Channel 1 selected
 622:Drivers/STM32F7xx_HAL_Driver/Src/stm32f7xx_hal_tim_ex.c ****   *            @arg TIM_CHANNEL_2: TIM Channel 2 selected
 623:Drivers/STM32F7xx_HAL_Driver/Src/stm32f7xx_hal_tim_ex.c ****   *            @arg TIM_CHANNEL_3: TIM Channel 3 selected
 624:Drivers/STM32F7xx_HAL_Driver/Src/stm32f7xx_hal_tim_ex.c ****   * @retval HAL status
 625:Drivers/STM32F7xx_HAL_Driver/Src/stm32f7xx_hal_tim_ex.c ****   */
 626:Drivers/STM32F7xx_HAL_Driver/Src/stm32f7xx_hal_tim_ex.c **** HAL_StatusTypeDef HAL_TIMEx_OCN_Start(TIM_HandleTypeDef *htim, uint32_t Channel)
 627:Drivers/STM32F7xx_HAL_Driver/Src/stm32f7xx_hal_tim_ex.c **** {
 628:Drivers/STM32F7xx_HAL_Driver/Src/stm32f7xx_hal_tim_ex.c ****   uint32_t tmpsmcr;
 629:Drivers/STM32F7xx_HAL_Driver/Src/stm32f7xx_hal_tim_ex.c **** 
 630:Drivers/STM32F7xx_HAL_Driver/Src/stm32f7xx_hal_tim_ex.c ****   /* Check the parameters */
 631:Drivers/STM32F7xx_HAL_Driver/Src/stm32f7xx_hal_tim_ex.c ****   assert_param(IS_TIM_CCXN_INSTANCE(htim->Instance, Channel));
 632:Drivers/STM32F7xx_HAL_Driver/Src/stm32f7xx_hal_tim_ex.c **** 
 633:Drivers/STM32F7xx_HAL_Driver/Src/stm32f7xx_hal_tim_ex.c ****   /* Check the TIM complementary channel state */
 634:Drivers/STM32F7xx_HAL_Driver/Src/stm32f7xx_hal_tim_ex.c ****   if (TIM_CHANNEL_N_STATE_GET(htim, Channel) != HAL_TIM_CHANNEL_STATE_READY)
 635:Drivers/STM32F7xx_HAL_Driver/Src/stm32f7xx_hal_tim_ex.c ****   {
 636:Drivers/STM32F7xx_HAL_Driver/Src/stm32f7xx_hal_tim_ex.c ****     return HAL_ERROR;
 637:Drivers/STM32F7xx_HAL_Driver/Src/stm32f7xx_hal_tim_ex.c ****   }
 638:Drivers/STM32F7xx_HAL_Driver/Src/stm32f7xx_hal_tim_ex.c **** 
 639:Drivers/STM32F7xx_HAL_Driver/Src/stm32f7xx_hal_tim_ex.c ****   /* Set the TIM complementary channel state */
 640:Drivers/STM32F7xx_HAL_Driver/Src/stm32f7xx_hal_tim_ex.c ****   TIM_CHANNEL_N_STATE_SET(htim, Channel, HAL_TIM_CHANNEL_STATE_BUSY);
 641:Drivers/STM32F7xx_HAL_Driver/Src/stm32f7xx_hal_tim_ex.c **** 
 642:Drivers/STM32F7xx_HAL_Driver/Src/stm32f7xx_hal_tim_ex.c ****   /* Enable the Capture compare channel N */
 643:Drivers/STM32F7xx_HAL_Driver/Src/stm32f7xx_hal_tim_ex.c ****   TIM_CCxNChannelCmd(htim->Instance, Channel, TIM_CCxN_ENABLE);
 644:Drivers/STM32F7xx_HAL_Driver/Src/stm32f7xx_hal_tim_ex.c **** 
 645:Drivers/STM32F7xx_HAL_Driver/Src/stm32f7xx_hal_tim_ex.c ****   /* Enable the Main Output */
 646:Drivers/STM32F7xx_HAL_Driver/Src/stm32f7xx_hal_tim_ex.c ****   __HAL_TIM_MOE_ENABLE(htim);
 647:Drivers/STM32F7xx_HAL_Driver/Src/stm32f7xx_hal_tim_ex.c **** 
 648:Drivers/STM32F7xx_HAL_Driver/Src/stm32f7xx_hal_tim_ex.c ****   /* Enable the Peripheral, except in trigger mode where enable is automatically done with trigger 
 649:Drivers/STM32F7xx_HAL_Driver/Src/stm32f7xx_hal_tim_ex.c ****   if (IS_TIM_SLAVE_INSTANCE(htim->Instance))
 650:Drivers/STM32F7xx_HAL_Driver/Src/stm32f7xx_hal_tim_ex.c ****   {
 651:Drivers/STM32F7xx_HAL_Driver/Src/stm32f7xx_hal_tim_ex.c ****     tmpsmcr = htim->Instance->SMCR & TIM_SMCR_SMS;
 652:Drivers/STM32F7xx_HAL_Driver/Src/stm32f7xx_hal_tim_ex.c ****     if (!IS_TIM_SLAVEMODE_TRIGGER_ENABLED(tmpsmcr))
 653:Drivers/STM32F7xx_HAL_Driver/Src/stm32f7xx_hal_tim_ex.c ****     {
 654:Drivers/STM32F7xx_HAL_Driver/Src/stm32f7xx_hal_tim_ex.c ****       __HAL_TIM_ENABLE(htim);
 655:Drivers/STM32F7xx_HAL_Driver/Src/stm32f7xx_hal_tim_ex.c ****     }
 656:Drivers/STM32F7xx_HAL_Driver/Src/stm32f7xx_hal_tim_ex.c ****   }
 657:Drivers/STM32F7xx_HAL_Driver/Src/stm32f7xx_hal_tim_ex.c ****   else
 658:Drivers/STM32F7xx_HAL_Driver/Src/stm32f7xx_hal_tim_ex.c ****   {
ARM GAS  /tmp/ccLIbKdJ.s 			page 13


 659:Drivers/STM32F7xx_HAL_Driver/Src/stm32f7xx_hal_tim_ex.c ****     __HAL_TIM_ENABLE(htim);
 660:Drivers/STM32F7xx_HAL_Driver/Src/stm32f7xx_hal_tim_ex.c ****   }
 661:Drivers/STM32F7xx_HAL_Driver/Src/stm32f7xx_hal_tim_ex.c **** 
 662:Drivers/STM32F7xx_HAL_Driver/Src/stm32f7xx_hal_tim_ex.c ****   /* Return function status */
 663:Drivers/STM32F7xx_HAL_Driver/Src/stm32f7xx_hal_tim_ex.c ****   return HAL_OK;
 664:Drivers/STM32F7xx_HAL_Driver/Src/stm32f7xx_hal_tim_ex.c **** }
 665:Drivers/STM32F7xx_HAL_Driver/Src/stm32f7xx_hal_tim_ex.c **** 
 666:Drivers/STM32F7xx_HAL_Driver/Src/stm32f7xx_hal_tim_ex.c **** /**
 667:Drivers/STM32F7xx_HAL_Driver/Src/stm32f7xx_hal_tim_ex.c ****   * @brief  Stops the TIM Output Compare signal generation on the complementary
 668:Drivers/STM32F7xx_HAL_Driver/Src/stm32f7xx_hal_tim_ex.c ****   *         output.
 669:Drivers/STM32F7xx_HAL_Driver/Src/stm32f7xx_hal_tim_ex.c ****   * @param  htim TIM handle
 670:Drivers/STM32F7xx_HAL_Driver/Src/stm32f7xx_hal_tim_ex.c ****   * @param  Channel TIM Channel to be disabled
 671:Drivers/STM32F7xx_HAL_Driver/Src/stm32f7xx_hal_tim_ex.c ****   *          This parameter can be one of the following values:
 672:Drivers/STM32F7xx_HAL_Driver/Src/stm32f7xx_hal_tim_ex.c ****   *            @arg TIM_CHANNEL_1: TIM Channel 1 selected
 673:Drivers/STM32F7xx_HAL_Driver/Src/stm32f7xx_hal_tim_ex.c ****   *            @arg TIM_CHANNEL_2: TIM Channel 2 selected
 674:Drivers/STM32F7xx_HAL_Driver/Src/stm32f7xx_hal_tim_ex.c ****   *            @arg TIM_CHANNEL_3: TIM Channel 3 selected
 675:Drivers/STM32F7xx_HAL_Driver/Src/stm32f7xx_hal_tim_ex.c ****   * @retval HAL status
 676:Drivers/STM32F7xx_HAL_Driver/Src/stm32f7xx_hal_tim_ex.c ****   */
 677:Drivers/STM32F7xx_HAL_Driver/Src/stm32f7xx_hal_tim_ex.c **** HAL_StatusTypeDef HAL_TIMEx_OCN_Stop(TIM_HandleTypeDef *htim, uint32_t Channel)
 678:Drivers/STM32F7xx_HAL_Driver/Src/stm32f7xx_hal_tim_ex.c **** {
 679:Drivers/STM32F7xx_HAL_Driver/Src/stm32f7xx_hal_tim_ex.c ****   /* Check the parameters */
 680:Drivers/STM32F7xx_HAL_Driver/Src/stm32f7xx_hal_tim_ex.c ****   assert_param(IS_TIM_CCXN_INSTANCE(htim->Instance, Channel));
 681:Drivers/STM32F7xx_HAL_Driver/Src/stm32f7xx_hal_tim_ex.c **** 
 682:Drivers/STM32F7xx_HAL_Driver/Src/stm32f7xx_hal_tim_ex.c ****   /* Disable the Capture compare channel N */
 683:Drivers/STM32F7xx_HAL_Driver/Src/stm32f7xx_hal_tim_ex.c ****   TIM_CCxNChannelCmd(htim->Instance, Channel, TIM_CCxN_DISABLE);
 684:Drivers/STM32F7xx_HAL_Driver/Src/stm32f7xx_hal_tim_ex.c **** 
 685:Drivers/STM32F7xx_HAL_Driver/Src/stm32f7xx_hal_tim_ex.c ****   /* Disable the Main Output */
 686:Drivers/STM32F7xx_HAL_Driver/Src/stm32f7xx_hal_tim_ex.c ****   __HAL_TIM_MOE_DISABLE(htim);
 687:Drivers/STM32F7xx_HAL_Driver/Src/stm32f7xx_hal_tim_ex.c **** 
 688:Drivers/STM32F7xx_HAL_Driver/Src/stm32f7xx_hal_tim_ex.c ****   /* Disable the Peripheral */
 689:Drivers/STM32F7xx_HAL_Driver/Src/stm32f7xx_hal_tim_ex.c ****   __HAL_TIM_DISABLE(htim);
 690:Drivers/STM32F7xx_HAL_Driver/Src/stm32f7xx_hal_tim_ex.c **** 
 691:Drivers/STM32F7xx_HAL_Driver/Src/stm32f7xx_hal_tim_ex.c ****   /* Set the TIM complementary channel state */
 692:Drivers/STM32F7xx_HAL_Driver/Src/stm32f7xx_hal_tim_ex.c ****   TIM_CHANNEL_N_STATE_SET(htim, Channel, HAL_TIM_CHANNEL_STATE_READY);
 693:Drivers/STM32F7xx_HAL_Driver/Src/stm32f7xx_hal_tim_ex.c **** 
 694:Drivers/STM32F7xx_HAL_Driver/Src/stm32f7xx_hal_tim_ex.c ****   /* Return function status */
 695:Drivers/STM32F7xx_HAL_Driver/Src/stm32f7xx_hal_tim_ex.c ****   return HAL_OK;
 696:Drivers/STM32F7xx_HAL_Driver/Src/stm32f7xx_hal_tim_ex.c **** }
 697:Drivers/STM32F7xx_HAL_Driver/Src/stm32f7xx_hal_tim_ex.c **** 
 698:Drivers/STM32F7xx_HAL_Driver/Src/stm32f7xx_hal_tim_ex.c **** /**
 699:Drivers/STM32F7xx_HAL_Driver/Src/stm32f7xx_hal_tim_ex.c ****   * @brief  Starts the TIM Output Compare signal generation in interrupt mode
 700:Drivers/STM32F7xx_HAL_Driver/Src/stm32f7xx_hal_tim_ex.c ****   *         on the complementary output.
 701:Drivers/STM32F7xx_HAL_Driver/Src/stm32f7xx_hal_tim_ex.c ****   * @param  htim TIM OC handle
 702:Drivers/STM32F7xx_HAL_Driver/Src/stm32f7xx_hal_tim_ex.c ****   * @param  Channel TIM Channel to be enabled
 703:Drivers/STM32F7xx_HAL_Driver/Src/stm32f7xx_hal_tim_ex.c ****   *          This parameter can be one of the following values:
 704:Drivers/STM32F7xx_HAL_Driver/Src/stm32f7xx_hal_tim_ex.c ****   *            @arg TIM_CHANNEL_1: TIM Channel 1 selected
 705:Drivers/STM32F7xx_HAL_Driver/Src/stm32f7xx_hal_tim_ex.c ****   *            @arg TIM_CHANNEL_2: TIM Channel 2 selected
 706:Drivers/STM32F7xx_HAL_Driver/Src/stm32f7xx_hal_tim_ex.c ****   *            @arg TIM_CHANNEL_3: TIM Channel 3 selected
 707:Drivers/STM32F7xx_HAL_Driver/Src/stm32f7xx_hal_tim_ex.c ****   * @retval HAL status
 708:Drivers/STM32F7xx_HAL_Driver/Src/stm32f7xx_hal_tim_ex.c ****   */
 709:Drivers/STM32F7xx_HAL_Driver/Src/stm32f7xx_hal_tim_ex.c **** HAL_StatusTypeDef HAL_TIMEx_OCN_Start_IT(TIM_HandleTypeDef *htim, uint32_t Channel)
 710:Drivers/STM32F7xx_HAL_Driver/Src/stm32f7xx_hal_tim_ex.c **** {
 711:Drivers/STM32F7xx_HAL_Driver/Src/stm32f7xx_hal_tim_ex.c ****   HAL_StatusTypeDef status = HAL_OK;
 712:Drivers/STM32F7xx_HAL_Driver/Src/stm32f7xx_hal_tim_ex.c ****   uint32_t tmpsmcr;
 713:Drivers/STM32F7xx_HAL_Driver/Src/stm32f7xx_hal_tim_ex.c **** 
 714:Drivers/STM32F7xx_HAL_Driver/Src/stm32f7xx_hal_tim_ex.c ****   /* Check the parameters */
 715:Drivers/STM32F7xx_HAL_Driver/Src/stm32f7xx_hal_tim_ex.c ****   assert_param(IS_TIM_CCXN_INSTANCE(htim->Instance, Channel));
ARM GAS  /tmp/ccLIbKdJ.s 			page 14


 716:Drivers/STM32F7xx_HAL_Driver/Src/stm32f7xx_hal_tim_ex.c **** 
 717:Drivers/STM32F7xx_HAL_Driver/Src/stm32f7xx_hal_tim_ex.c ****   /* Check the TIM complementary channel state */
 718:Drivers/STM32F7xx_HAL_Driver/Src/stm32f7xx_hal_tim_ex.c ****   if (TIM_CHANNEL_N_STATE_GET(htim, Channel) != HAL_TIM_CHANNEL_STATE_READY)
 719:Drivers/STM32F7xx_HAL_Driver/Src/stm32f7xx_hal_tim_ex.c ****   {
 720:Drivers/STM32F7xx_HAL_Driver/Src/stm32f7xx_hal_tim_ex.c ****     return HAL_ERROR;
 721:Drivers/STM32F7xx_HAL_Driver/Src/stm32f7xx_hal_tim_ex.c ****   }
 722:Drivers/STM32F7xx_HAL_Driver/Src/stm32f7xx_hal_tim_ex.c **** 
 723:Drivers/STM32F7xx_HAL_Driver/Src/stm32f7xx_hal_tim_ex.c ****   /* Set the TIM complementary channel state */
 724:Drivers/STM32F7xx_HAL_Driver/Src/stm32f7xx_hal_tim_ex.c ****   TIM_CHANNEL_N_STATE_SET(htim, Channel, HAL_TIM_CHANNEL_STATE_BUSY);
 725:Drivers/STM32F7xx_HAL_Driver/Src/stm32f7xx_hal_tim_ex.c **** 
 726:Drivers/STM32F7xx_HAL_Driver/Src/stm32f7xx_hal_tim_ex.c ****   switch (Channel)
 727:Drivers/STM32F7xx_HAL_Driver/Src/stm32f7xx_hal_tim_ex.c ****   {
 728:Drivers/STM32F7xx_HAL_Driver/Src/stm32f7xx_hal_tim_ex.c ****     case TIM_CHANNEL_1:
 729:Drivers/STM32F7xx_HAL_Driver/Src/stm32f7xx_hal_tim_ex.c ****     {
 730:Drivers/STM32F7xx_HAL_Driver/Src/stm32f7xx_hal_tim_ex.c ****       /* Enable the TIM Output Compare interrupt */
 731:Drivers/STM32F7xx_HAL_Driver/Src/stm32f7xx_hal_tim_ex.c ****       __HAL_TIM_ENABLE_IT(htim, TIM_IT_CC1);
 732:Drivers/STM32F7xx_HAL_Driver/Src/stm32f7xx_hal_tim_ex.c ****       break;
 733:Drivers/STM32F7xx_HAL_Driver/Src/stm32f7xx_hal_tim_ex.c ****     }
 734:Drivers/STM32F7xx_HAL_Driver/Src/stm32f7xx_hal_tim_ex.c **** 
 735:Drivers/STM32F7xx_HAL_Driver/Src/stm32f7xx_hal_tim_ex.c ****     case TIM_CHANNEL_2:
 736:Drivers/STM32F7xx_HAL_Driver/Src/stm32f7xx_hal_tim_ex.c ****     {
 737:Drivers/STM32F7xx_HAL_Driver/Src/stm32f7xx_hal_tim_ex.c ****       /* Enable the TIM Output Compare interrupt */
 738:Drivers/STM32F7xx_HAL_Driver/Src/stm32f7xx_hal_tim_ex.c ****       __HAL_TIM_ENABLE_IT(htim, TIM_IT_CC2);
 739:Drivers/STM32F7xx_HAL_Driver/Src/stm32f7xx_hal_tim_ex.c ****       break;
 740:Drivers/STM32F7xx_HAL_Driver/Src/stm32f7xx_hal_tim_ex.c ****     }
 741:Drivers/STM32F7xx_HAL_Driver/Src/stm32f7xx_hal_tim_ex.c **** 
 742:Drivers/STM32F7xx_HAL_Driver/Src/stm32f7xx_hal_tim_ex.c ****     case TIM_CHANNEL_3:
 743:Drivers/STM32F7xx_HAL_Driver/Src/stm32f7xx_hal_tim_ex.c ****     {
 744:Drivers/STM32F7xx_HAL_Driver/Src/stm32f7xx_hal_tim_ex.c ****       /* Enable the TIM Output Compare interrupt */
 745:Drivers/STM32F7xx_HAL_Driver/Src/stm32f7xx_hal_tim_ex.c ****       __HAL_TIM_ENABLE_IT(htim, TIM_IT_CC3);
 746:Drivers/STM32F7xx_HAL_Driver/Src/stm32f7xx_hal_tim_ex.c ****       break;
 747:Drivers/STM32F7xx_HAL_Driver/Src/stm32f7xx_hal_tim_ex.c ****     }
 748:Drivers/STM32F7xx_HAL_Driver/Src/stm32f7xx_hal_tim_ex.c **** 
 749:Drivers/STM32F7xx_HAL_Driver/Src/stm32f7xx_hal_tim_ex.c **** 
 750:Drivers/STM32F7xx_HAL_Driver/Src/stm32f7xx_hal_tim_ex.c ****     default:
 751:Drivers/STM32F7xx_HAL_Driver/Src/stm32f7xx_hal_tim_ex.c ****       status = HAL_ERROR;
 752:Drivers/STM32F7xx_HAL_Driver/Src/stm32f7xx_hal_tim_ex.c ****       break;
 753:Drivers/STM32F7xx_HAL_Driver/Src/stm32f7xx_hal_tim_ex.c ****   }
 754:Drivers/STM32F7xx_HAL_Driver/Src/stm32f7xx_hal_tim_ex.c **** 
 755:Drivers/STM32F7xx_HAL_Driver/Src/stm32f7xx_hal_tim_ex.c ****   if (status == HAL_OK)
 756:Drivers/STM32F7xx_HAL_Driver/Src/stm32f7xx_hal_tim_ex.c ****   {
 757:Drivers/STM32F7xx_HAL_Driver/Src/stm32f7xx_hal_tim_ex.c ****     /* Enable the TIM Break interrupt */
 758:Drivers/STM32F7xx_HAL_Driver/Src/stm32f7xx_hal_tim_ex.c ****     __HAL_TIM_ENABLE_IT(htim, TIM_IT_BREAK);
 759:Drivers/STM32F7xx_HAL_Driver/Src/stm32f7xx_hal_tim_ex.c **** 
 760:Drivers/STM32F7xx_HAL_Driver/Src/stm32f7xx_hal_tim_ex.c ****     /* Enable the Capture compare channel N */
 761:Drivers/STM32F7xx_HAL_Driver/Src/stm32f7xx_hal_tim_ex.c ****     TIM_CCxNChannelCmd(htim->Instance, Channel, TIM_CCxN_ENABLE);
 762:Drivers/STM32F7xx_HAL_Driver/Src/stm32f7xx_hal_tim_ex.c **** 
 763:Drivers/STM32F7xx_HAL_Driver/Src/stm32f7xx_hal_tim_ex.c ****     /* Enable the Main Output */
 764:Drivers/STM32F7xx_HAL_Driver/Src/stm32f7xx_hal_tim_ex.c ****     __HAL_TIM_MOE_ENABLE(htim);
 765:Drivers/STM32F7xx_HAL_Driver/Src/stm32f7xx_hal_tim_ex.c **** 
 766:Drivers/STM32F7xx_HAL_Driver/Src/stm32f7xx_hal_tim_ex.c ****     /* Enable the Peripheral, except in trigger mode where enable is automatically done with trigge
 767:Drivers/STM32F7xx_HAL_Driver/Src/stm32f7xx_hal_tim_ex.c ****     if (IS_TIM_SLAVE_INSTANCE(htim->Instance))
 768:Drivers/STM32F7xx_HAL_Driver/Src/stm32f7xx_hal_tim_ex.c ****     {
 769:Drivers/STM32F7xx_HAL_Driver/Src/stm32f7xx_hal_tim_ex.c ****       tmpsmcr = htim->Instance->SMCR & TIM_SMCR_SMS;
 770:Drivers/STM32F7xx_HAL_Driver/Src/stm32f7xx_hal_tim_ex.c ****       if (!IS_TIM_SLAVEMODE_TRIGGER_ENABLED(tmpsmcr))
 771:Drivers/STM32F7xx_HAL_Driver/Src/stm32f7xx_hal_tim_ex.c ****       {
 772:Drivers/STM32F7xx_HAL_Driver/Src/stm32f7xx_hal_tim_ex.c ****         __HAL_TIM_ENABLE(htim);
ARM GAS  /tmp/ccLIbKdJ.s 			page 15


 773:Drivers/STM32F7xx_HAL_Driver/Src/stm32f7xx_hal_tim_ex.c ****       }
 774:Drivers/STM32F7xx_HAL_Driver/Src/stm32f7xx_hal_tim_ex.c ****     }
 775:Drivers/STM32F7xx_HAL_Driver/Src/stm32f7xx_hal_tim_ex.c ****     else
 776:Drivers/STM32F7xx_HAL_Driver/Src/stm32f7xx_hal_tim_ex.c ****     {
 777:Drivers/STM32F7xx_HAL_Driver/Src/stm32f7xx_hal_tim_ex.c ****       __HAL_TIM_ENABLE(htim);
 778:Drivers/STM32F7xx_HAL_Driver/Src/stm32f7xx_hal_tim_ex.c ****     }
 779:Drivers/STM32F7xx_HAL_Driver/Src/stm32f7xx_hal_tim_ex.c ****   }
 780:Drivers/STM32F7xx_HAL_Driver/Src/stm32f7xx_hal_tim_ex.c **** 
 781:Drivers/STM32F7xx_HAL_Driver/Src/stm32f7xx_hal_tim_ex.c ****   /* Return function status */
 782:Drivers/STM32F7xx_HAL_Driver/Src/stm32f7xx_hal_tim_ex.c ****   return status;
 783:Drivers/STM32F7xx_HAL_Driver/Src/stm32f7xx_hal_tim_ex.c **** }
 784:Drivers/STM32F7xx_HAL_Driver/Src/stm32f7xx_hal_tim_ex.c **** 
 785:Drivers/STM32F7xx_HAL_Driver/Src/stm32f7xx_hal_tim_ex.c **** /**
 786:Drivers/STM32F7xx_HAL_Driver/Src/stm32f7xx_hal_tim_ex.c ****   * @brief  Stops the TIM Output Compare signal generation in interrupt mode
 787:Drivers/STM32F7xx_HAL_Driver/Src/stm32f7xx_hal_tim_ex.c ****   *         on the complementary output.
 788:Drivers/STM32F7xx_HAL_Driver/Src/stm32f7xx_hal_tim_ex.c ****   * @param  htim TIM Output Compare handle
 789:Drivers/STM32F7xx_HAL_Driver/Src/stm32f7xx_hal_tim_ex.c ****   * @param  Channel TIM Channel to be disabled
 790:Drivers/STM32F7xx_HAL_Driver/Src/stm32f7xx_hal_tim_ex.c ****   *          This parameter can be one of the following values:
 791:Drivers/STM32F7xx_HAL_Driver/Src/stm32f7xx_hal_tim_ex.c ****   *            @arg TIM_CHANNEL_1: TIM Channel 1 selected
 792:Drivers/STM32F7xx_HAL_Driver/Src/stm32f7xx_hal_tim_ex.c ****   *            @arg TIM_CHANNEL_2: TIM Channel 2 selected
 793:Drivers/STM32F7xx_HAL_Driver/Src/stm32f7xx_hal_tim_ex.c ****   *            @arg TIM_CHANNEL_3: TIM Channel 3 selected
 794:Drivers/STM32F7xx_HAL_Driver/Src/stm32f7xx_hal_tim_ex.c ****   * @retval HAL status
 795:Drivers/STM32F7xx_HAL_Driver/Src/stm32f7xx_hal_tim_ex.c ****   */
 796:Drivers/STM32F7xx_HAL_Driver/Src/stm32f7xx_hal_tim_ex.c **** HAL_StatusTypeDef HAL_TIMEx_OCN_Stop_IT(TIM_HandleTypeDef *htim, uint32_t Channel)
 797:Drivers/STM32F7xx_HAL_Driver/Src/stm32f7xx_hal_tim_ex.c **** {
 798:Drivers/STM32F7xx_HAL_Driver/Src/stm32f7xx_hal_tim_ex.c ****   HAL_StatusTypeDef status = HAL_OK;
 799:Drivers/STM32F7xx_HAL_Driver/Src/stm32f7xx_hal_tim_ex.c ****   uint32_t tmpccer;
 800:Drivers/STM32F7xx_HAL_Driver/Src/stm32f7xx_hal_tim_ex.c **** 
 801:Drivers/STM32F7xx_HAL_Driver/Src/stm32f7xx_hal_tim_ex.c ****   /* Check the parameters */
 802:Drivers/STM32F7xx_HAL_Driver/Src/stm32f7xx_hal_tim_ex.c ****   assert_param(IS_TIM_CCXN_INSTANCE(htim->Instance, Channel));
 803:Drivers/STM32F7xx_HAL_Driver/Src/stm32f7xx_hal_tim_ex.c **** 
 804:Drivers/STM32F7xx_HAL_Driver/Src/stm32f7xx_hal_tim_ex.c ****   switch (Channel)
 805:Drivers/STM32F7xx_HAL_Driver/Src/stm32f7xx_hal_tim_ex.c ****   {
 806:Drivers/STM32F7xx_HAL_Driver/Src/stm32f7xx_hal_tim_ex.c ****     case TIM_CHANNEL_1:
 807:Drivers/STM32F7xx_HAL_Driver/Src/stm32f7xx_hal_tim_ex.c ****     {
 808:Drivers/STM32F7xx_HAL_Driver/Src/stm32f7xx_hal_tim_ex.c ****       /* Disable the TIM Output Compare interrupt */
 809:Drivers/STM32F7xx_HAL_Driver/Src/stm32f7xx_hal_tim_ex.c ****       __HAL_TIM_DISABLE_IT(htim, TIM_IT_CC1);
 810:Drivers/STM32F7xx_HAL_Driver/Src/stm32f7xx_hal_tim_ex.c ****       break;
 811:Drivers/STM32F7xx_HAL_Driver/Src/stm32f7xx_hal_tim_ex.c ****     }
 812:Drivers/STM32F7xx_HAL_Driver/Src/stm32f7xx_hal_tim_ex.c **** 
 813:Drivers/STM32F7xx_HAL_Driver/Src/stm32f7xx_hal_tim_ex.c ****     case TIM_CHANNEL_2:
 814:Drivers/STM32F7xx_HAL_Driver/Src/stm32f7xx_hal_tim_ex.c ****     {
 815:Drivers/STM32F7xx_HAL_Driver/Src/stm32f7xx_hal_tim_ex.c ****       /* Disable the TIM Output Compare interrupt */
 816:Drivers/STM32F7xx_HAL_Driver/Src/stm32f7xx_hal_tim_ex.c ****       __HAL_TIM_DISABLE_IT(htim, TIM_IT_CC2);
 817:Drivers/STM32F7xx_HAL_Driver/Src/stm32f7xx_hal_tim_ex.c ****       break;
 818:Drivers/STM32F7xx_HAL_Driver/Src/stm32f7xx_hal_tim_ex.c ****     }
 819:Drivers/STM32F7xx_HAL_Driver/Src/stm32f7xx_hal_tim_ex.c **** 
 820:Drivers/STM32F7xx_HAL_Driver/Src/stm32f7xx_hal_tim_ex.c ****     case TIM_CHANNEL_3:
 821:Drivers/STM32F7xx_HAL_Driver/Src/stm32f7xx_hal_tim_ex.c ****     {
 822:Drivers/STM32F7xx_HAL_Driver/Src/stm32f7xx_hal_tim_ex.c ****       /* Disable the TIM Output Compare interrupt */
 823:Drivers/STM32F7xx_HAL_Driver/Src/stm32f7xx_hal_tim_ex.c ****       __HAL_TIM_DISABLE_IT(htim, TIM_IT_CC3);
 824:Drivers/STM32F7xx_HAL_Driver/Src/stm32f7xx_hal_tim_ex.c ****       break;
 825:Drivers/STM32F7xx_HAL_Driver/Src/stm32f7xx_hal_tim_ex.c ****     }
 826:Drivers/STM32F7xx_HAL_Driver/Src/stm32f7xx_hal_tim_ex.c **** 
 827:Drivers/STM32F7xx_HAL_Driver/Src/stm32f7xx_hal_tim_ex.c ****     default:
 828:Drivers/STM32F7xx_HAL_Driver/Src/stm32f7xx_hal_tim_ex.c ****       status = HAL_ERROR;
 829:Drivers/STM32F7xx_HAL_Driver/Src/stm32f7xx_hal_tim_ex.c ****       break;
ARM GAS  /tmp/ccLIbKdJ.s 			page 16


 830:Drivers/STM32F7xx_HAL_Driver/Src/stm32f7xx_hal_tim_ex.c ****   }
 831:Drivers/STM32F7xx_HAL_Driver/Src/stm32f7xx_hal_tim_ex.c **** 
 832:Drivers/STM32F7xx_HAL_Driver/Src/stm32f7xx_hal_tim_ex.c ****   if (status == HAL_OK)
 833:Drivers/STM32F7xx_HAL_Driver/Src/stm32f7xx_hal_tim_ex.c ****   {
 834:Drivers/STM32F7xx_HAL_Driver/Src/stm32f7xx_hal_tim_ex.c ****     /* Disable the Capture compare channel N */
 835:Drivers/STM32F7xx_HAL_Driver/Src/stm32f7xx_hal_tim_ex.c ****     TIM_CCxNChannelCmd(htim->Instance, Channel, TIM_CCxN_DISABLE);
 836:Drivers/STM32F7xx_HAL_Driver/Src/stm32f7xx_hal_tim_ex.c **** 
 837:Drivers/STM32F7xx_HAL_Driver/Src/stm32f7xx_hal_tim_ex.c ****     /* Disable the TIM Break interrupt (only if no more channel is active) */
 838:Drivers/STM32F7xx_HAL_Driver/Src/stm32f7xx_hal_tim_ex.c ****     tmpccer = htim->Instance->CCER;
 839:Drivers/STM32F7xx_HAL_Driver/Src/stm32f7xx_hal_tim_ex.c ****     if ((tmpccer & TIM_CCER_CCxNE_MASK) == (uint32_t)RESET)
 840:Drivers/STM32F7xx_HAL_Driver/Src/stm32f7xx_hal_tim_ex.c ****     {
 841:Drivers/STM32F7xx_HAL_Driver/Src/stm32f7xx_hal_tim_ex.c ****       __HAL_TIM_DISABLE_IT(htim, TIM_IT_BREAK);
 842:Drivers/STM32F7xx_HAL_Driver/Src/stm32f7xx_hal_tim_ex.c ****     }
 843:Drivers/STM32F7xx_HAL_Driver/Src/stm32f7xx_hal_tim_ex.c **** 
 844:Drivers/STM32F7xx_HAL_Driver/Src/stm32f7xx_hal_tim_ex.c ****     /* Disable the Main Output */
 845:Drivers/STM32F7xx_HAL_Driver/Src/stm32f7xx_hal_tim_ex.c ****     __HAL_TIM_MOE_DISABLE(htim);
 846:Drivers/STM32F7xx_HAL_Driver/Src/stm32f7xx_hal_tim_ex.c **** 
 847:Drivers/STM32F7xx_HAL_Driver/Src/stm32f7xx_hal_tim_ex.c ****     /* Disable the Peripheral */
 848:Drivers/STM32F7xx_HAL_Driver/Src/stm32f7xx_hal_tim_ex.c ****     __HAL_TIM_DISABLE(htim);
 849:Drivers/STM32F7xx_HAL_Driver/Src/stm32f7xx_hal_tim_ex.c **** 
 850:Drivers/STM32F7xx_HAL_Driver/Src/stm32f7xx_hal_tim_ex.c ****     /* Set the TIM complementary channel state */
 851:Drivers/STM32F7xx_HAL_Driver/Src/stm32f7xx_hal_tim_ex.c ****     TIM_CHANNEL_N_STATE_SET(htim, Channel, HAL_TIM_CHANNEL_STATE_READY);
 852:Drivers/STM32F7xx_HAL_Driver/Src/stm32f7xx_hal_tim_ex.c ****   }
 853:Drivers/STM32F7xx_HAL_Driver/Src/stm32f7xx_hal_tim_ex.c **** 
 854:Drivers/STM32F7xx_HAL_Driver/Src/stm32f7xx_hal_tim_ex.c ****   /* Return function status */
 855:Drivers/STM32F7xx_HAL_Driver/Src/stm32f7xx_hal_tim_ex.c ****   return status;
 856:Drivers/STM32F7xx_HAL_Driver/Src/stm32f7xx_hal_tim_ex.c **** }
 857:Drivers/STM32F7xx_HAL_Driver/Src/stm32f7xx_hal_tim_ex.c **** 
 858:Drivers/STM32F7xx_HAL_Driver/Src/stm32f7xx_hal_tim_ex.c **** /**
 859:Drivers/STM32F7xx_HAL_Driver/Src/stm32f7xx_hal_tim_ex.c ****   * @brief  Starts the TIM Output Compare signal generation in DMA mode
 860:Drivers/STM32F7xx_HAL_Driver/Src/stm32f7xx_hal_tim_ex.c ****   *         on the complementary output.
 861:Drivers/STM32F7xx_HAL_Driver/Src/stm32f7xx_hal_tim_ex.c ****   * @param  htim TIM Output Compare handle
 862:Drivers/STM32F7xx_HAL_Driver/Src/stm32f7xx_hal_tim_ex.c ****   * @param  Channel TIM Channel to be enabled
 863:Drivers/STM32F7xx_HAL_Driver/Src/stm32f7xx_hal_tim_ex.c ****   *          This parameter can be one of the following values:
 864:Drivers/STM32F7xx_HAL_Driver/Src/stm32f7xx_hal_tim_ex.c ****   *            @arg TIM_CHANNEL_1: TIM Channel 1 selected
 865:Drivers/STM32F7xx_HAL_Driver/Src/stm32f7xx_hal_tim_ex.c ****   *            @arg TIM_CHANNEL_2: TIM Channel 2 selected
 866:Drivers/STM32F7xx_HAL_Driver/Src/stm32f7xx_hal_tim_ex.c ****   *            @arg TIM_CHANNEL_3: TIM Channel 3 selected
 867:Drivers/STM32F7xx_HAL_Driver/Src/stm32f7xx_hal_tim_ex.c ****   * @param  pData The source Buffer address.
 868:Drivers/STM32F7xx_HAL_Driver/Src/stm32f7xx_hal_tim_ex.c ****   * @param  Length The length of data to be transferred from memory to TIM peripheral
 869:Drivers/STM32F7xx_HAL_Driver/Src/stm32f7xx_hal_tim_ex.c ****   * @retval HAL status
 870:Drivers/STM32F7xx_HAL_Driver/Src/stm32f7xx_hal_tim_ex.c ****   */
 871:Drivers/STM32F7xx_HAL_Driver/Src/stm32f7xx_hal_tim_ex.c **** HAL_StatusTypeDef HAL_TIMEx_OCN_Start_DMA(TIM_HandleTypeDef *htim, uint32_t Channel, const uint32_t
 872:Drivers/STM32F7xx_HAL_Driver/Src/stm32f7xx_hal_tim_ex.c ****                                           uint16_t Length)
 873:Drivers/STM32F7xx_HAL_Driver/Src/stm32f7xx_hal_tim_ex.c **** {
 874:Drivers/STM32F7xx_HAL_Driver/Src/stm32f7xx_hal_tim_ex.c ****   HAL_StatusTypeDef status = HAL_OK;
 875:Drivers/STM32F7xx_HAL_Driver/Src/stm32f7xx_hal_tim_ex.c ****   uint32_t tmpsmcr;
 876:Drivers/STM32F7xx_HAL_Driver/Src/stm32f7xx_hal_tim_ex.c **** 
 877:Drivers/STM32F7xx_HAL_Driver/Src/stm32f7xx_hal_tim_ex.c ****   /* Check the parameters */
 878:Drivers/STM32F7xx_HAL_Driver/Src/stm32f7xx_hal_tim_ex.c ****   assert_param(IS_TIM_CCXN_INSTANCE(htim->Instance, Channel));
 879:Drivers/STM32F7xx_HAL_Driver/Src/stm32f7xx_hal_tim_ex.c **** 
 880:Drivers/STM32F7xx_HAL_Driver/Src/stm32f7xx_hal_tim_ex.c ****   /* Set the TIM complementary channel state */
 881:Drivers/STM32F7xx_HAL_Driver/Src/stm32f7xx_hal_tim_ex.c ****   if (TIM_CHANNEL_N_STATE_GET(htim, Channel) == HAL_TIM_CHANNEL_STATE_BUSY)
 882:Drivers/STM32F7xx_HAL_Driver/Src/stm32f7xx_hal_tim_ex.c ****   {
 883:Drivers/STM32F7xx_HAL_Driver/Src/stm32f7xx_hal_tim_ex.c ****     return HAL_BUSY;
 884:Drivers/STM32F7xx_HAL_Driver/Src/stm32f7xx_hal_tim_ex.c ****   }
 885:Drivers/STM32F7xx_HAL_Driver/Src/stm32f7xx_hal_tim_ex.c ****   else if (TIM_CHANNEL_N_STATE_GET(htim, Channel) == HAL_TIM_CHANNEL_STATE_READY)
 886:Drivers/STM32F7xx_HAL_Driver/Src/stm32f7xx_hal_tim_ex.c ****   {
ARM GAS  /tmp/ccLIbKdJ.s 			page 17


 887:Drivers/STM32F7xx_HAL_Driver/Src/stm32f7xx_hal_tim_ex.c ****     if ((pData == NULL) || (Length == 0U))
 888:Drivers/STM32F7xx_HAL_Driver/Src/stm32f7xx_hal_tim_ex.c ****     {
 889:Drivers/STM32F7xx_HAL_Driver/Src/stm32f7xx_hal_tim_ex.c ****       return HAL_ERROR;
 890:Drivers/STM32F7xx_HAL_Driver/Src/stm32f7xx_hal_tim_ex.c ****     }
 891:Drivers/STM32F7xx_HAL_Driver/Src/stm32f7xx_hal_tim_ex.c ****     else
 892:Drivers/STM32F7xx_HAL_Driver/Src/stm32f7xx_hal_tim_ex.c ****     {
 893:Drivers/STM32F7xx_HAL_Driver/Src/stm32f7xx_hal_tim_ex.c ****       TIM_CHANNEL_N_STATE_SET(htim, Channel, HAL_TIM_CHANNEL_STATE_BUSY);
 894:Drivers/STM32F7xx_HAL_Driver/Src/stm32f7xx_hal_tim_ex.c ****     }
 895:Drivers/STM32F7xx_HAL_Driver/Src/stm32f7xx_hal_tim_ex.c ****   }
 896:Drivers/STM32F7xx_HAL_Driver/Src/stm32f7xx_hal_tim_ex.c ****   else
 897:Drivers/STM32F7xx_HAL_Driver/Src/stm32f7xx_hal_tim_ex.c ****   {
 898:Drivers/STM32F7xx_HAL_Driver/Src/stm32f7xx_hal_tim_ex.c ****     return HAL_ERROR;
 899:Drivers/STM32F7xx_HAL_Driver/Src/stm32f7xx_hal_tim_ex.c ****   }
 900:Drivers/STM32F7xx_HAL_Driver/Src/stm32f7xx_hal_tim_ex.c **** 
 901:Drivers/STM32F7xx_HAL_Driver/Src/stm32f7xx_hal_tim_ex.c ****   switch (Channel)
 902:Drivers/STM32F7xx_HAL_Driver/Src/stm32f7xx_hal_tim_ex.c ****   {
 903:Drivers/STM32F7xx_HAL_Driver/Src/stm32f7xx_hal_tim_ex.c ****     case TIM_CHANNEL_1:
 904:Drivers/STM32F7xx_HAL_Driver/Src/stm32f7xx_hal_tim_ex.c ****     {
 905:Drivers/STM32F7xx_HAL_Driver/Src/stm32f7xx_hal_tim_ex.c ****       /* Set the DMA compare callbacks */
 906:Drivers/STM32F7xx_HAL_Driver/Src/stm32f7xx_hal_tim_ex.c ****       htim->hdma[TIM_DMA_ID_CC1]->XferCpltCallback = TIM_DMADelayPulseNCplt;
 907:Drivers/STM32F7xx_HAL_Driver/Src/stm32f7xx_hal_tim_ex.c ****       htim->hdma[TIM_DMA_ID_CC1]->XferHalfCpltCallback = TIM_DMADelayPulseHalfCplt;
 908:Drivers/STM32F7xx_HAL_Driver/Src/stm32f7xx_hal_tim_ex.c **** 
 909:Drivers/STM32F7xx_HAL_Driver/Src/stm32f7xx_hal_tim_ex.c ****       /* Set the DMA error callback */
 910:Drivers/STM32F7xx_HAL_Driver/Src/stm32f7xx_hal_tim_ex.c ****       htim->hdma[TIM_DMA_ID_CC1]->XferErrorCallback = TIM_DMAErrorCCxN ;
 911:Drivers/STM32F7xx_HAL_Driver/Src/stm32f7xx_hal_tim_ex.c **** 
 912:Drivers/STM32F7xx_HAL_Driver/Src/stm32f7xx_hal_tim_ex.c ****       /* Enable the DMA stream */
 913:Drivers/STM32F7xx_HAL_Driver/Src/stm32f7xx_hal_tim_ex.c ****       if (HAL_DMA_Start_IT(htim->hdma[TIM_DMA_ID_CC1], (uint32_t)pData, (uint32_t)&htim->Instance->
 914:Drivers/STM32F7xx_HAL_Driver/Src/stm32f7xx_hal_tim_ex.c ****                            Length) != HAL_OK)
 915:Drivers/STM32F7xx_HAL_Driver/Src/stm32f7xx_hal_tim_ex.c ****       {
 916:Drivers/STM32F7xx_HAL_Driver/Src/stm32f7xx_hal_tim_ex.c ****         /* Return error status */
 917:Drivers/STM32F7xx_HAL_Driver/Src/stm32f7xx_hal_tim_ex.c ****         return HAL_ERROR;
 918:Drivers/STM32F7xx_HAL_Driver/Src/stm32f7xx_hal_tim_ex.c ****       }
 919:Drivers/STM32F7xx_HAL_Driver/Src/stm32f7xx_hal_tim_ex.c ****       /* Enable the TIM Output Compare DMA request */
 920:Drivers/STM32F7xx_HAL_Driver/Src/stm32f7xx_hal_tim_ex.c ****       __HAL_TIM_ENABLE_DMA(htim, TIM_DMA_CC1);
 921:Drivers/STM32F7xx_HAL_Driver/Src/stm32f7xx_hal_tim_ex.c ****       break;
 922:Drivers/STM32F7xx_HAL_Driver/Src/stm32f7xx_hal_tim_ex.c ****     }
 923:Drivers/STM32F7xx_HAL_Driver/Src/stm32f7xx_hal_tim_ex.c **** 
 924:Drivers/STM32F7xx_HAL_Driver/Src/stm32f7xx_hal_tim_ex.c ****     case TIM_CHANNEL_2:
 925:Drivers/STM32F7xx_HAL_Driver/Src/stm32f7xx_hal_tim_ex.c ****     {
 926:Drivers/STM32F7xx_HAL_Driver/Src/stm32f7xx_hal_tim_ex.c ****       /* Set the DMA compare callbacks */
 927:Drivers/STM32F7xx_HAL_Driver/Src/stm32f7xx_hal_tim_ex.c ****       htim->hdma[TIM_DMA_ID_CC2]->XferCpltCallback = TIM_DMADelayPulseNCplt;
 928:Drivers/STM32F7xx_HAL_Driver/Src/stm32f7xx_hal_tim_ex.c ****       htim->hdma[TIM_DMA_ID_CC2]->XferHalfCpltCallback = TIM_DMADelayPulseHalfCplt;
 929:Drivers/STM32F7xx_HAL_Driver/Src/stm32f7xx_hal_tim_ex.c **** 
 930:Drivers/STM32F7xx_HAL_Driver/Src/stm32f7xx_hal_tim_ex.c ****       /* Set the DMA error callback */
 931:Drivers/STM32F7xx_HAL_Driver/Src/stm32f7xx_hal_tim_ex.c ****       htim->hdma[TIM_DMA_ID_CC2]->XferErrorCallback = TIM_DMAErrorCCxN ;
 932:Drivers/STM32F7xx_HAL_Driver/Src/stm32f7xx_hal_tim_ex.c **** 
 933:Drivers/STM32F7xx_HAL_Driver/Src/stm32f7xx_hal_tim_ex.c ****       /* Enable the DMA stream */
 934:Drivers/STM32F7xx_HAL_Driver/Src/stm32f7xx_hal_tim_ex.c ****       if (HAL_DMA_Start_IT(htim->hdma[TIM_DMA_ID_CC2], (uint32_t)pData, (uint32_t)&htim->Instance->
 935:Drivers/STM32F7xx_HAL_Driver/Src/stm32f7xx_hal_tim_ex.c ****                            Length) != HAL_OK)
 936:Drivers/STM32F7xx_HAL_Driver/Src/stm32f7xx_hal_tim_ex.c ****       {
 937:Drivers/STM32F7xx_HAL_Driver/Src/stm32f7xx_hal_tim_ex.c ****         /* Return error status */
 938:Drivers/STM32F7xx_HAL_Driver/Src/stm32f7xx_hal_tim_ex.c ****         return HAL_ERROR;
 939:Drivers/STM32F7xx_HAL_Driver/Src/stm32f7xx_hal_tim_ex.c ****       }
 940:Drivers/STM32F7xx_HAL_Driver/Src/stm32f7xx_hal_tim_ex.c ****       /* Enable the TIM Output Compare DMA request */
 941:Drivers/STM32F7xx_HAL_Driver/Src/stm32f7xx_hal_tim_ex.c ****       __HAL_TIM_ENABLE_DMA(htim, TIM_DMA_CC2);
 942:Drivers/STM32F7xx_HAL_Driver/Src/stm32f7xx_hal_tim_ex.c ****       break;
 943:Drivers/STM32F7xx_HAL_Driver/Src/stm32f7xx_hal_tim_ex.c ****     }
ARM GAS  /tmp/ccLIbKdJ.s 			page 18


 944:Drivers/STM32F7xx_HAL_Driver/Src/stm32f7xx_hal_tim_ex.c **** 
 945:Drivers/STM32F7xx_HAL_Driver/Src/stm32f7xx_hal_tim_ex.c ****     case TIM_CHANNEL_3:
 946:Drivers/STM32F7xx_HAL_Driver/Src/stm32f7xx_hal_tim_ex.c ****     {
 947:Drivers/STM32F7xx_HAL_Driver/Src/stm32f7xx_hal_tim_ex.c ****       /* Set the DMA compare callbacks */
 948:Drivers/STM32F7xx_HAL_Driver/Src/stm32f7xx_hal_tim_ex.c ****       htim->hdma[TIM_DMA_ID_CC3]->XferCpltCallback = TIM_DMADelayPulseNCplt;
 949:Drivers/STM32F7xx_HAL_Driver/Src/stm32f7xx_hal_tim_ex.c ****       htim->hdma[TIM_DMA_ID_CC3]->XferHalfCpltCallback = TIM_DMADelayPulseHalfCplt;
 950:Drivers/STM32F7xx_HAL_Driver/Src/stm32f7xx_hal_tim_ex.c **** 
 951:Drivers/STM32F7xx_HAL_Driver/Src/stm32f7xx_hal_tim_ex.c ****       /* Set the DMA error callback */
 952:Drivers/STM32F7xx_HAL_Driver/Src/stm32f7xx_hal_tim_ex.c ****       htim->hdma[TIM_DMA_ID_CC3]->XferErrorCallback = TIM_DMAErrorCCxN ;
 953:Drivers/STM32F7xx_HAL_Driver/Src/stm32f7xx_hal_tim_ex.c **** 
 954:Drivers/STM32F7xx_HAL_Driver/Src/stm32f7xx_hal_tim_ex.c ****       /* Enable the DMA stream */
 955:Drivers/STM32F7xx_HAL_Driver/Src/stm32f7xx_hal_tim_ex.c ****       if (HAL_DMA_Start_IT(htim->hdma[TIM_DMA_ID_CC3], (uint32_t)pData, (uint32_t)&htim->Instance->
 956:Drivers/STM32F7xx_HAL_Driver/Src/stm32f7xx_hal_tim_ex.c ****                            Length) != HAL_OK)
 957:Drivers/STM32F7xx_HAL_Driver/Src/stm32f7xx_hal_tim_ex.c ****       {
 958:Drivers/STM32F7xx_HAL_Driver/Src/stm32f7xx_hal_tim_ex.c ****         /* Return error status */
 959:Drivers/STM32F7xx_HAL_Driver/Src/stm32f7xx_hal_tim_ex.c ****         return HAL_ERROR;
 960:Drivers/STM32F7xx_HAL_Driver/Src/stm32f7xx_hal_tim_ex.c ****       }
 961:Drivers/STM32F7xx_HAL_Driver/Src/stm32f7xx_hal_tim_ex.c ****       /* Enable the TIM Output Compare DMA request */
 962:Drivers/STM32F7xx_HAL_Driver/Src/stm32f7xx_hal_tim_ex.c ****       __HAL_TIM_ENABLE_DMA(htim, TIM_DMA_CC3);
 963:Drivers/STM32F7xx_HAL_Driver/Src/stm32f7xx_hal_tim_ex.c ****       break;
 964:Drivers/STM32F7xx_HAL_Driver/Src/stm32f7xx_hal_tim_ex.c ****     }
 965:Drivers/STM32F7xx_HAL_Driver/Src/stm32f7xx_hal_tim_ex.c **** 
 966:Drivers/STM32F7xx_HAL_Driver/Src/stm32f7xx_hal_tim_ex.c ****     default:
 967:Drivers/STM32F7xx_HAL_Driver/Src/stm32f7xx_hal_tim_ex.c ****       status = HAL_ERROR;
 968:Drivers/STM32F7xx_HAL_Driver/Src/stm32f7xx_hal_tim_ex.c ****       break;
 969:Drivers/STM32F7xx_HAL_Driver/Src/stm32f7xx_hal_tim_ex.c ****   }
 970:Drivers/STM32F7xx_HAL_Driver/Src/stm32f7xx_hal_tim_ex.c **** 
 971:Drivers/STM32F7xx_HAL_Driver/Src/stm32f7xx_hal_tim_ex.c ****   if (status == HAL_OK)
 972:Drivers/STM32F7xx_HAL_Driver/Src/stm32f7xx_hal_tim_ex.c ****   {
 973:Drivers/STM32F7xx_HAL_Driver/Src/stm32f7xx_hal_tim_ex.c ****     /* Enable the Capture compare channel N */
 974:Drivers/STM32F7xx_HAL_Driver/Src/stm32f7xx_hal_tim_ex.c ****     TIM_CCxNChannelCmd(htim->Instance, Channel, TIM_CCxN_ENABLE);
 975:Drivers/STM32F7xx_HAL_Driver/Src/stm32f7xx_hal_tim_ex.c **** 
 976:Drivers/STM32F7xx_HAL_Driver/Src/stm32f7xx_hal_tim_ex.c ****     /* Enable the Main Output */
 977:Drivers/STM32F7xx_HAL_Driver/Src/stm32f7xx_hal_tim_ex.c ****     __HAL_TIM_MOE_ENABLE(htim);
 978:Drivers/STM32F7xx_HAL_Driver/Src/stm32f7xx_hal_tim_ex.c **** 
 979:Drivers/STM32F7xx_HAL_Driver/Src/stm32f7xx_hal_tim_ex.c ****     /* Enable the Peripheral, except in trigger mode where enable is automatically done with trigge
 980:Drivers/STM32F7xx_HAL_Driver/Src/stm32f7xx_hal_tim_ex.c ****     if (IS_TIM_SLAVE_INSTANCE(htim->Instance))
 981:Drivers/STM32F7xx_HAL_Driver/Src/stm32f7xx_hal_tim_ex.c ****     {
 982:Drivers/STM32F7xx_HAL_Driver/Src/stm32f7xx_hal_tim_ex.c ****       tmpsmcr = htim->Instance->SMCR & TIM_SMCR_SMS;
 983:Drivers/STM32F7xx_HAL_Driver/Src/stm32f7xx_hal_tim_ex.c ****       if (!IS_TIM_SLAVEMODE_TRIGGER_ENABLED(tmpsmcr))
 984:Drivers/STM32F7xx_HAL_Driver/Src/stm32f7xx_hal_tim_ex.c ****       {
 985:Drivers/STM32F7xx_HAL_Driver/Src/stm32f7xx_hal_tim_ex.c ****         __HAL_TIM_ENABLE(htim);
 986:Drivers/STM32F7xx_HAL_Driver/Src/stm32f7xx_hal_tim_ex.c ****       }
 987:Drivers/STM32F7xx_HAL_Driver/Src/stm32f7xx_hal_tim_ex.c ****     }
 988:Drivers/STM32F7xx_HAL_Driver/Src/stm32f7xx_hal_tim_ex.c ****     else
 989:Drivers/STM32F7xx_HAL_Driver/Src/stm32f7xx_hal_tim_ex.c ****     {
 990:Drivers/STM32F7xx_HAL_Driver/Src/stm32f7xx_hal_tim_ex.c ****       __HAL_TIM_ENABLE(htim);
 991:Drivers/STM32F7xx_HAL_Driver/Src/stm32f7xx_hal_tim_ex.c ****     }
 992:Drivers/STM32F7xx_HAL_Driver/Src/stm32f7xx_hal_tim_ex.c ****   }
 993:Drivers/STM32F7xx_HAL_Driver/Src/stm32f7xx_hal_tim_ex.c **** 
 994:Drivers/STM32F7xx_HAL_Driver/Src/stm32f7xx_hal_tim_ex.c ****   /* Return function status */
 995:Drivers/STM32F7xx_HAL_Driver/Src/stm32f7xx_hal_tim_ex.c ****   return status;
 996:Drivers/STM32F7xx_HAL_Driver/Src/stm32f7xx_hal_tim_ex.c **** }
 997:Drivers/STM32F7xx_HAL_Driver/Src/stm32f7xx_hal_tim_ex.c **** 
 998:Drivers/STM32F7xx_HAL_Driver/Src/stm32f7xx_hal_tim_ex.c **** /**
 999:Drivers/STM32F7xx_HAL_Driver/Src/stm32f7xx_hal_tim_ex.c ****   * @brief  Stops the TIM Output Compare signal generation in DMA mode
1000:Drivers/STM32F7xx_HAL_Driver/Src/stm32f7xx_hal_tim_ex.c ****   *         on the complementary output.
ARM GAS  /tmp/ccLIbKdJ.s 			page 19


1001:Drivers/STM32F7xx_HAL_Driver/Src/stm32f7xx_hal_tim_ex.c ****   * @param  htim TIM Output Compare handle
1002:Drivers/STM32F7xx_HAL_Driver/Src/stm32f7xx_hal_tim_ex.c ****   * @param  Channel TIM Channel to be disabled
1003:Drivers/STM32F7xx_HAL_Driver/Src/stm32f7xx_hal_tim_ex.c ****   *          This parameter can be one of the following values:
1004:Drivers/STM32F7xx_HAL_Driver/Src/stm32f7xx_hal_tim_ex.c ****   *            @arg TIM_CHANNEL_1: TIM Channel 1 selected
1005:Drivers/STM32F7xx_HAL_Driver/Src/stm32f7xx_hal_tim_ex.c ****   *            @arg TIM_CHANNEL_2: TIM Channel 2 selected
1006:Drivers/STM32F7xx_HAL_Driver/Src/stm32f7xx_hal_tim_ex.c ****   *            @arg TIM_CHANNEL_3: TIM Channel 3 selected
1007:Drivers/STM32F7xx_HAL_Driver/Src/stm32f7xx_hal_tim_ex.c ****   * @retval HAL status
1008:Drivers/STM32F7xx_HAL_Driver/Src/stm32f7xx_hal_tim_ex.c ****   */
1009:Drivers/STM32F7xx_HAL_Driver/Src/stm32f7xx_hal_tim_ex.c **** HAL_StatusTypeDef HAL_TIMEx_OCN_Stop_DMA(TIM_HandleTypeDef *htim, uint32_t Channel)
1010:Drivers/STM32F7xx_HAL_Driver/Src/stm32f7xx_hal_tim_ex.c **** {
1011:Drivers/STM32F7xx_HAL_Driver/Src/stm32f7xx_hal_tim_ex.c ****   HAL_StatusTypeDef status = HAL_OK;
1012:Drivers/STM32F7xx_HAL_Driver/Src/stm32f7xx_hal_tim_ex.c **** 
1013:Drivers/STM32F7xx_HAL_Driver/Src/stm32f7xx_hal_tim_ex.c ****   /* Check the parameters */
1014:Drivers/STM32F7xx_HAL_Driver/Src/stm32f7xx_hal_tim_ex.c ****   assert_param(IS_TIM_CCXN_INSTANCE(htim->Instance, Channel));
1015:Drivers/STM32F7xx_HAL_Driver/Src/stm32f7xx_hal_tim_ex.c **** 
1016:Drivers/STM32F7xx_HAL_Driver/Src/stm32f7xx_hal_tim_ex.c ****   switch (Channel)
1017:Drivers/STM32F7xx_HAL_Driver/Src/stm32f7xx_hal_tim_ex.c ****   {
1018:Drivers/STM32F7xx_HAL_Driver/Src/stm32f7xx_hal_tim_ex.c ****     case TIM_CHANNEL_1:
1019:Drivers/STM32F7xx_HAL_Driver/Src/stm32f7xx_hal_tim_ex.c ****     {
1020:Drivers/STM32F7xx_HAL_Driver/Src/stm32f7xx_hal_tim_ex.c ****       /* Disable the TIM Output Compare DMA request */
1021:Drivers/STM32F7xx_HAL_Driver/Src/stm32f7xx_hal_tim_ex.c ****       __HAL_TIM_DISABLE_DMA(htim, TIM_DMA_CC1);
1022:Drivers/STM32F7xx_HAL_Driver/Src/stm32f7xx_hal_tim_ex.c ****       (void)HAL_DMA_Abort_IT(htim->hdma[TIM_DMA_ID_CC1]);
1023:Drivers/STM32F7xx_HAL_Driver/Src/stm32f7xx_hal_tim_ex.c ****       break;
1024:Drivers/STM32F7xx_HAL_Driver/Src/stm32f7xx_hal_tim_ex.c ****     }
1025:Drivers/STM32F7xx_HAL_Driver/Src/stm32f7xx_hal_tim_ex.c **** 
1026:Drivers/STM32F7xx_HAL_Driver/Src/stm32f7xx_hal_tim_ex.c ****     case TIM_CHANNEL_2:
1027:Drivers/STM32F7xx_HAL_Driver/Src/stm32f7xx_hal_tim_ex.c ****     {
1028:Drivers/STM32F7xx_HAL_Driver/Src/stm32f7xx_hal_tim_ex.c ****       /* Disable the TIM Output Compare DMA request */
1029:Drivers/STM32F7xx_HAL_Driver/Src/stm32f7xx_hal_tim_ex.c ****       __HAL_TIM_DISABLE_DMA(htim, TIM_DMA_CC2);
1030:Drivers/STM32F7xx_HAL_Driver/Src/stm32f7xx_hal_tim_ex.c ****       (void)HAL_DMA_Abort_IT(htim->hdma[TIM_DMA_ID_CC2]);
1031:Drivers/STM32F7xx_HAL_Driver/Src/stm32f7xx_hal_tim_ex.c ****       break;
1032:Drivers/STM32F7xx_HAL_Driver/Src/stm32f7xx_hal_tim_ex.c ****     }
1033:Drivers/STM32F7xx_HAL_Driver/Src/stm32f7xx_hal_tim_ex.c **** 
1034:Drivers/STM32F7xx_HAL_Driver/Src/stm32f7xx_hal_tim_ex.c ****     case TIM_CHANNEL_3:
1035:Drivers/STM32F7xx_HAL_Driver/Src/stm32f7xx_hal_tim_ex.c ****     {
1036:Drivers/STM32F7xx_HAL_Driver/Src/stm32f7xx_hal_tim_ex.c ****       /* Disable the TIM Output Compare DMA request */
1037:Drivers/STM32F7xx_HAL_Driver/Src/stm32f7xx_hal_tim_ex.c ****       __HAL_TIM_DISABLE_DMA(htim, TIM_DMA_CC3);
1038:Drivers/STM32F7xx_HAL_Driver/Src/stm32f7xx_hal_tim_ex.c ****       (void)HAL_DMA_Abort_IT(htim->hdma[TIM_DMA_ID_CC3]);
1039:Drivers/STM32F7xx_HAL_Driver/Src/stm32f7xx_hal_tim_ex.c ****       break;
1040:Drivers/STM32F7xx_HAL_Driver/Src/stm32f7xx_hal_tim_ex.c ****     }
1041:Drivers/STM32F7xx_HAL_Driver/Src/stm32f7xx_hal_tim_ex.c **** 
1042:Drivers/STM32F7xx_HAL_Driver/Src/stm32f7xx_hal_tim_ex.c ****     default:
1043:Drivers/STM32F7xx_HAL_Driver/Src/stm32f7xx_hal_tim_ex.c ****       status = HAL_ERROR;
1044:Drivers/STM32F7xx_HAL_Driver/Src/stm32f7xx_hal_tim_ex.c ****       break;
1045:Drivers/STM32F7xx_HAL_Driver/Src/stm32f7xx_hal_tim_ex.c ****   }
1046:Drivers/STM32F7xx_HAL_Driver/Src/stm32f7xx_hal_tim_ex.c **** 
1047:Drivers/STM32F7xx_HAL_Driver/Src/stm32f7xx_hal_tim_ex.c ****   if (status == HAL_OK)
1048:Drivers/STM32F7xx_HAL_Driver/Src/stm32f7xx_hal_tim_ex.c ****   {
1049:Drivers/STM32F7xx_HAL_Driver/Src/stm32f7xx_hal_tim_ex.c ****     /* Disable the Capture compare channel N */
1050:Drivers/STM32F7xx_HAL_Driver/Src/stm32f7xx_hal_tim_ex.c ****     TIM_CCxNChannelCmd(htim->Instance, Channel, TIM_CCxN_DISABLE);
1051:Drivers/STM32F7xx_HAL_Driver/Src/stm32f7xx_hal_tim_ex.c **** 
1052:Drivers/STM32F7xx_HAL_Driver/Src/stm32f7xx_hal_tim_ex.c ****     /* Disable the Main Output */
1053:Drivers/STM32F7xx_HAL_Driver/Src/stm32f7xx_hal_tim_ex.c ****     __HAL_TIM_MOE_DISABLE(htim);
1054:Drivers/STM32F7xx_HAL_Driver/Src/stm32f7xx_hal_tim_ex.c **** 
1055:Drivers/STM32F7xx_HAL_Driver/Src/stm32f7xx_hal_tim_ex.c ****     /* Disable the Peripheral */
1056:Drivers/STM32F7xx_HAL_Driver/Src/stm32f7xx_hal_tim_ex.c ****     __HAL_TIM_DISABLE(htim);
1057:Drivers/STM32F7xx_HAL_Driver/Src/stm32f7xx_hal_tim_ex.c **** 
ARM GAS  /tmp/ccLIbKdJ.s 			page 20


1058:Drivers/STM32F7xx_HAL_Driver/Src/stm32f7xx_hal_tim_ex.c ****     /* Set the TIM complementary channel state */
1059:Drivers/STM32F7xx_HAL_Driver/Src/stm32f7xx_hal_tim_ex.c ****     TIM_CHANNEL_N_STATE_SET(htim, Channel, HAL_TIM_CHANNEL_STATE_READY);
1060:Drivers/STM32F7xx_HAL_Driver/Src/stm32f7xx_hal_tim_ex.c ****   }
1061:Drivers/STM32F7xx_HAL_Driver/Src/stm32f7xx_hal_tim_ex.c **** 
1062:Drivers/STM32F7xx_HAL_Driver/Src/stm32f7xx_hal_tim_ex.c ****   /* Return function status */
1063:Drivers/STM32F7xx_HAL_Driver/Src/stm32f7xx_hal_tim_ex.c ****   return status;
1064:Drivers/STM32F7xx_HAL_Driver/Src/stm32f7xx_hal_tim_ex.c **** }
1065:Drivers/STM32F7xx_HAL_Driver/Src/stm32f7xx_hal_tim_ex.c **** 
1066:Drivers/STM32F7xx_HAL_Driver/Src/stm32f7xx_hal_tim_ex.c **** /**
1067:Drivers/STM32F7xx_HAL_Driver/Src/stm32f7xx_hal_tim_ex.c ****   * @}
1068:Drivers/STM32F7xx_HAL_Driver/Src/stm32f7xx_hal_tim_ex.c ****   */
1069:Drivers/STM32F7xx_HAL_Driver/Src/stm32f7xx_hal_tim_ex.c **** 
1070:Drivers/STM32F7xx_HAL_Driver/Src/stm32f7xx_hal_tim_ex.c **** /** @defgroup TIMEx_Exported_Functions_Group3 Extended Timer Complementary PWM functions
1071:Drivers/STM32F7xx_HAL_Driver/Src/stm32f7xx_hal_tim_ex.c ****   * @brief    Timer Complementary PWM functions
1072:Drivers/STM32F7xx_HAL_Driver/Src/stm32f7xx_hal_tim_ex.c ****   *
1073:Drivers/STM32F7xx_HAL_Driver/Src/stm32f7xx_hal_tim_ex.c **** @verbatim
1074:Drivers/STM32F7xx_HAL_Driver/Src/stm32f7xx_hal_tim_ex.c ****   ==============================================================================
1075:Drivers/STM32F7xx_HAL_Driver/Src/stm32f7xx_hal_tim_ex.c ****                  ##### Timer Complementary PWM functions #####
1076:Drivers/STM32F7xx_HAL_Driver/Src/stm32f7xx_hal_tim_ex.c ****   ==============================================================================
1077:Drivers/STM32F7xx_HAL_Driver/Src/stm32f7xx_hal_tim_ex.c ****   [..]
1078:Drivers/STM32F7xx_HAL_Driver/Src/stm32f7xx_hal_tim_ex.c ****     This section provides functions allowing to:
1079:Drivers/STM32F7xx_HAL_Driver/Src/stm32f7xx_hal_tim_ex.c ****     (+) Start the Complementary PWM.
1080:Drivers/STM32F7xx_HAL_Driver/Src/stm32f7xx_hal_tim_ex.c ****     (+) Stop the Complementary PWM.
1081:Drivers/STM32F7xx_HAL_Driver/Src/stm32f7xx_hal_tim_ex.c ****     (+) Start the Complementary PWM and enable interrupts.
1082:Drivers/STM32F7xx_HAL_Driver/Src/stm32f7xx_hal_tim_ex.c ****     (+) Stop the Complementary PWM and disable interrupts.
1083:Drivers/STM32F7xx_HAL_Driver/Src/stm32f7xx_hal_tim_ex.c ****     (+) Start the Complementary PWM and enable DMA transfers.
1084:Drivers/STM32F7xx_HAL_Driver/Src/stm32f7xx_hal_tim_ex.c ****     (+) Stop the Complementary PWM and disable DMA transfers.
1085:Drivers/STM32F7xx_HAL_Driver/Src/stm32f7xx_hal_tim_ex.c **** @endverbatim
1086:Drivers/STM32F7xx_HAL_Driver/Src/stm32f7xx_hal_tim_ex.c ****   * @{
1087:Drivers/STM32F7xx_HAL_Driver/Src/stm32f7xx_hal_tim_ex.c ****   */
1088:Drivers/STM32F7xx_HAL_Driver/Src/stm32f7xx_hal_tim_ex.c **** 
1089:Drivers/STM32F7xx_HAL_Driver/Src/stm32f7xx_hal_tim_ex.c **** /**
1090:Drivers/STM32F7xx_HAL_Driver/Src/stm32f7xx_hal_tim_ex.c ****   * @brief  Starts the PWM signal generation on the complementary output.
1091:Drivers/STM32F7xx_HAL_Driver/Src/stm32f7xx_hal_tim_ex.c ****   * @param  htim TIM handle
1092:Drivers/STM32F7xx_HAL_Driver/Src/stm32f7xx_hal_tim_ex.c ****   * @param  Channel TIM Channel to be enabled
1093:Drivers/STM32F7xx_HAL_Driver/Src/stm32f7xx_hal_tim_ex.c ****   *          This parameter can be one of the following values:
1094:Drivers/STM32F7xx_HAL_Driver/Src/stm32f7xx_hal_tim_ex.c ****   *            @arg TIM_CHANNEL_1: TIM Channel 1 selected
1095:Drivers/STM32F7xx_HAL_Driver/Src/stm32f7xx_hal_tim_ex.c ****   *            @arg TIM_CHANNEL_2: TIM Channel 2 selected
1096:Drivers/STM32F7xx_HAL_Driver/Src/stm32f7xx_hal_tim_ex.c ****   *            @arg TIM_CHANNEL_3: TIM Channel 3 selected
1097:Drivers/STM32F7xx_HAL_Driver/Src/stm32f7xx_hal_tim_ex.c ****   * @retval HAL status
1098:Drivers/STM32F7xx_HAL_Driver/Src/stm32f7xx_hal_tim_ex.c ****   */
1099:Drivers/STM32F7xx_HAL_Driver/Src/stm32f7xx_hal_tim_ex.c **** HAL_StatusTypeDef HAL_TIMEx_PWMN_Start(TIM_HandleTypeDef *htim, uint32_t Channel)
1100:Drivers/STM32F7xx_HAL_Driver/Src/stm32f7xx_hal_tim_ex.c **** {
1101:Drivers/STM32F7xx_HAL_Driver/Src/stm32f7xx_hal_tim_ex.c ****   uint32_t tmpsmcr;
1102:Drivers/STM32F7xx_HAL_Driver/Src/stm32f7xx_hal_tim_ex.c **** 
1103:Drivers/STM32F7xx_HAL_Driver/Src/stm32f7xx_hal_tim_ex.c ****   /* Check the parameters */
1104:Drivers/STM32F7xx_HAL_Driver/Src/stm32f7xx_hal_tim_ex.c ****   assert_param(IS_TIM_CCXN_INSTANCE(htim->Instance, Channel));
1105:Drivers/STM32F7xx_HAL_Driver/Src/stm32f7xx_hal_tim_ex.c **** 
1106:Drivers/STM32F7xx_HAL_Driver/Src/stm32f7xx_hal_tim_ex.c ****   /* Check the TIM complementary channel state */
1107:Drivers/STM32F7xx_HAL_Driver/Src/stm32f7xx_hal_tim_ex.c ****   if (TIM_CHANNEL_N_STATE_GET(htim, Channel) != HAL_TIM_CHANNEL_STATE_READY)
1108:Drivers/STM32F7xx_HAL_Driver/Src/stm32f7xx_hal_tim_ex.c ****   {
1109:Drivers/STM32F7xx_HAL_Driver/Src/stm32f7xx_hal_tim_ex.c ****     return HAL_ERROR;
1110:Drivers/STM32F7xx_HAL_Driver/Src/stm32f7xx_hal_tim_ex.c ****   }
1111:Drivers/STM32F7xx_HAL_Driver/Src/stm32f7xx_hal_tim_ex.c **** 
1112:Drivers/STM32F7xx_HAL_Driver/Src/stm32f7xx_hal_tim_ex.c ****   /* Set the TIM complementary channel state */
1113:Drivers/STM32F7xx_HAL_Driver/Src/stm32f7xx_hal_tim_ex.c ****   TIM_CHANNEL_N_STATE_SET(htim, Channel, HAL_TIM_CHANNEL_STATE_BUSY);
1114:Drivers/STM32F7xx_HAL_Driver/Src/stm32f7xx_hal_tim_ex.c **** 
ARM GAS  /tmp/ccLIbKdJ.s 			page 21


1115:Drivers/STM32F7xx_HAL_Driver/Src/stm32f7xx_hal_tim_ex.c ****   /* Enable the complementary PWM output  */
1116:Drivers/STM32F7xx_HAL_Driver/Src/stm32f7xx_hal_tim_ex.c ****   TIM_CCxNChannelCmd(htim->Instance, Channel, TIM_CCxN_ENABLE);
1117:Drivers/STM32F7xx_HAL_Driver/Src/stm32f7xx_hal_tim_ex.c **** 
1118:Drivers/STM32F7xx_HAL_Driver/Src/stm32f7xx_hal_tim_ex.c ****   /* Enable the Main Output */
1119:Drivers/STM32F7xx_HAL_Driver/Src/stm32f7xx_hal_tim_ex.c ****   __HAL_TIM_MOE_ENABLE(htim);
1120:Drivers/STM32F7xx_HAL_Driver/Src/stm32f7xx_hal_tim_ex.c **** 
1121:Drivers/STM32F7xx_HAL_Driver/Src/stm32f7xx_hal_tim_ex.c ****   /* Enable the Peripheral, except in trigger mode where enable is automatically done with trigger 
1122:Drivers/STM32F7xx_HAL_Driver/Src/stm32f7xx_hal_tim_ex.c ****   if (IS_TIM_SLAVE_INSTANCE(htim->Instance))
1123:Drivers/STM32F7xx_HAL_Driver/Src/stm32f7xx_hal_tim_ex.c ****   {
1124:Drivers/STM32F7xx_HAL_Driver/Src/stm32f7xx_hal_tim_ex.c ****     tmpsmcr = htim->Instance->SMCR & TIM_SMCR_SMS;
1125:Drivers/STM32F7xx_HAL_Driver/Src/stm32f7xx_hal_tim_ex.c ****     if (!IS_TIM_SLAVEMODE_TRIGGER_ENABLED(tmpsmcr))
1126:Drivers/STM32F7xx_HAL_Driver/Src/stm32f7xx_hal_tim_ex.c ****     {
1127:Drivers/STM32F7xx_HAL_Driver/Src/stm32f7xx_hal_tim_ex.c ****       __HAL_TIM_ENABLE(htim);
1128:Drivers/STM32F7xx_HAL_Driver/Src/stm32f7xx_hal_tim_ex.c ****     }
1129:Drivers/STM32F7xx_HAL_Driver/Src/stm32f7xx_hal_tim_ex.c ****   }
1130:Drivers/STM32F7xx_HAL_Driver/Src/stm32f7xx_hal_tim_ex.c ****   else
1131:Drivers/STM32F7xx_HAL_Driver/Src/stm32f7xx_hal_tim_ex.c ****   {
1132:Drivers/STM32F7xx_HAL_Driver/Src/stm32f7xx_hal_tim_ex.c ****     __HAL_TIM_ENABLE(htim);
1133:Drivers/STM32F7xx_HAL_Driver/Src/stm32f7xx_hal_tim_ex.c ****   }
1134:Drivers/STM32F7xx_HAL_Driver/Src/stm32f7xx_hal_tim_ex.c **** 
1135:Drivers/STM32F7xx_HAL_Driver/Src/stm32f7xx_hal_tim_ex.c ****   /* Return function status */
1136:Drivers/STM32F7xx_HAL_Driver/Src/stm32f7xx_hal_tim_ex.c ****   return HAL_OK;
1137:Drivers/STM32F7xx_HAL_Driver/Src/stm32f7xx_hal_tim_ex.c **** }
1138:Drivers/STM32F7xx_HAL_Driver/Src/stm32f7xx_hal_tim_ex.c **** 
1139:Drivers/STM32F7xx_HAL_Driver/Src/stm32f7xx_hal_tim_ex.c **** /**
1140:Drivers/STM32F7xx_HAL_Driver/Src/stm32f7xx_hal_tim_ex.c ****   * @brief  Stops the PWM signal generation on the complementary output.
1141:Drivers/STM32F7xx_HAL_Driver/Src/stm32f7xx_hal_tim_ex.c ****   * @param  htim TIM handle
1142:Drivers/STM32F7xx_HAL_Driver/Src/stm32f7xx_hal_tim_ex.c ****   * @param  Channel TIM Channel to be disabled
1143:Drivers/STM32F7xx_HAL_Driver/Src/stm32f7xx_hal_tim_ex.c ****   *          This parameter can be one of the following values:
1144:Drivers/STM32F7xx_HAL_Driver/Src/stm32f7xx_hal_tim_ex.c ****   *            @arg TIM_CHANNEL_1: TIM Channel 1 selected
1145:Drivers/STM32F7xx_HAL_Driver/Src/stm32f7xx_hal_tim_ex.c ****   *            @arg TIM_CHANNEL_2: TIM Channel 2 selected
1146:Drivers/STM32F7xx_HAL_Driver/Src/stm32f7xx_hal_tim_ex.c ****   *            @arg TIM_CHANNEL_3: TIM Channel 3 selected
1147:Drivers/STM32F7xx_HAL_Driver/Src/stm32f7xx_hal_tim_ex.c ****   * @retval HAL status
1148:Drivers/STM32F7xx_HAL_Driver/Src/stm32f7xx_hal_tim_ex.c ****   */
1149:Drivers/STM32F7xx_HAL_Driver/Src/stm32f7xx_hal_tim_ex.c **** HAL_StatusTypeDef HAL_TIMEx_PWMN_Stop(TIM_HandleTypeDef *htim, uint32_t Channel)
1150:Drivers/STM32F7xx_HAL_Driver/Src/stm32f7xx_hal_tim_ex.c **** {
1151:Drivers/STM32F7xx_HAL_Driver/Src/stm32f7xx_hal_tim_ex.c ****   /* Check the parameters */
1152:Drivers/STM32F7xx_HAL_Driver/Src/stm32f7xx_hal_tim_ex.c ****   assert_param(IS_TIM_CCXN_INSTANCE(htim->Instance, Channel));
1153:Drivers/STM32F7xx_HAL_Driver/Src/stm32f7xx_hal_tim_ex.c **** 
1154:Drivers/STM32F7xx_HAL_Driver/Src/stm32f7xx_hal_tim_ex.c ****   /* Disable the complementary PWM output  */
1155:Drivers/STM32F7xx_HAL_Driver/Src/stm32f7xx_hal_tim_ex.c ****   TIM_CCxNChannelCmd(htim->Instance, Channel, TIM_CCxN_DISABLE);
1156:Drivers/STM32F7xx_HAL_Driver/Src/stm32f7xx_hal_tim_ex.c **** 
1157:Drivers/STM32F7xx_HAL_Driver/Src/stm32f7xx_hal_tim_ex.c ****   /* Disable the Main Output */
1158:Drivers/STM32F7xx_HAL_Driver/Src/stm32f7xx_hal_tim_ex.c ****   __HAL_TIM_MOE_DISABLE(htim);
1159:Drivers/STM32F7xx_HAL_Driver/Src/stm32f7xx_hal_tim_ex.c **** 
1160:Drivers/STM32F7xx_HAL_Driver/Src/stm32f7xx_hal_tim_ex.c ****   /* Disable the Peripheral */
1161:Drivers/STM32F7xx_HAL_Driver/Src/stm32f7xx_hal_tim_ex.c ****   __HAL_TIM_DISABLE(htim);
1162:Drivers/STM32F7xx_HAL_Driver/Src/stm32f7xx_hal_tim_ex.c **** 
1163:Drivers/STM32F7xx_HAL_Driver/Src/stm32f7xx_hal_tim_ex.c ****   /* Set the TIM complementary channel state */
1164:Drivers/STM32F7xx_HAL_Driver/Src/stm32f7xx_hal_tim_ex.c ****   TIM_CHANNEL_N_STATE_SET(htim, Channel, HAL_TIM_CHANNEL_STATE_READY);
1165:Drivers/STM32F7xx_HAL_Driver/Src/stm32f7xx_hal_tim_ex.c **** 
1166:Drivers/STM32F7xx_HAL_Driver/Src/stm32f7xx_hal_tim_ex.c ****   /* Return function status */
1167:Drivers/STM32F7xx_HAL_Driver/Src/stm32f7xx_hal_tim_ex.c ****   return HAL_OK;
1168:Drivers/STM32F7xx_HAL_Driver/Src/stm32f7xx_hal_tim_ex.c **** }
1169:Drivers/STM32F7xx_HAL_Driver/Src/stm32f7xx_hal_tim_ex.c **** 
1170:Drivers/STM32F7xx_HAL_Driver/Src/stm32f7xx_hal_tim_ex.c **** /**
1171:Drivers/STM32F7xx_HAL_Driver/Src/stm32f7xx_hal_tim_ex.c ****   * @brief  Starts the PWM signal generation in interrupt mode on the
ARM GAS  /tmp/ccLIbKdJ.s 			page 22


1172:Drivers/STM32F7xx_HAL_Driver/Src/stm32f7xx_hal_tim_ex.c ****   *         complementary output.
1173:Drivers/STM32F7xx_HAL_Driver/Src/stm32f7xx_hal_tim_ex.c ****   * @param  htim TIM handle
1174:Drivers/STM32F7xx_HAL_Driver/Src/stm32f7xx_hal_tim_ex.c ****   * @param  Channel TIM Channel to be disabled
1175:Drivers/STM32F7xx_HAL_Driver/Src/stm32f7xx_hal_tim_ex.c ****   *          This parameter can be one of the following values:
1176:Drivers/STM32F7xx_HAL_Driver/Src/stm32f7xx_hal_tim_ex.c ****   *            @arg TIM_CHANNEL_1: TIM Channel 1 selected
1177:Drivers/STM32F7xx_HAL_Driver/Src/stm32f7xx_hal_tim_ex.c ****   *            @arg TIM_CHANNEL_2: TIM Channel 2 selected
1178:Drivers/STM32F7xx_HAL_Driver/Src/stm32f7xx_hal_tim_ex.c ****   *            @arg TIM_CHANNEL_3: TIM Channel 3 selected
1179:Drivers/STM32F7xx_HAL_Driver/Src/stm32f7xx_hal_tim_ex.c ****   * @retval HAL status
1180:Drivers/STM32F7xx_HAL_Driver/Src/stm32f7xx_hal_tim_ex.c ****   */
1181:Drivers/STM32F7xx_HAL_Driver/Src/stm32f7xx_hal_tim_ex.c **** HAL_StatusTypeDef HAL_TIMEx_PWMN_Start_IT(TIM_HandleTypeDef *htim, uint32_t Channel)
1182:Drivers/STM32F7xx_HAL_Driver/Src/stm32f7xx_hal_tim_ex.c **** {
1183:Drivers/STM32F7xx_HAL_Driver/Src/stm32f7xx_hal_tim_ex.c ****   HAL_StatusTypeDef status = HAL_OK;
1184:Drivers/STM32F7xx_HAL_Driver/Src/stm32f7xx_hal_tim_ex.c ****   uint32_t tmpsmcr;
1185:Drivers/STM32F7xx_HAL_Driver/Src/stm32f7xx_hal_tim_ex.c **** 
1186:Drivers/STM32F7xx_HAL_Driver/Src/stm32f7xx_hal_tim_ex.c ****   /* Check the parameters */
1187:Drivers/STM32F7xx_HAL_Driver/Src/stm32f7xx_hal_tim_ex.c ****   assert_param(IS_TIM_CCXN_INSTANCE(htim->Instance, Channel));
1188:Drivers/STM32F7xx_HAL_Driver/Src/stm32f7xx_hal_tim_ex.c **** 
1189:Drivers/STM32F7xx_HAL_Driver/Src/stm32f7xx_hal_tim_ex.c ****   /* Check the TIM complementary channel state */
1190:Drivers/STM32F7xx_HAL_Driver/Src/stm32f7xx_hal_tim_ex.c ****   if (TIM_CHANNEL_N_STATE_GET(htim, Channel) != HAL_TIM_CHANNEL_STATE_READY)
1191:Drivers/STM32F7xx_HAL_Driver/Src/stm32f7xx_hal_tim_ex.c ****   {
1192:Drivers/STM32F7xx_HAL_Driver/Src/stm32f7xx_hal_tim_ex.c ****     return HAL_ERROR;
1193:Drivers/STM32F7xx_HAL_Driver/Src/stm32f7xx_hal_tim_ex.c ****   }
1194:Drivers/STM32F7xx_HAL_Driver/Src/stm32f7xx_hal_tim_ex.c **** 
1195:Drivers/STM32F7xx_HAL_Driver/Src/stm32f7xx_hal_tim_ex.c ****   /* Set the TIM complementary channel state */
1196:Drivers/STM32F7xx_HAL_Driver/Src/stm32f7xx_hal_tim_ex.c ****   TIM_CHANNEL_N_STATE_SET(htim, Channel, HAL_TIM_CHANNEL_STATE_BUSY);
1197:Drivers/STM32F7xx_HAL_Driver/Src/stm32f7xx_hal_tim_ex.c **** 
1198:Drivers/STM32F7xx_HAL_Driver/Src/stm32f7xx_hal_tim_ex.c ****   switch (Channel)
1199:Drivers/STM32F7xx_HAL_Driver/Src/stm32f7xx_hal_tim_ex.c ****   {
1200:Drivers/STM32F7xx_HAL_Driver/Src/stm32f7xx_hal_tim_ex.c ****     case TIM_CHANNEL_1:
1201:Drivers/STM32F7xx_HAL_Driver/Src/stm32f7xx_hal_tim_ex.c ****     {
1202:Drivers/STM32F7xx_HAL_Driver/Src/stm32f7xx_hal_tim_ex.c ****       /* Enable the TIM Capture/Compare 1 interrupt */
1203:Drivers/STM32F7xx_HAL_Driver/Src/stm32f7xx_hal_tim_ex.c ****       __HAL_TIM_ENABLE_IT(htim, TIM_IT_CC1);
1204:Drivers/STM32F7xx_HAL_Driver/Src/stm32f7xx_hal_tim_ex.c ****       break;
1205:Drivers/STM32F7xx_HAL_Driver/Src/stm32f7xx_hal_tim_ex.c ****     }
1206:Drivers/STM32F7xx_HAL_Driver/Src/stm32f7xx_hal_tim_ex.c **** 
1207:Drivers/STM32F7xx_HAL_Driver/Src/stm32f7xx_hal_tim_ex.c ****     case TIM_CHANNEL_2:
1208:Drivers/STM32F7xx_HAL_Driver/Src/stm32f7xx_hal_tim_ex.c ****     {
1209:Drivers/STM32F7xx_HAL_Driver/Src/stm32f7xx_hal_tim_ex.c ****       /* Enable the TIM Capture/Compare 2 interrupt */
1210:Drivers/STM32F7xx_HAL_Driver/Src/stm32f7xx_hal_tim_ex.c ****       __HAL_TIM_ENABLE_IT(htim, TIM_IT_CC2);
1211:Drivers/STM32F7xx_HAL_Driver/Src/stm32f7xx_hal_tim_ex.c ****       break;
1212:Drivers/STM32F7xx_HAL_Driver/Src/stm32f7xx_hal_tim_ex.c ****     }
1213:Drivers/STM32F7xx_HAL_Driver/Src/stm32f7xx_hal_tim_ex.c **** 
1214:Drivers/STM32F7xx_HAL_Driver/Src/stm32f7xx_hal_tim_ex.c ****     case TIM_CHANNEL_3:
1215:Drivers/STM32F7xx_HAL_Driver/Src/stm32f7xx_hal_tim_ex.c ****     {
1216:Drivers/STM32F7xx_HAL_Driver/Src/stm32f7xx_hal_tim_ex.c ****       /* Enable the TIM Capture/Compare 3 interrupt */
1217:Drivers/STM32F7xx_HAL_Driver/Src/stm32f7xx_hal_tim_ex.c ****       __HAL_TIM_ENABLE_IT(htim, TIM_IT_CC3);
1218:Drivers/STM32F7xx_HAL_Driver/Src/stm32f7xx_hal_tim_ex.c ****       break;
1219:Drivers/STM32F7xx_HAL_Driver/Src/stm32f7xx_hal_tim_ex.c ****     }
1220:Drivers/STM32F7xx_HAL_Driver/Src/stm32f7xx_hal_tim_ex.c **** 
1221:Drivers/STM32F7xx_HAL_Driver/Src/stm32f7xx_hal_tim_ex.c ****     default:
1222:Drivers/STM32F7xx_HAL_Driver/Src/stm32f7xx_hal_tim_ex.c ****       status = HAL_ERROR;
1223:Drivers/STM32F7xx_HAL_Driver/Src/stm32f7xx_hal_tim_ex.c ****       break;
1224:Drivers/STM32F7xx_HAL_Driver/Src/stm32f7xx_hal_tim_ex.c ****   }
1225:Drivers/STM32F7xx_HAL_Driver/Src/stm32f7xx_hal_tim_ex.c **** 
1226:Drivers/STM32F7xx_HAL_Driver/Src/stm32f7xx_hal_tim_ex.c ****   if (status == HAL_OK)
1227:Drivers/STM32F7xx_HAL_Driver/Src/stm32f7xx_hal_tim_ex.c ****   {
1228:Drivers/STM32F7xx_HAL_Driver/Src/stm32f7xx_hal_tim_ex.c ****     /* Enable the TIM Break interrupt */
ARM GAS  /tmp/ccLIbKdJ.s 			page 23


1229:Drivers/STM32F7xx_HAL_Driver/Src/stm32f7xx_hal_tim_ex.c ****     __HAL_TIM_ENABLE_IT(htim, TIM_IT_BREAK);
1230:Drivers/STM32F7xx_HAL_Driver/Src/stm32f7xx_hal_tim_ex.c **** 
1231:Drivers/STM32F7xx_HAL_Driver/Src/stm32f7xx_hal_tim_ex.c ****     /* Enable the complementary PWM output  */
1232:Drivers/STM32F7xx_HAL_Driver/Src/stm32f7xx_hal_tim_ex.c ****     TIM_CCxNChannelCmd(htim->Instance, Channel, TIM_CCxN_ENABLE);
1233:Drivers/STM32F7xx_HAL_Driver/Src/stm32f7xx_hal_tim_ex.c **** 
1234:Drivers/STM32F7xx_HAL_Driver/Src/stm32f7xx_hal_tim_ex.c ****     /* Enable the Main Output */
1235:Drivers/STM32F7xx_HAL_Driver/Src/stm32f7xx_hal_tim_ex.c ****     __HAL_TIM_MOE_ENABLE(htim);
1236:Drivers/STM32F7xx_HAL_Driver/Src/stm32f7xx_hal_tim_ex.c **** 
1237:Drivers/STM32F7xx_HAL_Driver/Src/stm32f7xx_hal_tim_ex.c ****     /* Enable the Peripheral, except in trigger mode where enable is automatically done with trigge
1238:Drivers/STM32F7xx_HAL_Driver/Src/stm32f7xx_hal_tim_ex.c ****     if (IS_TIM_SLAVE_INSTANCE(htim->Instance))
1239:Drivers/STM32F7xx_HAL_Driver/Src/stm32f7xx_hal_tim_ex.c ****     {
1240:Drivers/STM32F7xx_HAL_Driver/Src/stm32f7xx_hal_tim_ex.c ****       tmpsmcr = htim->Instance->SMCR & TIM_SMCR_SMS;
1241:Drivers/STM32F7xx_HAL_Driver/Src/stm32f7xx_hal_tim_ex.c ****       if (!IS_TIM_SLAVEMODE_TRIGGER_ENABLED(tmpsmcr))
1242:Drivers/STM32F7xx_HAL_Driver/Src/stm32f7xx_hal_tim_ex.c ****       {
1243:Drivers/STM32F7xx_HAL_Driver/Src/stm32f7xx_hal_tim_ex.c ****         __HAL_TIM_ENABLE(htim);
1244:Drivers/STM32F7xx_HAL_Driver/Src/stm32f7xx_hal_tim_ex.c ****       }
1245:Drivers/STM32F7xx_HAL_Driver/Src/stm32f7xx_hal_tim_ex.c ****     }
1246:Drivers/STM32F7xx_HAL_Driver/Src/stm32f7xx_hal_tim_ex.c ****     else
1247:Drivers/STM32F7xx_HAL_Driver/Src/stm32f7xx_hal_tim_ex.c ****     {
1248:Drivers/STM32F7xx_HAL_Driver/Src/stm32f7xx_hal_tim_ex.c ****       __HAL_TIM_ENABLE(htim);
1249:Drivers/STM32F7xx_HAL_Driver/Src/stm32f7xx_hal_tim_ex.c ****     }
1250:Drivers/STM32F7xx_HAL_Driver/Src/stm32f7xx_hal_tim_ex.c ****   }
1251:Drivers/STM32F7xx_HAL_Driver/Src/stm32f7xx_hal_tim_ex.c **** 
1252:Drivers/STM32F7xx_HAL_Driver/Src/stm32f7xx_hal_tim_ex.c ****   /* Return function status */
1253:Drivers/STM32F7xx_HAL_Driver/Src/stm32f7xx_hal_tim_ex.c ****   return status;
1254:Drivers/STM32F7xx_HAL_Driver/Src/stm32f7xx_hal_tim_ex.c **** }
1255:Drivers/STM32F7xx_HAL_Driver/Src/stm32f7xx_hal_tim_ex.c **** 
1256:Drivers/STM32F7xx_HAL_Driver/Src/stm32f7xx_hal_tim_ex.c **** /**
1257:Drivers/STM32F7xx_HAL_Driver/Src/stm32f7xx_hal_tim_ex.c ****   * @brief  Stops the PWM signal generation in interrupt mode on the
1258:Drivers/STM32F7xx_HAL_Driver/Src/stm32f7xx_hal_tim_ex.c ****   *         complementary output.
1259:Drivers/STM32F7xx_HAL_Driver/Src/stm32f7xx_hal_tim_ex.c ****   * @param  htim TIM handle
1260:Drivers/STM32F7xx_HAL_Driver/Src/stm32f7xx_hal_tim_ex.c ****   * @param  Channel TIM Channel to be disabled
1261:Drivers/STM32F7xx_HAL_Driver/Src/stm32f7xx_hal_tim_ex.c ****   *          This parameter can be one of the following values:
1262:Drivers/STM32F7xx_HAL_Driver/Src/stm32f7xx_hal_tim_ex.c ****   *            @arg TIM_CHANNEL_1: TIM Channel 1 selected
1263:Drivers/STM32F7xx_HAL_Driver/Src/stm32f7xx_hal_tim_ex.c ****   *            @arg TIM_CHANNEL_2: TIM Channel 2 selected
1264:Drivers/STM32F7xx_HAL_Driver/Src/stm32f7xx_hal_tim_ex.c ****   *            @arg TIM_CHANNEL_3: TIM Channel 3 selected
1265:Drivers/STM32F7xx_HAL_Driver/Src/stm32f7xx_hal_tim_ex.c ****   * @retval HAL status
1266:Drivers/STM32F7xx_HAL_Driver/Src/stm32f7xx_hal_tim_ex.c ****   */
1267:Drivers/STM32F7xx_HAL_Driver/Src/stm32f7xx_hal_tim_ex.c **** HAL_StatusTypeDef HAL_TIMEx_PWMN_Stop_IT(TIM_HandleTypeDef *htim, uint32_t Channel)
1268:Drivers/STM32F7xx_HAL_Driver/Src/stm32f7xx_hal_tim_ex.c **** {
1269:Drivers/STM32F7xx_HAL_Driver/Src/stm32f7xx_hal_tim_ex.c ****   HAL_StatusTypeDef status = HAL_OK;
1270:Drivers/STM32F7xx_HAL_Driver/Src/stm32f7xx_hal_tim_ex.c ****   uint32_t tmpccer;
1271:Drivers/STM32F7xx_HAL_Driver/Src/stm32f7xx_hal_tim_ex.c **** 
1272:Drivers/STM32F7xx_HAL_Driver/Src/stm32f7xx_hal_tim_ex.c ****   /* Check the parameters */
1273:Drivers/STM32F7xx_HAL_Driver/Src/stm32f7xx_hal_tim_ex.c ****   assert_param(IS_TIM_CCXN_INSTANCE(htim->Instance, Channel));
1274:Drivers/STM32F7xx_HAL_Driver/Src/stm32f7xx_hal_tim_ex.c **** 
1275:Drivers/STM32F7xx_HAL_Driver/Src/stm32f7xx_hal_tim_ex.c ****   switch (Channel)
1276:Drivers/STM32F7xx_HAL_Driver/Src/stm32f7xx_hal_tim_ex.c ****   {
1277:Drivers/STM32F7xx_HAL_Driver/Src/stm32f7xx_hal_tim_ex.c ****     case TIM_CHANNEL_1:
1278:Drivers/STM32F7xx_HAL_Driver/Src/stm32f7xx_hal_tim_ex.c ****     {
1279:Drivers/STM32F7xx_HAL_Driver/Src/stm32f7xx_hal_tim_ex.c ****       /* Disable the TIM Capture/Compare 1 interrupt */
1280:Drivers/STM32F7xx_HAL_Driver/Src/stm32f7xx_hal_tim_ex.c ****       __HAL_TIM_DISABLE_IT(htim, TIM_IT_CC1);
1281:Drivers/STM32F7xx_HAL_Driver/Src/stm32f7xx_hal_tim_ex.c ****       break;
1282:Drivers/STM32F7xx_HAL_Driver/Src/stm32f7xx_hal_tim_ex.c ****     }
1283:Drivers/STM32F7xx_HAL_Driver/Src/stm32f7xx_hal_tim_ex.c **** 
1284:Drivers/STM32F7xx_HAL_Driver/Src/stm32f7xx_hal_tim_ex.c ****     case TIM_CHANNEL_2:
1285:Drivers/STM32F7xx_HAL_Driver/Src/stm32f7xx_hal_tim_ex.c ****     {
ARM GAS  /tmp/ccLIbKdJ.s 			page 24


1286:Drivers/STM32F7xx_HAL_Driver/Src/stm32f7xx_hal_tim_ex.c ****       /* Disable the TIM Capture/Compare 2 interrupt */
1287:Drivers/STM32F7xx_HAL_Driver/Src/stm32f7xx_hal_tim_ex.c ****       __HAL_TIM_DISABLE_IT(htim, TIM_IT_CC2);
1288:Drivers/STM32F7xx_HAL_Driver/Src/stm32f7xx_hal_tim_ex.c ****       break;
1289:Drivers/STM32F7xx_HAL_Driver/Src/stm32f7xx_hal_tim_ex.c ****     }
1290:Drivers/STM32F7xx_HAL_Driver/Src/stm32f7xx_hal_tim_ex.c **** 
1291:Drivers/STM32F7xx_HAL_Driver/Src/stm32f7xx_hal_tim_ex.c ****     case TIM_CHANNEL_3:
1292:Drivers/STM32F7xx_HAL_Driver/Src/stm32f7xx_hal_tim_ex.c ****     {
1293:Drivers/STM32F7xx_HAL_Driver/Src/stm32f7xx_hal_tim_ex.c ****       /* Disable the TIM Capture/Compare 3 interrupt */
1294:Drivers/STM32F7xx_HAL_Driver/Src/stm32f7xx_hal_tim_ex.c ****       __HAL_TIM_DISABLE_IT(htim, TIM_IT_CC3);
1295:Drivers/STM32F7xx_HAL_Driver/Src/stm32f7xx_hal_tim_ex.c ****       break;
1296:Drivers/STM32F7xx_HAL_Driver/Src/stm32f7xx_hal_tim_ex.c ****     }
1297:Drivers/STM32F7xx_HAL_Driver/Src/stm32f7xx_hal_tim_ex.c **** 
1298:Drivers/STM32F7xx_HAL_Driver/Src/stm32f7xx_hal_tim_ex.c ****     default:
1299:Drivers/STM32F7xx_HAL_Driver/Src/stm32f7xx_hal_tim_ex.c ****       status = HAL_ERROR;
1300:Drivers/STM32F7xx_HAL_Driver/Src/stm32f7xx_hal_tim_ex.c ****       break;
1301:Drivers/STM32F7xx_HAL_Driver/Src/stm32f7xx_hal_tim_ex.c ****   }
1302:Drivers/STM32F7xx_HAL_Driver/Src/stm32f7xx_hal_tim_ex.c **** 
1303:Drivers/STM32F7xx_HAL_Driver/Src/stm32f7xx_hal_tim_ex.c ****   if (status == HAL_OK)
1304:Drivers/STM32F7xx_HAL_Driver/Src/stm32f7xx_hal_tim_ex.c ****   {
1305:Drivers/STM32F7xx_HAL_Driver/Src/stm32f7xx_hal_tim_ex.c ****     /* Disable the complementary PWM output  */
1306:Drivers/STM32F7xx_HAL_Driver/Src/stm32f7xx_hal_tim_ex.c ****     TIM_CCxNChannelCmd(htim->Instance, Channel, TIM_CCxN_DISABLE);
1307:Drivers/STM32F7xx_HAL_Driver/Src/stm32f7xx_hal_tim_ex.c **** 
1308:Drivers/STM32F7xx_HAL_Driver/Src/stm32f7xx_hal_tim_ex.c ****     /* Disable the TIM Break interrupt (only if no more channel is active) */
1309:Drivers/STM32F7xx_HAL_Driver/Src/stm32f7xx_hal_tim_ex.c ****     tmpccer = htim->Instance->CCER;
1310:Drivers/STM32F7xx_HAL_Driver/Src/stm32f7xx_hal_tim_ex.c ****     if ((tmpccer & TIM_CCER_CCxNE_MASK) == (uint32_t)RESET)
1311:Drivers/STM32F7xx_HAL_Driver/Src/stm32f7xx_hal_tim_ex.c ****     {
1312:Drivers/STM32F7xx_HAL_Driver/Src/stm32f7xx_hal_tim_ex.c ****       __HAL_TIM_DISABLE_IT(htim, TIM_IT_BREAK);
1313:Drivers/STM32F7xx_HAL_Driver/Src/stm32f7xx_hal_tim_ex.c ****     }
1314:Drivers/STM32F7xx_HAL_Driver/Src/stm32f7xx_hal_tim_ex.c **** 
1315:Drivers/STM32F7xx_HAL_Driver/Src/stm32f7xx_hal_tim_ex.c ****     /* Disable the Main Output */
1316:Drivers/STM32F7xx_HAL_Driver/Src/stm32f7xx_hal_tim_ex.c ****     __HAL_TIM_MOE_DISABLE(htim);
1317:Drivers/STM32F7xx_HAL_Driver/Src/stm32f7xx_hal_tim_ex.c **** 
1318:Drivers/STM32F7xx_HAL_Driver/Src/stm32f7xx_hal_tim_ex.c ****     /* Disable the Peripheral */
1319:Drivers/STM32F7xx_HAL_Driver/Src/stm32f7xx_hal_tim_ex.c ****     __HAL_TIM_DISABLE(htim);
1320:Drivers/STM32F7xx_HAL_Driver/Src/stm32f7xx_hal_tim_ex.c **** 
1321:Drivers/STM32F7xx_HAL_Driver/Src/stm32f7xx_hal_tim_ex.c ****     /* Set the TIM complementary channel state */
1322:Drivers/STM32F7xx_HAL_Driver/Src/stm32f7xx_hal_tim_ex.c ****     TIM_CHANNEL_N_STATE_SET(htim, Channel, HAL_TIM_CHANNEL_STATE_READY);
1323:Drivers/STM32F7xx_HAL_Driver/Src/stm32f7xx_hal_tim_ex.c ****   }
1324:Drivers/STM32F7xx_HAL_Driver/Src/stm32f7xx_hal_tim_ex.c **** 
1325:Drivers/STM32F7xx_HAL_Driver/Src/stm32f7xx_hal_tim_ex.c ****   /* Return function status */
1326:Drivers/STM32F7xx_HAL_Driver/Src/stm32f7xx_hal_tim_ex.c ****   return status;
1327:Drivers/STM32F7xx_HAL_Driver/Src/stm32f7xx_hal_tim_ex.c **** }
1328:Drivers/STM32F7xx_HAL_Driver/Src/stm32f7xx_hal_tim_ex.c **** 
1329:Drivers/STM32F7xx_HAL_Driver/Src/stm32f7xx_hal_tim_ex.c **** /**
1330:Drivers/STM32F7xx_HAL_Driver/Src/stm32f7xx_hal_tim_ex.c ****   * @brief  Starts the TIM PWM signal generation in DMA mode on the
1331:Drivers/STM32F7xx_HAL_Driver/Src/stm32f7xx_hal_tim_ex.c ****   *         complementary output
1332:Drivers/STM32F7xx_HAL_Driver/Src/stm32f7xx_hal_tim_ex.c ****   * @param  htim TIM handle
1333:Drivers/STM32F7xx_HAL_Driver/Src/stm32f7xx_hal_tim_ex.c ****   * @param  Channel TIM Channel to be enabled
1334:Drivers/STM32F7xx_HAL_Driver/Src/stm32f7xx_hal_tim_ex.c ****   *          This parameter can be one of the following values:
1335:Drivers/STM32F7xx_HAL_Driver/Src/stm32f7xx_hal_tim_ex.c ****   *            @arg TIM_CHANNEL_1: TIM Channel 1 selected
1336:Drivers/STM32F7xx_HAL_Driver/Src/stm32f7xx_hal_tim_ex.c ****   *            @arg TIM_CHANNEL_2: TIM Channel 2 selected
1337:Drivers/STM32F7xx_HAL_Driver/Src/stm32f7xx_hal_tim_ex.c ****   *            @arg TIM_CHANNEL_3: TIM Channel 3 selected
1338:Drivers/STM32F7xx_HAL_Driver/Src/stm32f7xx_hal_tim_ex.c ****   * @param  pData The source Buffer address.
1339:Drivers/STM32F7xx_HAL_Driver/Src/stm32f7xx_hal_tim_ex.c ****   * @param  Length The length of data to be transferred from memory to TIM peripheral
1340:Drivers/STM32F7xx_HAL_Driver/Src/stm32f7xx_hal_tim_ex.c ****   * @retval HAL status
1341:Drivers/STM32F7xx_HAL_Driver/Src/stm32f7xx_hal_tim_ex.c ****   */
1342:Drivers/STM32F7xx_HAL_Driver/Src/stm32f7xx_hal_tim_ex.c **** HAL_StatusTypeDef HAL_TIMEx_PWMN_Start_DMA(TIM_HandleTypeDef *htim, uint32_t Channel, const uint32_
ARM GAS  /tmp/ccLIbKdJ.s 			page 25


1343:Drivers/STM32F7xx_HAL_Driver/Src/stm32f7xx_hal_tim_ex.c ****                                            uint16_t Length)
1344:Drivers/STM32F7xx_HAL_Driver/Src/stm32f7xx_hal_tim_ex.c **** {
1345:Drivers/STM32F7xx_HAL_Driver/Src/stm32f7xx_hal_tim_ex.c ****   HAL_StatusTypeDef status = HAL_OK;
1346:Drivers/STM32F7xx_HAL_Driver/Src/stm32f7xx_hal_tim_ex.c ****   uint32_t tmpsmcr;
1347:Drivers/STM32F7xx_HAL_Driver/Src/stm32f7xx_hal_tim_ex.c **** 
1348:Drivers/STM32F7xx_HAL_Driver/Src/stm32f7xx_hal_tim_ex.c ****   /* Check the parameters */
1349:Drivers/STM32F7xx_HAL_Driver/Src/stm32f7xx_hal_tim_ex.c ****   assert_param(IS_TIM_CCXN_INSTANCE(htim->Instance, Channel));
1350:Drivers/STM32F7xx_HAL_Driver/Src/stm32f7xx_hal_tim_ex.c **** 
1351:Drivers/STM32F7xx_HAL_Driver/Src/stm32f7xx_hal_tim_ex.c ****   /* Set the TIM complementary channel state */
1352:Drivers/STM32F7xx_HAL_Driver/Src/stm32f7xx_hal_tim_ex.c ****   if (TIM_CHANNEL_N_STATE_GET(htim, Channel) == HAL_TIM_CHANNEL_STATE_BUSY)
1353:Drivers/STM32F7xx_HAL_Driver/Src/stm32f7xx_hal_tim_ex.c ****   {
1354:Drivers/STM32F7xx_HAL_Driver/Src/stm32f7xx_hal_tim_ex.c ****     return HAL_BUSY;
1355:Drivers/STM32F7xx_HAL_Driver/Src/stm32f7xx_hal_tim_ex.c ****   }
1356:Drivers/STM32F7xx_HAL_Driver/Src/stm32f7xx_hal_tim_ex.c ****   else if (TIM_CHANNEL_N_STATE_GET(htim, Channel) == HAL_TIM_CHANNEL_STATE_READY)
1357:Drivers/STM32F7xx_HAL_Driver/Src/stm32f7xx_hal_tim_ex.c ****   {
1358:Drivers/STM32F7xx_HAL_Driver/Src/stm32f7xx_hal_tim_ex.c ****     if ((pData == NULL) || (Length == 0U))
1359:Drivers/STM32F7xx_HAL_Driver/Src/stm32f7xx_hal_tim_ex.c ****     {
1360:Drivers/STM32F7xx_HAL_Driver/Src/stm32f7xx_hal_tim_ex.c ****       return HAL_ERROR;
1361:Drivers/STM32F7xx_HAL_Driver/Src/stm32f7xx_hal_tim_ex.c ****     }
1362:Drivers/STM32F7xx_HAL_Driver/Src/stm32f7xx_hal_tim_ex.c ****     else
1363:Drivers/STM32F7xx_HAL_Driver/Src/stm32f7xx_hal_tim_ex.c ****     {
1364:Drivers/STM32F7xx_HAL_Driver/Src/stm32f7xx_hal_tim_ex.c ****       TIM_CHANNEL_N_STATE_SET(htim, Channel, HAL_TIM_CHANNEL_STATE_BUSY);
1365:Drivers/STM32F7xx_HAL_Driver/Src/stm32f7xx_hal_tim_ex.c ****     }
1366:Drivers/STM32F7xx_HAL_Driver/Src/stm32f7xx_hal_tim_ex.c ****   }
1367:Drivers/STM32F7xx_HAL_Driver/Src/stm32f7xx_hal_tim_ex.c ****   else
1368:Drivers/STM32F7xx_HAL_Driver/Src/stm32f7xx_hal_tim_ex.c ****   {
1369:Drivers/STM32F7xx_HAL_Driver/Src/stm32f7xx_hal_tim_ex.c ****     return HAL_ERROR;
1370:Drivers/STM32F7xx_HAL_Driver/Src/stm32f7xx_hal_tim_ex.c ****   }
1371:Drivers/STM32F7xx_HAL_Driver/Src/stm32f7xx_hal_tim_ex.c **** 
1372:Drivers/STM32F7xx_HAL_Driver/Src/stm32f7xx_hal_tim_ex.c ****   switch (Channel)
1373:Drivers/STM32F7xx_HAL_Driver/Src/stm32f7xx_hal_tim_ex.c ****   {
1374:Drivers/STM32F7xx_HAL_Driver/Src/stm32f7xx_hal_tim_ex.c ****     case TIM_CHANNEL_1:
1375:Drivers/STM32F7xx_HAL_Driver/Src/stm32f7xx_hal_tim_ex.c ****     {
1376:Drivers/STM32F7xx_HAL_Driver/Src/stm32f7xx_hal_tim_ex.c ****       /* Set the DMA compare callbacks */
1377:Drivers/STM32F7xx_HAL_Driver/Src/stm32f7xx_hal_tim_ex.c ****       htim->hdma[TIM_DMA_ID_CC1]->XferCpltCallback = TIM_DMADelayPulseNCplt;
1378:Drivers/STM32F7xx_HAL_Driver/Src/stm32f7xx_hal_tim_ex.c ****       htim->hdma[TIM_DMA_ID_CC1]->XferHalfCpltCallback = TIM_DMADelayPulseHalfCplt;
1379:Drivers/STM32F7xx_HAL_Driver/Src/stm32f7xx_hal_tim_ex.c **** 
1380:Drivers/STM32F7xx_HAL_Driver/Src/stm32f7xx_hal_tim_ex.c ****       /* Set the DMA error callback */
1381:Drivers/STM32F7xx_HAL_Driver/Src/stm32f7xx_hal_tim_ex.c ****       htim->hdma[TIM_DMA_ID_CC1]->XferErrorCallback = TIM_DMAErrorCCxN ;
1382:Drivers/STM32F7xx_HAL_Driver/Src/stm32f7xx_hal_tim_ex.c **** 
1383:Drivers/STM32F7xx_HAL_Driver/Src/stm32f7xx_hal_tim_ex.c ****       /* Enable the DMA stream */
1384:Drivers/STM32F7xx_HAL_Driver/Src/stm32f7xx_hal_tim_ex.c ****       if (HAL_DMA_Start_IT(htim->hdma[TIM_DMA_ID_CC1], (uint32_t)pData, (uint32_t)&htim->Instance->
1385:Drivers/STM32F7xx_HAL_Driver/Src/stm32f7xx_hal_tim_ex.c ****                            Length) != HAL_OK)
1386:Drivers/STM32F7xx_HAL_Driver/Src/stm32f7xx_hal_tim_ex.c ****       {
1387:Drivers/STM32F7xx_HAL_Driver/Src/stm32f7xx_hal_tim_ex.c ****         /* Return error status */
1388:Drivers/STM32F7xx_HAL_Driver/Src/stm32f7xx_hal_tim_ex.c ****         return HAL_ERROR;
1389:Drivers/STM32F7xx_HAL_Driver/Src/stm32f7xx_hal_tim_ex.c ****       }
1390:Drivers/STM32F7xx_HAL_Driver/Src/stm32f7xx_hal_tim_ex.c ****       /* Enable the TIM Capture/Compare 1 DMA request */
1391:Drivers/STM32F7xx_HAL_Driver/Src/stm32f7xx_hal_tim_ex.c ****       __HAL_TIM_ENABLE_DMA(htim, TIM_DMA_CC1);
1392:Drivers/STM32F7xx_HAL_Driver/Src/stm32f7xx_hal_tim_ex.c ****       break;
1393:Drivers/STM32F7xx_HAL_Driver/Src/stm32f7xx_hal_tim_ex.c ****     }
1394:Drivers/STM32F7xx_HAL_Driver/Src/stm32f7xx_hal_tim_ex.c **** 
1395:Drivers/STM32F7xx_HAL_Driver/Src/stm32f7xx_hal_tim_ex.c ****     case TIM_CHANNEL_2:
1396:Drivers/STM32F7xx_HAL_Driver/Src/stm32f7xx_hal_tim_ex.c ****     {
1397:Drivers/STM32F7xx_HAL_Driver/Src/stm32f7xx_hal_tim_ex.c ****       /* Set the DMA compare callbacks */
1398:Drivers/STM32F7xx_HAL_Driver/Src/stm32f7xx_hal_tim_ex.c ****       htim->hdma[TIM_DMA_ID_CC2]->XferCpltCallback = TIM_DMADelayPulseNCplt;
1399:Drivers/STM32F7xx_HAL_Driver/Src/stm32f7xx_hal_tim_ex.c ****       htim->hdma[TIM_DMA_ID_CC2]->XferHalfCpltCallback = TIM_DMADelayPulseHalfCplt;
ARM GAS  /tmp/ccLIbKdJ.s 			page 26


1400:Drivers/STM32F7xx_HAL_Driver/Src/stm32f7xx_hal_tim_ex.c **** 
1401:Drivers/STM32F7xx_HAL_Driver/Src/stm32f7xx_hal_tim_ex.c ****       /* Set the DMA error callback */
1402:Drivers/STM32F7xx_HAL_Driver/Src/stm32f7xx_hal_tim_ex.c ****       htim->hdma[TIM_DMA_ID_CC2]->XferErrorCallback = TIM_DMAErrorCCxN ;
1403:Drivers/STM32F7xx_HAL_Driver/Src/stm32f7xx_hal_tim_ex.c **** 
1404:Drivers/STM32F7xx_HAL_Driver/Src/stm32f7xx_hal_tim_ex.c ****       /* Enable the DMA stream */
1405:Drivers/STM32F7xx_HAL_Driver/Src/stm32f7xx_hal_tim_ex.c ****       if (HAL_DMA_Start_IT(htim->hdma[TIM_DMA_ID_CC2], (uint32_t)pData, (uint32_t)&htim->Instance->
1406:Drivers/STM32F7xx_HAL_Driver/Src/stm32f7xx_hal_tim_ex.c ****                            Length) != HAL_OK)
1407:Drivers/STM32F7xx_HAL_Driver/Src/stm32f7xx_hal_tim_ex.c ****       {
1408:Drivers/STM32F7xx_HAL_Driver/Src/stm32f7xx_hal_tim_ex.c ****         /* Return error status */
1409:Drivers/STM32F7xx_HAL_Driver/Src/stm32f7xx_hal_tim_ex.c ****         return HAL_ERROR;
1410:Drivers/STM32F7xx_HAL_Driver/Src/stm32f7xx_hal_tim_ex.c ****       }
1411:Drivers/STM32F7xx_HAL_Driver/Src/stm32f7xx_hal_tim_ex.c ****       /* Enable the TIM Capture/Compare 2 DMA request */
1412:Drivers/STM32F7xx_HAL_Driver/Src/stm32f7xx_hal_tim_ex.c ****       __HAL_TIM_ENABLE_DMA(htim, TIM_DMA_CC2);
1413:Drivers/STM32F7xx_HAL_Driver/Src/stm32f7xx_hal_tim_ex.c ****       break;
1414:Drivers/STM32F7xx_HAL_Driver/Src/stm32f7xx_hal_tim_ex.c ****     }
1415:Drivers/STM32F7xx_HAL_Driver/Src/stm32f7xx_hal_tim_ex.c **** 
1416:Drivers/STM32F7xx_HAL_Driver/Src/stm32f7xx_hal_tim_ex.c ****     case TIM_CHANNEL_3:
1417:Drivers/STM32F7xx_HAL_Driver/Src/stm32f7xx_hal_tim_ex.c ****     {
1418:Drivers/STM32F7xx_HAL_Driver/Src/stm32f7xx_hal_tim_ex.c ****       /* Set the DMA compare callbacks */
1419:Drivers/STM32F7xx_HAL_Driver/Src/stm32f7xx_hal_tim_ex.c ****       htim->hdma[TIM_DMA_ID_CC3]->XferCpltCallback = TIM_DMADelayPulseNCplt;
1420:Drivers/STM32F7xx_HAL_Driver/Src/stm32f7xx_hal_tim_ex.c ****       htim->hdma[TIM_DMA_ID_CC3]->XferHalfCpltCallback = TIM_DMADelayPulseHalfCplt;
1421:Drivers/STM32F7xx_HAL_Driver/Src/stm32f7xx_hal_tim_ex.c **** 
1422:Drivers/STM32F7xx_HAL_Driver/Src/stm32f7xx_hal_tim_ex.c ****       /* Set the DMA error callback */
1423:Drivers/STM32F7xx_HAL_Driver/Src/stm32f7xx_hal_tim_ex.c ****       htim->hdma[TIM_DMA_ID_CC3]->XferErrorCallback = TIM_DMAErrorCCxN ;
1424:Drivers/STM32F7xx_HAL_Driver/Src/stm32f7xx_hal_tim_ex.c **** 
1425:Drivers/STM32F7xx_HAL_Driver/Src/stm32f7xx_hal_tim_ex.c ****       /* Enable the DMA stream */
1426:Drivers/STM32F7xx_HAL_Driver/Src/stm32f7xx_hal_tim_ex.c ****       if (HAL_DMA_Start_IT(htim->hdma[TIM_DMA_ID_CC3], (uint32_t)pData, (uint32_t)&htim->Instance->
1427:Drivers/STM32F7xx_HAL_Driver/Src/stm32f7xx_hal_tim_ex.c ****                            Length) != HAL_OK)
1428:Drivers/STM32F7xx_HAL_Driver/Src/stm32f7xx_hal_tim_ex.c ****       {
1429:Drivers/STM32F7xx_HAL_Driver/Src/stm32f7xx_hal_tim_ex.c ****         /* Return error status */
1430:Drivers/STM32F7xx_HAL_Driver/Src/stm32f7xx_hal_tim_ex.c ****         return HAL_ERROR;
1431:Drivers/STM32F7xx_HAL_Driver/Src/stm32f7xx_hal_tim_ex.c ****       }
1432:Drivers/STM32F7xx_HAL_Driver/Src/stm32f7xx_hal_tim_ex.c ****       /* Enable the TIM Capture/Compare 3 DMA request */
1433:Drivers/STM32F7xx_HAL_Driver/Src/stm32f7xx_hal_tim_ex.c ****       __HAL_TIM_ENABLE_DMA(htim, TIM_DMA_CC3);
1434:Drivers/STM32F7xx_HAL_Driver/Src/stm32f7xx_hal_tim_ex.c ****       break;
1435:Drivers/STM32F7xx_HAL_Driver/Src/stm32f7xx_hal_tim_ex.c ****     }
1436:Drivers/STM32F7xx_HAL_Driver/Src/stm32f7xx_hal_tim_ex.c **** 
1437:Drivers/STM32F7xx_HAL_Driver/Src/stm32f7xx_hal_tim_ex.c ****     default:
1438:Drivers/STM32F7xx_HAL_Driver/Src/stm32f7xx_hal_tim_ex.c ****       status = HAL_ERROR;
1439:Drivers/STM32F7xx_HAL_Driver/Src/stm32f7xx_hal_tim_ex.c ****       break;
1440:Drivers/STM32F7xx_HAL_Driver/Src/stm32f7xx_hal_tim_ex.c ****   }
1441:Drivers/STM32F7xx_HAL_Driver/Src/stm32f7xx_hal_tim_ex.c **** 
1442:Drivers/STM32F7xx_HAL_Driver/Src/stm32f7xx_hal_tim_ex.c ****   if (status == HAL_OK)
1443:Drivers/STM32F7xx_HAL_Driver/Src/stm32f7xx_hal_tim_ex.c ****   {
1444:Drivers/STM32F7xx_HAL_Driver/Src/stm32f7xx_hal_tim_ex.c ****     /* Enable the complementary PWM output  */
1445:Drivers/STM32F7xx_HAL_Driver/Src/stm32f7xx_hal_tim_ex.c ****     TIM_CCxNChannelCmd(htim->Instance, Channel, TIM_CCxN_ENABLE);
1446:Drivers/STM32F7xx_HAL_Driver/Src/stm32f7xx_hal_tim_ex.c **** 
1447:Drivers/STM32F7xx_HAL_Driver/Src/stm32f7xx_hal_tim_ex.c ****     /* Enable the Main Output */
1448:Drivers/STM32F7xx_HAL_Driver/Src/stm32f7xx_hal_tim_ex.c ****     __HAL_TIM_MOE_ENABLE(htim);
1449:Drivers/STM32F7xx_HAL_Driver/Src/stm32f7xx_hal_tim_ex.c **** 
1450:Drivers/STM32F7xx_HAL_Driver/Src/stm32f7xx_hal_tim_ex.c ****     /* Enable the Peripheral, except in trigger mode where enable is automatically done with trigge
1451:Drivers/STM32F7xx_HAL_Driver/Src/stm32f7xx_hal_tim_ex.c ****     if (IS_TIM_SLAVE_INSTANCE(htim->Instance))
1452:Drivers/STM32F7xx_HAL_Driver/Src/stm32f7xx_hal_tim_ex.c ****     {
1453:Drivers/STM32F7xx_HAL_Driver/Src/stm32f7xx_hal_tim_ex.c ****       tmpsmcr = htim->Instance->SMCR & TIM_SMCR_SMS;
1454:Drivers/STM32F7xx_HAL_Driver/Src/stm32f7xx_hal_tim_ex.c ****       if (!IS_TIM_SLAVEMODE_TRIGGER_ENABLED(tmpsmcr))
1455:Drivers/STM32F7xx_HAL_Driver/Src/stm32f7xx_hal_tim_ex.c ****       {
1456:Drivers/STM32F7xx_HAL_Driver/Src/stm32f7xx_hal_tim_ex.c ****         __HAL_TIM_ENABLE(htim);
ARM GAS  /tmp/ccLIbKdJ.s 			page 27


1457:Drivers/STM32F7xx_HAL_Driver/Src/stm32f7xx_hal_tim_ex.c ****       }
1458:Drivers/STM32F7xx_HAL_Driver/Src/stm32f7xx_hal_tim_ex.c ****     }
1459:Drivers/STM32F7xx_HAL_Driver/Src/stm32f7xx_hal_tim_ex.c ****     else
1460:Drivers/STM32F7xx_HAL_Driver/Src/stm32f7xx_hal_tim_ex.c ****     {
1461:Drivers/STM32F7xx_HAL_Driver/Src/stm32f7xx_hal_tim_ex.c ****       __HAL_TIM_ENABLE(htim);
1462:Drivers/STM32F7xx_HAL_Driver/Src/stm32f7xx_hal_tim_ex.c ****     }
1463:Drivers/STM32F7xx_HAL_Driver/Src/stm32f7xx_hal_tim_ex.c ****   }
1464:Drivers/STM32F7xx_HAL_Driver/Src/stm32f7xx_hal_tim_ex.c **** 
1465:Drivers/STM32F7xx_HAL_Driver/Src/stm32f7xx_hal_tim_ex.c ****   /* Return function status */
1466:Drivers/STM32F7xx_HAL_Driver/Src/stm32f7xx_hal_tim_ex.c ****   return status;
1467:Drivers/STM32F7xx_HAL_Driver/Src/stm32f7xx_hal_tim_ex.c **** }
1468:Drivers/STM32F7xx_HAL_Driver/Src/stm32f7xx_hal_tim_ex.c **** 
1469:Drivers/STM32F7xx_HAL_Driver/Src/stm32f7xx_hal_tim_ex.c **** /**
1470:Drivers/STM32F7xx_HAL_Driver/Src/stm32f7xx_hal_tim_ex.c ****   * @brief  Stops the TIM PWM signal generation in DMA mode on the complementary
1471:Drivers/STM32F7xx_HAL_Driver/Src/stm32f7xx_hal_tim_ex.c ****   *         output
1472:Drivers/STM32F7xx_HAL_Driver/Src/stm32f7xx_hal_tim_ex.c ****   * @param  htim TIM handle
1473:Drivers/STM32F7xx_HAL_Driver/Src/stm32f7xx_hal_tim_ex.c ****   * @param  Channel TIM Channel to be disabled
1474:Drivers/STM32F7xx_HAL_Driver/Src/stm32f7xx_hal_tim_ex.c ****   *          This parameter can be one of the following values:
1475:Drivers/STM32F7xx_HAL_Driver/Src/stm32f7xx_hal_tim_ex.c ****   *            @arg TIM_CHANNEL_1: TIM Channel 1 selected
1476:Drivers/STM32F7xx_HAL_Driver/Src/stm32f7xx_hal_tim_ex.c ****   *            @arg TIM_CHANNEL_2: TIM Channel 2 selected
1477:Drivers/STM32F7xx_HAL_Driver/Src/stm32f7xx_hal_tim_ex.c ****   *            @arg TIM_CHANNEL_3: TIM Channel 3 selected
1478:Drivers/STM32F7xx_HAL_Driver/Src/stm32f7xx_hal_tim_ex.c ****   * @retval HAL status
1479:Drivers/STM32F7xx_HAL_Driver/Src/stm32f7xx_hal_tim_ex.c ****   */
1480:Drivers/STM32F7xx_HAL_Driver/Src/stm32f7xx_hal_tim_ex.c **** HAL_StatusTypeDef HAL_TIMEx_PWMN_Stop_DMA(TIM_HandleTypeDef *htim, uint32_t Channel)
1481:Drivers/STM32F7xx_HAL_Driver/Src/stm32f7xx_hal_tim_ex.c **** {
1482:Drivers/STM32F7xx_HAL_Driver/Src/stm32f7xx_hal_tim_ex.c ****   HAL_StatusTypeDef status = HAL_OK;
1483:Drivers/STM32F7xx_HAL_Driver/Src/stm32f7xx_hal_tim_ex.c **** 
1484:Drivers/STM32F7xx_HAL_Driver/Src/stm32f7xx_hal_tim_ex.c ****   /* Check the parameters */
1485:Drivers/STM32F7xx_HAL_Driver/Src/stm32f7xx_hal_tim_ex.c ****   assert_param(IS_TIM_CCXN_INSTANCE(htim->Instance, Channel));
1486:Drivers/STM32F7xx_HAL_Driver/Src/stm32f7xx_hal_tim_ex.c **** 
1487:Drivers/STM32F7xx_HAL_Driver/Src/stm32f7xx_hal_tim_ex.c ****   switch (Channel)
1488:Drivers/STM32F7xx_HAL_Driver/Src/stm32f7xx_hal_tim_ex.c ****   {
1489:Drivers/STM32F7xx_HAL_Driver/Src/stm32f7xx_hal_tim_ex.c ****     case TIM_CHANNEL_1:
1490:Drivers/STM32F7xx_HAL_Driver/Src/stm32f7xx_hal_tim_ex.c ****     {
1491:Drivers/STM32F7xx_HAL_Driver/Src/stm32f7xx_hal_tim_ex.c ****       /* Disable the TIM Capture/Compare 1 DMA request */
1492:Drivers/STM32F7xx_HAL_Driver/Src/stm32f7xx_hal_tim_ex.c ****       __HAL_TIM_DISABLE_DMA(htim, TIM_DMA_CC1);
1493:Drivers/STM32F7xx_HAL_Driver/Src/stm32f7xx_hal_tim_ex.c ****       (void)HAL_DMA_Abort_IT(htim->hdma[TIM_DMA_ID_CC1]);
1494:Drivers/STM32F7xx_HAL_Driver/Src/stm32f7xx_hal_tim_ex.c ****       break;
1495:Drivers/STM32F7xx_HAL_Driver/Src/stm32f7xx_hal_tim_ex.c ****     }
1496:Drivers/STM32F7xx_HAL_Driver/Src/stm32f7xx_hal_tim_ex.c **** 
1497:Drivers/STM32F7xx_HAL_Driver/Src/stm32f7xx_hal_tim_ex.c ****     case TIM_CHANNEL_2:
1498:Drivers/STM32F7xx_HAL_Driver/Src/stm32f7xx_hal_tim_ex.c ****     {
1499:Drivers/STM32F7xx_HAL_Driver/Src/stm32f7xx_hal_tim_ex.c ****       /* Disable the TIM Capture/Compare 2 DMA request */
1500:Drivers/STM32F7xx_HAL_Driver/Src/stm32f7xx_hal_tim_ex.c ****       __HAL_TIM_DISABLE_DMA(htim, TIM_DMA_CC2);
1501:Drivers/STM32F7xx_HAL_Driver/Src/stm32f7xx_hal_tim_ex.c ****       (void)HAL_DMA_Abort_IT(htim->hdma[TIM_DMA_ID_CC2]);
1502:Drivers/STM32F7xx_HAL_Driver/Src/stm32f7xx_hal_tim_ex.c ****       break;
1503:Drivers/STM32F7xx_HAL_Driver/Src/stm32f7xx_hal_tim_ex.c ****     }
1504:Drivers/STM32F7xx_HAL_Driver/Src/stm32f7xx_hal_tim_ex.c **** 
1505:Drivers/STM32F7xx_HAL_Driver/Src/stm32f7xx_hal_tim_ex.c ****     case TIM_CHANNEL_3:
1506:Drivers/STM32F7xx_HAL_Driver/Src/stm32f7xx_hal_tim_ex.c ****     {
1507:Drivers/STM32F7xx_HAL_Driver/Src/stm32f7xx_hal_tim_ex.c ****       /* Disable the TIM Capture/Compare 3 DMA request */
1508:Drivers/STM32F7xx_HAL_Driver/Src/stm32f7xx_hal_tim_ex.c ****       __HAL_TIM_DISABLE_DMA(htim, TIM_DMA_CC3);
1509:Drivers/STM32F7xx_HAL_Driver/Src/stm32f7xx_hal_tim_ex.c ****       (void)HAL_DMA_Abort_IT(htim->hdma[TIM_DMA_ID_CC3]);
1510:Drivers/STM32F7xx_HAL_Driver/Src/stm32f7xx_hal_tim_ex.c ****       break;
1511:Drivers/STM32F7xx_HAL_Driver/Src/stm32f7xx_hal_tim_ex.c ****     }
1512:Drivers/STM32F7xx_HAL_Driver/Src/stm32f7xx_hal_tim_ex.c **** 
1513:Drivers/STM32F7xx_HAL_Driver/Src/stm32f7xx_hal_tim_ex.c ****     default:
ARM GAS  /tmp/ccLIbKdJ.s 			page 28


1514:Drivers/STM32F7xx_HAL_Driver/Src/stm32f7xx_hal_tim_ex.c ****       status = HAL_ERROR;
1515:Drivers/STM32F7xx_HAL_Driver/Src/stm32f7xx_hal_tim_ex.c ****       break;
1516:Drivers/STM32F7xx_HAL_Driver/Src/stm32f7xx_hal_tim_ex.c ****   }
1517:Drivers/STM32F7xx_HAL_Driver/Src/stm32f7xx_hal_tim_ex.c **** 
1518:Drivers/STM32F7xx_HAL_Driver/Src/stm32f7xx_hal_tim_ex.c ****   if (status == HAL_OK)
1519:Drivers/STM32F7xx_HAL_Driver/Src/stm32f7xx_hal_tim_ex.c ****   {
1520:Drivers/STM32F7xx_HAL_Driver/Src/stm32f7xx_hal_tim_ex.c ****     /* Disable the complementary PWM output */
1521:Drivers/STM32F7xx_HAL_Driver/Src/stm32f7xx_hal_tim_ex.c ****     TIM_CCxNChannelCmd(htim->Instance, Channel, TIM_CCxN_DISABLE);
1522:Drivers/STM32F7xx_HAL_Driver/Src/stm32f7xx_hal_tim_ex.c **** 
1523:Drivers/STM32F7xx_HAL_Driver/Src/stm32f7xx_hal_tim_ex.c ****     /* Disable the Main Output */
1524:Drivers/STM32F7xx_HAL_Driver/Src/stm32f7xx_hal_tim_ex.c ****     __HAL_TIM_MOE_DISABLE(htim);
1525:Drivers/STM32F7xx_HAL_Driver/Src/stm32f7xx_hal_tim_ex.c **** 
1526:Drivers/STM32F7xx_HAL_Driver/Src/stm32f7xx_hal_tim_ex.c ****     /* Disable the Peripheral */
1527:Drivers/STM32F7xx_HAL_Driver/Src/stm32f7xx_hal_tim_ex.c ****     __HAL_TIM_DISABLE(htim);
1528:Drivers/STM32F7xx_HAL_Driver/Src/stm32f7xx_hal_tim_ex.c **** 
1529:Drivers/STM32F7xx_HAL_Driver/Src/stm32f7xx_hal_tim_ex.c ****     /* Set the TIM complementary channel state */
1530:Drivers/STM32F7xx_HAL_Driver/Src/stm32f7xx_hal_tim_ex.c ****     TIM_CHANNEL_N_STATE_SET(htim, Channel, HAL_TIM_CHANNEL_STATE_READY);
1531:Drivers/STM32F7xx_HAL_Driver/Src/stm32f7xx_hal_tim_ex.c ****   }
1532:Drivers/STM32F7xx_HAL_Driver/Src/stm32f7xx_hal_tim_ex.c **** 
1533:Drivers/STM32F7xx_HAL_Driver/Src/stm32f7xx_hal_tim_ex.c ****   /* Return function status */
1534:Drivers/STM32F7xx_HAL_Driver/Src/stm32f7xx_hal_tim_ex.c ****   return status;
1535:Drivers/STM32F7xx_HAL_Driver/Src/stm32f7xx_hal_tim_ex.c **** }
1536:Drivers/STM32F7xx_HAL_Driver/Src/stm32f7xx_hal_tim_ex.c **** 
1537:Drivers/STM32F7xx_HAL_Driver/Src/stm32f7xx_hal_tim_ex.c **** /**
1538:Drivers/STM32F7xx_HAL_Driver/Src/stm32f7xx_hal_tim_ex.c ****   * @}
1539:Drivers/STM32F7xx_HAL_Driver/Src/stm32f7xx_hal_tim_ex.c ****   */
1540:Drivers/STM32F7xx_HAL_Driver/Src/stm32f7xx_hal_tim_ex.c **** 
1541:Drivers/STM32F7xx_HAL_Driver/Src/stm32f7xx_hal_tim_ex.c **** /** @defgroup TIMEx_Exported_Functions_Group4 Extended Timer Complementary One Pulse functions
1542:Drivers/STM32F7xx_HAL_Driver/Src/stm32f7xx_hal_tim_ex.c ****   * @brief    Timer Complementary One Pulse functions
1543:Drivers/STM32F7xx_HAL_Driver/Src/stm32f7xx_hal_tim_ex.c ****   *
1544:Drivers/STM32F7xx_HAL_Driver/Src/stm32f7xx_hal_tim_ex.c **** @verbatim
1545:Drivers/STM32F7xx_HAL_Driver/Src/stm32f7xx_hal_tim_ex.c ****   ==============================================================================
1546:Drivers/STM32F7xx_HAL_Driver/Src/stm32f7xx_hal_tim_ex.c ****                 ##### Timer Complementary One Pulse functions #####
1547:Drivers/STM32F7xx_HAL_Driver/Src/stm32f7xx_hal_tim_ex.c ****   ==============================================================================
1548:Drivers/STM32F7xx_HAL_Driver/Src/stm32f7xx_hal_tim_ex.c ****   [..]
1549:Drivers/STM32F7xx_HAL_Driver/Src/stm32f7xx_hal_tim_ex.c ****     This section provides functions allowing to:
1550:Drivers/STM32F7xx_HAL_Driver/Src/stm32f7xx_hal_tim_ex.c ****     (+) Start the Complementary One Pulse generation.
1551:Drivers/STM32F7xx_HAL_Driver/Src/stm32f7xx_hal_tim_ex.c ****     (+) Stop the Complementary One Pulse.
1552:Drivers/STM32F7xx_HAL_Driver/Src/stm32f7xx_hal_tim_ex.c ****     (+) Start the Complementary One Pulse and enable interrupts.
1553:Drivers/STM32F7xx_HAL_Driver/Src/stm32f7xx_hal_tim_ex.c ****     (+) Stop the Complementary One Pulse and disable interrupts.
1554:Drivers/STM32F7xx_HAL_Driver/Src/stm32f7xx_hal_tim_ex.c **** 
1555:Drivers/STM32F7xx_HAL_Driver/Src/stm32f7xx_hal_tim_ex.c **** @endverbatim
1556:Drivers/STM32F7xx_HAL_Driver/Src/stm32f7xx_hal_tim_ex.c ****   * @{
1557:Drivers/STM32F7xx_HAL_Driver/Src/stm32f7xx_hal_tim_ex.c ****   */
1558:Drivers/STM32F7xx_HAL_Driver/Src/stm32f7xx_hal_tim_ex.c **** 
1559:Drivers/STM32F7xx_HAL_Driver/Src/stm32f7xx_hal_tim_ex.c **** /**
1560:Drivers/STM32F7xx_HAL_Driver/Src/stm32f7xx_hal_tim_ex.c ****   * @brief  Starts the TIM One Pulse signal generation on the complementary
1561:Drivers/STM32F7xx_HAL_Driver/Src/stm32f7xx_hal_tim_ex.c ****   *         output.
1562:Drivers/STM32F7xx_HAL_Driver/Src/stm32f7xx_hal_tim_ex.c ****   * @note OutputChannel must match the pulse output channel chosen when calling
1563:Drivers/STM32F7xx_HAL_Driver/Src/stm32f7xx_hal_tim_ex.c ****   *       @ref HAL_TIM_OnePulse_ConfigChannel().
1564:Drivers/STM32F7xx_HAL_Driver/Src/stm32f7xx_hal_tim_ex.c ****   * @param  htim TIM One Pulse handle
1565:Drivers/STM32F7xx_HAL_Driver/Src/stm32f7xx_hal_tim_ex.c ****   * @param  OutputChannel pulse output channel to enable
1566:Drivers/STM32F7xx_HAL_Driver/Src/stm32f7xx_hal_tim_ex.c ****   *          This parameter can be one of the following values:
1567:Drivers/STM32F7xx_HAL_Driver/Src/stm32f7xx_hal_tim_ex.c ****   *            @arg TIM_CHANNEL_1: TIM Channel 1 selected
1568:Drivers/STM32F7xx_HAL_Driver/Src/stm32f7xx_hal_tim_ex.c ****   *            @arg TIM_CHANNEL_2: TIM Channel 2 selected
1569:Drivers/STM32F7xx_HAL_Driver/Src/stm32f7xx_hal_tim_ex.c ****   * @retval HAL status
1570:Drivers/STM32F7xx_HAL_Driver/Src/stm32f7xx_hal_tim_ex.c ****   */
ARM GAS  /tmp/ccLIbKdJ.s 			page 29


1571:Drivers/STM32F7xx_HAL_Driver/Src/stm32f7xx_hal_tim_ex.c **** HAL_StatusTypeDef HAL_TIMEx_OnePulseN_Start(TIM_HandleTypeDef *htim, uint32_t OutputChannel)
1572:Drivers/STM32F7xx_HAL_Driver/Src/stm32f7xx_hal_tim_ex.c **** {
1573:Drivers/STM32F7xx_HAL_Driver/Src/stm32f7xx_hal_tim_ex.c ****   uint32_t input_channel = (OutputChannel == TIM_CHANNEL_1) ? TIM_CHANNEL_2 : TIM_CHANNEL_1;
1574:Drivers/STM32F7xx_HAL_Driver/Src/stm32f7xx_hal_tim_ex.c ****   HAL_TIM_ChannelStateTypeDef channel_1_state = TIM_CHANNEL_STATE_GET(htim, TIM_CHANNEL_1);
1575:Drivers/STM32F7xx_HAL_Driver/Src/stm32f7xx_hal_tim_ex.c ****   HAL_TIM_ChannelStateTypeDef channel_2_state = TIM_CHANNEL_STATE_GET(htim, TIM_CHANNEL_2);
1576:Drivers/STM32F7xx_HAL_Driver/Src/stm32f7xx_hal_tim_ex.c ****   HAL_TIM_ChannelStateTypeDef complementary_channel_1_state = TIM_CHANNEL_N_STATE_GET(htim, TIM_CHA
1577:Drivers/STM32F7xx_HAL_Driver/Src/stm32f7xx_hal_tim_ex.c ****   HAL_TIM_ChannelStateTypeDef complementary_channel_2_state = TIM_CHANNEL_N_STATE_GET(htim, TIM_CHA
1578:Drivers/STM32F7xx_HAL_Driver/Src/stm32f7xx_hal_tim_ex.c **** 
1579:Drivers/STM32F7xx_HAL_Driver/Src/stm32f7xx_hal_tim_ex.c ****   /* Check the parameters */
1580:Drivers/STM32F7xx_HAL_Driver/Src/stm32f7xx_hal_tim_ex.c ****   assert_param(IS_TIM_CCXN_INSTANCE(htim->Instance, OutputChannel));
1581:Drivers/STM32F7xx_HAL_Driver/Src/stm32f7xx_hal_tim_ex.c **** 
1582:Drivers/STM32F7xx_HAL_Driver/Src/stm32f7xx_hal_tim_ex.c ****   /* Check the TIM channels state */
1583:Drivers/STM32F7xx_HAL_Driver/Src/stm32f7xx_hal_tim_ex.c ****   if ((channel_1_state != HAL_TIM_CHANNEL_STATE_READY)
1584:Drivers/STM32F7xx_HAL_Driver/Src/stm32f7xx_hal_tim_ex.c ****       || (channel_2_state != HAL_TIM_CHANNEL_STATE_READY)
1585:Drivers/STM32F7xx_HAL_Driver/Src/stm32f7xx_hal_tim_ex.c ****       || (complementary_channel_1_state != HAL_TIM_CHANNEL_STATE_READY)
1586:Drivers/STM32F7xx_HAL_Driver/Src/stm32f7xx_hal_tim_ex.c ****       || (complementary_channel_2_state != HAL_TIM_CHANNEL_STATE_READY))
1587:Drivers/STM32F7xx_HAL_Driver/Src/stm32f7xx_hal_tim_ex.c ****   {
1588:Drivers/STM32F7xx_HAL_Driver/Src/stm32f7xx_hal_tim_ex.c ****     return HAL_ERROR;
1589:Drivers/STM32F7xx_HAL_Driver/Src/stm32f7xx_hal_tim_ex.c ****   }
1590:Drivers/STM32F7xx_HAL_Driver/Src/stm32f7xx_hal_tim_ex.c **** 
1591:Drivers/STM32F7xx_HAL_Driver/Src/stm32f7xx_hal_tim_ex.c ****   /* Set the TIM channels state */
1592:Drivers/STM32F7xx_HAL_Driver/Src/stm32f7xx_hal_tim_ex.c ****   TIM_CHANNEL_STATE_SET(htim, TIM_CHANNEL_1, HAL_TIM_CHANNEL_STATE_BUSY);
1593:Drivers/STM32F7xx_HAL_Driver/Src/stm32f7xx_hal_tim_ex.c ****   TIM_CHANNEL_STATE_SET(htim, TIM_CHANNEL_2, HAL_TIM_CHANNEL_STATE_BUSY);
1594:Drivers/STM32F7xx_HAL_Driver/Src/stm32f7xx_hal_tim_ex.c ****   TIM_CHANNEL_N_STATE_SET(htim, TIM_CHANNEL_1, HAL_TIM_CHANNEL_STATE_BUSY);
1595:Drivers/STM32F7xx_HAL_Driver/Src/stm32f7xx_hal_tim_ex.c ****   TIM_CHANNEL_N_STATE_SET(htim, TIM_CHANNEL_2, HAL_TIM_CHANNEL_STATE_BUSY);
1596:Drivers/STM32F7xx_HAL_Driver/Src/stm32f7xx_hal_tim_ex.c **** 
1597:Drivers/STM32F7xx_HAL_Driver/Src/stm32f7xx_hal_tim_ex.c ****   /* Enable the complementary One Pulse output channel and the Input Capture channel */
1598:Drivers/STM32F7xx_HAL_Driver/Src/stm32f7xx_hal_tim_ex.c ****   TIM_CCxNChannelCmd(htim->Instance, OutputChannel, TIM_CCxN_ENABLE);
1599:Drivers/STM32F7xx_HAL_Driver/Src/stm32f7xx_hal_tim_ex.c ****   TIM_CCxChannelCmd(htim->Instance, input_channel, TIM_CCx_ENABLE);
1600:Drivers/STM32F7xx_HAL_Driver/Src/stm32f7xx_hal_tim_ex.c **** 
1601:Drivers/STM32F7xx_HAL_Driver/Src/stm32f7xx_hal_tim_ex.c ****   /* Enable the Main Output */
1602:Drivers/STM32F7xx_HAL_Driver/Src/stm32f7xx_hal_tim_ex.c ****   __HAL_TIM_MOE_ENABLE(htim);
1603:Drivers/STM32F7xx_HAL_Driver/Src/stm32f7xx_hal_tim_ex.c **** 
1604:Drivers/STM32F7xx_HAL_Driver/Src/stm32f7xx_hal_tim_ex.c ****   /* Return function status */
1605:Drivers/STM32F7xx_HAL_Driver/Src/stm32f7xx_hal_tim_ex.c ****   return HAL_OK;
1606:Drivers/STM32F7xx_HAL_Driver/Src/stm32f7xx_hal_tim_ex.c **** }
1607:Drivers/STM32F7xx_HAL_Driver/Src/stm32f7xx_hal_tim_ex.c **** 
1608:Drivers/STM32F7xx_HAL_Driver/Src/stm32f7xx_hal_tim_ex.c **** /**
1609:Drivers/STM32F7xx_HAL_Driver/Src/stm32f7xx_hal_tim_ex.c ****   * @brief  Stops the TIM One Pulse signal generation on the complementary
1610:Drivers/STM32F7xx_HAL_Driver/Src/stm32f7xx_hal_tim_ex.c ****   *         output.
1611:Drivers/STM32F7xx_HAL_Driver/Src/stm32f7xx_hal_tim_ex.c ****   * @note OutputChannel must match the pulse output channel chosen when calling
1612:Drivers/STM32F7xx_HAL_Driver/Src/stm32f7xx_hal_tim_ex.c ****   *       @ref HAL_TIM_OnePulse_ConfigChannel().
1613:Drivers/STM32F7xx_HAL_Driver/Src/stm32f7xx_hal_tim_ex.c ****   * @param  htim TIM One Pulse handle
1614:Drivers/STM32F7xx_HAL_Driver/Src/stm32f7xx_hal_tim_ex.c ****   * @param  OutputChannel pulse output channel to disable
1615:Drivers/STM32F7xx_HAL_Driver/Src/stm32f7xx_hal_tim_ex.c ****   *          This parameter can be one of the following values:
1616:Drivers/STM32F7xx_HAL_Driver/Src/stm32f7xx_hal_tim_ex.c ****   *            @arg TIM_CHANNEL_1: TIM Channel 1 selected
1617:Drivers/STM32F7xx_HAL_Driver/Src/stm32f7xx_hal_tim_ex.c ****   *            @arg TIM_CHANNEL_2: TIM Channel 2 selected
1618:Drivers/STM32F7xx_HAL_Driver/Src/stm32f7xx_hal_tim_ex.c ****   * @retval HAL status
1619:Drivers/STM32F7xx_HAL_Driver/Src/stm32f7xx_hal_tim_ex.c ****   */
1620:Drivers/STM32F7xx_HAL_Driver/Src/stm32f7xx_hal_tim_ex.c **** HAL_StatusTypeDef HAL_TIMEx_OnePulseN_Stop(TIM_HandleTypeDef *htim, uint32_t OutputChannel)
1621:Drivers/STM32F7xx_HAL_Driver/Src/stm32f7xx_hal_tim_ex.c **** {
1622:Drivers/STM32F7xx_HAL_Driver/Src/stm32f7xx_hal_tim_ex.c ****   uint32_t input_channel = (OutputChannel == TIM_CHANNEL_1) ? TIM_CHANNEL_2 : TIM_CHANNEL_1;
1623:Drivers/STM32F7xx_HAL_Driver/Src/stm32f7xx_hal_tim_ex.c **** 
1624:Drivers/STM32F7xx_HAL_Driver/Src/stm32f7xx_hal_tim_ex.c ****   /* Check the parameters */
1625:Drivers/STM32F7xx_HAL_Driver/Src/stm32f7xx_hal_tim_ex.c ****   assert_param(IS_TIM_CCXN_INSTANCE(htim->Instance, OutputChannel));
1626:Drivers/STM32F7xx_HAL_Driver/Src/stm32f7xx_hal_tim_ex.c **** 
1627:Drivers/STM32F7xx_HAL_Driver/Src/stm32f7xx_hal_tim_ex.c ****   /* Disable the complementary One Pulse output channel and the Input Capture channel */
ARM GAS  /tmp/ccLIbKdJ.s 			page 30


1628:Drivers/STM32F7xx_HAL_Driver/Src/stm32f7xx_hal_tim_ex.c ****   TIM_CCxNChannelCmd(htim->Instance, OutputChannel, TIM_CCxN_DISABLE);
1629:Drivers/STM32F7xx_HAL_Driver/Src/stm32f7xx_hal_tim_ex.c ****   TIM_CCxChannelCmd(htim->Instance, input_channel, TIM_CCx_DISABLE);
1630:Drivers/STM32F7xx_HAL_Driver/Src/stm32f7xx_hal_tim_ex.c **** 
1631:Drivers/STM32F7xx_HAL_Driver/Src/stm32f7xx_hal_tim_ex.c ****   /* Disable the Main Output */
1632:Drivers/STM32F7xx_HAL_Driver/Src/stm32f7xx_hal_tim_ex.c ****   __HAL_TIM_MOE_DISABLE(htim);
1633:Drivers/STM32F7xx_HAL_Driver/Src/stm32f7xx_hal_tim_ex.c **** 
1634:Drivers/STM32F7xx_HAL_Driver/Src/stm32f7xx_hal_tim_ex.c ****   /* Disable the Peripheral */
1635:Drivers/STM32F7xx_HAL_Driver/Src/stm32f7xx_hal_tim_ex.c ****   __HAL_TIM_DISABLE(htim);
1636:Drivers/STM32F7xx_HAL_Driver/Src/stm32f7xx_hal_tim_ex.c **** 
1637:Drivers/STM32F7xx_HAL_Driver/Src/stm32f7xx_hal_tim_ex.c ****   /* Set the TIM  channels state */
1638:Drivers/STM32F7xx_HAL_Driver/Src/stm32f7xx_hal_tim_ex.c ****   TIM_CHANNEL_STATE_SET(htim, TIM_CHANNEL_1, HAL_TIM_CHANNEL_STATE_READY);
1639:Drivers/STM32F7xx_HAL_Driver/Src/stm32f7xx_hal_tim_ex.c ****   TIM_CHANNEL_STATE_SET(htim, TIM_CHANNEL_2, HAL_TIM_CHANNEL_STATE_READY);
1640:Drivers/STM32F7xx_HAL_Driver/Src/stm32f7xx_hal_tim_ex.c ****   TIM_CHANNEL_N_STATE_SET(htim, TIM_CHANNEL_1, HAL_TIM_CHANNEL_STATE_READY);
1641:Drivers/STM32F7xx_HAL_Driver/Src/stm32f7xx_hal_tim_ex.c ****   TIM_CHANNEL_N_STATE_SET(htim, TIM_CHANNEL_2, HAL_TIM_CHANNEL_STATE_READY);
1642:Drivers/STM32F7xx_HAL_Driver/Src/stm32f7xx_hal_tim_ex.c **** 
1643:Drivers/STM32F7xx_HAL_Driver/Src/stm32f7xx_hal_tim_ex.c ****   /* Return function status */
1644:Drivers/STM32F7xx_HAL_Driver/Src/stm32f7xx_hal_tim_ex.c ****   return HAL_OK;
1645:Drivers/STM32F7xx_HAL_Driver/Src/stm32f7xx_hal_tim_ex.c **** }
1646:Drivers/STM32F7xx_HAL_Driver/Src/stm32f7xx_hal_tim_ex.c **** 
1647:Drivers/STM32F7xx_HAL_Driver/Src/stm32f7xx_hal_tim_ex.c **** /**
1648:Drivers/STM32F7xx_HAL_Driver/Src/stm32f7xx_hal_tim_ex.c ****   * @brief  Starts the TIM One Pulse signal generation in interrupt mode on the
1649:Drivers/STM32F7xx_HAL_Driver/Src/stm32f7xx_hal_tim_ex.c ****   *         complementary channel.
1650:Drivers/STM32F7xx_HAL_Driver/Src/stm32f7xx_hal_tim_ex.c ****   * @note OutputChannel must match the pulse output channel chosen when calling
1651:Drivers/STM32F7xx_HAL_Driver/Src/stm32f7xx_hal_tim_ex.c ****   *       @ref HAL_TIM_OnePulse_ConfigChannel().
1652:Drivers/STM32F7xx_HAL_Driver/Src/stm32f7xx_hal_tim_ex.c ****   * @param  htim TIM One Pulse handle
1653:Drivers/STM32F7xx_HAL_Driver/Src/stm32f7xx_hal_tim_ex.c ****   * @param  OutputChannel pulse output channel to enable
1654:Drivers/STM32F7xx_HAL_Driver/Src/stm32f7xx_hal_tim_ex.c ****   *          This parameter can be one of the following values:
1655:Drivers/STM32F7xx_HAL_Driver/Src/stm32f7xx_hal_tim_ex.c ****   *            @arg TIM_CHANNEL_1: TIM Channel 1 selected
1656:Drivers/STM32F7xx_HAL_Driver/Src/stm32f7xx_hal_tim_ex.c ****   *            @arg TIM_CHANNEL_2: TIM Channel 2 selected
1657:Drivers/STM32F7xx_HAL_Driver/Src/stm32f7xx_hal_tim_ex.c ****   * @retval HAL status
1658:Drivers/STM32F7xx_HAL_Driver/Src/stm32f7xx_hal_tim_ex.c ****   */
1659:Drivers/STM32F7xx_HAL_Driver/Src/stm32f7xx_hal_tim_ex.c **** HAL_StatusTypeDef HAL_TIMEx_OnePulseN_Start_IT(TIM_HandleTypeDef *htim, uint32_t OutputChannel)
1660:Drivers/STM32F7xx_HAL_Driver/Src/stm32f7xx_hal_tim_ex.c **** {
1661:Drivers/STM32F7xx_HAL_Driver/Src/stm32f7xx_hal_tim_ex.c ****   uint32_t input_channel = (OutputChannel == TIM_CHANNEL_1) ? TIM_CHANNEL_2 : TIM_CHANNEL_1;
1662:Drivers/STM32F7xx_HAL_Driver/Src/stm32f7xx_hal_tim_ex.c ****   HAL_TIM_ChannelStateTypeDef channel_1_state = TIM_CHANNEL_STATE_GET(htim, TIM_CHANNEL_1);
1663:Drivers/STM32F7xx_HAL_Driver/Src/stm32f7xx_hal_tim_ex.c ****   HAL_TIM_ChannelStateTypeDef channel_2_state = TIM_CHANNEL_STATE_GET(htim, TIM_CHANNEL_2);
1664:Drivers/STM32F7xx_HAL_Driver/Src/stm32f7xx_hal_tim_ex.c ****   HAL_TIM_ChannelStateTypeDef complementary_channel_1_state = TIM_CHANNEL_N_STATE_GET(htim, TIM_CHA
1665:Drivers/STM32F7xx_HAL_Driver/Src/stm32f7xx_hal_tim_ex.c ****   HAL_TIM_ChannelStateTypeDef complementary_channel_2_state = TIM_CHANNEL_N_STATE_GET(htim, TIM_CHA
1666:Drivers/STM32F7xx_HAL_Driver/Src/stm32f7xx_hal_tim_ex.c **** 
1667:Drivers/STM32F7xx_HAL_Driver/Src/stm32f7xx_hal_tim_ex.c ****   /* Check the parameters */
1668:Drivers/STM32F7xx_HAL_Driver/Src/stm32f7xx_hal_tim_ex.c ****   assert_param(IS_TIM_CCXN_INSTANCE(htim->Instance, OutputChannel));
1669:Drivers/STM32F7xx_HAL_Driver/Src/stm32f7xx_hal_tim_ex.c **** 
1670:Drivers/STM32F7xx_HAL_Driver/Src/stm32f7xx_hal_tim_ex.c ****   /* Check the TIM channels state */
1671:Drivers/STM32F7xx_HAL_Driver/Src/stm32f7xx_hal_tim_ex.c ****   if ((channel_1_state != HAL_TIM_CHANNEL_STATE_READY)
1672:Drivers/STM32F7xx_HAL_Driver/Src/stm32f7xx_hal_tim_ex.c ****       || (channel_2_state != HAL_TIM_CHANNEL_STATE_READY)
1673:Drivers/STM32F7xx_HAL_Driver/Src/stm32f7xx_hal_tim_ex.c ****       || (complementary_channel_1_state != HAL_TIM_CHANNEL_STATE_READY)
1674:Drivers/STM32F7xx_HAL_Driver/Src/stm32f7xx_hal_tim_ex.c ****       || (complementary_channel_2_state != HAL_TIM_CHANNEL_STATE_READY))
1675:Drivers/STM32F7xx_HAL_Driver/Src/stm32f7xx_hal_tim_ex.c ****   {
1676:Drivers/STM32F7xx_HAL_Driver/Src/stm32f7xx_hal_tim_ex.c ****     return HAL_ERROR;
1677:Drivers/STM32F7xx_HAL_Driver/Src/stm32f7xx_hal_tim_ex.c ****   }
1678:Drivers/STM32F7xx_HAL_Driver/Src/stm32f7xx_hal_tim_ex.c **** 
1679:Drivers/STM32F7xx_HAL_Driver/Src/stm32f7xx_hal_tim_ex.c ****   /* Set the TIM channels state */
1680:Drivers/STM32F7xx_HAL_Driver/Src/stm32f7xx_hal_tim_ex.c ****   TIM_CHANNEL_STATE_SET(htim, TIM_CHANNEL_1, HAL_TIM_CHANNEL_STATE_BUSY);
1681:Drivers/STM32F7xx_HAL_Driver/Src/stm32f7xx_hal_tim_ex.c ****   TIM_CHANNEL_STATE_SET(htim, TIM_CHANNEL_2, HAL_TIM_CHANNEL_STATE_BUSY);
1682:Drivers/STM32F7xx_HAL_Driver/Src/stm32f7xx_hal_tim_ex.c ****   TIM_CHANNEL_N_STATE_SET(htim, TIM_CHANNEL_1, HAL_TIM_CHANNEL_STATE_BUSY);
1683:Drivers/STM32F7xx_HAL_Driver/Src/stm32f7xx_hal_tim_ex.c ****   TIM_CHANNEL_N_STATE_SET(htim, TIM_CHANNEL_2, HAL_TIM_CHANNEL_STATE_BUSY);
1684:Drivers/STM32F7xx_HAL_Driver/Src/stm32f7xx_hal_tim_ex.c **** 
ARM GAS  /tmp/ccLIbKdJ.s 			page 31


1685:Drivers/STM32F7xx_HAL_Driver/Src/stm32f7xx_hal_tim_ex.c ****   /* Enable the TIM Capture/Compare 1 interrupt */
1686:Drivers/STM32F7xx_HAL_Driver/Src/stm32f7xx_hal_tim_ex.c ****   __HAL_TIM_ENABLE_IT(htim, TIM_IT_CC1);
1687:Drivers/STM32F7xx_HAL_Driver/Src/stm32f7xx_hal_tim_ex.c **** 
1688:Drivers/STM32F7xx_HAL_Driver/Src/stm32f7xx_hal_tim_ex.c ****   /* Enable the TIM Capture/Compare 2 interrupt */
1689:Drivers/STM32F7xx_HAL_Driver/Src/stm32f7xx_hal_tim_ex.c ****   __HAL_TIM_ENABLE_IT(htim, TIM_IT_CC2);
1690:Drivers/STM32F7xx_HAL_Driver/Src/stm32f7xx_hal_tim_ex.c **** 
1691:Drivers/STM32F7xx_HAL_Driver/Src/stm32f7xx_hal_tim_ex.c ****   /* Enable the complementary One Pulse output channel and the Input Capture channel */
1692:Drivers/STM32F7xx_HAL_Driver/Src/stm32f7xx_hal_tim_ex.c ****   TIM_CCxNChannelCmd(htim->Instance, OutputChannel, TIM_CCxN_ENABLE);
1693:Drivers/STM32F7xx_HAL_Driver/Src/stm32f7xx_hal_tim_ex.c ****   TIM_CCxChannelCmd(htim->Instance, input_channel, TIM_CCx_ENABLE);
1694:Drivers/STM32F7xx_HAL_Driver/Src/stm32f7xx_hal_tim_ex.c **** 
1695:Drivers/STM32F7xx_HAL_Driver/Src/stm32f7xx_hal_tim_ex.c ****   /* Enable the Main Output */
1696:Drivers/STM32F7xx_HAL_Driver/Src/stm32f7xx_hal_tim_ex.c ****   __HAL_TIM_MOE_ENABLE(htim);
1697:Drivers/STM32F7xx_HAL_Driver/Src/stm32f7xx_hal_tim_ex.c **** 
1698:Drivers/STM32F7xx_HAL_Driver/Src/stm32f7xx_hal_tim_ex.c ****   /* Return function status */
1699:Drivers/STM32F7xx_HAL_Driver/Src/stm32f7xx_hal_tim_ex.c ****   return HAL_OK;
1700:Drivers/STM32F7xx_HAL_Driver/Src/stm32f7xx_hal_tim_ex.c **** }
1701:Drivers/STM32F7xx_HAL_Driver/Src/stm32f7xx_hal_tim_ex.c **** 
1702:Drivers/STM32F7xx_HAL_Driver/Src/stm32f7xx_hal_tim_ex.c **** /**
1703:Drivers/STM32F7xx_HAL_Driver/Src/stm32f7xx_hal_tim_ex.c ****   * @brief  Stops the TIM One Pulse signal generation in interrupt mode on the
1704:Drivers/STM32F7xx_HAL_Driver/Src/stm32f7xx_hal_tim_ex.c ****   *         complementary channel.
1705:Drivers/STM32F7xx_HAL_Driver/Src/stm32f7xx_hal_tim_ex.c ****   * @note OutputChannel must match the pulse output channel chosen when calling
1706:Drivers/STM32F7xx_HAL_Driver/Src/stm32f7xx_hal_tim_ex.c ****   *       @ref HAL_TIM_OnePulse_ConfigChannel().
1707:Drivers/STM32F7xx_HAL_Driver/Src/stm32f7xx_hal_tim_ex.c ****   * @param  htim TIM One Pulse handle
1708:Drivers/STM32F7xx_HAL_Driver/Src/stm32f7xx_hal_tim_ex.c ****   * @param  OutputChannel pulse output channel to disable
1709:Drivers/STM32F7xx_HAL_Driver/Src/stm32f7xx_hal_tim_ex.c ****   *          This parameter can be one of the following values:
1710:Drivers/STM32F7xx_HAL_Driver/Src/stm32f7xx_hal_tim_ex.c ****   *            @arg TIM_CHANNEL_1: TIM Channel 1 selected
1711:Drivers/STM32F7xx_HAL_Driver/Src/stm32f7xx_hal_tim_ex.c ****   *            @arg TIM_CHANNEL_2: TIM Channel 2 selected
1712:Drivers/STM32F7xx_HAL_Driver/Src/stm32f7xx_hal_tim_ex.c ****   * @retval HAL status
1713:Drivers/STM32F7xx_HAL_Driver/Src/stm32f7xx_hal_tim_ex.c ****   */
1714:Drivers/STM32F7xx_HAL_Driver/Src/stm32f7xx_hal_tim_ex.c **** HAL_StatusTypeDef HAL_TIMEx_OnePulseN_Stop_IT(TIM_HandleTypeDef *htim, uint32_t OutputChannel)
1715:Drivers/STM32F7xx_HAL_Driver/Src/stm32f7xx_hal_tim_ex.c **** {
1716:Drivers/STM32F7xx_HAL_Driver/Src/stm32f7xx_hal_tim_ex.c ****   uint32_t input_channel = (OutputChannel == TIM_CHANNEL_1) ? TIM_CHANNEL_2 : TIM_CHANNEL_1;
1717:Drivers/STM32F7xx_HAL_Driver/Src/stm32f7xx_hal_tim_ex.c **** 
1718:Drivers/STM32F7xx_HAL_Driver/Src/stm32f7xx_hal_tim_ex.c ****   /* Check the parameters */
1719:Drivers/STM32F7xx_HAL_Driver/Src/stm32f7xx_hal_tim_ex.c ****   assert_param(IS_TIM_CCXN_INSTANCE(htim->Instance, OutputChannel));
1720:Drivers/STM32F7xx_HAL_Driver/Src/stm32f7xx_hal_tim_ex.c **** 
1721:Drivers/STM32F7xx_HAL_Driver/Src/stm32f7xx_hal_tim_ex.c ****   /* Disable the TIM Capture/Compare 1 interrupt */
1722:Drivers/STM32F7xx_HAL_Driver/Src/stm32f7xx_hal_tim_ex.c ****   __HAL_TIM_DISABLE_IT(htim, TIM_IT_CC1);
1723:Drivers/STM32F7xx_HAL_Driver/Src/stm32f7xx_hal_tim_ex.c **** 
1724:Drivers/STM32F7xx_HAL_Driver/Src/stm32f7xx_hal_tim_ex.c ****   /* Disable the TIM Capture/Compare 2 interrupt */
1725:Drivers/STM32F7xx_HAL_Driver/Src/stm32f7xx_hal_tim_ex.c ****   __HAL_TIM_DISABLE_IT(htim, TIM_IT_CC2);
1726:Drivers/STM32F7xx_HAL_Driver/Src/stm32f7xx_hal_tim_ex.c **** 
1727:Drivers/STM32F7xx_HAL_Driver/Src/stm32f7xx_hal_tim_ex.c ****   /* Disable the complementary One Pulse output channel and the Input Capture channel */
1728:Drivers/STM32F7xx_HAL_Driver/Src/stm32f7xx_hal_tim_ex.c ****   TIM_CCxNChannelCmd(htim->Instance, OutputChannel, TIM_CCxN_DISABLE);
1729:Drivers/STM32F7xx_HAL_Driver/Src/stm32f7xx_hal_tim_ex.c ****   TIM_CCxChannelCmd(htim->Instance, input_channel, TIM_CCx_DISABLE);
1730:Drivers/STM32F7xx_HAL_Driver/Src/stm32f7xx_hal_tim_ex.c **** 
1731:Drivers/STM32F7xx_HAL_Driver/Src/stm32f7xx_hal_tim_ex.c ****   /* Disable the Main Output */
1732:Drivers/STM32F7xx_HAL_Driver/Src/stm32f7xx_hal_tim_ex.c ****   __HAL_TIM_MOE_DISABLE(htim);
1733:Drivers/STM32F7xx_HAL_Driver/Src/stm32f7xx_hal_tim_ex.c **** 
1734:Drivers/STM32F7xx_HAL_Driver/Src/stm32f7xx_hal_tim_ex.c ****   /* Disable the Peripheral */
1735:Drivers/STM32F7xx_HAL_Driver/Src/stm32f7xx_hal_tim_ex.c ****   __HAL_TIM_DISABLE(htim);
1736:Drivers/STM32F7xx_HAL_Driver/Src/stm32f7xx_hal_tim_ex.c **** 
1737:Drivers/STM32F7xx_HAL_Driver/Src/stm32f7xx_hal_tim_ex.c ****   /* Set the TIM  channels state */
1738:Drivers/STM32F7xx_HAL_Driver/Src/stm32f7xx_hal_tim_ex.c ****   TIM_CHANNEL_STATE_SET(htim, TIM_CHANNEL_1, HAL_TIM_CHANNEL_STATE_READY);
1739:Drivers/STM32F7xx_HAL_Driver/Src/stm32f7xx_hal_tim_ex.c ****   TIM_CHANNEL_STATE_SET(htim, TIM_CHANNEL_2, HAL_TIM_CHANNEL_STATE_READY);
1740:Drivers/STM32F7xx_HAL_Driver/Src/stm32f7xx_hal_tim_ex.c ****   TIM_CHANNEL_N_STATE_SET(htim, TIM_CHANNEL_1, HAL_TIM_CHANNEL_STATE_READY);
1741:Drivers/STM32F7xx_HAL_Driver/Src/stm32f7xx_hal_tim_ex.c ****   TIM_CHANNEL_N_STATE_SET(htim, TIM_CHANNEL_2, HAL_TIM_CHANNEL_STATE_READY);
ARM GAS  /tmp/ccLIbKdJ.s 			page 32


1742:Drivers/STM32F7xx_HAL_Driver/Src/stm32f7xx_hal_tim_ex.c **** 
1743:Drivers/STM32F7xx_HAL_Driver/Src/stm32f7xx_hal_tim_ex.c ****   /* Return function status */
1744:Drivers/STM32F7xx_HAL_Driver/Src/stm32f7xx_hal_tim_ex.c ****   return HAL_OK;
1745:Drivers/STM32F7xx_HAL_Driver/Src/stm32f7xx_hal_tim_ex.c **** }
1746:Drivers/STM32F7xx_HAL_Driver/Src/stm32f7xx_hal_tim_ex.c **** 
1747:Drivers/STM32F7xx_HAL_Driver/Src/stm32f7xx_hal_tim_ex.c **** /**
1748:Drivers/STM32F7xx_HAL_Driver/Src/stm32f7xx_hal_tim_ex.c ****   * @}
1749:Drivers/STM32F7xx_HAL_Driver/Src/stm32f7xx_hal_tim_ex.c ****   */
1750:Drivers/STM32F7xx_HAL_Driver/Src/stm32f7xx_hal_tim_ex.c **** 
1751:Drivers/STM32F7xx_HAL_Driver/Src/stm32f7xx_hal_tim_ex.c **** /** @defgroup TIMEx_Exported_Functions_Group5 Extended Peripheral Control functions
1752:Drivers/STM32F7xx_HAL_Driver/Src/stm32f7xx_hal_tim_ex.c ****   * @brief    Peripheral Control functions
1753:Drivers/STM32F7xx_HAL_Driver/Src/stm32f7xx_hal_tim_ex.c ****   *
1754:Drivers/STM32F7xx_HAL_Driver/Src/stm32f7xx_hal_tim_ex.c **** @verbatim
1755:Drivers/STM32F7xx_HAL_Driver/Src/stm32f7xx_hal_tim_ex.c ****   ==============================================================================
1756:Drivers/STM32F7xx_HAL_Driver/Src/stm32f7xx_hal_tim_ex.c ****                     ##### Peripheral Control functions #####
1757:Drivers/STM32F7xx_HAL_Driver/Src/stm32f7xx_hal_tim_ex.c ****   ==============================================================================
1758:Drivers/STM32F7xx_HAL_Driver/Src/stm32f7xx_hal_tim_ex.c ****   [..]
1759:Drivers/STM32F7xx_HAL_Driver/Src/stm32f7xx_hal_tim_ex.c ****     This section provides functions allowing to:
1760:Drivers/STM32F7xx_HAL_Driver/Src/stm32f7xx_hal_tim_ex.c ****       (+) Configure the commutation event in case of use of the Hall sensor interface.
1761:Drivers/STM32F7xx_HAL_Driver/Src/stm32f7xx_hal_tim_ex.c ****       (+) Configure Output channels for OC and PWM mode.
1762:Drivers/STM32F7xx_HAL_Driver/Src/stm32f7xx_hal_tim_ex.c **** 
1763:Drivers/STM32F7xx_HAL_Driver/Src/stm32f7xx_hal_tim_ex.c ****       (+) Configure Complementary channels, break features and dead time.
1764:Drivers/STM32F7xx_HAL_Driver/Src/stm32f7xx_hal_tim_ex.c ****       (+) Configure Master synchronization.
1765:Drivers/STM32F7xx_HAL_Driver/Src/stm32f7xx_hal_tim_ex.c ****       (+) Configure timer remapping capabilities.
1766:Drivers/STM32F7xx_HAL_Driver/Src/stm32f7xx_hal_tim_ex.c ****       (+) Enable or disable channel grouping.
1767:Drivers/STM32F7xx_HAL_Driver/Src/stm32f7xx_hal_tim_ex.c **** 
1768:Drivers/STM32F7xx_HAL_Driver/Src/stm32f7xx_hal_tim_ex.c **** @endverbatim
1769:Drivers/STM32F7xx_HAL_Driver/Src/stm32f7xx_hal_tim_ex.c ****   * @{
1770:Drivers/STM32F7xx_HAL_Driver/Src/stm32f7xx_hal_tim_ex.c ****   */
1771:Drivers/STM32F7xx_HAL_Driver/Src/stm32f7xx_hal_tim_ex.c **** 
1772:Drivers/STM32F7xx_HAL_Driver/Src/stm32f7xx_hal_tim_ex.c **** /**
1773:Drivers/STM32F7xx_HAL_Driver/Src/stm32f7xx_hal_tim_ex.c ****   * @brief  Configure the TIM commutation event sequence.
1774:Drivers/STM32F7xx_HAL_Driver/Src/stm32f7xx_hal_tim_ex.c ****   * @note  This function is mandatory to use the commutation event in order to
1775:Drivers/STM32F7xx_HAL_Driver/Src/stm32f7xx_hal_tim_ex.c ****   *        update the configuration at each commutation detection on the TRGI input of the Timer,
1776:Drivers/STM32F7xx_HAL_Driver/Src/stm32f7xx_hal_tim_ex.c ****   *        the typical use of this feature is with the use of another Timer(interface Timer)
1777:Drivers/STM32F7xx_HAL_Driver/Src/stm32f7xx_hal_tim_ex.c ****   *        configured in Hall sensor interface, this interface Timer will generate the
1778:Drivers/STM32F7xx_HAL_Driver/Src/stm32f7xx_hal_tim_ex.c ****   *        commutation at its TRGO output (connected to Timer used in this function) each time
1779:Drivers/STM32F7xx_HAL_Driver/Src/stm32f7xx_hal_tim_ex.c ****   *        the TI1 of the Interface Timer detect a commutation at its input TI1.
1780:Drivers/STM32F7xx_HAL_Driver/Src/stm32f7xx_hal_tim_ex.c ****   * @param  htim TIM handle
1781:Drivers/STM32F7xx_HAL_Driver/Src/stm32f7xx_hal_tim_ex.c ****   * @param  InputTrigger the Internal trigger corresponding to the Timer Interfacing with the Hall 
1782:Drivers/STM32F7xx_HAL_Driver/Src/stm32f7xx_hal_tim_ex.c ****   *          This parameter can be one of the following values:
1783:Drivers/STM32F7xx_HAL_Driver/Src/stm32f7xx_hal_tim_ex.c ****   *            @arg TIM_TS_ITR0: Internal trigger 0 selected
1784:Drivers/STM32F7xx_HAL_Driver/Src/stm32f7xx_hal_tim_ex.c ****   *            @arg TIM_TS_ITR1: Internal trigger 1 selected
1785:Drivers/STM32F7xx_HAL_Driver/Src/stm32f7xx_hal_tim_ex.c ****   *            @arg TIM_TS_ITR2: Internal trigger 2 selected
1786:Drivers/STM32F7xx_HAL_Driver/Src/stm32f7xx_hal_tim_ex.c ****   *            @arg TIM_TS_ITR3: Internal trigger 3 selected
1787:Drivers/STM32F7xx_HAL_Driver/Src/stm32f7xx_hal_tim_ex.c ****   *            @arg TIM_TS_NONE: No trigger is needed
1788:Drivers/STM32F7xx_HAL_Driver/Src/stm32f7xx_hal_tim_ex.c ****   * @param  CommutationSource the Commutation Event source
1789:Drivers/STM32F7xx_HAL_Driver/Src/stm32f7xx_hal_tim_ex.c ****   *          This parameter can be one of the following values:
1790:Drivers/STM32F7xx_HAL_Driver/Src/stm32f7xx_hal_tim_ex.c ****   *            @arg TIM_COMMUTATION_TRGI: Commutation source is the TRGI of the Interface Timer
1791:Drivers/STM32F7xx_HAL_Driver/Src/stm32f7xx_hal_tim_ex.c ****   *            @arg TIM_COMMUTATION_SOFTWARE:  Commutation source is set by software using the COMG
1792:Drivers/STM32F7xx_HAL_Driver/Src/stm32f7xx_hal_tim_ex.c ****   * @retval HAL status
1793:Drivers/STM32F7xx_HAL_Driver/Src/stm32f7xx_hal_tim_ex.c ****   */
1794:Drivers/STM32F7xx_HAL_Driver/Src/stm32f7xx_hal_tim_ex.c **** HAL_StatusTypeDef HAL_TIMEx_ConfigCommutEvent(TIM_HandleTypeDef *htim, uint32_t  InputTrigger,
1795:Drivers/STM32F7xx_HAL_Driver/Src/stm32f7xx_hal_tim_ex.c ****                                               uint32_t  CommutationSource)
1796:Drivers/STM32F7xx_HAL_Driver/Src/stm32f7xx_hal_tim_ex.c **** {
1797:Drivers/STM32F7xx_HAL_Driver/Src/stm32f7xx_hal_tim_ex.c ****   /* Check the parameters */
1798:Drivers/STM32F7xx_HAL_Driver/Src/stm32f7xx_hal_tim_ex.c ****   assert_param(IS_TIM_COMMUTATION_EVENT_INSTANCE(htim->Instance));
ARM GAS  /tmp/ccLIbKdJ.s 			page 33


1799:Drivers/STM32F7xx_HAL_Driver/Src/stm32f7xx_hal_tim_ex.c ****   assert_param(IS_TIM_INTERNAL_TRIGGEREVENT_SELECTION(InputTrigger));
1800:Drivers/STM32F7xx_HAL_Driver/Src/stm32f7xx_hal_tim_ex.c **** 
1801:Drivers/STM32F7xx_HAL_Driver/Src/stm32f7xx_hal_tim_ex.c ****   __HAL_LOCK(htim);
1802:Drivers/STM32F7xx_HAL_Driver/Src/stm32f7xx_hal_tim_ex.c **** 
1803:Drivers/STM32F7xx_HAL_Driver/Src/stm32f7xx_hal_tim_ex.c ****   if ((InputTrigger == TIM_TS_ITR0) || (InputTrigger == TIM_TS_ITR1) ||
1804:Drivers/STM32F7xx_HAL_Driver/Src/stm32f7xx_hal_tim_ex.c ****       (InputTrigger == TIM_TS_ITR2) || (InputTrigger == TIM_TS_ITR3))
1805:Drivers/STM32F7xx_HAL_Driver/Src/stm32f7xx_hal_tim_ex.c ****   {
1806:Drivers/STM32F7xx_HAL_Driver/Src/stm32f7xx_hal_tim_ex.c ****     /* Select the Input trigger */
1807:Drivers/STM32F7xx_HAL_Driver/Src/stm32f7xx_hal_tim_ex.c ****     htim->Instance->SMCR &= ~TIM_SMCR_TS;
1808:Drivers/STM32F7xx_HAL_Driver/Src/stm32f7xx_hal_tim_ex.c ****     htim->Instance->SMCR |= InputTrigger;
1809:Drivers/STM32F7xx_HAL_Driver/Src/stm32f7xx_hal_tim_ex.c ****   }
1810:Drivers/STM32F7xx_HAL_Driver/Src/stm32f7xx_hal_tim_ex.c **** 
1811:Drivers/STM32F7xx_HAL_Driver/Src/stm32f7xx_hal_tim_ex.c ****   /* Select the Capture Compare preload feature */
1812:Drivers/STM32F7xx_HAL_Driver/Src/stm32f7xx_hal_tim_ex.c ****   htim->Instance->CR2 |= TIM_CR2_CCPC;
1813:Drivers/STM32F7xx_HAL_Driver/Src/stm32f7xx_hal_tim_ex.c ****   /* Select the Commutation event source */
1814:Drivers/STM32F7xx_HAL_Driver/Src/stm32f7xx_hal_tim_ex.c ****   htim->Instance->CR2 &= ~TIM_CR2_CCUS;
1815:Drivers/STM32F7xx_HAL_Driver/Src/stm32f7xx_hal_tim_ex.c ****   htim->Instance->CR2 |= CommutationSource;
1816:Drivers/STM32F7xx_HAL_Driver/Src/stm32f7xx_hal_tim_ex.c **** 
1817:Drivers/STM32F7xx_HAL_Driver/Src/stm32f7xx_hal_tim_ex.c ****   /* Disable Commutation Interrupt */
1818:Drivers/STM32F7xx_HAL_Driver/Src/stm32f7xx_hal_tim_ex.c ****   __HAL_TIM_DISABLE_IT(htim, TIM_IT_COM);
1819:Drivers/STM32F7xx_HAL_Driver/Src/stm32f7xx_hal_tim_ex.c **** 
1820:Drivers/STM32F7xx_HAL_Driver/Src/stm32f7xx_hal_tim_ex.c ****   /* Disable Commutation DMA request */
1821:Drivers/STM32F7xx_HAL_Driver/Src/stm32f7xx_hal_tim_ex.c ****   __HAL_TIM_DISABLE_DMA(htim, TIM_DMA_COM);
1822:Drivers/STM32F7xx_HAL_Driver/Src/stm32f7xx_hal_tim_ex.c **** 
1823:Drivers/STM32F7xx_HAL_Driver/Src/stm32f7xx_hal_tim_ex.c ****   __HAL_UNLOCK(htim);
1824:Drivers/STM32F7xx_HAL_Driver/Src/stm32f7xx_hal_tim_ex.c **** 
1825:Drivers/STM32F7xx_HAL_Driver/Src/stm32f7xx_hal_tim_ex.c ****   return HAL_OK;
1826:Drivers/STM32F7xx_HAL_Driver/Src/stm32f7xx_hal_tim_ex.c **** }
1827:Drivers/STM32F7xx_HAL_Driver/Src/stm32f7xx_hal_tim_ex.c **** 
1828:Drivers/STM32F7xx_HAL_Driver/Src/stm32f7xx_hal_tim_ex.c **** /**
1829:Drivers/STM32F7xx_HAL_Driver/Src/stm32f7xx_hal_tim_ex.c ****   * @brief  Configure the TIM commutation event sequence with interrupt.
1830:Drivers/STM32F7xx_HAL_Driver/Src/stm32f7xx_hal_tim_ex.c ****   * @note  This function is mandatory to use the commutation event in order to
1831:Drivers/STM32F7xx_HAL_Driver/Src/stm32f7xx_hal_tim_ex.c ****   *        update the configuration at each commutation detection on the TRGI input of the Timer,
1832:Drivers/STM32F7xx_HAL_Driver/Src/stm32f7xx_hal_tim_ex.c ****   *        the typical use of this feature is with the use of another Timer(interface Timer)
1833:Drivers/STM32F7xx_HAL_Driver/Src/stm32f7xx_hal_tim_ex.c ****   *        configured in Hall sensor interface, this interface Timer will generate the
1834:Drivers/STM32F7xx_HAL_Driver/Src/stm32f7xx_hal_tim_ex.c ****   *        commutation at its TRGO output (connected to Timer used in this function) each time
1835:Drivers/STM32F7xx_HAL_Driver/Src/stm32f7xx_hal_tim_ex.c ****   *        the TI1 of the Interface Timer detect a commutation at its input TI1.
1836:Drivers/STM32F7xx_HAL_Driver/Src/stm32f7xx_hal_tim_ex.c ****   * @param  htim TIM handle
1837:Drivers/STM32F7xx_HAL_Driver/Src/stm32f7xx_hal_tim_ex.c ****   * @param  InputTrigger the Internal trigger corresponding to the Timer Interfacing with the Hall 
1838:Drivers/STM32F7xx_HAL_Driver/Src/stm32f7xx_hal_tim_ex.c ****   *          This parameter can be one of the following values:
1839:Drivers/STM32F7xx_HAL_Driver/Src/stm32f7xx_hal_tim_ex.c ****   *            @arg TIM_TS_ITR0: Internal trigger 0 selected
1840:Drivers/STM32F7xx_HAL_Driver/Src/stm32f7xx_hal_tim_ex.c ****   *            @arg TIM_TS_ITR1: Internal trigger 1 selected
1841:Drivers/STM32F7xx_HAL_Driver/Src/stm32f7xx_hal_tim_ex.c ****   *            @arg TIM_TS_ITR2: Internal trigger 2 selected
1842:Drivers/STM32F7xx_HAL_Driver/Src/stm32f7xx_hal_tim_ex.c ****   *            @arg TIM_TS_ITR3: Internal trigger 3 selected
1843:Drivers/STM32F7xx_HAL_Driver/Src/stm32f7xx_hal_tim_ex.c ****   *            @arg TIM_TS_NONE: No trigger is needed
1844:Drivers/STM32F7xx_HAL_Driver/Src/stm32f7xx_hal_tim_ex.c ****   * @param  CommutationSource the Commutation Event source
1845:Drivers/STM32F7xx_HAL_Driver/Src/stm32f7xx_hal_tim_ex.c ****   *          This parameter can be one of the following values:
1846:Drivers/STM32F7xx_HAL_Driver/Src/stm32f7xx_hal_tim_ex.c ****   *            @arg TIM_COMMUTATION_TRGI: Commutation source is the TRGI of the Interface Timer
1847:Drivers/STM32F7xx_HAL_Driver/Src/stm32f7xx_hal_tim_ex.c ****   *            @arg TIM_COMMUTATION_SOFTWARE:  Commutation source is set by software using the COMG
1848:Drivers/STM32F7xx_HAL_Driver/Src/stm32f7xx_hal_tim_ex.c ****   * @retval HAL status
1849:Drivers/STM32F7xx_HAL_Driver/Src/stm32f7xx_hal_tim_ex.c ****   */
1850:Drivers/STM32F7xx_HAL_Driver/Src/stm32f7xx_hal_tim_ex.c **** HAL_StatusTypeDef HAL_TIMEx_ConfigCommutEvent_IT(TIM_HandleTypeDef *htim, uint32_t  InputTrigger,
1851:Drivers/STM32F7xx_HAL_Driver/Src/stm32f7xx_hal_tim_ex.c ****                                                  uint32_t  CommutationSource)
1852:Drivers/STM32F7xx_HAL_Driver/Src/stm32f7xx_hal_tim_ex.c **** {
1853:Drivers/STM32F7xx_HAL_Driver/Src/stm32f7xx_hal_tim_ex.c ****   /* Check the parameters */
1854:Drivers/STM32F7xx_HAL_Driver/Src/stm32f7xx_hal_tim_ex.c ****   assert_param(IS_TIM_COMMUTATION_EVENT_INSTANCE(htim->Instance));
1855:Drivers/STM32F7xx_HAL_Driver/Src/stm32f7xx_hal_tim_ex.c ****   assert_param(IS_TIM_INTERNAL_TRIGGEREVENT_SELECTION(InputTrigger));
ARM GAS  /tmp/ccLIbKdJ.s 			page 34


1856:Drivers/STM32F7xx_HAL_Driver/Src/stm32f7xx_hal_tim_ex.c **** 
1857:Drivers/STM32F7xx_HAL_Driver/Src/stm32f7xx_hal_tim_ex.c ****   __HAL_LOCK(htim);
1858:Drivers/STM32F7xx_HAL_Driver/Src/stm32f7xx_hal_tim_ex.c **** 
1859:Drivers/STM32F7xx_HAL_Driver/Src/stm32f7xx_hal_tim_ex.c ****   if ((InputTrigger == TIM_TS_ITR0) || (InputTrigger == TIM_TS_ITR1) ||
1860:Drivers/STM32F7xx_HAL_Driver/Src/stm32f7xx_hal_tim_ex.c ****       (InputTrigger == TIM_TS_ITR2) || (InputTrigger == TIM_TS_ITR3))
1861:Drivers/STM32F7xx_HAL_Driver/Src/stm32f7xx_hal_tim_ex.c ****   {
1862:Drivers/STM32F7xx_HAL_Driver/Src/stm32f7xx_hal_tim_ex.c ****     /* Select the Input trigger */
1863:Drivers/STM32F7xx_HAL_Driver/Src/stm32f7xx_hal_tim_ex.c ****     htim->Instance->SMCR &= ~TIM_SMCR_TS;
1864:Drivers/STM32F7xx_HAL_Driver/Src/stm32f7xx_hal_tim_ex.c ****     htim->Instance->SMCR |= InputTrigger;
1865:Drivers/STM32F7xx_HAL_Driver/Src/stm32f7xx_hal_tim_ex.c ****   }
1866:Drivers/STM32F7xx_HAL_Driver/Src/stm32f7xx_hal_tim_ex.c **** 
1867:Drivers/STM32F7xx_HAL_Driver/Src/stm32f7xx_hal_tim_ex.c ****   /* Select the Capture Compare preload feature */
1868:Drivers/STM32F7xx_HAL_Driver/Src/stm32f7xx_hal_tim_ex.c ****   htim->Instance->CR2 |= TIM_CR2_CCPC;
1869:Drivers/STM32F7xx_HAL_Driver/Src/stm32f7xx_hal_tim_ex.c ****   /* Select the Commutation event source */
1870:Drivers/STM32F7xx_HAL_Driver/Src/stm32f7xx_hal_tim_ex.c ****   htim->Instance->CR2 &= ~TIM_CR2_CCUS;
1871:Drivers/STM32F7xx_HAL_Driver/Src/stm32f7xx_hal_tim_ex.c ****   htim->Instance->CR2 |= CommutationSource;
1872:Drivers/STM32F7xx_HAL_Driver/Src/stm32f7xx_hal_tim_ex.c **** 
1873:Drivers/STM32F7xx_HAL_Driver/Src/stm32f7xx_hal_tim_ex.c ****   /* Disable Commutation DMA request */
1874:Drivers/STM32F7xx_HAL_Driver/Src/stm32f7xx_hal_tim_ex.c ****   __HAL_TIM_DISABLE_DMA(htim, TIM_DMA_COM);
1875:Drivers/STM32F7xx_HAL_Driver/Src/stm32f7xx_hal_tim_ex.c **** 
1876:Drivers/STM32F7xx_HAL_Driver/Src/stm32f7xx_hal_tim_ex.c ****   /* Enable the Commutation Interrupt */
1877:Drivers/STM32F7xx_HAL_Driver/Src/stm32f7xx_hal_tim_ex.c ****   __HAL_TIM_ENABLE_IT(htim, TIM_IT_COM);
1878:Drivers/STM32F7xx_HAL_Driver/Src/stm32f7xx_hal_tim_ex.c **** 
1879:Drivers/STM32F7xx_HAL_Driver/Src/stm32f7xx_hal_tim_ex.c ****   __HAL_UNLOCK(htim);
1880:Drivers/STM32F7xx_HAL_Driver/Src/stm32f7xx_hal_tim_ex.c **** 
1881:Drivers/STM32F7xx_HAL_Driver/Src/stm32f7xx_hal_tim_ex.c ****   return HAL_OK;
1882:Drivers/STM32F7xx_HAL_Driver/Src/stm32f7xx_hal_tim_ex.c **** }
1883:Drivers/STM32F7xx_HAL_Driver/Src/stm32f7xx_hal_tim_ex.c **** 
1884:Drivers/STM32F7xx_HAL_Driver/Src/stm32f7xx_hal_tim_ex.c **** /**
1885:Drivers/STM32F7xx_HAL_Driver/Src/stm32f7xx_hal_tim_ex.c ****   * @brief  Configure the TIM commutation event sequence with DMA.
1886:Drivers/STM32F7xx_HAL_Driver/Src/stm32f7xx_hal_tim_ex.c ****   * @note  This function is mandatory to use the commutation event in order to
1887:Drivers/STM32F7xx_HAL_Driver/Src/stm32f7xx_hal_tim_ex.c ****   *        update the configuration at each commutation detection on the TRGI input of the Timer,
1888:Drivers/STM32F7xx_HAL_Driver/Src/stm32f7xx_hal_tim_ex.c ****   *        the typical use of this feature is with the use of another Timer(interface Timer)
1889:Drivers/STM32F7xx_HAL_Driver/Src/stm32f7xx_hal_tim_ex.c ****   *        configured in Hall sensor interface, this interface Timer will generate the
1890:Drivers/STM32F7xx_HAL_Driver/Src/stm32f7xx_hal_tim_ex.c ****   *        commutation at its TRGO output (connected to Timer used in this function) each time
1891:Drivers/STM32F7xx_HAL_Driver/Src/stm32f7xx_hal_tim_ex.c ****   *        the TI1 of the Interface Timer detect a commutation at its input TI1.
1892:Drivers/STM32F7xx_HAL_Driver/Src/stm32f7xx_hal_tim_ex.c ****   * @note  The user should configure the DMA in his own software, in This function only the COMDE b
1893:Drivers/STM32F7xx_HAL_Driver/Src/stm32f7xx_hal_tim_ex.c ****   * @param  htim TIM handle
1894:Drivers/STM32F7xx_HAL_Driver/Src/stm32f7xx_hal_tim_ex.c ****   * @param  InputTrigger the Internal trigger corresponding to the Timer Interfacing with the Hall 
1895:Drivers/STM32F7xx_HAL_Driver/Src/stm32f7xx_hal_tim_ex.c ****   *          This parameter can be one of the following values:
1896:Drivers/STM32F7xx_HAL_Driver/Src/stm32f7xx_hal_tim_ex.c ****   *            @arg TIM_TS_ITR0: Internal trigger 0 selected
1897:Drivers/STM32F7xx_HAL_Driver/Src/stm32f7xx_hal_tim_ex.c ****   *            @arg TIM_TS_ITR1: Internal trigger 1 selected
1898:Drivers/STM32F7xx_HAL_Driver/Src/stm32f7xx_hal_tim_ex.c ****   *            @arg TIM_TS_ITR2: Internal trigger 2 selected
1899:Drivers/STM32F7xx_HAL_Driver/Src/stm32f7xx_hal_tim_ex.c ****   *            @arg TIM_TS_ITR3: Internal trigger 3 selected
1900:Drivers/STM32F7xx_HAL_Driver/Src/stm32f7xx_hal_tim_ex.c ****   *            @arg TIM_TS_NONE: No trigger is needed
1901:Drivers/STM32F7xx_HAL_Driver/Src/stm32f7xx_hal_tim_ex.c ****   * @param  CommutationSource the Commutation Event source
1902:Drivers/STM32F7xx_HAL_Driver/Src/stm32f7xx_hal_tim_ex.c ****   *          This parameter can be one of the following values:
1903:Drivers/STM32F7xx_HAL_Driver/Src/stm32f7xx_hal_tim_ex.c ****   *            @arg TIM_COMMUTATION_TRGI: Commutation source is the TRGI of the Interface Timer
1904:Drivers/STM32F7xx_HAL_Driver/Src/stm32f7xx_hal_tim_ex.c ****   *            @arg TIM_COMMUTATION_SOFTWARE:  Commutation source is set by software using the COMG
1905:Drivers/STM32F7xx_HAL_Driver/Src/stm32f7xx_hal_tim_ex.c ****   * @retval HAL status
1906:Drivers/STM32F7xx_HAL_Driver/Src/stm32f7xx_hal_tim_ex.c ****   */
1907:Drivers/STM32F7xx_HAL_Driver/Src/stm32f7xx_hal_tim_ex.c **** HAL_StatusTypeDef HAL_TIMEx_ConfigCommutEvent_DMA(TIM_HandleTypeDef *htim, uint32_t  InputTrigger,
1908:Drivers/STM32F7xx_HAL_Driver/Src/stm32f7xx_hal_tim_ex.c ****                                                   uint32_t  CommutationSource)
1909:Drivers/STM32F7xx_HAL_Driver/Src/stm32f7xx_hal_tim_ex.c **** {
1910:Drivers/STM32F7xx_HAL_Driver/Src/stm32f7xx_hal_tim_ex.c ****   /* Check the parameters */
1911:Drivers/STM32F7xx_HAL_Driver/Src/stm32f7xx_hal_tim_ex.c ****   assert_param(IS_TIM_COMMUTATION_EVENT_INSTANCE(htim->Instance));
1912:Drivers/STM32F7xx_HAL_Driver/Src/stm32f7xx_hal_tim_ex.c ****   assert_param(IS_TIM_INTERNAL_TRIGGEREVENT_SELECTION(InputTrigger));
ARM GAS  /tmp/ccLIbKdJ.s 			page 35


1913:Drivers/STM32F7xx_HAL_Driver/Src/stm32f7xx_hal_tim_ex.c **** 
1914:Drivers/STM32F7xx_HAL_Driver/Src/stm32f7xx_hal_tim_ex.c ****   __HAL_LOCK(htim);
1915:Drivers/STM32F7xx_HAL_Driver/Src/stm32f7xx_hal_tim_ex.c **** 
1916:Drivers/STM32F7xx_HAL_Driver/Src/stm32f7xx_hal_tim_ex.c ****   if ((InputTrigger == TIM_TS_ITR0) || (InputTrigger == TIM_TS_ITR1) ||
1917:Drivers/STM32F7xx_HAL_Driver/Src/stm32f7xx_hal_tim_ex.c ****       (InputTrigger == TIM_TS_ITR2) || (InputTrigger == TIM_TS_ITR3))
1918:Drivers/STM32F7xx_HAL_Driver/Src/stm32f7xx_hal_tim_ex.c ****   {
1919:Drivers/STM32F7xx_HAL_Driver/Src/stm32f7xx_hal_tim_ex.c ****     /* Select the Input trigger */
1920:Drivers/STM32F7xx_HAL_Driver/Src/stm32f7xx_hal_tim_ex.c ****     htim->Instance->SMCR &= ~TIM_SMCR_TS;
1921:Drivers/STM32F7xx_HAL_Driver/Src/stm32f7xx_hal_tim_ex.c ****     htim->Instance->SMCR |= InputTrigger;
1922:Drivers/STM32F7xx_HAL_Driver/Src/stm32f7xx_hal_tim_ex.c ****   }
1923:Drivers/STM32F7xx_HAL_Driver/Src/stm32f7xx_hal_tim_ex.c **** 
1924:Drivers/STM32F7xx_HAL_Driver/Src/stm32f7xx_hal_tim_ex.c ****   /* Select the Capture Compare preload feature */
1925:Drivers/STM32F7xx_HAL_Driver/Src/stm32f7xx_hal_tim_ex.c ****   htim->Instance->CR2 |= TIM_CR2_CCPC;
1926:Drivers/STM32F7xx_HAL_Driver/Src/stm32f7xx_hal_tim_ex.c ****   /* Select the Commutation event source */
1927:Drivers/STM32F7xx_HAL_Driver/Src/stm32f7xx_hal_tim_ex.c ****   htim->Instance->CR2 &= ~TIM_CR2_CCUS;
1928:Drivers/STM32F7xx_HAL_Driver/Src/stm32f7xx_hal_tim_ex.c ****   htim->Instance->CR2 |= CommutationSource;
1929:Drivers/STM32F7xx_HAL_Driver/Src/stm32f7xx_hal_tim_ex.c **** 
1930:Drivers/STM32F7xx_HAL_Driver/Src/stm32f7xx_hal_tim_ex.c ****   /* Enable the Commutation DMA Request */
1931:Drivers/STM32F7xx_HAL_Driver/Src/stm32f7xx_hal_tim_ex.c ****   /* Set the DMA Commutation Callback */
1932:Drivers/STM32F7xx_HAL_Driver/Src/stm32f7xx_hal_tim_ex.c ****   htim->hdma[TIM_DMA_ID_COMMUTATION]->XferCpltCallback = TIMEx_DMACommutationCplt;
1933:Drivers/STM32F7xx_HAL_Driver/Src/stm32f7xx_hal_tim_ex.c ****   htim->hdma[TIM_DMA_ID_COMMUTATION]->XferHalfCpltCallback = TIMEx_DMACommutationHalfCplt;
1934:Drivers/STM32F7xx_HAL_Driver/Src/stm32f7xx_hal_tim_ex.c ****   /* Set the DMA error callback */
1935:Drivers/STM32F7xx_HAL_Driver/Src/stm32f7xx_hal_tim_ex.c ****   htim->hdma[TIM_DMA_ID_COMMUTATION]->XferErrorCallback = TIM_DMAError;
1936:Drivers/STM32F7xx_HAL_Driver/Src/stm32f7xx_hal_tim_ex.c **** 
1937:Drivers/STM32F7xx_HAL_Driver/Src/stm32f7xx_hal_tim_ex.c ****   /* Disable Commutation Interrupt */
1938:Drivers/STM32F7xx_HAL_Driver/Src/stm32f7xx_hal_tim_ex.c ****   __HAL_TIM_DISABLE_IT(htim, TIM_IT_COM);
1939:Drivers/STM32F7xx_HAL_Driver/Src/stm32f7xx_hal_tim_ex.c **** 
1940:Drivers/STM32F7xx_HAL_Driver/Src/stm32f7xx_hal_tim_ex.c ****   /* Enable the Commutation DMA Request */
1941:Drivers/STM32F7xx_HAL_Driver/Src/stm32f7xx_hal_tim_ex.c ****   __HAL_TIM_ENABLE_DMA(htim, TIM_DMA_COM);
1942:Drivers/STM32F7xx_HAL_Driver/Src/stm32f7xx_hal_tim_ex.c **** 
1943:Drivers/STM32F7xx_HAL_Driver/Src/stm32f7xx_hal_tim_ex.c ****   __HAL_UNLOCK(htim);
1944:Drivers/STM32F7xx_HAL_Driver/Src/stm32f7xx_hal_tim_ex.c **** 
1945:Drivers/STM32F7xx_HAL_Driver/Src/stm32f7xx_hal_tim_ex.c ****   return HAL_OK;
1946:Drivers/STM32F7xx_HAL_Driver/Src/stm32f7xx_hal_tim_ex.c **** }
1947:Drivers/STM32F7xx_HAL_Driver/Src/stm32f7xx_hal_tim_ex.c **** 
1948:Drivers/STM32F7xx_HAL_Driver/Src/stm32f7xx_hal_tim_ex.c **** /**
1949:Drivers/STM32F7xx_HAL_Driver/Src/stm32f7xx_hal_tim_ex.c ****   * @brief  Configures the TIM in master mode.
1950:Drivers/STM32F7xx_HAL_Driver/Src/stm32f7xx_hal_tim_ex.c ****   * @param  htim TIM handle.
1951:Drivers/STM32F7xx_HAL_Driver/Src/stm32f7xx_hal_tim_ex.c ****   * @param  sMasterConfig pointer to a TIM_MasterConfigTypeDef structure that
1952:Drivers/STM32F7xx_HAL_Driver/Src/stm32f7xx_hal_tim_ex.c ****   *         contains the selected trigger output (TRGO) and the Master/Slave
1953:Drivers/STM32F7xx_HAL_Driver/Src/stm32f7xx_hal_tim_ex.c ****   *         mode.
1954:Drivers/STM32F7xx_HAL_Driver/Src/stm32f7xx_hal_tim_ex.c ****   * @retval HAL status
1955:Drivers/STM32F7xx_HAL_Driver/Src/stm32f7xx_hal_tim_ex.c ****   */
1956:Drivers/STM32F7xx_HAL_Driver/Src/stm32f7xx_hal_tim_ex.c **** HAL_StatusTypeDef HAL_TIMEx_MasterConfigSynchronization(TIM_HandleTypeDef *htim,
1957:Drivers/STM32F7xx_HAL_Driver/Src/stm32f7xx_hal_tim_ex.c ****                                                         const TIM_MasterConfigTypeDef *sMasterConfi
1958:Drivers/STM32F7xx_HAL_Driver/Src/stm32f7xx_hal_tim_ex.c **** {
1959:Drivers/STM32F7xx_HAL_Driver/Src/stm32f7xx_hal_tim_ex.c ****   uint32_t tmpcr2;
1960:Drivers/STM32F7xx_HAL_Driver/Src/stm32f7xx_hal_tim_ex.c ****   uint32_t tmpsmcr;
1961:Drivers/STM32F7xx_HAL_Driver/Src/stm32f7xx_hal_tim_ex.c **** 
1962:Drivers/STM32F7xx_HAL_Driver/Src/stm32f7xx_hal_tim_ex.c ****   /* Check the parameters */
1963:Drivers/STM32F7xx_HAL_Driver/Src/stm32f7xx_hal_tim_ex.c ****   assert_param(IS_TIM_MASTER_INSTANCE(htim->Instance));
1964:Drivers/STM32F7xx_HAL_Driver/Src/stm32f7xx_hal_tim_ex.c ****   assert_param(IS_TIM_TRGO_SOURCE(sMasterConfig->MasterOutputTrigger));
1965:Drivers/STM32F7xx_HAL_Driver/Src/stm32f7xx_hal_tim_ex.c ****   assert_param(IS_TIM_MSM_STATE(sMasterConfig->MasterSlaveMode));
1966:Drivers/STM32F7xx_HAL_Driver/Src/stm32f7xx_hal_tim_ex.c **** 
1967:Drivers/STM32F7xx_HAL_Driver/Src/stm32f7xx_hal_tim_ex.c ****   /* Check input state */
1968:Drivers/STM32F7xx_HAL_Driver/Src/stm32f7xx_hal_tim_ex.c ****   __HAL_LOCK(htim);
1969:Drivers/STM32F7xx_HAL_Driver/Src/stm32f7xx_hal_tim_ex.c **** 
ARM GAS  /tmp/ccLIbKdJ.s 			page 36


1970:Drivers/STM32F7xx_HAL_Driver/Src/stm32f7xx_hal_tim_ex.c ****   /* Change the handler state */
1971:Drivers/STM32F7xx_HAL_Driver/Src/stm32f7xx_hal_tim_ex.c ****   htim->State = HAL_TIM_STATE_BUSY;
1972:Drivers/STM32F7xx_HAL_Driver/Src/stm32f7xx_hal_tim_ex.c **** 
1973:Drivers/STM32F7xx_HAL_Driver/Src/stm32f7xx_hal_tim_ex.c ****   /* Get the TIMx CR2 register value */
1974:Drivers/STM32F7xx_HAL_Driver/Src/stm32f7xx_hal_tim_ex.c ****   tmpcr2 = htim->Instance->CR2;
1975:Drivers/STM32F7xx_HAL_Driver/Src/stm32f7xx_hal_tim_ex.c **** 
1976:Drivers/STM32F7xx_HAL_Driver/Src/stm32f7xx_hal_tim_ex.c ****   /* Get the TIMx SMCR register value */
1977:Drivers/STM32F7xx_HAL_Driver/Src/stm32f7xx_hal_tim_ex.c ****   tmpsmcr = htim->Instance->SMCR;
1978:Drivers/STM32F7xx_HAL_Driver/Src/stm32f7xx_hal_tim_ex.c **** 
1979:Drivers/STM32F7xx_HAL_Driver/Src/stm32f7xx_hal_tim_ex.c ****   /* If the timer supports ADC synchronization through TRGO2, set the master mode selection 2 */
1980:Drivers/STM32F7xx_HAL_Driver/Src/stm32f7xx_hal_tim_ex.c ****   if (IS_TIM_TRGO2_INSTANCE(htim->Instance))
1981:Drivers/STM32F7xx_HAL_Driver/Src/stm32f7xx_hal_tim_ex.c ****   {
1982:Drivers/STM32F7xx_HAL_Driver/Src/stm32f7xx_hal_tim_ex.c ****     /* Check the parameters */
1983:Drivers/STM32F7xx_HAL_Driver/Src/stm32f7xx_hal_tim_ex.c ****     assert_param(IS_TIM_TRGO2_SOURCE(sMasterConfig->MasterOutputTrigger2));
1984:Drivers/STM32F7xx_HAL_Driver/Src/stm32f7xx_hal_tim_ex.c **** 
1985:Drivers/STM32F7xx_HAL_Driver/Src/stm32f7xx_hal_tim_ex.c ****     /* Clear the MMS2 bits */
1986:Drivers/STM32F7xx_HAL_Driver/Src/stm32f7xx_hal_tim_ex.c ****     tmpcr2 &= ~TIM_CR2_MMS2;
1987:Drivers/STM32F7xx_HAL_Driver/Src/stm32f7xx_hal_tim_ex.c ****     /* Select the TRGO2 source*/
1988:Drivers/STM32F7xx_HAL_Driver/Src/stm32f7xx_hal_tim_ex.c ****     tmpcr2 |= sMasterConfig->MasterOutputTrigger2;
1989:Drivers/STM32F7xx_HAL_Driver/Src/stm32f7xx_hal_tim_ex.c ****   }
1990:Drivers/STM32F7xx_HAL_Driver/Src/stm32f7xx_hal_tim_ex.c **** 
1991:Drivers/STM32F7xx_HAL_Driver/Src/stm32f7xx_hal_tim_ex.c ****   /* Reset the MMS Bits */
1992:Drivers/STM32F7xx_HAL_Driver/Src/stm32f7xx_hal_tim_ex.c ****   tmpcr2 &= ~TIM_CR2_MMS;
1993:Drivers/STM32F7xx_HAL_Driver/Src/stm32f7xx_hal_tim_ex.c ****   /* Select the TRGO source */
1994:Drivers/STM32F7xx_HAL_Driver/Src/stm32f7xx_hal_tim_ex.c ****   tmpcr2 |=  sMasterConfig->MasterOutputTrigger;
1995:Drivers/STM32F7xx_HAL_Driver/Src/stm32f7xx_hal_tim_ex.c **** 
1996:Drivers/STM32F7xx_HAL_Driver/Src/stm32f7xx_hal_tim_ex.c ****   /* Update TIMx CR2 */
1997:Drivers/STM32F7xx_HAL_Driver/Src/stm32f7xx_hal_tim_ex.c ****   htim->Instance->CR2 = tmpcr2;
1998:Drivers/STM32F7xx_HAL_Driver/Src/stm32f7xx_hal_tim_ex.c **** 
1999:Drivers/STM32F7xx_HAL_Driver/Src/stm32f7xx_hal_tim_ex.c ****   if (IS_TIM_SLAVE_INSTANCE(htim->Instance))
2000:Drivers/STM32F7xx_HAL_Driver/Src/stm32f7xx_hal_tim_ex.c ****   {
2001:Drivers/STM32F7xx_HAL_Driver/Src/stm32f7xx_hal_tim_ex.c ****     /* Reset the MSM Bit */
2002:Drivers/STM32F7xx_HAL_Driver/Src/stm32f7xx_hal_tim_ex.c ****     tmpsmcr &= ~TIM_SMCR_MSM;
2003:Drivers/STM32F7xx_HAL_Driver/Src/stm32f7xx_hal_tim_ex.c ****     /* Set master mode */
2004:Drivers/STM32F7xx_HAL_Driver/Src/stm32f7xx_hal_tim_ex.c ****     tmpsmcr |= sMasterConfig->MasterSlaveMode;
2005:Drivers/STM32F7xx_HAL_Driver/Src/stm32f7xx_hal_tim_ex.c **** 
2006:Drivers/STM32F7xx_HAL_Driver/Src/stm32f7xx_hal_tim_ex.c ****     /* Update TIMx SMCR */
2007:Drivers/STM32F7xx_HAL_Driver/Src/stm32f7xx_hal_tim_ex.c ****     htim->Instance->SMCR = tmpsmcr;
2008:Drivers/STM32F7xx_HAL_Driver/Src/stm32f7xx_hal_tim_ex.c ****   }
2009:Drivers/STM32F7xx_HAL_Driver/Src/stm32f7xx_hal_tim_ex.c **** 
2010:Drivers/STM32F7xx_HAL_Driver/Src/stm32f7xx_hal_tim_ex.c ****   /* Change the htim state */
2011:Drivers/STM32F7xx_HAL_Driver/Src/stm32f7xx_hal_tim_ex.c ****   htim->State = HAL_TIM_STATE_READY;
2012:Drivers/STM32F7xx_HAL_Driver/Src/stm32f7xx_hal_tim_ex.c **** 
2013:Drivers/STM32F7xx_HAL_Driver/Src/stm32f7xx_hal_tim_ex.c ****   __HAL_UNLOCK(htim);
2014:Drivers/STM32F7xx_HAL_Driver/Src/stm32f7xx_hal_tim_ex.c **** 
2015:Drivers/STM32F7xx_HAL_Driver/Src/stm32f7xx_hal_tim_ex.c ****   return HAL_OK;
2016:Drivers/STM32F7xx_HAL_Driver/Src/stm32f7xx_hal_tim_ex.c **** }
2017:Drivers/STM32F7xx_HAL_Driver/Src/stm32f7xx_hal_tim_ex.c **** 
2018:Drivers/STM32F7xx_HAL_Driver/Src/stm32f7xx_hal_tim_ex.c **** /**
2019:Drivers/STM32F7xx_HAL_Driver/Src/stm32f7xx_hal_tim_ex.c ****   * @brief  Configures the Break feature, dead time, Lock level, OSSI/OSSR State
2020:Drivers/STM32F7xx_HAL_Driver/Src/stm32f7xx_hal_tim_ex.c ****   *         and the AOE(automatic output enable).
2021:Drivers/STM32F7xx_HAL_Driver/Src/stm32f7xx_hal_tim_ex.c ****   * @param  htim TIM handle
2022:Drivers/STM32F7xx_HAL_Driver/Src/stm32f7xx_hal_tim_ex.c ****   * @param  sBreakDeadTimeConfig pointer to a TIM_ConfigBreakDeadConfigTypeDef structure that
2023:Drivers/STM32F7xx_HAL_Driver/Src/stm32f7xx_hal_tim_ex.c ****   *         contains the BDTR Register configuration  information for the TIM peripheral.
2024:Drivers/STM32F7xx_HAL_Driver/Src/stm32f7xx_hal_tim_ex.c ****   * @note   Interrupts can be generated when an active level is detected on the
2025:Drivers/STM32F7xx_HAL_Driver/Src/stm32f7xx_hal_tim_ex.c ****   *         break input, the break 2 input or the system break input. Break
2026:Drivers/STM32F7xx_HAL_Driver/Src/stm32f7xx_hal_tim_ex.c ****   *         interrupt can be enabled by calling the @ref __HAL_TIM_ENABLE_IT macro.
ARM GAS  /tmp/ccLIbKdJ.s 			page 37


2027:Drivers/STM32F7xx_HAL_Driver/Src/stm32f7xx_hal_tim_ex.c ****   * @retval HAL status
2028:Drivers/STM32F7xx_HAL_Driver/Src/stm32f7xx_hal_tim_ex.c ****   */
2029:Drivers/STM32F7xx_HAL_Driver/Src/stm32f7xx_hal_tim_ex.c **** HAL_StatusTypeDef HAL_TIMEx_ConfigBreakDeadTime(TIM_HandleTypeDef *htim,
2030:Drivers/STM32F7xx_HAL_Driver/Src/stm32f7xx_hal_tim_ex.c ****                                                 const TIM_BreakDeadTimeConfigTypeDef *sBreakDeadTim
2031:Drivers/STM32F7xx_HAL_Driver/Src/stm32f7xx_hal_tim_ex.c **** {
2032:Drivers/STM32F7xx_HAL_Driver/Src/stm32f7xx_hal_tim_ex.c ****   /* Keep this variable initialized to 0 as it is used to configure BDTR register */
2033:Drivers/STM32F7xx_HAL_Driver/Src/stm32f7xx_hal_tim_ex.c ****   uint32_t tmpbdtr = 0U;
2034:Drivers/STM32F7xx_HAL_Driver/Src/stm32f7xx_hal_tim_ex.c **** 
2035:Drivers/STM32F7xx_HAL_Driver/Src/stm32f7xx_hal_tim_ex.c ****   /* Check the parameters */
2036:Drivers/STM32F7xx_HAL_Driver/Src/stm32f7xx_hal_tim_ex.c ****   assert_param(IS_TIM_BREAK_INSTANCE(htim->Instance));
2037:Drivers/STM32F7xx_HAL_Driver/Src/stm32f7xx_hal_tim_ex.c ****   assert_param(IS_TIM_OSSR_STATE(sBreakDeadTimeConfig->OffStateRunMode));
2038:Drivers/STM32F7xx_HAL_Driver/Src/stm32f7xx_hal_tim_ex.c ****   assert_param(IS_TIM_OSSI_STATE(sBreakDeadTimeConfig->OffStateIDLEMode));
2039:Drivers/STM32F7xx_HAL_Driver/Src/stm32f7xx_hal_tim_ex.c ****   assert_param(IS_TIM_LOCK_LEVEL(sBreakDeadTimeConfig->LockLevel));
2040:Drivers/STM32F7xx_HAL_Driver/Src/stm32f7xx_hal_tim_ex.c ****   assert_param(IS_TIM_DEADTIME(sBreakDeadTimeConfig->DeadTime));
2041:Drivers/STM32F7xx_HAL_Driver/Src/stm32f7xx_hal_tim_ex.c ****   assert_param(IS_TIM_BREAK_STATE(sBreakDeadTimeConfig->BreakState));
2042:Drivers/STM32F7xx_HAL_Driver/Src/stm32f7xx_hal_tim_ex.c ****   assert_param(IS_TIM_BREAK_POLARITY(sBreakDeadTimeConfig->BreakPolarity));
2043:Drivers/STM32F7xx_HAL_Driver/Src/stm32f7xx_hal_tim_ex.c ****   assert_param(IS_TIM_BREAK_FILTER(sBreakDeadTimeConfig->BreakFilter));
2044:Drivers/STM32F7xx_HAL_Driver/Src/stm32f7xx_hal_tim_ex.c ****   assert_param(IS_TIM_AUTOMATIC_OUTPUT_STATE(sBreakDeadTimeConfig->AutomaticOutput));
2045:Drivers/STM32F7xx_HAL_Driver/Src/stm32f7xx_hal_tim_ex.c **** 
2046:Drivers/STM32F7xx_HAL_Driver/Src/stm32f7xx_hal_tim_ex.c ****   /* Check input state */
2047:Drivers/STM32F7xx_HAL_Driver/Src/stm32f7xx_hal_tim_ex.c ****   __HAL_LOCK(htim);
2048:Drivers/STM32F7xx_HAL_Driver/Src/stm32f7xx_hal_tim_ex.c **** 
2049:Drivers/STM32F7xx_HAL_Driver/Src/stm32f7xx_hal_tim_ex.c ****   /* Set the Lock level, the Break enable Bit and the Polarity, the OSSR State,
2050:Drivers/STM32F7xx_HAL_Driver/Src/stm32f7xx_hal_tim_ex.c ****      the OSSI State, the dead time value and the Automatic Output Enable Bit */
2051:Drivers/STM32F7xx_HAL_Driver/Src/stm32f7xx_hal_tim_ex.c **** 
2052:Drivers/STM32F7xx_HAL_Driver/Src/stm32f7xx_hal_tim_ex.c ****   /* Set the BDTR bits */
2053:Drivers/STM32F7xx_HAL_Driver/Src/stm32f7xx_hal_tim_ex.c ****   MODIFY_REG(tmpbdtr, TIM_BDTR_DTG, sBreakDeadTimeConfig->DeadTime);
2054:Drivers/STM32F7xx_HAL_Driver/Src/stm32f7xx_hal_tim_ex.c ****   MODIFY_REG(tmpbdtr, TIM_BDTR_LOCK, sBreakDeadTimeConfig->LockLevel);
2055:Drivers/STM32F7xx_HAL_Driver/Src/stm32f7xx_hal_tim_ex.c ****   MODIFY_REG(tmpbdtr, TIM_BDTR_OSSI, sBreakDeadTimeConfig->OffStateIDLEMode);
2056:Drivers/STM32F7xx_HAL_Driver/Src/stm32f7xx_hal_tim_ex.c ****   MODIFY_REG(tmpbdtr, TIM_BDTR_OSSR, sBreakDeadTimeConfig->OffStateRunMode);
2057:Drivers/STM32F7xx_HAL_Driver/Src/stm32f7xx_hal_tim_ex.c ****   MODIFY_REG(tmpbdtr, TIM_BDTR_BKE, sBreakDeadTimeConfig->BreakState);
2058:Drivers/STM32F7xx_HAL_Driver/Src/stm32f7xx_hal_tim_ex.c ****   MODIFY_REG(tmpbdtr, TIM_BDTR_BKP, sBreakDeadTimeConfig->BreakPolarity);
2059:Drivers/STM32F7xx_HAL_Driver/Src/stm32f7xx_hal_tim_ex.c ****   MODIFY_REG(tmpbdtr, TIM_BDTR_AOE, sBreakDeadTimeConfig->AutomaticOutput);
2060:Drivers/STM32F7xx_HAL_Driver/Src/stm32f7xx_hal_tim_ex.c ****   MODIFY_REG(tmpbdtr, TIM_BDTR_BKF, (sBreakDeadTimeConfig->BreakFilter << TIM_BDTR_BKF_Pos));
2061:Drivers/STM32F7xx_HAL_Driver/Src/stm32f7xx_hal_tim_ex.c **** 
2062:Drivers/STM32F7xx_HAL_Driver/Src/stm32f7xx_hal_tim_ex.c ****   if (IS_TIM_BKIN2_INSTANCE(htim->Instance))
2063:Drivers/STM32F7xx_HAL_Driver/Src/stm32f7xx_hal_tim_ex.c ****   {
2064:Drivers/STM32F7xx_HAL_Driver/Src/stm32f7xx_hal_tim_ex.c ****     /* Check the parameters */
2065:Drivers/STM32F7xx_HAL_Driver/Src/stm32f7xx_hal_tim_ex.c ****     assert_param(IS_TIM_BREAK2_STATE(sBreakDeadTimeConfig->Break2State));
2066:Drivers/STM32F7xx_HAL_Driver/Src/stm32f7xx_hal_tim_ex.c ****     assert_param(IS_TIM_BREAK2_POLARITY(sBreakDeadTimeConfig->Break2Polarity));
2067:Drivers/STM32F7xx_HAL_Driver/Src/stm32f7xx_hal_tim_ex.c ****     assert_param(IS_TIM_BREAK_FILTER(sBreakDeadTimeConfig->Break2Filter));
2068:Drivers/STM32F7xx_HAL_Driver/Src/stm32f7xx_hal_tim_ex.c **** 
2069:Drivers/STM32F7xx_HAL_Driver/Src/stm32f7xx_hal_tim_ex.c ****     /* Set the BREAK2 input related BDTR bits */
2070:Drivers/STM32F7xx_HAL_Driver/Src/stm32f7xx_hal_tim_ex.c ****     MODIFY_REG(tmpbdtr, TIM_BDTR_BK2F, (sBreakDeadTimeConfig->Break2Filter << TIM_BDTR_BK2F_Pos));
2071:Drivers/STM32F7xx_HAL_Driver/Src/stm32f7xx_hal_tim_ex.c ****     MODIFY_REG(tmpbdtr, TIM_BDTR_BK2E, sBreakDeadTimeConfig->Break2State);
2072:Drivers/STM32F7xx_HAL_Driver/Src/stm32f7xx_hal_tim_ex.c ****     MODIFY_REG(tmpbdtr, TIM_BDTR_BK2P, sBreakDeadTimeConfig->Break2Polarity);
2073:Drivers/STM32F7xx_HAL_Driver/Src/stm32f7xx_hal_tim_ex.c ****   }
2074:Drivers/STM32F7xx_HAL_Driver/Src/stm32f7xx_hal_tim_ex.c **** 
2075:Drivers/STM32F7xx_HAL_Driver/Src/stm32f7xx_hal_tim_ex.c ****   /* Set TIMx_BDTR */
2076:Drivers/STM32F7xx_HAL_Driver/Src/stm32f7xx_hal_tim_ex.c ****   htim->Instance->BDTR = tmpbdtr;
2077:Drivers/STM32F7xx_HAL_Driver/Src/stm32f7xx_hal_tim_ex.c **** 
2078:Drivers/STM32F7xx_HAL_Driver/Src/stm32f7xx_hal_tim_ex.c ****   __HAL_UNLOCK(htim);
2079:Drivers/STM32F7xx_HAL_Driver/Src/stm32f7xx_hal_tim_ex.c **** 
2080:Drivers/STM32F7xx_HAL_Driver/Src/stm32f7xx_hal_tim_ex.c ****   return HAL_OK;
2081:Drivers/STM32F7xx_HAL_Driver/Src/stm32f7xx_hal_tim_ex.c **** }
2082:Drivers/STM32F7xx_HAL_Driver/Src/stm32f7xx_hal_tim_ex.c **** #if defined(TIM_BREAK_INPUT_SUPPORT)
2083:Drivers/STM32F7xx_HAL_Driver/Src/stm32f7xx_hal_tim_ex.c **** 
ARM GAS  /tmp/ccLIbKdJ.s 			page 38


2084:Drivers/STM32F7xx_HAL_Driver/Src/stm32f7xx_hal_tim_ex.c **** /**
2085:Drivers/STM32F7xx_HAL_Driver/Src/stm32f7xx_hal_tim_ex.c ****   * @brief  Configures the break input source.
2086:Drivers/STM32F7xx_HAL_Driver/Src/stm32f7xx_hal_tim_ex.c ****   * @param  htim TIM handle.
2087:Drivers/STM32F7xx_HAL_Driver/Src/stm32f7xx_hal_tim_ex.c ****   * @param  BreakInput Break input to configure
2088:Drivers/STM32F7xx_HAL_Driver/Src/stm32f7xx_hal_tim_ex.c ****   *          This parameter can be one of the following values:
2089:Drivers/STM32F7xx_HAL_Driver/Src/stm32f7xx_hal_tim_ex.c ****   *            @arg TIM_BREAKINPUT_BRK: Timer break input
2090:Drivers/STM32F7xx_HAL_Driver/Src/stm32f7xx_hal_tim_ex.c ****   *            @arg TIM_BREAKINPUT_BRK2: Timer break 2 input
2091:Drivers/STM32F7xx_HAL_Driver/Src/stm32f7xx_hal_tim_ex.c ****   * @param  sBreakInputConfig Break input source configuration
2092:Drivers/STM32F7xx_HAL_Driver/Src/stm32f7xx_hal_tim_ex.c ****   * @retval HAL status
2093:Drivers/STM32F7xx_HAL_Driver/Src/stm32f7xx_hal_tim_ex.c ****   */
2094:Drivers/STM32F7xx_HAL_Driver/Src/stm32f7xx_hal_tim_ex.c **** HAL_StatusTypeDef HAL_TIMEx_ConfigBreakInput(TIM_HandleTypeDef *htim,
2095:Drivers/STM32F7xx_HAL_Driver/Src/stm32f7xx_hal_tim_ex.c ****                                              uint32_t BreakInput,
2096:Drivers/STM32F7xx_HAL_Driver/Src/stm32f7xx_hal_tim_ex.c ****                                              const TIMEx_BreakInputConfigTypeDef *sBreakInputConfig
2097:Drivers/STM32F7xx_HAL_Driver/Src/stm32f7xx_hal_tim_ex.c **** {
2098:Drivers/STM32F7xx_HAL_Driver/Src/stm32f7xx_hal_tim_ex.c ****   HAL_StatusTypeDef status = HAL_OK;
2099:Drivers/STM32F7xx_HAL_Driver/Src/stm32f7xx_hal_tim_ex.c ****   uint32_t tmporx;
2100:Drivers/STM32F7xx_HAL_Driver/Src/stm32f7xx_hal_tim_ex.c ****   uint32_t bkin_enable_mask;
2101:Drivers/STM32F7xx_HAL_Driver/Src/stm32f7xx_hal_tim_ex.c ****   uint32_t bkin_polarity_mask;
2102:Drivers/STM32F7xx_HAL_Driver/Src/stm32f7xx_hal_tim_ex.c ****   uint32_t bkin_enable_bitpos;
2103:Drivers/STM32F7xx_HAL_Driver/Src/stm32f7xx_hal_tim_ex.c ****   uint32_t bkin_polarity_bitpos;
2104:Drivers/STM32F7xx_HAL_Driver/Src/stm32f7xx_hal_tim_ex.c **** 
2105:Drivers/STM32F7xx_HAL_Driver/Src/stm32f7xx_hal_tim_ex.c ****   /* Check the parameters */
2106:Drivers/STM32F7xx_HAL_Driver/Src/stm32f7xx_hal_tim_ex.c ****   assert_param(IS_TIM_BREAK_INSTANCE(htim->Instance));
2107:Drivers/STM32F7xx_HAL_Driver/Src/stm32f7xx_hal_tim_ex.c ****   assert_param(IS_TIM_BREAKINPUT(BreakInput));
2108:Drivers/STM32F7xx_HAL_Driver/Src/stm32f7xx_hal_tim_ex.c ****   assert_param(IS_TIM_BREAKINPUTSOURCE(sBreakInputConfig->Source));
2109:Drivers/STM32F7xx_HAL_Driver/Src/stm32f7xx_hal_tim_ex.c ****   assert_param(IS_TIM_BREAKINPUTSOURCE_STATE(sBreakInputConfig->Enable));
2110:Drivers/STM32F7xx_HAL_Driver/Src/stm32f7xx_hal_tim_ex.c **** #if defined(DFSDM1_Channel0)
2111:Drivers/STM32F7xx_HAL_Driver/Src/stm32f7xx_hal_tim_ex.c ****   if (sBreakInputConfig->Source != TIM_BREAKINPUTSOURCE_DFSDM1)
2112:Drivers/STM32F7xx_HAL_Driver/Src/stm32f7xx_hal_tim_ex.c ****   {
2113:Drivers/STM32F7xx_HAL_Driver/Src/stm32f7xx_hal_tim_ex.c ****     assert_param(IS_TIM_BREAKINPUTSOURCE_POLARITY(sBreakInputConfig->Polarity));
2114:Drivers/STM32F7xx_HAL_Driver/Src/stm32f7xx_hal_tim_ex.c ****   }
2115:Drivers/STM32F7xx_HAL_Driver/Src/stm32f7xx_hal_tim_ex.c **** #else
2116:Drivers/STM32F7xx_HAL_Driver/Src/stm32f7xx_hal_tim_ex.c ****   assert_param(IS_TIM_BREAKINPUTSOURCE_POLARITY(sBreakInputConfig->Polarity));
2117:Drivers/STM32F7xx_HAL_Driver/Src/stm32f7xx_hal_tim_ex.c **** #endif /* DFSDM1_Channel0 */
2118:Drivers/STM32F7xx_HAL_Driver/Src/stm32f7xx_hal_tim_ex.c **** 
2119:Drivers/STM32F7xx_HAL_Driver/Src/stm32f7xx_hal_tim_ex.c ****   /* Check input state */
2120:Drivers/STM32F7xx_HAL_Driver/Src/stm32f7xx_hal_tim_ex.c ****   __HAL_LOCK(htim);
2121:Drivers/STM32F7xx_HAL_Driver/Src/stm32f7xx_hal_tim_ex.c **** 
2122:Drivers/STM32F7xx_HAL_Driver/Src/stm32f7xx_hal_tim_ex.c ****   switch (sBreakInputConfig->Source)
2123:Drivers/STM32F7xx_HAL_Driver/Src/stm32f7xx_hal_tim_ex.c ****   {
2124:Drivers/STM32F7xx_HAL_Driver/Src/stm32f7xx_hal_tim_ex.c ****     case TIM_BREAKINPUTSOURCE_BKIN:
2125:Drivers/STM32F7xx_HAL_Driver/Src/stm32f7xx_hal_tim_ex.c ****     {
2126:Drivers/STM32F7xx_HAL_Driver/Src/stm32f7xx_hal_tim_ex.c ****       bkin_enable_mask = TIM1_AF1_BKINE;
2127:Drivers/STM32F7xx_HAL_Driver/Src/stm32f7xx_hal_tim_ex.c ****       bkin_enable_bitpos = TIM1_AF1_BKINE_Pos;
2128:Drivers/STM32F7xx_HAL_Driver/Src/stm32f7xx_hal_tim_ex.c ****       bkin_polarity_mask = TIM1_AF1_BKINP;
2129:Drivers/STM32F7xx_HAL_Driver/Src/stm32f7xx_hal_tim_ex.c ****       bkin_polarity_bitpos = TIM1_AF1_BKINP_Pos;
2130:Drivers/STM32F7xx_HAL_Driver/Src/stm32f7xx_hal_tim_ex.c ****       break;
2131:Drivers/STM32F7xx_HAL_Driver/Src/stm32f7xx_hal_tim_ex.c ****     }
2132:Drivers/STM32F7xx_HAL_Driver/Src/stm32f7xx_hal_tim_ex.c **** #if defined(DFSDM1_Channel0)
2133:Drivers/STM32F7xx_HAL_Driver/Src/stm32f7xx_hal_tim_ex.c ****     case TIM_BREAKINPUTSOURCE_DFSDM1:
2134:Drivers/STM32F7xx_HAL_Driver/Src/stm32f7xx_hal_tim_ex.c ****     {
2135:Drivers/STM32F7xx_HAL_Driver/Src/stm32f7xx_hal_tim_ex.c ****       bkin_enable_mask = TIM1_AF1_BKDF1BKE;
2136:Drivers/STM32F7xx_HAL_Driver/Src/stm32f7xx_hal_tim_ex.c ****       bkin_enable_bitpos = TIM1_AF1_BKDF1BKE_Pos;
2137:Drivers/STM32F7xx_HAL_Driver/Src/stm32f7xx_hal_tim_ex.c ****       bkin_polarity_mask = 0U;
2138:Drivers/STM32F7xx_HAL_Driver/Src/stm32f7xx_hal_tim_ex.c ****       bkin_polarity_bitpos = 0U;
2139:Drivers/STM32F7xx_HAL_Driver/Src/stm32f7xx_hal_tim_ex.c ****       break;
2140:Drivers/STM32F7xx_HAL_Driver/Src/stm32f7xx_hal_tim_ex.c ****     }
ARM GAS  /tmp/ccLIbKdJ.s 			page 39


2141:Drivers/STM32F7xx_HAL_Driver/Src/stm32f7xx_hal_tim_ex.c **** #endif /* DFSDM1_Channel0 */
2142:Drivers/STM32F7xx_HAL_Driver/Src/stm32f7xx_hal_tim_ex.c **** 
2143:Drivers/STM32F7xx_HAL_Driver/Src/stm32f7xx_hal_tim_ex.c ****     default:
2144:Drivers/STM32F7xx_HAL_Driver/Src/stm32f7xx_hal_tim_ex.c ****     {
2145:Drivers/STM32F7xx_HAL_Driver/Src/stm32f7xx_hal_tim_ex.c ****       bkin_enable_mask = 0U;
2146:Drivers/STM32F7xx_HAL_Driver/Src/stm32f7xx_hal_tim_ex.c ****       bkin_polarity_mask = 0U;
2147:Drivers/STM32F7xx_HAL_Driver/Src/stm32f7xx_hal_tim_ex.c ****       bkin_enable_bitpos = 0U;
2148:Drivers/STM32F7xx_HAL_Driver/Src/stm32f7xx_hal_tim_ex.c ****       bkin_polarity_bitpos = 0U;
2149:Drivers/STM32F7xx_HAL_Driver/Src/stm32f7xx_hal_tim_ex.c ****       break;
2150:Drivers/STM32F7xx_HAL_Driver/Src/stm32f7xx_hal_tim_ex.c ****     }
2151:Drivers/STM32F7xx_HAL_Driver/Src/stm32f7xx_hal_tim_ex.c ****   }
2152:Drivers/STM32F7xx_HAL_Driver/Src/stm32f7xx_hal_tim_ex.c **** 
2153:Drivers/STM32F7xx_HAL_Driver/Src/stm32f7xx_hal_tim_ex.c ****   switch (BreakInput)
2154:Drivers/STM32F7xx_HAL_Driver/Src/stm32f7xx_hal_tim_ex.c ****   {
2155:Drivers/STM32F7xx_HAL_Driver/Src/stm32f7xx_hal_tim_ex.c ****     case TIM_BREAKINPUT_BRK:
2156:Drivers/STM32F7xx_HAL_Driver/Src/stm32f7xx_hal_tim_ex.c ****     {
2157:Drivers/STM32F7xx_HAL_Driver/Src/stm32f7xx_hal_tim_ex.c ****       /* Get the TIMx_AF1 register value */
2158:Drivers/STM32F7xx_HAL_Driver/Src/stm32f7xx_hal_tim_ex.c ****       tmporx = htim->Instance->AF1;
2159:Drivers/STM32F7xx_HAL_Driver/Src/stm32f7xx_hal_tim_ex.c **** 
2160:Drivers/STM32F7xx_HAL_Driver/Src/stm32f7xx_hal_tim_ex.c ****       /* Enable the break input */
2161:Drivers/STM32F7xx_HAL_Driver/Src/stm32f7xx_hal_tim_ex.c ****       tmporx &= ~bkin_enable_mask;
2162:Drivers/STM32F7xx_HAL_Driver/Src/stm32f7xx_hal_tim_ex.c ****       tmporx |= (sBreakInputConfig->Enable << bkin_enable_bitpos) & bkin_enable_mask;
2163:Drivers/STM32F7xx_HAL_Driver/Src/stm32f7xx_hal_tim_ex.c **** 
2164:Drivers/STM32F7xx_HAL_Driver/Src/stm32f7xx_hal_tim_ex.c ****       /* Set the break input polarity */
2165:Drivers/STM32F7xx_HAL_Driver/Src/stm32f7xx_hal_tim_ex.c **** #if defined(DFSDM1_Channel0)
2166:Drivers/STM32F7xx_HAL_Driver/Src/stm32f7xx_hal_tim_ex.c ****       if (sBreakInputConfig->Source != TIM_BREAKINPUTSOURCE_DFSDM1)
2167:Drivers/STM32F7xx_HAL_Driver/Src/stm32f7xx_hal_tim_ex.c **** #endif /* DFSDM1_Channel0 */
2168:Drivers/STM32F7xx_HAL_Driver/Src/stm32f7xx_hal_tim_ex.c ****       {
2169:Drivers/STM32F7xx_HAL_Driver/Src/stm32f7xx_hal_tim_ex.c ****         tmporx &= ~bkin_polarity_mask;
2170:Drivers/STM32F7xx_HAL_Driver/Src/stm32f7xx_hal_tim_ex.c ****         tmporx |= (sBreakInputConfig->Polarity << bkin_polarity_bitpos) & bkin_polarity_mask;
2171:Drivers/STM32F7xx_HAL_Driver/Src/stm32f7xx_hal_tim_ex.c ****       }
2172:Drivers/STM32F7xx_HAL_Driver/Src/stm32f7xx_hal_tim_ex.c **** 
2173:Drivers/STM32F7xx_HAL_Driver/Src/stm32f7xx_hal_tim_ex.c ****       /* Set TIMx_AF1 */
2174:Drivers/STM32F7xx_HAL_Driver/Src/stm32f7xx_hal_tim_ex.c ****       htim->Instance->AF1 = tmporx;
2175:Drivers/STM32F7xx_HAL_Driver/Src/stm32f7xx_hal_tim_ex.c ****       break;
2176:Drivers/STM32F7xx_HAL_Driver/Src/stm32f7xx_hal_tim_ex.c ****     }
2177:Drivers/STM32F7xx_HAL_Driver/Src/stm32f7xx_hal_tim_ex.c ****     case TIM_BREAKINPUT_BRK2:
2178:Drivers/STM32F7xx_HAL_Driver/Src/stm32f7xx_hal_tim_ex.c ****     {
2179:Drivers/STM32F7xx_HAL_Driver/Src/stm32f7xx_hal_tim_ex.c ****       /* Get the TIMx_AF2 register value */
2180:Drivers/STM32F7xx_HAL_Driver/Src/stm32f7xx_hal_tim_ex.c ****       tmporx = htim->Instance->AF2;
2181:Drivers/STM32F7xx_HAL_Driver/Src/stm32f7xx_hal_tim_ex.c **** 
2182:Drivers/STM32F7xx_HAL_Driver/Src/stm32f7xx_hal_tim_ex.c ****       /* Enable the break input */
2183:Drivers/STM32F7xx_HAL_Driver/Src/stm32f7xx_hal_tim_ex.c ****       tmporx &= ~bkin_enable_mask;
2184:Drivers/STM32F7xx_HAL_Driver/Src/stm32f7xx_hal_tim_ex.c ****       tmporx |= (sBreakInputConfig->Enable << bkin_enable_bitpos) & bkin_enable_mask;
2185:Drivers/STM32F7xx_HAL_Driver/Src/stm32f7xx_hal_tim_ex.c **** 
2186:Drivers/STM32F7xx_HAL_Driver/Src/stm32f7xx_hal_tim_ex.c ****       /* Set the break input polarity */
2187:Drivers/STM32F7xx_HAL_Driver/Src/stm32f7xx_hal_tim_ex.c **** #if defined(DFSDM1_Channel0)
2188:Drivers/STM32F7xx_HAL_Driver/Src/stm32f7xx_hal_tim_ex.c ****       if (sBreakInputConfig->Source != TIM_BREAKINPUTSOURCE_DFSDM1)
2189:Drivers/STM32F7xx_HAL_Driver/Src/stm32f7xx_hal_tim_ex.c **** #endif /* DFSDM1_Channel0 */
2190:Drivers/STM32F7xx_HAL_Driver/Src/stm32f7xx_hal_tim_ex.c ****       {
2191:Drivers/STM32F7xx_HAL_Driver/Src/stm32f7xx_hal_tim_ex.c ****         tmporx &= ~bkin_polarity_mask;
2192:Drivers/STM32F7xx_HAL_Driver/Src/stm32f7xx_hal_tim_ex.c ****         tmporx |= (sBreakInputConfig->Polarity << bkin_polarity_bitpos) & bkin_polarity_mask;
2193:Drivers/STM32F7xx_HAL_Driver/Src/stm32f7xx_hal_tim_ex.c ****       }
2194:Drivers/STM32F7xx_HAL_Driver/Src/stm32f7xx_hal_tim_ex.c **** 
2195:Drivers/STM32F7xx_HAL_Driver/Src/stm32f7xx_hal_tim_ex.c ****       /* Set TIMx_AF2 */
2196:Drivers/STM32F7xx_HAL_Driver/Src/stm32f7xx_hal_tim_ex.c ****       htim->Instance->AF2 = tmporx;
2197:Drivers/STM32F7xx_HAL_Driver/Src/stm32f7xx_hal_tim_ex.c ****       break;
ARM GAS  /tmp/ccLIbKdJ.s 			page 40


2198:Drivers/STM32F7xx_HAL_Driver/Src/stm32f7xx_hal_tim_ex.c ****     }
2199:Drivers/STM32F7xx_HAL_Driver/Src/stm32f7xx_hal_tim_ex.c ****     default:
2200:Drivers/STM32F7xx_HAL_Driver/Src/stm32f7xx_hal_tim_ex.c ****       status = HAL_ERROR;
2201:Drivers/STM32F7xx_HAL_Driver/Src/stm32f7xx_hal_tim_ex.c ****       break;
2202:Drivers/STM32F7xx_HAL_Driver/Src/stm32f7xx_hal_tim_ex.c ****   }
2203:Drivers/STM32F7xx_HAL_Driver/Src/stm32f7xx_hal_tim_ex.c **** 
2204:Drivers/STM32F7xx_HAL_Driver/Src/stm32f7xx_hal_tim_ex.c ****   __HAL_UNLOCK(htim);
2205:Drivers/STM32F7xx_HAL_Driver/Src/stm32f7xx_hal_tim_ex.c **** 
2206:Drivers/STM32F7xx_HAL_Driver/Src/stm32f7xx_hal_tim_ex.c ****   return status;
2207:Drivers/STM32F7xx_HAL_Driver/Src/stm32f7xx_hal_tim_ex.c **** }
2208:Drivers/STM32F7xx_HAL_Driver/Src/stm32f7xx_hal_tim_ex.c **** #endif /*TIM_BREAK_INPUT_SUPPORT */
2209:Drivers/STM32F7xx_HAL_Driver/Src/stm32f7xx_hal_tim_ex.c **** 
2210:Drivers/STM32F7xx_HAL_Driver/Src/stm32f7xx_hal_tim_ex.c **** /**
2211:Drivers/STM32F7xx_HAL_Driver/Src/stm32f7xx_hal_tim_ex.c ****   * @brief  Configures the TIMx Remapping input capabilities.
2212:Drivers/STM32F7xx_HAL_Driver/Src/stm32f7xx_hal_tim_ex.c ****   * @param  htim TIM handle.
2213:Drivers/STM32F7xx_HAL_Driver/Src/stm32f7xx_hal_tim_ex.c ****   * @param  Remap specifies the TIM remapping source.
2214:Drivers/STM32F7xx_HAL_Driver/Src/stm32f7xx_hal_tim_ex.c ****   *          This parameter can be one of the following values:
2215:Drivers/STM32F7xx_HAL_Driver/Src/stm32f7xx_hal_tim_ex.c ****   *            @arg TIM_TIM2_TIM8_TRGO: TIM2 ITR1 input is connected to TIM8 Trigger output(default
2216:Drivers/STM32F7xx_HAL_Driver/Src/stm32f7xx_hal_tim_ex.c ****   *            @arg TIM_TIM2_ETH_PTP:   TIM2 ITR1 input is connected to ETH PTP trigger output.
2217:Drivers/STM32F7xx_HAL_Driver/Src/stm32f7xx_hal_tim_ex.c ****   *            @arg TIM_TIM2_USBFS_SOF: TIM2 ITR1 input is connected to USB FS SOF.
2218:Drivers/STM32F7xx_HAL_Driver/Src/stm32f7xx_hal_tim_ex.c ****   *            @arg TIM_TIM2_USBHS_SOF: TIM2 ITR1 input is connected to USB HS SOF.
2219:Drivers/STM32F7xx_HAL_Driver/Src/stm32f7xx_hal_tim_ex.c ****   *            @arg TIM_TIM5_GPIO:      TIM5 CH4 input is connected to dedicated Timer pin(default)
2220:Drivers/STM32F7xx_HAL_Driver/Src/stm32f7xx_hal_tim_ex.c ****   *            @arg TIM_TIM5_LSI:       TIM5 CH4 input is connected to LSI clock.
2221:Drivers/STM32F7xx_HAL_Driver/Src/stm32f7xx_hal_tim_ex.c ****   *            @arg TIM_TIM5_LSE:       TIM5 CH4 input is connected to LSE clock.
2222:Drivers/STM32F7xx_HAL_Driver/Src/stm32f7xx_hal_tim_ex.c ****   *            @arg TIM_TIM5_RTC:       TIM5 CH4 input is connected to RTC Output event.
2223:Drivers/STM32F7xx_HAL_Driver/Src/stm32f7xx_hal_tim_ex.c ****   *            @arg TIM_TIM11_GPIO:     TIM11 CH4 input is connected to dedicated Timer pin(default
2224:Drivers/STM32F7xx_HAL_Driver/Src/stm32f7xx_hal_tim_ex.c ****   *            @arg TIM_TIM11_SPDIF:    SPDIF Frame synchronous
2225:Drivers/STM32F7xx_HAL_Driver/Src/stm32f7xx_hal_tim_ex.c ****   *            @arg TIM_TIM11_HSE:      TIM11 CH4 input is connected to HSE_RTC clock
2226:Drivers/STM32F7xx_HAL_Driver/Src/stm32f7xx_hal_tim_ex.c ****   *                                     (HSE divided by a programmable prescaler)
2227:Drivers/STM32F7xx_HAL_Driver/Src/stm32f7xx_hal_tim_ex.c ****   *            @arg TIM_TIM11_MCO1:     TIM11 CH1 input is connected to MCO1
2228:Drivers/STM32F7xx_HAL_Driver/Src/stm32f7xx_hal_tim_ex.c ****   *
2229:Drivers/STM32F7xx_HAL_Driver/Src/stm32f7xx_hal_tim_ex.c ****   * @retval HAL status
2230:Drivers/STM32F7xx_HAL_Driver/Src/stm32f7xx_hal_tim_ex.c ****   */
2231:Drivers/STM32F7xx_HAL_Driver/Src/stm32f7xx_hal_tim_ex.c **** HAL_StatusTypeDef HAL_TIMEx_RemapConfig(TIM_HandleTypeDef *htim, uint32_t Remap)
2232:Drivers/STM32F7xx_HAL_Driver/Src/stm32f7xx_hal_tim_ex.c **** {
2233:Drivers/STM32F7xx_HAL_Driver/Src/stm32f7xx_hal_tim_ex.c ****   /* Check parameters */
2234:Drivers/STM32F7xx_HAL_Driver/Src/stm32f7xx_hal_tim_ex.c ****   assert_param(IS_TIM_REMAP_INSTANCE(htim->Instance));
2235:Drivers/STM32F7xx_HAL_Driver/Src/stm32f7xx_hal_tim_ex.c ****   assert_param(IS_TIM_REMAP(Remap));
2236:Drivers/STM32F7xx_HAL_Driver/Src/stm32f7xx_hal_tim_ex.c **** 
2237:Drivers/STM32F7xx_HAL_Driver/Src/stm32f7xx_hal_tim_ex.c ****   __HAL_LOCK(htim);
2238:Drivers/STM32F7xx_HAL_Driver/Src/stm32f7xx_hal_tim_ex.c **** 
2239:Drivers/STM32F7xx_HAL_Driver/Src/stm32f7xx_hal_tim_ex.c ****   /* Set the Timer remapping configuration */
2240:Drivers/STM32F7xx_HAL_Driver/Src/stm32f7xx_hal_tim_ex.c ****   htim->Instance->OR = Remap;
2241:Drivers/STM32F7xx_HAL_Driver/Src/stm32f7xx_hal_tim_ex.c **** 
2242:Drivers/STM32F7xx_HAL_Driver/Src/stm32f7xx_hal_tim_ex.c ****   htim->State = HAL_TIM_STATE_READY;
2243:Drivers/STM32F7xx_HAL_Driver/Src/stm32f7xx_hal_tim_ex.c **** 
2244:Drivers/STM32F7xx_HAL_Driver/Src/stm32f7xx_hal_tim_ex.c ****   __HAL_UNLOCK(htim);
2245:Drivers/STM32F7xx_HAL_Driver/Src/stm32f7xx_hal_tim_ex.c **** 
2246:Drivers/STM32F7xx_HAL_Driver/Src/stm32f7xx_hal_tim_ex.c ****   return HAL_OK;
2247:Drivers/STM32F7xx_HAL_Driver/Src/stm32f7xx_hal_tim_ex.c **** }
2248:Drivers/STM32F7xx_HAL_Driver/Src/stm32f7xx_hal_tim_ex.c **** 
2249:Drivers/STM32F7xx_HAL_Driver/Src/stm32f7xx_hal_tim_ex.c **** /**
2250:Drivers/STM32F7xx_HAL_Driver/Src/stm32f7xx_hal_tim_ex.c ****   * @brief  Group channel 5 and channel 1, 2 or 3
2251:Drivers/STM32F7xx_HAL_Driver/Src/stm32f7xx_hal_tim_ex.c ****   * @param  htim TIM handle.
2252:Drivers/STM32F7xx_HAL_Driver/Src/stm32f7xx_hal_tim_ex.c ****   * @param  Channels specifies the reference signal(s) the OC5REF is combined with.
2253:Drivers/STM32F7xx_HAL_Driver/Src/stm32f7xx_hal_tim_ex.c ****   *         This parameter can be any combination of the following values:
2254:Drivers/STM32F7xx_HAL_Driver/Src/stm32f7xx_hal_tim_ex.c ****   *         TIM_GROUPCH5_NONE: No effect of OC5REF on OC1REFC, OC2REFC and OC3REFC
ARM GAS  /tmp/ccLIbKdJ.s 			page 41


2255:Drivers/STM32F7xx_HAL_Driver/Src/stm32f7xx_hal_tim_ex.c ****   *         TIM_GROUPCH5_OC1REFC: OC1REFC is the logical AND of OC1REFC and OC5REF
2256:Drivers/STM32F7xx_HAL_Driver/Src/stm32f7xx_hal_tim_ex.c ****   *         TIM_GROUPCH5_OC2REFC: OC2REFC is the logical AND of OC2REFC and OC5REF
2257:Drivers/STM32F7xx_HAL_Driver/Src/stm32f7xx_hal_tim_ex.c ****   *         TIM_GROUPCH5_OC3REFC: OC3REFC is the logical AND of OC3REFC and OC5REF
2258:Drivers/STM32F7xx_HAL_Driver/Src/stm32f7xx_hal_tim_ex.c ****   * @retval HAL status
2259:Drivers/STM32F7xx_HAL_Driver/Src/stm32f7xx_hal_tim_ex.c ****   */
2260:Drivers/STM32F7xx_HAL_Driver/Src/stm32f7xx_hal_tim_ex.c **** HAL_StatusTypeDef HAL_TIMEx_GroupChannel5(TIM_HandleTypeDef *htim, uint32_t Channels)
2261:Drivers/STM32F7xx_HAL_Driver/Src/stm32f7xx_hal_tim_ex.c **** {
2262:Drivers/STM32F7xx_HAL_Driver/Src/stm32f7xx_hal_tim_ex.c ****   /* Check parameters */
2263:Drivers/STM32F7xx_HAL_Driver/Src/stm32f7xx_hal_tim_ex.c ****   assert_param(IS_TIM_COMBINED3PHASEPWM_INSTANCE(htim->Instance));
2264:Drivers/STM32F7xx_HAL_Driver/Src/stm32f7xx_hal_tim_ex.c ****   assert_param(IS_TIM_GROUPCH5(Channels));
2265:Drivers/STM32F7xx_HAL_Driver/Src/stm32f7xx_hal_tim_ex.c **** 
2266:Drivers/STM32F7xx_HAL_Driver/Src/stm32f7xx_hal_tim_ex.c ****   /* Process Locked */
2267:Drivers/STM32F7xx_HAL_Driver/Src/stm32f7xx_hal_tim_ex.c ****   __HAL_LOCK(htim);
2268:Drivers/STM32F7xx_HAL_Driver/Src/stm32f7xx_hal_tim_ex.c **** 
2269:Drivers/STM32F7xx_HAL_Driver/Src/stm32f7xx_hal_tim_ex.c ****   htim->State = HAL_TIM_STATE_BUSY;
2270:Drivers/STM32F7xx_HAL_Driver/Src/stm32f7xx_hal_tim_ex.c **** 
2271:Drivers/STM32F7xx_HAL_Driver/Src/stm32f7xx_hal_tim_ex.c ****   /* Clear GC5Cx bit fields */
2272:Drivers/STM32F7xx_HAL_Driver/Src/stm32f7xx_hal_tim_ex.c ****   htim->Instance->CCR5 &= ~(TIM_CCR5_GC5C3 | TIM_CCR5_GC5C2 | TIM_CCR5_GC5C1);
2273:Drivers/STM32F7xx_HAL_Driver/Src/stm32f7xx_hal_tim_ex.c **** 
2274:Drivers/STM32F7xx_HAL_Driver/Src/stm32f7xx_hal_tim_ex.c ****   /* Set GC5Cx bit fields */
2275:Drivers/STM32F7xx_HAL_Driver/Src/stm32f7xx_hal_tim_ex.c ****   htim->Instance->CCR5 |= Channels;
2276:Drivers/STM32F7xx_HAL_Driver/Src/stm32f7xx_hal_tim_ex.c **** 
2277:Drivers/STM32F7xx_HAL_Driver/Src/stm32f7xx_hal_tim_ex.c ****   /* Change the htim state */
2278:Drivers/STM32F7xx_HAL_Driver/Src/stm32f7xx_hal_tim_ex.c ****   htim->State = HAL_TIM_STATE_READY;
2279:Drivers/STM32F7xx_HAL_Driver/Src/stm32f7xx_hal_tim_ex.c **** 
2280:Drivers/STM32F7xx_HAL_Driver/Src/stm32f7xx_hal_tim_ex.c ****   __HAL_UNLOCK(htim);
2281:Drivers/STM32F7xx_HAL_Driver/Src/stm32f7xx_hal_tim_ex.c **** 
2282:Drivers/STM32F7xx_HAL_Driver/Src/stm32f7xx_hal_tim_ex.c ****   return HAL_OK;
2283:Drivers/STM32F7xx_HAL_Driver/Src/stm32f7xx_hal_tim_ex.c **** }
2284:Drivers/STM32F7xx_HAL_Driver/Src/stm32f7xx_hal_tim_ex.c **** 
2285:Drivers/STM32F7xx_HAL_Driver/Src/stm32f7xx_hal_tim_ex.c **** /**
2286:Drivers/STM32F7xx_HAL_Driver/Src/stm32f7xx_hal_tim_ex.c ****   * @}
2287:Drivers/STM32F7xx_HAL_Driver/Src/stm32f7xx_hal_tim_ex.c ****   */
2288:Drivers/STM32F7xx_HAL_Driver/Src/stm32f7xx_hal_tim_ex.c **** 
2289:Drivers/STM32F7xx_HAL_Driver/Src/stm32f7xx_hal_tim_ex.c **** /** @defgroup TIMEx_Exported_Functions_Group6 Extended Callbacks functions
2290:Drivers/STM32F7xx_HAL_Driver/Src/stm32f7xx_hal_tim_ex.c ****   * @brief    Extended Callbacks functions
2291:Drivers/STM32F7xx_HAL_Driver/Src/stm32f7xx_hal_tim_ex.c ****   *
2292:Drivers/STM32F7xx_HAL_Driver/Src/stm32f7xx_hal_tim_ex.c **** @verbatim
2293:Drivers/STM32F7xx_HAL_Driver/Src/stm32f7xx_hal_tim_ex.c ****   ==============================================================================
2294:Drivers/STM32F7xx_HAL_Driver/Src/stm32f7xx_hal_tim_ex.c ****                     ##### Extended Callbacks functions #####
2295:Drivers/STM32F7xx_HAL_Driver/Src/stm32f7xx_hal_tim_ex.c ****   ==============================================================================
2296:Drivers/STM32F7xx_HAL_Driver/Src/stm32f7xx_hal_tim_ex.c ****   [..]
2297:Drivers/STM32F7xx_HAL_Driver/Src/stm32f7xx_hal_tim_ex.c ****     This section provides Extended TIM callback functions:
2298:Drivers/STM32F7xx_HAL_Driver/Src/stm32f7xx_hal_tim_ex.c ****     (+) Timer Commutation callback
2299:Drivers/STM32F7xx_HAL_Driver/Src/stm32f7xx_hal_tim_ex.c ****     (+) Timer Break callback
2300:Drivers/STM32F7xx_HAL_Driver/Src/stm32f7xx_hal_tim_ex.c **** 
2301:Drivers/STM32F7xx_HAL_Driver/Src/stm32f7xx_hal_tim_ex.c **** @endverbatim
2302:Drivers/STM32F7xx_HAL_Driver/Src/stm32f7xx_hal_tim_ex.c ****   * @{
2303:Drivers/STM32F7xx_HAL_Driver/Src/stm32f7xx_hal_tim_ex.c ****   */
2304:Drivers/STM32F7xx_HAL_Driver/Src/stm32f7xx_hal_tim_ex.c **** 
2305:Drivers/STM32F7xx_HAL_Driver/Src/stm32f7xx_hal_tim_ex.c **** /**
2306:Drivers/STM32F7xx_HAL_Driver/Src/stm32f7xx_hal_tim_ex.c ****   * @brief  Commutation callback in non-blocking mode
2307:Drivers/STM32F7xx_HAL_Driver/Src/stm32f7xx_hal_tim_ex.c ****   * @param  htim TIM handle
2308:Drivers/STM32F7xx_HAL_Driver/Src/stm32f7xx_hal_tim_ex.c ****   * @retval None
2309:Drivers/STM32F7xx_HAL_Driver/Src/stm32f7xx_hal_tim_ex.c ****   */
2310:Drivers/STM32F7xx_HAL_Driver/Src/stm32f7xx_hal_tim_ex.c **** __weak void HAL_TIMEx_CommutCallback(TIM_HandleTypeDef *htim)
2311:Drivers/STM32F7xx_HAL_Driver/Src/stm32f7xx_hal_tim_ex.c **** {
ARM GAS  /tmp/ccLIbKdJ.s 			page 42


2312:Drivers/STM32F7xx_HAL_Driver/Src/stm32f7xx_hal_tim_ex.c ****   /* Prevent unused argument(s) compilation warning */
2313:Drivers/STM32F7xx_HAL_Driver/Src/stm32f7xx_hal_tim_ex.c ****   UNUSED(htim);
2314:Drivers/STM32F7xx_HAL_Driver/Src/stm32f7xx_hal_tim_ex.c **** 
2315:Drivers/STM32F7xx_HAL_Driver/Src/stm32f7xx_hal_tim_ex.c ****   /* NOTE : This function should not be modified, when the callback is needed,
2316:Drivers/STM32F7xx_HAL_Driver/Src/stm32f7xx_hal_tim_ex.c ****             the HAL_TIMEx_CommutCallback could be implemented in the user file
2317:Drivers/STM32F7xx_HAL_Driver/Src/stm32f7xx_hal_tim_ex.c ****    */
2318:Drivers/STM32F7xx_HAL_Driver/Src/stm32f7xx_hal_tim_ex.c **** }
2319:Drivers/STM32F7xx_HAL_Driver/Src/stm32f7xx_hal_tim_ex.c **** /**
2320:Drivers/STM32F7xx_HAL_Driver/Src/stm32f7xx_hal_tim_ex.c ****   * @brief  Commutation half complete callback in non-blocking mode
2321:Drivers/STM32F7xx_HAL_Driver/Src/stm32f7xx_hal_tim_ex.c ****   * @param  htim TIM handle
2322:Drivers/STM32F7xx_HAL_Driver/Src/stm32f7xx_hal_tim_ex.c ****   * @retval None
2323:Drivers/STM32F7xx_HAL_Driver/Src/stm32f7xx_hal_tim_ex.c ****   */
2324:Drivers/STM32F7xx_HAL_Driver/Src/stm32f7xx_hal_tim_ex.c **** __weak void HAL_TIMEx_CommutHalfCpltCallback(TIM_HandleTypeDef *htim)
2325:Drivers/STM32F7xx_HAL_Driver/Src/stm32f7xx_hal_tim_ex.c **** {
2326:Drivers/STM32F7xx_HAL_Driver/Src/stm32f7xx_hal_tim_ex.c ****   /* Prevent unused argument(s) compilation warning */
2327:Drivers/STM32F7xx_HAL_Driver/Src/stm32f7xx_hal_tim_ex.c ****   UNUSED(htim);
2328:Drivers/STM32F7xx_HAL_Driver/Src/stm32f7xx_hal_tim_ex.c **** 
2329:Drivers/STM32F7xx_HAL_Driver/Src/stm32f7xx_hal_tim_ex.c ****   /* NOTE : This function should not be modified, when the callback is needed,
2330:Drivers/STM32F7xx_HAL_Driver/Src/stm32f7xx_hal_tim_ex.c ****             the HAL_TIMEx_CommutHalfCpltCallback could be implemented in the user file
2331:Drivers/STM32F7xx_HAL_Driver/Src/stm32f7xx_hal_tim_ex.c ****    */
2332:Drivers/STM32F7xx_HAL_Driver/Src/stm32f7xx_hal_tim_ex.c **** }
2333:Drivers/STM32F7xx_HAL_Driver/Src/stm32f7xx_hal_tim_ex.c **** 
2334:Drivers/STM32F7xx_HAL_Driver/Src/stm32f7xx_hal_tim_ex.c **** /**
2335:Drivers/STM32F7xx_HAL_Driver/Src/stm32f7xx_hal_tim_ex.c ****   * @brief  Break detection callback in non-blocking mode
2336:Drivers/STM32F7xx_HAL_Driver/Src/stm32f7xx_hal_tim_ex.c ****   * @param  htim TIM handle
2337:Drivers/STM32F7xx_HAL_Driver/Src/stm32f7xx_hal_tim_ex.c ****   * @retval None
2338:Drivers/STM32F7xx_HAL_Driver/Src/stm32f7xx_hal_tim_ex.c ****   */
2339:Drivers/STM32F7xx_HAL_Driver/Src/stm32f7xx_hal_tim_ex.c **** __weak void HAL_TIMEx_BreakCallback(TIM_HandleTypeDef *htim)
2340:Drivers/STM32F7xx_HAL_Driver/Src/stm32f7xx_hal_tim_ex.c **** {
2341:Drivers/STM32F7xx_HAL_Driver/Src/stm32f7xx_hal_tim_ex.c ****   /* Prevent unused argument(s) compilation warning */
2342:Drivers/STM32F7xx_HAL_Driver/Src/stm32f7xx_hal_tim_ex.c ****   UNUSED(htim);
2343:Drivers/STM32F7xx_HAL_Driver/Src/stm32f7xx_hal_tim_ex.c **** 
2344:Drivers/STM32F7xx_HAL_Driver/Src/stm32f7xx_hal_tim_ex.c ****   /* NOTE : This function should not be modified, when the callback is needed,
2345:Drivers/STM32F7xx_HAL_Driver/Src/stm32f7xx_hal_tim_ex.c ****             the HAL_TIMEx_BreakCallback could be implemented in the user file
2346:Drivers/STM32F7xx_HAL_Driver/Src/stm32f7xx_hal_tim_ex.c ****    */
2347:Drivers/STM32F7xx_HAL_Driver/Src/stm32f7xx_hal_tim_ex.c **** }
2348:Drivers/STM32F7xx_HAL_Driver/Src/stm32f7xx_hal_tim_ex.c **** 
2349:Drivers/STM32F7xx_HAL_Driver/Src/stm32f7xx_hal_tim_ex.c **** /**
2350:Drivers/STM32F7xx_HAL_Driver/Src/stm32f7xx_hal_tim_ex.c ****   * @brief  Break2 detection callback in non blocking mode
2351:Drivers/STM32F7xx_HAL_Driver/Src/stm32f7xx_hal_tim_ex.c ****   * @param  htim: TIM handle
2352:Drivers/STM32F7xx_HAL_Driver/Src/stm32f7xx_hal_tim_ex.c ****   * @retval None
2353:Drivers/STM32F7xx_HAL_Driver/Src/stm32f7xx_hal_tim_ex.c ****   */
2354:Drivers/STM32F7xx_HAL_Driver/Src/stm32f7xx_hal_tim_ex.c **** __weak void HAL_TIMEx_Break2Callback(TIM_HandleTypeDef *htim)
2355:Drivers/STM32F7xx_HAL_Driver/Src/stm32f7xx_hal_tim_ex.c **** {
2356:Drivers/STM32F7xx_HAL_Driver/Src/stm32f7xx_hal_tim_ex.c ****   /* Prevent unused argument(s) compilation warning */
2357:Drivers/STM32F7xx_HAL_Driver/Src/stm32f7xx_hal_tim_ex.c ****   UNUSED(htim);
2358:Drivers/STM32F7xx_HAL_Driver/Src/stm32f7xx_hal_tim_ex.c **** 
2359:Drivers/STM32F7xx_HAL_Driver/Src/stm32f7xx_hal_tim_ex.c ****   /* NOTE : This function Should not be modified, when the callback is needed,
2360:Drivers/STM32F7xx_HAL_Driver/Src/stm32f7xx_hal_tim_ex.c ****             the HAL_TIMEx_Break2Callback could be implemented in the user file
2361:Drivers/STM32F7xx_HAL_Driver/Src/stm32f7xx_hal_tim_ex.c ****    */
2362:Drivers/STM32F7xx_HAL_Driver/Src/stm32f7xx_hal_tim_ex.c **** }
2363:Drivers/STM32F7xx_HAL_Driver/Src/stm32f7xx_hal_tim_ex.c **** /**
2364:Drivers/STM32F7xx_HAL_Driver/Src/stm32f7xx_hal_tim_ex.c ****   * @}
2365:Drivers/STM32F7xx_HAL_Driver/Src/stm32f7xx_hal_tim_ex.c ****   */
2366:Drivers/STM32F7xx_HAL_Driver/Src/stm32f7xx_hal_tim_ex.c **** 
2367:Drivers/STM32F7xx_HAL_Driver/Src/stm32f7xx_hal_tim_ex.c **** /** @defgroup TIMEx_Exported_Functions_Group7 Extended Peripheral State functions
2368:Drivers/STM32F7xx_HAL_Driver/Src/stm32f7xx_hal_tim_ex.c ****   * @brief    Extended Peripheral State functions
ARM GAS  /tmp/ccLIbKdJ.s 			page 43


2369:Drivers/STM32F7xx_HAL_Driver/Src/stm32f7xx_hal_tim_ex.c ****   *
2370:Drivers/STM32F7xx_HAL_Driver/Src/stm32f7xx_hal_tim_ex.c **** @verbatim
2371:Drivers/STM32F7xx_HAL_Driver/Src/stm32f7xx_hal_tim_ex.c ****   ==============================================================================
2372:Drivers/STM32F7xx_HAL_Driver/Src/stm32f7xx_hal_tim_ex.c ****                 ##### Extended Peripheral State functions #####
2373:Drivers/STM32F7xx_HAL_Driver/Src/stm32f7xx_hal_tim_ex.c ****   ==============================================================================
2374:Drivers/STM32F7xx_HAL_Driver/Src/stm32f7xx_hal_tim_ex.c ****   [..]
2375:Drivers/STM32F7xx_HAL_Driver/Src/stm32f7xx_hal_tim_ex.c ****     This subsection permits to get in run-time the status of the peripheral
2376:Drivers/STM32F7xx_HAL_Driver/Src/stm32f7xx_hal_tim_ex.c ****     and the data flow.
2377:Drivers/STM32F7xx_HAL_Driver/Src/stm32f7xx_hal_tim_ex.c **** 
2378:Drivers/STM32F7xx_HAL_Driver/Src/stm32f7xx_hal_tim_ex.c **** @endverbatim
2379:Drivers/STM32F7xx_HAL_Driver/Src/stm32f7xx_hal_tim_ex.c ****   * @{
2380:Drivers/STM32F7xx_HAL_Driver/Src/stm32f7xx_hal_tim_ex.c ****   */
2381:Drivers/STM32F7xx_HAL_Driver/Src/stm32f7xx_hal_tim_ex.c **** 
2382:Drivers/STM32F7xx_HAL_Driver/Src/stm32f7xx_hal_tim_ex.c **** /**
2383:Drivers/STM32F7xx_HAL_Driver/Src/stm32f7xx_hal_tim_ex.c ****   * @brief  Return the TIM Hall Sensor interface handle state.
2384:Drivers/STM32F7xx_HAL_Driver/Src/stm32f7xx_hal_tim_ex.c ****   * @param  htim TIM Hall Sensor handle
2385:Drivers/STM32F7xx_HAL_Driver/Src/stm32f7xx_hal_tim_ex.c ****   * @retval HAL state
2386:Drivers/STM32F7xx_HAL_Driver/Src/stm32f7xx_hal_tim_ex.c ****   */
2387:Drivers/STM32F7xx_HAL_Driver/Src/stm32f7xx_hal_tim_ex.c **** HAL_TIM_StateTypeDef HAL_TIMEx_HallSensor_GetState(const TIM_HandleTypeDef *htim)
2388:Drivers/STM32F7xx_HAL_Driver/Src/stm32f7xx_hal_tim_ex.c **** {
2389:Drivers/STM32F7xx_HAL_Driver/Src/stm32f7xx_hal_tim_ex.c ****   return htim->State;
2390:Drivers/STM32F7xx_HAL_Driver/Src/stm32f7xx_hal_tim_ex.c **** }
2391:Drivers/STM32F7xx_HAL_Driver/Src/stm32f7xx_hal_tim_ex.c **** 
2392:Drivers/STM32F7xx_HAL_Driver/Src/stm32f7xx_hal_tim_ex.c **** /**
2393:Drivers/STM32F7xx_HAL_Driver/Src/stm32f7xx_hal_tim_ex.c ****   * @brief  Return actual state of the TIM complementary channel.
2394:Drivers/STM32F7xx_HAL_Driver/Src/stm32f7xx_hal_tim_ex.c ****   * @param  htim TIM handle
2395:Drivers/STM32F7xx_HAL_Driver/Src/stm32f7xx_hal_tim_ex.c ****   * @param  ChannelN TIM Complementary channel
2396:Drivers/STM32F7xx_HAL_Driver/Src/stm32f7xx_hal_tim_ex.c ****   *          This parameter can be one of the following values:
2397:Drivers/STM32F7xx_HAL_Driver/Src/stm32f7xx_hal_tim_ex.c ****   *            @arg TIM_CHANNEL_1: TIM Channel 1
2398:Drivers/STM32F7xx_HAL_Driver/Src/stm32f7xx_hal_tim_ex.c ****   *            @arg TIM_CHANNEL_2: TIM Channel 2
2399:Drivers/STM32F7xx_HAL_Driver/Src/stm32f7xx_hal_tim_ex.c ****   *            @arg TIM_CHANNEL_3: TIM Channel 3
2400:Drivers/STM32F7xx_HAL_Driver/Src/stm32f7xx_hal_tim_ex.c ****   * @retval TIM Complementary channel state
2401:Drivers/STM32F7xx_HAL_Driver/Src/stm32f7xx_hal_tim_ex.c ****   */
2402:Drivers/STM32F7xx_HAL_Driver/Src/stm32f7xx_hal_tim_ex.c **** HAL_TIM_ChannelStateTypeDef HAL_TIMEx_GetChannelNState(const TIM_HandleTypeDef *htim,  uint32_t Cha
2403:Drivers/STM32F7xx_HAL_Driver/Src/stm32f7xx_hal_tim_ex.c **** {
2404:Drivers/STM32F7xx_HAL_Driver/Src/stm32f7xx_hal_tim_ex.c ****   HAL_TIM_ChannelStateTypeDef channel_state;
2405:Drivers/STM32F7xx_HAL_Driver/Src/stm32f7xx_hal_tim_ex.c **** 
2406:Drivers/STM32F7xx_HAL_Driver/Src/stm32f7xx_hal_tim_ex.c ****   /* Check the parameters */
2407:Drivers/STM32F7xx_HAL_Driver/Src/stm32f7xx_hal_tim_ex.c ****   assert_param(IS_TIM_CCXN_INSTANCE(htim->Instance, ChannelN));
2408:Drivers/STM32F7xx_HAL_Driver/Src/stm32f7xx_hal_tim_ex.c **** 
2409:Drivers/STM32F7xx_HAL_Driver/Src/stm32f7xx_hal_tim_ex.c ****   channel_state = TIM_CHANNEL_N_STATE_GET(htim, ChannelN);
2410:Drivers/STM32F7xx_HAL_Driver/Src/stm32f7xx_hal_tim_ex.c **** 
2411:Drivers/STM32F7xx_HAL_Driver/Src/stm32f7xx_hal_tim_ex.c ****   return channel_state;
2412:Drivers/STM32F7xx_HAL_Driver/Src/stm32f7xx_hal_tim_ex.c **** }
2413:Drivers/STM32F7xx_HAL_Driver/Src/stm32f7xx_hal_tim_ex.c **** /**
2414:Drivers/STM32F7xx_HAL_Driver/Src/stm32f7xx_hal_tim_ex.c ****   * @}
2415:Drivers/STM32F7xx_HAL_Driver/Src/stm32f7xx_hal_tim_ex.c ****   */
2416:Drivers/STM32F7xx_HAL_Driver/Src/stm32f7xx_hal_tim_ex.c **** 
2417:Drivers/STM32F7xx_HAL_Driver/Src/stm32f7xx_hal_tim_ex.c **** /**
2418:Drivers/STM32F7xx_HAL_Driver/Src/stm32f7xx_hal_tim_ex.c ****   * @}
2419:Drivers/STM32F7xx_HAL_Driver/Src/stm32f7xx_hal_tim_ex.c ****   */
2420:Drivers/STM32F7xx_HAL_Driver/Src/stm32f7xx_hal_tim_ex.c **** 
2421:Drivers/STM32F7xx_HAL_Driver/Src/stm32f7xx_hal_tim_ex.c **** /* Private functions ---------------------------------------------------------*/
2422:Drivers/STM32F7xx_HAL_Driver/Src/stm32f7xx_hal_tim_ex.c **** /** @defgroup TIMEx_Private_Functions TIM Extended Private Functions
2423:Drivers/STM32F7xx_HAL_Driver/Src/stm32f7xx_hal_tim_ex.c ****   * @{
2424:Drivers/STM32F7xx_HAL_Driver/Src/stm32f7xx_hal_tim_ex.c ****   */
2425:Drivers/STM32F7xx_HAL_Driver/Src/stm32f7xx_hal_tim_ex.c **** 
ARM GAS  /tmp/ccLIbKdJ.s 			page 44


2426:Drivers/STM32F7xx_HAL_Driver/Src/stm32f7xx_hal_tim_ex.c **** /**
2427:Drivers/STM32F7xx_HAL_Driver/Src/stm32f7xx_hal_tim_ex.c ****   * @brief  TIM DMA Commutation callback.
2428:Drivers/STM32F7xx_HAL_Driver/Src/stm32f7xx_hal_tim_ex.c ****   * @param  hdma pointer to DMA handle.
2429:Drivers/STM32F7xx_HAL_Driver/Src/stm32f7xx_hal_tim_ex.c ****   * @retval None
2430:Drivers/STM32F7xx_HAL_Driver/Src/stm32f7xx_hal_tim_ex.c ****   */
2431:Drivers/STM32F7xx_HAL_Driver/Src/stm32f7xx_hal_tim_ex.c **** void TIMEx_DMACommutationCplt(DMA_HandleTypeDef *hdma)
2432:Drivers/STM32F7xx_HAL_Driver/Src/stm32f7xx_hal_tim_ex.c **** {
2433:Drivers/STM32F7xx_HAL_Driver/Src/stm32f7xx_hal_tim_ex.c ****   TIM_HandleTypeDef *htim = (TIM_HandleTypeDef *)((DMA_HandleTypeDef *)hdma)->Parent;
2434:Drivers/STM32F7xx_HAL_Driver/Src/stm32f7xx_hal_tim_ex.c **** 
2435:Drivers/STM32F7xx_HAL_Driver/Src/stm32f7xx_hal_tim_ex.c ****   /* Change the htim state */
2436:Drivers/STM32F7xx_HAL_Driver/Src/stm32f7xx_hal_tim_ex.c ****   htim->State = HAL_TIM_STATE_READY;
2437:Drivers/STM32F7xx_HAL_Driver/Src/stm32f7xx_hal_tim_ex.c **** 
2438:Drivers/STM32F7xx_HAL_Driver/Src/stm32f7xx_hal_tim_ex.c **** #if (USE_HAL_TIM_REGISTER_CALLBACKS == 1)
2439:Drivers/STM32F7xx_HAL_Driver/Src/stm32f7xx_hal_tim_ex.c ****   htim->CommutationCallback(htim);
2440:Drivers/STM32F7xx_HAL_Driver/Src/stm32f7xx_hal_tim_ex.c **** #else
2441:Drivers/STM32F7xx_HAL_Driver/Src/stm32f7xx_hal_tim_ex.c ****   HAL_TIMEx_CommutCallback(htim);
2442:Drivers/STM32F7xx_HAL_Driver/Src/stm32f7xx_hal_tim_ex.c **** #endif /* USE_HAL_TIM_REGISTER_CALLBACKS */
2443:Drivers/STM32F7xx_HAL_Driver/Src/stm32f7xx_hal_tim_ex.c **** }
2444:Drivers/STM32F7xx_HAL_Driver/Src/stm32f7xx_hal_tim_ex.c **** 
2445:Drivers/STM32F7xx_HAL_Driver/Src/stm32f7xx_hal_tim_ex.c **** /**
2446:Drivers/STM32F7xx_HAL_Driver/Src/stm32f7xx_hal_tim_ex.c ****   * @brief  TIM DMA Commutation half complete callback.
2447:Drivers/STM32F7xx_HAL_Driver/Src/stm32f7xx_hal_tim_ex.c ****   * @param  hdma pointer to DMA handle.
2448:Drivers/STM32F7xx_HAL_Driver/Src/stm32f7xx_hal_tim_ex.c ****   * @retval None
2449:Drivers/STM32F7xx_HAL_Driver/Src/stm32f7xx_hal_tim_ex.c ****   */
2450:Drivers/STM32F7xx_HAL_Driver/Src/stm32f7xx_hal_tim_ex.c **** void TIMEx_DMACommutationHalfCplt(DMA_HandleTypeDef *hdma)
2451:Drivers/STM32F7xx_HAL_Driver/Src/stm32f7xx_hal_tim_ex.c **** {
2452:Drivers/STM32F7xx_HAL_Driver/Src/stm32f7xx_hal_tim_ex.c ****   TIM_HandleTypeDef *htim = (TIM_HandleTypeDef *)((DMA_HandleTypeDef *)hdma)->Parent;
2453:Drivers/STM32F7xx_HAL_Driver/Src/stm32f7xx_hal_tim_ex.c **** 
2454:Drivers/STM32F7xx_HAL_Driver/Src/stm32f7xx_hal_tim_ex.c ****   /* Change the htim state */
2455:Drivers/STM32F7xx_HAL_Driver/Src/stm32f7xx_hal_tim_ex.c ****   htim->State = HAL_TIM_STATE_READY;
2456:Drivers/STM32F7xx_HAL_Driver/Src/stm32f7xx_hal_tim_ex.c **** 
2457:Drivers/STM32F7xx_HAL_Driver/Src/stm32f7xx_hal_tim_ex.c **** #if (USE_HAL_TIM_REGISTER_CALLBACKS == 1)
2458:Drivers/STM32F7xx_HAL_Driver/Src/stm32f7xx_hal_tim_ex.c ****   htim->CommutationHalfCpltCallback(htim);
2459:Drivers/STM32F7xx_HAL_Driver/Src/stm32f7xx_hal_tim_ex.c **** #else
2460:Drivers/STM32F7xx_HAL_Driver/Src/stm32f7xx_hal_tim_ex.c ****   HAL_TIMEx_CommutHalfCpltCallback(htim);
2461:Drivers/STM32F7xx_HAL_Driver/Src/stm32f7xx_hal_tim_ex.c **** #endif /* USE_HAL_TIM_REGISTER_CALLBACKS */
2462:Drivers/STM32F7xx_HAL_Driver/Src/stm32f7xx_hal_tim_ex.c **** }
2463:Drivers/STM32F7xx_HAL_Driver/Src/stm32f7xx_hal_tim_ex.c **** 
2464:Drivers/STM32F7xx_HAL_Driver/Src/stm32f7xx_hal_tim_ex.c **** 
2465:Drivers/STM32F7xx_HAL_Driver/Src/stm32f7xx_hal_tim_ex.c **** /**
2466:Drivers/STM32F7xx_HAL_Driver/Src/stm32f7xx_hal_tim_ex.c ****   * @brief  TIM DMA Delay Pulse complete callback (complementary channel).
2467:Drivers/STM32F7xx_HAL_Driver/Src/stm32f7xx_hal_tim_ex.c ****   * @param  hdma pointer to DMA handle.
2468:Drivers/STM32F7xx_HAL_Driver/Src/stm32f7xx_hal_tim_ex.c ****   * @retval None
2469:Drivers/STM32F7xx_HAL_Driver/Src/stm32f7xx_hal_tim_ex.c ****   */
2470:Drivers/STM32F7xx_HAL_Driver/Src/stm32f7xx_hal_tim_ex.c **** static void TIM_DMADelayPulseNCplt(DMA_HandleTypeDef *hdma)
2471:Drivers/STM32F7xx_HAL_Driver/Src/stm32f7xx_hal_tim_ex.c **** {
2472:Drivers/STM32F7xx_HAL_Driver/Src/stm32f7xx_hal_tim_ex.c ****   TIM_HandleTypeDef *htim = (TIM_HandleTypeDef *)((DMA_HandleTypeDef *)hdma)->Parent;
2473:Drivers/STM32F7xx_HAL_Driver/Src/stm32f7xx_hal_tim_ex.c **** 
2474:Drivers/STM32F7xx_HAL_Driver/Src/stm32f7xx_hal_tim_ex.c ****   if (hdma == htim->hdma[TIM_DMA_ID_CC1])
2475:Drivers/STM32F7xx_HAL_Driver/Src/stm32f7xx_hal_tim_ex.c ****   {
2476:Drivers/STM32F7xx_HAL_Driver/Src/stm32f7xx_hal_tim_ex.c ****     htim->Channel = HAL_TIM_ACTIVE_CHANNEL_1;
2477:Drivers/STM32F7xx_HAL_Driver/Src/stm32f7xx_hal_tim_ex.c **** 
2478:Drivers/STM32F7xx_HAL_Driver/Src/stm32f7xx_hal_tim_ex.c ****     if (hdma->Init.Mode == DMA_NORMAL)
2479:Drivers/STM32F7xx_HAL_Driver/Src/stm32f7xx_hal_tim_ex.c ****     {
2480:Drivers/STM32F7xx_HAL_Driver/Src/stm32f7xx_hal_tim_ex.c ****       TIM_CHANNEL_N_STATE_SET(htim, TIM_CHANNEL_1, HAL_TIM_CHANNEL_STATE_READY);
2481:Drivers/STM32F7xx_HAL_Driver/Src/stm32f7xx_hal_tim_ex.c ****     }
2482:Drivers/STM32F7xx_HAL_Driver/Src/stm32f7xx_hal_tim_ex.c ****   }
ARM GAS  /tmp/ccLIbKdJ.s 			page 45


2483:Drivers/STM32F7xx_HAL_Driver/Src/stm32f7xx_hal_tim_ex.c ****   else if (hdma == htim->hdma[TIM_DMA_ID_CC2])
2484:Drivers/STM32F7xx_HAL_Driver/Src/stm32f7xx_hal_tim_ex.c ****   {
2485:Drivers/STM32F7xx_HAL_Driver/Src/stm32f7xx_hal_tim_ex.c ****     htim->Channel = HAL_TIM_ACTIVE_CHANNEL_2;
2486:Drivers/STM32F7xx_HAL_Driver/Src/stm32f7xx_hal_tim_ex.c **** 
2487:Drivers/STM32F7xx_HAL_Driver/Src/stm32f7xx_hal_tim_ex.c ****     if (hdma->Init.Mode == DMA_NORMAL)
2488:Drivers/STM32F7xx_HAL_Driver/Src/stm32f7xx_hal_tim_ex.c ****     {
2489:Drivers/STM32F7xx_HAL_Driver/Src/stm32f7xx_hal_tim_ex.c ****       TIM_CHANNEL_N_STATE_SET(htim, TIM_CHANNEL_2, HAL_TIM_CHANNEL_STATE_READY);
2490:Drivers/STM32F7xx_HAL_Driver/Src/stm32f7xx_hal_tim_ex.c ****     }
2491:Drivers/STM32F7xx_HAL_Driver/Src/stm32f7xx_hal_tim_ex.c ****   }
2492:Drivers/STM32F7xx_HAL_Driver/Src/stm32f7xx_hal_tim_ex.c ****   else if (hdma == htim->hdma[TIM_DMA_ID_CC3])
2493:Drivers/STM32F7xx_HAL_Driver/Src/stm32f7xx_hal_tim_ex.c ****   {
2494:Drivers/STM32F7xx_HAL_Driver/Src/stm32f7xx_hal_tim_ex.c ****     htim->Channel = HAL_TIM_ACTIVE_CHANNEL_3;
2495:Drivers/STM32F7xx_HAL_Driver/Src/stm32f7xx_hal_tim_ex.c **** 
2496:Drivers/STM32F7xx_HAL_Driver/Src/stm32f7xx_hal_tim_ex.c ****     if (hdma->Init.Mode == DMA_NORMAL)
2497:Drivers/STM32F7xx_HAL_Driver/Src/stm32f7xx_hal_tim_ex.c ****     {
2498:Drivers/STM32F7xx_HAL_Driver/Src/stm32f7xx_hal_tim_ex.c ****       TIM_CHANNEL_N_STATE_SET(htim, TIM_CHANNEL_3, HAL_TIM_CHANNEL_STATE_READY);
2499:Drivers/STM32F7xx_HAL_Driver/Src/stm32f7xx_hal_tim_ex.c ****     }
2500:Drivers/STM32F7xx_HAL_Driver/Src/stm32f7xx_hal_tim_ex.c ****   }
2501:Drivers/STM32F7xx_HAL_Driver/Src/stm32f7xx_hal_tim_ex.c ****   else
2502:Drivers/STM32F7xx_HAL_Driver/Src/stm32f7xx_hal_tim_ex.c ****   {
2503:Drivers/STM32F7xx_HAL_Driver/Src/stm32f7xx_hal_tim_ex.c ****     /* nothing to do */
2504:Drivers/STM32F7xx_HAL_Driver/Src/stm32f7xx_hal_tim_ex.c ****   }
2505:Drivers/STM32F7xx_HAL_Driver/Src/stm32f7xx_hal_tim_ex.c **** 
2506:Drivers/STM32F7xx_HAL_Driver/Src/stm32f7xx_hal_tim_ex.c **** #if (USE_HAL_TIM_REGISTER_CALLBACKS == 1)
2507:Drivers/STM32F7xx_HAL_Driver/Src/stm32f7xx_hal_tim_ex.c ****   htim->PWM_PulseFinishedCallback(htim);
2508:Drivers/STM32F7xx_HAL_Driver/Src/stm32f7xx_hal_tim_ex.c **** #else
2509:Drivers/STM32F7xx_HAL_Driver/Src/stm32f7xx_hal_tim_ex.c ****   HAL_TIM_PWM_PulseFinishedCallback(htim);
2510:Drivers/STM32F7xx_HAL_Driver/Src/stm32f7xx_hal_tim_ex.c **** #endif /* USE_HAL_TIM_REGISTER_CALLBACKS */
2511:Drivers/STM32F7xx_HAL_Driver/Src/stm32f7xx_hal_tim_ex.c **** 
2512:Drivers/STM32F7xx_HAL_Driver/Src/stm32f7xx_hal_tim_ex.c ****   htim->Channel = HAL_TIM_ACTIVE_CHANNEL_CLEARED;
2513:Drivers/STM32F7xx_HAL_Driver/Src/stm32f7xx_hal_tim_ex.c **** }
2514:Drivers/STM32F7xx_HAL_Driver/Src/stm32f7xx_hal_tim_ex.c **** 
2515:Drivers/STM32F7xx_HAL_Driver/Src/stm32f7xx_hal_tim_ex.c **** /**
2516:Drivers/STM32F7xx_HAL_Driver/Src/stm32f7xx_hal_tim_ex.c ****   * @brief  TIM DMA error callback (complementary channel)
2517:Drivers/STM32F7xx_HAL_Driver/Src/stm32f7xx_hal_tim_ex.c ****   * @param  hdma pointer to DMA handle.
2518:Drivers/STM32F7xx_HAL_Driver/Src/stm32f7xx_hal_tim_ex.c ****   * @retval None
2519:Drivers/STM32F7xx_HAL_Driver/Src/stm32f7xx_hal_tim_ex.c ****   */
2520:Drivers/STM32F7xx_HAL_Driver/Src/stm32f7xx_hal_tim_ex.c **** static void TIM_DMAErrorCCxN(DMA_HandleTypeDef *hdma)
2521:Drivers/STM32F7xx_HAL_Driver/Src/stm32f7xx_hal_tim_ex.c **** {
2522:Drivers/STM32F7xx_HAL_Driver/Src/stm32f7xx_hal_tim_ex.c ****   TIM_HandleTypeDef *htim = (TIM_HandleTypeDef *)((DMA_HandleTypeDef *)hdma)->Parent;
2523:Drivers/STM32F7xx_HAL_Driver/Src/stm32f7xx_hal_tim_ex.c **** 
2524:Drivers/STM32F7xx_HAL_Driver/Src/stm32f7xx_hal_tim_ex.c ****   if (hdma == htim->hdma[TIM_DMA_ID_CC1])
2525:Drivers/STM32F7xx_HAL_Driver/Src/stm32f7xx_hal_tim_ex.c ****   {
2526:Drivers/STM32F7xx_HAL_Driver/Src/stm32f7xx_hal_tim_ex.c ****     htim->Channel = HAL_TIM_ACTIVE_CHANNEL_1;
2527:Drivers/STM32F7xx_HAL_Driver/Src/stm32f7xx_hal_tim_ex.c ****     TIM_CHANNEL_N_STATE_SET(htim, TIM_CHANNEL_1, HAL_TIM_CHANNEL_STATE_READY);
2528:Drivers/STM32F7xx_HAL_Driver/Src/stm32f7xx_hal_tim_ex.c ****   }
2529:Drivers/STM32F7xx_HAL_Driver/Src/stm32f7xx_hal_tim_ex.c ****   else if (hdma == htim->hdma[TIM_DMA_ID_CC2])
2530:Drivers/STM32F7xx_HAL_Driver/Src/stm32f7xx_hal_tim_ex.c ****   {
2531:Drivers/STM32F7xx_HAL_Driver/Src/stm32f7xx_hal_tim_ex.c ****     htim->Channel = HAL_TIM_ACTIVE_CHANNEL_2;
2532:Drivers/STM32F7xx_HAL_Driver/Src/stm32f7xx_hal_tim_ex.c ****     TIM_CHANNEL_N_STATE_SET(htim, TIM_CHANNEL_2, HAL_TIM_CHANNEL_STATE_READY);
2533:Drivers/STM32F7xx_HAL_Driver/Src/stm32f7xx_hal_tim_ex.c ****   }
2534:Drivers/STM32F7xx_HAL_Driver/Src/stm32f7xx_hal_tim_ex.c ****   else if (hdma == htim->hdma[TIM_DMA_ID_CC3])
2535:Drivers/STM32F7xx_HAL_Driver/Src/stm32f7xx_hal_tim_ex.c ****   {
2536:Drivers/STM32F7xx_HAL_Driver/Src/stm32f7xx_hal_tim_ex.c ****     htim->Channel = HAL_TIM_ACTIVE_CHANNEL_3;
2537:Drivers/STM32F7xx_HAL_Driver/Src/stm32f7xx_hal_tim_ex.c ****     TIM_CHANNEL_N_STATE_SET(htim, TIM_CHANNEL_3, HAL_TIM_CHANNEL_STATE_READY);
2538:Drivers/STM32F7xx_HAL_Driver/Src/stm32f7xx_hal_tim_ex.c ****   }
2539:Drivers/STM32F7xx_HAL_Driver/Src/stm32f7xx_hal_tim_ex.c ****   else
ARM GAS  /tmp/ccLIbKdJ.s 			page 46


2540:Drivers/STM32F7xx_HAL_Driver/Src/stm32f7xx_hal_tim_ex.c ****   {
2541:Drivers/STM32F7xx_HAL_Driver/Src/stm32f7xx_hal_tim_ex.c ****     /* nothing to do */
2542:Drivers/STM32F7xx_HAL_Driver/Src/stm32f7xx_hal_tim_ex.c ****   }
2543:Drivers/STM32F7xx_HAL_Driver/Src/stm32f7xx_hal_tim_ex.c **** 
2544:Drivers/STM32F7xx_HAL_Driver/Src/stm32f7xx_hal_tim_ex.c **** #if (USE_HAL_TIM_REGISTER_CALLBACKS == 1)
2545:Drivers/STM32F7xx_HAL_Driver/Src/stm32f7xx_hal_tim_ex.c ****   htim->ErrorCallback(htim);
2546:Drivers/STM32F7xx_HAL_Driver/Src/stm32f7xx_hal_tim_ex.c **** #else
2547:Drivers/STM32F7xx_HAL_Driver/Src/stm32f7xx_hal_tim_ex.c ****   HAL_TIM_ErrorCallback(htim);
2548:Drivers/STM32F7xx_HAL_Driver/Src/stm32f7xx_hal_tim_ex.c **** #endif /* USE_HAL_TIM_REGISTER_CALLBACKS */
2549:Drivers/STM32F7xx_HAL_Driver/Src/stm32f7xx_hal_tim_ex.c **** 
2550:Drivers/STM32F7xx_HAL_Driver/Src/stm32f7xx_hal_tim_ex.c ****   htim->Channel = HAL_TIM_ACTIVE_CHANNEL_CLEARED;
2551:Drivers/STM32F7xx_HAL_Driver/Src/stm32f7xx_hal_tim_ex.c **** }
2552:Drivers/STM32F7xx_HAL_Driver/Src/stm32f7xx_hal_tim_ex.c **** 
2553:Drivers/STM32F7xx_HAL_Driver/Src/stm32f7xx_hal_tim_ex.c **** /**
2554:Drivers/STM32F7xx_HAL_Driver/Src/stm32f7xx_hal_tim_ex.c ****   * @brief  Enables or disables the TIM Capture Compare Channel xN.
2555:Drivers/STM32F7xx_HAL_Driver/Src/stm32f7xx_hal_tim_ex.c ****   * @param  TIMx to select the TIM peripheral
2556:Drivers/STM32F7xx_HAL_Driver/Src/stm32f7xx_hal_tim_ex.c ****   * @param  Channel specifies the TIM Channel
2557:Drivers/STM32F7xx_HAL_Driver/Src/stm32f7xx_hal_tim_ex.c ****   *          This parameter can be one of the following values:
2558:Drivers/STM32F7xx_HAL_Driver/Src/stm32f7xx_hal_tim_ex.c ****   *            @arg TIM_CHANNEL_1: TIM Channel 1
2559:Drivers/STM32F7xx_HAL_Driver/Src/stm32f7xx_hal_tim_ex.c ****   *            @arg TIM_CHANNEL_2: TIM Channel 2
2560:Drivers/STM32F7xx_HAL_Driver/Src/stm32f7xx_hal_tim_ex.c ****   *            @arg TIM_CHANNEL_3: TIM Channel 3
2561:Drivers/STM32F7xx_HAL_Driver/Src/stm32f7xx_hal_tim_ex.c ****   * @param  ChannelNState specifies the TIM Channel CCxNE bit new state.
2562:Drivers/STM32F7xx_HAL_Driver/Src/stm32f7xx_hal_tim_ex.c ****   *          This parameter can be: TIM_CCxN_ENABLE or TIM_CCxN_Disable.
2563:Drivers/STM32F7xx_HAL_Driver/Src/stm32f7xx_hal_tim_ex.c ****   * @retval None
2564:Drivers/STM32F7xx_HAL_Driver/Src/stm32f7xx_hal_tim_ex.c ****   */
2565:Drivers/STM32F7xx_HAL_Driver/Src/stm32f7xx_hal_tim_ex.c **** static void TIM_CCxNChannelCmd(TIM_TypeDef *TIMx, uint32_t Channel, uint32_t ChannelNState)
2566:Drivers/STM32F7xx_HAL_Driver/Src/stm32f7xx_hal_tim_ex.c **** {
  28              		.loc 1 2566 1 view -0
  29              		.cfi_startproc
  30              		@ args = 0, pretend = 0, frame = 0
  31              		@ frame_needed = 0, uses_anonymous_args = 0
  32              		@ link register save eliminated.
2567:Drivers/STM32F7xx_HAL_Driver/Src/stm32f7xx_hal_tim_ex.c ****   uint32_t tmp;
  33              		.loc 1 2567 3 view .LVU1
2568:Drivers/STM32F7xx_HAL_Driver/Src/stm32f7xx_hal_tim_ex.c **** 
2569:Drivers/STM32F7xx_HAL_Driver/Src/stm32f7xx_hal_tim_ex.c ****   tmp = TIM_CCER_CC1NE << (Channel & 0xFU); /* 0xFU = 15 bits max shift */
  34              		.loc 1 2569 3 view .LVU2
  35              		.loc 1 2569 36 is_stmt 0 view .LVU3
  36 0000 01F00F01 		and	r1, r1, #15
  37              	.LVL1:
  38              		.loc 1 2569 7 view .LVU4
  39 0004 4FF0040C 		mov	ip, #4
  40 0008 0CFA01FC 		lsl	ip, ip, r1
  41              	.LVL2:
2570:Drivers/STM32F7xx_HAL_Driver/Src/stm32f7xx_hal_tim_ex.c **** 
2571:Drivers/STM32F7xx_HAL_Driver/Src/stm32f7xx_hal_tim_ex.c ****   /* Reset the CCxNE Bit */
2572:Drivers/STM32F7xx_HAL_Driver/Src/stm32f7xx_hal_tim_ex.c ****   TIMx->CCER &=  ~tmp;
  42              		.loc 1 2572 3 is_stmt 1 view .LVU5
  43              		.loc 1 2572 7 is_stmt 0 view .LVU6
  44 000c 036A     		ldr	r3, [r0, #32]
  45              		.loc 1 2572 14 view .LVU7
  46 000e 23EA0C03 		bic	r3, r3, ip
  47 0012 0362     		str	r3, [r0, #32]
2573:Drivers/STM32F7xx_HAL_Driver/Src/stm32f7xx_hal_tim_ex.c **** 
2574:Drivers/STM32F7xx_HAL_Driver/Src/stm32f7xx_hal_tim_ex.c ****   /* Set or reset the CCxNE Bit */
2575:Drivers/STM32F7xx_HAL_Driver/Src/stm32f7xx_hal_tim_ex.c ****   TIMx->CCER |= (uint32_t)(ChannelNState << (Channel & 0xFU)); /* 0xFU = 15 bits max shift */
  48              		.loc 1 2575 3 is_stmt 1 view .LVU8
ARM GAS  /tmp/ccLIbKdJ.s 			page 47


  49              		.loc 1 2575 7 is_stmt 0 view .LVU9
  50 0014 036A     		ldr	r3, [r0, #32]
  51              		.loc 1 2575 42 view .LVU10
  52 0016 8A40     		lsls	r2, r2, r1
  53              	.LVL3:
  54              		.loc 1 2575 14 view .LVU11
  55 0018 1343     		orrs	r3, r3, r2
  56 001a 0362     		str	r3, [r0, #32]
2576:Drivers/STM32F7xx_HAL_Driver/Src/stm32f7xx_hal_tim_ex.c **** }
  57              		.loc 1 2576 1 view .LVU12
  58 001c 7047     		bx	lr
  59              		.cfi_endproc
  60              	.LFE185:
  62              		.section	.text.TIM_DMAErrorCCxN,"ax",%progbits
  63              		.align	1
  64              		.syntax unified
  65              		.thumb
  66              		.thumb_func
  68              	TIM_DMAErrorCCxN:
  69              	.LVL4:
  70              	.LFB184:
2521:Drivers/STM32F7xx_HAL_Driver/Src/stm32f7xx_hal_tim_ex.c ****   TIM_HandleTypeDef *htim = (TIM_HandleTypeDef *)((DMA_HandleTypeDef *)hdma)->Parent;
  71              		.loc 1 2521 1 is_stmt 1 view -0
  72              		.cfi_startproc
  73              		@ args = 0, pretend = 0, frame = 0
  74              		@ frame_needed = 0, uses_anonymous_args = 0
2521:Drivers/STM32F7xx_HAL_Driver/Src/stm32f7xx_hal_tim_ex.c ****   TIM_HandleTypeDef *htim = (TIM_HandleTypeDef *)((DMA_HandleTypeDef *)hdma)->Parent;
  75              		.loc 1 2521 1 is_stmt 0 view .LVU14
  76 0000 10B5     		push	{r4, lr}
  77              	.LCFI0:
  78              		.cfi_def_cfa_offset 8
  79              		.cfi_offset 4, -8
  80              		.cfi_offset 14, -4
2522:Drivers/STM32F7xx_HAL_Driver/Src/stm32f7xx_hal_tim_ex.c **** 
  81              		.loc 1 2522 3 is_stmt 1 view .LVU15
2522:Drivers/STM32F7xx_HAL_Driver/Src/stm32f7xx_hal_tim_ex.c **** 
  82              		.loc 1 2522 22 is_stmt 0 view .LVU16
  83 0002 846B     		ldr	r4, [r0, #56]
  84              	.LVL5:
2524:Drivers/STM32F7xx_HAL_Driver/Src/stm32f7xx_hal_tim_ex.c ****   {
  85              		.loc 1 2524 3 is_stmt 1 view .LVU17
2524:Drivers/STM32F7xx_HAL_Driver/Src/stm32f7xx_hal_tim_ex.c ****   {
  86              		.loc 1 2524 25 is_stmt 0 view .LVU18
  87 0004 636A     		ldr	r3, [r4, #36]
2524:Drivers/STM32F7xx_HAL_Driver/Src/stm32f7xx_hal_tim_ex.c ****   {
  88              		.loc 1 2524 6 view .LVU19
  89 0006 8342     		cmp	r3, r0
  90 0008 0BD0     		beq	.L7
2529:Drivers/STM32F7xx_HAL_Driver/Src/stm32f7xx_hal_tim_ex.c ****   {
  91              		.loc 1 2529 8 is_stmt 1 view .LVU20
2529:Drivers/STM32F7xx_HAL_Driver/Src/stm32f7xx_hal_tim_ex.c ****   {
  92              		.loc 1 2529 30 is_stmt 0 view .LVU21
  93 000a A36A     		ldr	r3, [r4, #40]
2529:Drivers/STM32F7xx_HAL_Driver/Src/stm32f7xx_hal_tim_ex.c ****   {
  94              		.loc 1 2529 11 view .LVU22
  95 000c 8342     		cmp	r3, r0
  96 000e 0DD0     		beq	.L8
ARM GAS  /tmp/ccLIbKdJ.s 			page 48


2534:Drivers/STM32F7xx_HAL_Driver/Src/stm32f7xx_hal_tim_ex.c ****   {
  97              		.loc 1 2534 8 is_stmt 1 view .LVU23
2534:Drivers/STM32F7xx_HAL_Driver/Src/stm32f7xx_hal_tim_ex.c ****   {
  98              		.loc 1 2534 30 is_stmt 0 view .LVU24
  99 0010 E36A     		ldr	r3, [r4, #44]
2534:Drivers/STM32F7xx_HAL_Driver/Src/stm32f7xx_hal_tim_ex.c ****   {
 100              		.loc 1 2534 11 view .LVU25
 101 0012 8342     		cmp	r3, r0
 102 0014 10D0     		beq	.L9
 103              	.L4:
2542:Drivers/STM32F7xx_HAL_Driver/Src/stm32f7xx_hal_tim_ex.c **** 
 104              		.loc 1 2542 3 is_stmt 1 view .LVU26
2547:Drivers/STM32F7xx_HAL_Driver/Src/stm32f7xx_hal_tim_ex.c **** #endif /* USE_HAL_TIM_REGISTER_CALLBACKS */
 105              		.loc 1 2547 3 view .LVU27
 106 0016 2046     		mov	r0, r4
 107              	.LVL6:
2547:Drivers/STM32F7xx_HAL_Driver/Src/stm32f7xx_hal_tim_ex.c **** #endif /* USE_HAL_TIM_REGISTER_CALLBACKS */
 108              		.loc 1 2547 3 is_stmt 0 view .LVU28
 109 0018 FFF7FEFF 		bl	HAL_TIM_ErrorCallback
 110              	.LVL7:
2550:Drivers/STM32F7xx_HAL_Driver/Src/stm32f7xx_hal_tim_ex.c **** }
 111              		.loc 1 2550 3 is_stmt 1 view .LVU29
2550:Drivers/STM32F7xx_HAL_Driver/Src/stm32f7xx_hal_tim_ex.c **** }
 112              		.loc 1 2550 17 is_stmt 0 view .LVU30
 113 001c 0023     		movs	r3, #0
 114 001e 2377     		strb	r3, [r4, #28]
2551:Drivers/STM32F7xx_HAL_Driver/Src/stm32f7xx_hal_tim_ex.c **** 
 115              		.loc 1 2551 1 view .LVU31
 116 0020 10BD     		pop	{r4, pc}
 117              	.LVL8:
 118              	.L7:
2526:Drivers/STM32F7xx_HAL_Driver/Src/stm32f7xx_hal_tim_ex.c ****     TIM_CHANNEL_N_STATE_SET(htim, TIM_CHANNEL_1, HAL_TIM_CHANNEL_STATE_READY);
 119              		.loc 1 2526 5 is_stmt 1 view .LVU32
2526:Drivers/STM32F7xx_HAL_Driver/Src/stm32f7xx_hal_tim_ex.c ****     TIM_CHANNEL_N_STATE_SET(htim, TIM_CHANNEL_1, HAL_TIM_CHANNEL_STATE_READY);
 120              		.loc 1 2526 19 is_stmt 0 view .LVU33
 121 0022 0123     		movs	r3, #1
 122 0024 2377     		strb	r3, [r4, #28]
2527:Drivers/STM32F7xx_HAL_Driver/Src/stm32f7xx_hal_tim_ex.c ****   }
 123              		.loc 1 2527 5 is_stmt 1 view .LVU34
 124 0026 84F84430 		strb	r3, [r4, #68]
 125 002a F4E7     		b	.L4
 126              	.L8:
2531:Drivers/STM32F7xx_HAL_Driver/Src/stm32f7xx_hal_tim_ex.c ****     TIM_CHANNEL_N_STATE_SET(htim, TIM_CHANNEL_2, HAL_TIM_CHANNEL_STATE_READY);
 127              		.loc 1 2531 5 view .LVU35
2531:Drivers/STM32F7xx_HAL_Driver/Src/stm32f7xx_hal_tim_ex.c ****     TIM_CHANNEL_N_STATE_SET(htim, TIM_CHANNEL_2, HAL_TIM_CHANNEL_STATE_READY);
 128              		.loc 1 2531 19 is_stmt 0 view .LVU36
 129 002c 0223     		movs	r3, #2
 130 002e 2377     		strb	r3, [r4, #28]
2532:Drivers/STM32F7xx_HAL_Driver/Src/stm32f7xx_hal_tim_ex.c ****   }
 131              		.loc 1 2532 5 is_stmt 1 view .LVU37
 132 0030 0123     		movs	r3, #1
 133 0032 84F84530 		strb	r3, [r4, #69]
 134 0036 EEE7     		b	.L4
 135              	.L9:
2536:Drivers/STM32F7xx_HAL_Driver/Src/stm32f7xx_hal_tim_ex.c ****     TIM_CHANNEL_N_STATE_SET(htim, TIM_CHANNEL_3, HAL_TIM_CHANNEL_STATE_READY);
 136              		.loc 1 2536 5 view .LVU38
2536:Drivers/STM32F7xx_HAL_Driver/Src/stm32f7xx_hal_tim_ex.c ****     TIM_CHANNEL_N_STATE_SET(htim, TIM_CHANNEL_3, HAL_TIM_CHANNEL_STATE_READY);
ARM GAS  /tmp/ccLIbKdJ.s 			page 49


 137              		.loc 1 2536 19 is_stmt 0 view .LVU39
 138 0038 0423     		movs	r3, #4
 139 003a 2377     		strb	r3, [r4, #28]
2537:Drivers/STM32F7xx_HAL_Driver/Src/stm32f7xx_hal_tim_ex.c ****   }
 140              		.loc 1 2537 5 is_stmt 1 view .LVU40
 141 003c 0123     		movs	r3, #1
 142 003e 84F84630 		strb	r3, [r4, #70]
 143 0042 E8E7     		b	.L4
 144              		.cfi_endproc
 145              	.LFE184:
 147              		.section	.text.TIM_DMADelayPulseNCplt,"ax",%progbits
 148              		.align	1
 149              		.syntax unified
 150              		.thumb
 151              		.thumb_func
 153              	TIM_DMADelayPulseNCplt:
 154              	.LVL9:
 155              	.LFB183:
2471:Drivers/STM32F7xx_HAL_Driver/Src/stm32f7xx_hal_tim_ex.c ****   TIM_HandleTypeDef *htim = (TIM_HandleTypeDef *)((DMA_HandleTypeDef *)hdma)->Parent;
 156              		.loc 1 2471 1 view -0
 157              		.cfi_startproc
 158              		@ args = 0, pretend = 0, frame = 0
 159              		@ frame_needed = 0, uses_anonymous_args = 0
2471:Drivers/STM32F7xx_HAL_Driver/Src/stm32f7xx_hal_tim_ex.c ****   TIM_HandleTypeDef *htim = (TIM_HandleTypeDef *)((DMA_HandleTypeDef *)hdma)->Parent;
 160              		.loc 1 2471 1 is_stmt 0 view .LVU42
 161 0000 10B5     		push	{r4, lr}
 162              	.LCFI1:
 163              		.cfi_def_cfa_offset 8
 164              		.cfi_offset 4, -8
 165              		.cfi_offset 14, -4
2472:Drivers/STM32F7xx_HAL_Driver/Src/stm32f7xx_hal_tim_ex.c **** 
 166              		.loc 1 2472 3 is_stmt 1 view .LVU43
2472:Drivers/STM32F7xx_HAL_Driver/Src/stm32f7xx_hal_tim_ex.c **** 
 167              		.loc 1 2472 22 is_stmt 0 view .LVU44
 168 0002 846B     		ldr	r4, [r0, #56]
 169              	.LVL10:
2474:Drivers/STM32F7xx_HAL_Driver/Src/stm32f7xx_hal_tim_ex.c ****   {
 170              		.loc 1 2474 3 is_stmt 1 view .LVU45
2474:Drivers/STM32F7xx_HAL_Driver/Src/stm32f7xx_hal_tim_ex.c ****   {
 171              		.loc 1 2474 25 is_stmt 0 view .LVU46
 172 0004 636A     		ldr	r3, [r4, #36]
2474:Drivers/STM32F7xx_HAL_Driver/Src/stm32f7xx_hal_tim_ex.c ****   {
 173              		.loc 1 2474 6 view .LVU47
 174 0006 8342     		cmp	r3, r0
 175 0008 0BD0     		beq	.L15
2483:Drivers/STM32F7xx_HAL_Driver/Src/stm32f7xx_hal_tim_ex.c ****   {
 176              		.loc 1 2483 8 is_stmt 1 view .LVU48
2483:Drivers/STM32F7xx_HAL_Driver/Src/stm32f7xx_hal_tim_ex.c ****   {
 177              		.loc 1 2483 30 is_stmt 0 view .LVU49
 178 000a A36A     		ldr	r3, [r4, #40]
2483:Drivers/STM32F7xx_HAL_Driver/Src/stm32f7xx_hal_tim_ex.c ****   {
 179              		.loc 1 2483 11 view .LVU50
 180 000c 8342     		cmp	r3, r0
 181 000e 11D0     		beq	.L16
2492:Drivers/STM32F7xx_HAL_Driver/Src/stm32f7xx_hal_tim_ex.c ****   {
 182              		.loc 1 2492 8 is_stmt 1 view .LVU51
2492:Drivers/STM32F7xx_HAL_Driver/Src/stm32f7xx_hal_tim_ex.c ****   {
ARM GAS  /tmp/ccLIbKdJ.s 			page 50


 183              		.loc 1 2492 30 is_stmt 0 view .LVU52
 184 0010 E36A     		ldr	r3, [r4, #44]
2492:Drivers/STM32F7xx_HAL_Driver/Src/stm32f7xx_hal_tim_ex.c ****   {
 185              		.loc 1 2492 11 view .LVU53
 186 0012 8342     		cmp	r3, r0
 187 0014 17D0     		beq	.L17
 188              	.L12:
2504:Drivers/STM32F7xx_HAL_Driver/Src/stm32f7xx_hal_tim_ex.c **** 
 189              		.loc 1 2504 3 is_stmt 1 view .LVU54
2509:Drivers/STM32F7xx_HAL_Driver/Src/stm32f7xx_hal_tim_ex.c **** #endif /* USE_HAL_TIM_REGISTER_CALLBACKS */
 190              		.loc 1 2509 3 view .LVU55
 191 0016 2046     		mov	r0, r4
 192              	.LVL11:
2509:Drivers/STM32F7xx_HAL_Driver/Src/stm32f7xx_hal_tim_ex.c **** #endif /* USE_HAL_TIM_REGISTER_CALLBACKS */
 193              		.loc 1 2509 3 is_stmt 0 view .LVU56
 194 0018 FFF7FEFF 		bl	HAL_TIM_PWM_PulseFinishedCallback
 195              	.LVL12:
2512:Drivers/STM32F7xx_HAL_Driver/Src/stm32f7xx_hal_tim_ex.c **** }
 196              		.loc 1 2512 3 is_stmt 1 view .LVU57
2512:Drivers/STM32F7xx_HAL_Driver/Src/stm32f7xx_hal_tim_ex.c **** }
 197              		.loc 1 2512 17 is_stmt 0 view .LVU58
 198 001c 0023     		movs	r3, #0
 199 001e 2377     		strb	r3, [r4, #28]
2513:Drivers/STM32F7xx_HAL_Driver/Src/stm32f7xx_hal_tim_ex.c **** 
 200              		.loc 1 2513 1 view .LVU59
 201 0020 10BD     		pop	{r4, pc}
 202              	.LVL13:
 203              	.L15:
2476:Drivers/STM32F7xx_HAL_Driver/Src/stm32f7xx_hal_tim_ex.c **** 
 204              		.loc 1 2476 5 is_stmt 1 view .LVU60
2476:Drivers/STM32F7xx_HAL_Driver/Src/stm32f7xx_hal_tim_ex.c **** 
 205              		.loc 1 2476 19 is_stmt 0 view .LVU61
 206 0022 0123     		movs	r3, #1
 207 0024 2377     		strb	r3, [r4, #28]
2478:Drivers/STM32F7xx_HAL_Driver/Src/stm32f7xx_hal_tim_ex.c ****     {
 208              		.loc 1 2478 5 is_stmt 1 view .LVU62
2478:Drivers/STM32F7xx_HAL_Driver/Src/stm32f7xx_hal_tim_ex.c ****     {
 209              		.loc 1 2478 19 is_stmt 0 view .LVU63
 210 0026 C369     		ldr	r3, [r0, #28]
2478:Drivers/STM32F7xx_HAL_Driver/Src/stm32f7xx_hal_tim_ex.c ****     {
 211              		.loc 1 2478 8 view .LVU64
 212 0028 002B     		cmp	r3, #0
 213 002a F4D1     		bne	.L12
2480:Drivers/STM32F7xx_HAL_Driver/Src/stm32f7xx_hal_tim_ex.c ****     }
 214              		.loc 1 2480 7 is_stmt 1 view .LVU65
 215 002c 0123     		movs	r3, #1
 216 002e 84F84430 		strb	r3, [r4, #68]
 217 0032 F0E7     		b	.L12
 218              	.L16:
2485:Drivers/STM32F7xx_HAL_Driver/Src/stm32f7xx_hal_tim_ex.c **** 
 219              		.loc 1 2485 5 view .LVU66
2485:Drivers/STM32F7xx_HAL_Driver/Src/stm32f7xx_hal_tim_ex.c **** 
 220              		.loc 1 2485 19 is_stmt 0 view .LVU67
 221 0034 0223     		movs	r3, #2
 222 0036 2377     		strb	r3, [r4, #28]
2487:Drivers/STM32F7xx_HAL_Driver/Src/stm32f7xx_hal_tim_ex.c ****     {
 223              		.loc 1 2487 5 is_stmt 1 view .LVU68
ARM GAS  /tmp/ccLIbKdJ.s 			page 51


2487:Drivers/STM32F7xx_HAL_Driver/Src/stm32f7xx_hal_tim_ex.c ****     {
 224              		.loc 1 2487 19 is_stmt 0 view .LVU69
 225 0038 C369     		ldr	r3, [r0, #28]
2487:Drivers/STM32F7xx_HAL_Driver/Src/stm32f7xx_hal_tim_ex.c ****     {
 226              		.loc 1 2487 8 view .LVU70
 227 003a 002B     		cmp	r3, #0
 228 003c EBD1     		bne	.L12
2489:Drivers/STM32F7xx_HAL_Driver/Src/stm32f7xx_hal_tim_ex.c ****     }
 229              		.loc 1 2489 7 is_stmt 1 view .LVU71
 230 003e 0123     		movs	r3, #1
 231 0040 84F84530 		strb	r3, [r4, #69]
 232 0044 E7E7     		b	.L12
 233              	.L17:
2494:Drivers/STM32F7xx_HAL_Driver/Src/stm32f7xx_hal_tim_ex.c **** 
 234              		.loc 1 2494 5 view .LVU72
2494:Drivers/STM32F7xx_HAL_Driver/Src/stm32f7xx_hal_tim_ex.c **** 
 235              		.loc 1 2494 19 is_stmt 0 view .LVU73
 236 0046 0423     		movs	r3, #4
 237 0048 2377     		strb	r3, [r4, #28]
2496:Drivers/STM32F7xx_HAL_Driver/Src/stm32f7xx_hal_tim_ex.c ****     {
 238              		.loc 1 2496 5 is_stmt 1 view .LVU74
2496:Drivers/STM32F7xx_HAL_Driver/Src/stm32f7xx_hal_tim_ex.c ****     {
 239              		.loc 1 2496 19 is_stmt 0 view .LVU75
 240 004a C369     		ldr	r3, [r0, #28]
2496:Drivers/STM32F7xx_HAL_Driver/Src/stm32f7xx_hal_tim_ex.c ****     {
 241              		.loc 1 2496 8 view .LVU76
 242 004c 002B     		cmp	r3, #0
 243 004e E2D1     		bne	.L12
2498:Drivers/STM32F7xx_HAL_Driver/Src/stm32f7xx_hal_tim_ex.c ****     }
 244              		.loc 1 2498 7 is_stmt 1 view .LVU77
 245 0050 0123     		movs	r3, #1
 246 0052 84F84630 		strb	r3, [r4, #70]
 247 0056 DEE7     		b	.L12
 248              		.cfi_endproc
 249              	.LFE183:
 251              		.section	.text.HAL_TIMEx_HallSensor_MspInit,"ax",%progbits
 252              		.align	1
 253              		.weak	HAL_TIMEx_HallSensor_MspInit
 254              		.syntax unified
 255              		.thumb
 256              		.thumb_func
 258              	HAL_TIMEx_HallSensor_MspInit:
 259              	.LVL14:
 260              	.LFB143:
 287:Drivers/STM32F7xx_HAL_Driver/Src/stm32f7xx_hal_tim_ex.c ****   /* Prevent unused argument(s) compilation warning */
 261              		.loc 1 287 1 view -0
 262              		.cfi_startproc
 263              		@ args = 0, pretend = 0, frame = 0
 264              		@ frame_needed = 0, uses_anonymous_args = 0
 265              		@ link register save eliminated.
 289:Drivers/STM32F7xx_HAL_Driver/Src/stm32f7xx_hal_tim_ex.c **** 
 266              		.loc 1 289 3 view .LVU79
 294:Drivers/STM32F7xx_HAL_Driver/Src/stm32f7xx_hal_tim_ex.c **** 
 267              		.loc 1 294 1 is_stmt 0 view .LVU80
 268 0000 7047     		bx	lr
 269              		.cfi_endproc
 270              	.LFE143:
ARM GAS  /tmp/ccLIbKdJ.s 			page 52


 272              		.section	.text.HAL_TIMEx_HallSensor_Init,"ax",%progbits
 273              		.align	1
 274              		.global	HAL_TIMEx_HallSensor_Init
 275              		.syntax unified
 276              		.thumb
 277              		.thumb_func
 279              	HAL_TIMEx_HallSensor_Init:
 280              	.LVL15:
 281              	.LFB141:
 140:Drivers/STM32F7xx_HAL_Driver/Src/stm32f7xx_hal_tim_ex.c ****   TIM_OC_InitTypeDef OC_Config;
 282              		.loc 1 140 1 is_stmt 1 view -0
 283              		.cfi_startproc
 284              		@ args = 0, pretend = 0, frame = 32
 285              		@ frame_needed = 0, uses_anonymous_args = 0
 141:Drivers/STM32F7xx_HAL_Driver/Src/stm32f7xx_hal_tim_ex.c **** 
 286              		.loc 1 141 3 view .LVU82
 144:Drivers/STM32F7xx_HAL_Driver/Src/stm32f7xx_hal_tim_ex.c ****   {
 287              		.loc 1 144 3 view .LVU83
 144:Drivers/STM32F7xx_HAL_Driver/Src/stm32f7xx_hal_tim_ex.c ****   {
 288              		.loc 1 144 6 is_stmt 0 view .LVU84
 289 0000 0028     		cmp	r0, #0
 290 0002 65D0     		beq	.L22
 140:Drivers/STM32F7xx_HAL_Driver/Src/stm32f7xx_hal_tim_ex.c ****   TIM_OC_InitTypeDef OC_Config;
 291              		.loc 1 140 1 view .LVU85
 292 0004 70B5     		push	{r4, r5, r6, lr}
 293              	.LCFI2:
 294              		.cfi_def_cfa_offset 16
 295              		.cfi_offset 4, -16
 296              		.cfi_offset 5, -12
 297              		.cfi_offset 6, -8
 298              		.cfi_offset 14, -4
 299 0006 88B0     		sub	sp, sp, #32
 300              	.LCFI3:
 301              		.cfi_def_cfa_offset 48
 302 0008 0E46     		mov	r6, r1
 303 000a 0446     		mov	r4, r0
 150:Drivers/STM32F7xx_HAL_Driver/Src/stm32f7xx_hal_tim_ex.c ****   assert_param(IS_TIM_COUNTER_MODE(htim->Init.CounterMode));
 304              		.loc 1 150 3 is_stmt 1 view .LVU86
 151:Drivers/STM32F7xx_HAL_Driver/Src/stm32f7xx_hal_tim_ex.c ****   assert_param(IS_TIM_CLOCKDIVISION_DIV(htim->Init.ClockDivision));
 305              		.loc 1 151 3 view .LVU87
 152:Drivers/STM32F7xx_HAL_Driver/Src/stm32f7xx_hal_tim_ex.c ****   assert_param(IS_TIM_AUTORELOAD_PRELOAD(htim->Init.AutoReloadPreload));
 306              		.loc 1 152 3 view .LVU88
 153:Drivers/STM32F7xx_HAL_Driver/Src/stm32f7xx_hal_tim_ex.c ****   assert_param(IS_TIM_IC_POLARITY(sConfig->IC1Polarity));
 307              		.loc 1 153 3 view .LVU89
 154:Drivers/STM32F7xx_HAL_Driver/Src/stm32f7xx_hal_tim_ex.c ****   assert_param(IS_TIM_PERIOD(htim, htim->Init.Period));
 308              		.loc 1 154 3 view .LVU90
 155:Drivers/STM32F7xx_HAL_Driver/Src/stm32f7xx_hal_tim_ex.c ****   assert_param(IS_TIM_IC_PRESCALER(sConfig->IC1Prescaler));
 309              		.loc 1 155 3 view .LVU91
 156:Drivers/STM32F7xx_HAL_Driver/Src/stm32f7xx_hal_tim_ex.c ****   assert_param(IS_TIM_IC_FILTER(sConfig->IC1Filter));
 310              		.loc 1 156 3 view .LVU92
 157:Drivers/STM32F7xx_HAL_Driver/Src/stm32f7xx_hal_tim_ex.c **** 
 311              		.loc 1 157 3 view .LVU93
 159:Drivers/STM32F7xx_HAL_Driver/Src/stm32f7xx_hal_tim_ex.c ****   {
 312              		.loc 1 159 3 view .LVU94
 159:Drivers/STM32F7xx_HAL_Driver/Src/stm32f7xx_hal_tim_ex.c ****   {
 313              		.loc 1 159 11 is_stmt 0 view .LVU95
 314 000c 90F83D30 		ldrb	r3, [r0, #61]	@ zero_extendqisi2
ARM GAS  /tmp/ccLIbKdJ.s 			page 53


 159:Drivers/STM32F7xx_HAL_Driver/Src/stm32f7xx_hal_tim_ex.c ****   {
 315              		.loc 1 159 6 view .LVU96
 316 0010 002B     		cmp	r3, #0
 317 0012 58D0     		beq	.L27
 318              	.LVL16:
 319              	.L21:
 181:Drivers/STM32F7xx_HAL_Driver/Src/stm32f7xx_hal_tim_ex.c **** 
 320              		.loc 1 181 3 is_stmt 1 view .LVU97
 181:Drivers/STM32F7xx_HAL_Driver/Src/stm32f7xx_hal_tim_ex.c **** 
 321              		.loc 1 181 15 is_stmt 0 view .LVU98
 322 0014 0223     		movs	r3, #2
 323 0016 84F83D30 		strb	r3, [r4, #61]
 184:Drivers/STM32F7xx_HAL_Driver/Src/stm32f7xx_hal_tim_ex.c **** 
 324              		.loc 1 184 3 is_stmt 1 view .LVU99
 184:Drivers/STM32F7xx_HAL_Driver/Src/stm32f7xx_hal_tim_ex.c **** 
 325              		.loc 1 184 38 is_stmt 0 view .LVU100
 326 001a 2146     		mov	r1, r4
 184:Drivers/STM32F7xx_HAL_Driver/Src/stm32f7xx_hal_tim_ex.c **** 
 327              		.loc 1 184 3 view .LVU101
 328 001c 51F8040B 		ldr	r0, [r1], #4
 329 0020 FFF7FEFF 		bl	TIM_Base_SetConfig
 330              	.LVL17:
 187:Drivers/STM32F7xx_HAL_Driver/Src/stm32f7xx_hal_tim_ex.c **** 
 331              		.loc 1 187 3 is_stmt 1 view .LVU102
 332 0024 B368     		ldr	r3, [r6, #8]
 333 0026 0322     		movs	r2, #3
 334 0028 3168     		ldr	r1, [r6]
 335 002a 2068     		ldr	r0, [r4]
 336 002c FFF7FEFF 		bl	TIM_TI1_SetConfig
 337              	.LVL18:
 190:Drivers/STM32F7xx_HAL_Driver/Src/stm32f7xx_hal_tim_ex.c ****   /* Set the IC1PSC value */
 338              		.loc 1 190 3 view .LVU103
 190:Drivers/STM32F7xx_HAL_Driver/Src/stm32f7xx_hal_tim_ex.c ****   /* Set the IC1PSC value */
 339              		.loc 1 190 7 is_stmt 0 view .LVU104
 340 0030 2268     		ldr	r2, [r4]
 190:Drivers/STM32F7xx_HAL_Driver/Src/stm32f7xx_hal_tim_ex.c ****   /* Set the IC1PSC value */
 341              		.loc 1 190 17 view .LVU105
 342 0032 9369     		ldr	r3, [r2, #24]
 190:Drivers/STM32F7xx_HAL_Driver/Src/stm32f7xx_hal_tim_ex.c ****   /* Set the IC1PSC value */
 343              		.loc 1 190 25 view .LVU106
 344 0034 23F00C03 		bic	r3, r3, #12
 345 0038 9361     		str	r3, [r2, #24]
 192:Drivers/STM32F7xx_HAL_Driver/Src/stm32f7xx_hal_tim_ex.c **** 
 346              		.loc 1 192 3 is_stmt 1 view .LVU107
 192:Drivers/STM32F7xx_HAL_Driver/Src/stm32f7xx_hal_tim_ex.c **** 
 347              		.loc 1 192 7 is_stmt 0 view .LVU108
 348 003a 2268     		ldr	r2, [r4]
 192:Drivers/STM32F7xx_HAL_Driver/Src/stm32f7xx_hal_tim_ex.c **** 
 349              		.loc 1 192 17 view .LVU109
 350 003c 9369     		ldr	r3, [r2, #24]
 192:Drivers/STM32F7xx_HAL_Driver/Src/stm32f7xx_hal_tim_ex.c **** 
 351              		.loc 1 192 35 view .LVU110
 352 003e 7168     		ldr	r1, [r6, #4]
 192:Drivers/STM32F7xx_HAL_Driver/Src/stm32f7xx_hal_tim_ex.c **** 
 353              		.loc 1 192 25 view .LVU111
 354 0040 0B43     		orrs	r3, r3, r1
 355 0042 9361     		str	r3, [r2, #24]
ARM GAS  /tmp/ccLIbKdJ.s 			page 54


 195:Drivers/STM32F7xx_HAL_Driver/Src/stm32f7xx_hal_tim_ex.c **** 
 356              		.loc 1 195 3 is_stmt 1 view .LVU112
 195:Drivers/STM32F7xx_HAL_Driver/Src/stm32f7xx_hal_tim_ex.c **** 
 357              		.loc 1 195 7 is_stmt 0 view .LVU113
 358 0044 2268     		ldr	r2, [r4]
 195:Drivers/STM32F7xx_HAL_Driver/Src/stm32f7xx_hal_tim_ex.c **** 
 359              		.loc 1 195 17 view .LVU114
 360 0046 5368     		ldr	r3, [r2, #4]
 195:Drivers/STM32F7xx_HAL_Driver/Src/stm32f7xx_hal_tim_ex.c **** 
 361              		.loc 1 195 23 view .LVU115
 362 0048 43F08003 		orr	r3, r3, #128
 363 004c 5360     		str	r3, [r2, #4]
 198:Drivers/STM32F7xx_HAL_Driver/Src/stm32f7xx_hal_tim_ex.c ****   htim->Instance->SMCR |= TIM_TS_TI1F_ED;
 364              		.loc 1 198 3 is_stmt 1 view .LVU116
 198:Drivers/STM32F7xx_HAL_Driver/Src/stm32f7xx_hal_tim_ex.c ****   htim->Instance->SMCR |= TIM_TS_TI1F_ED;
 365              		.loc 1 198 7 is_stmt 0 view .LVU117
 366 004e 2268     		ldr	r2, [r4]
 198:Drivers/STM32F7xx_HAL_Driver/Src/stm32f7xx_hal_tim_ex.c ****   htim->Instance->SMCR |= TIM_TS_TI1F_ED;
 367              		.loc 1 198 17 view .LVU118
 368 0050 9368     		ldr	r3, [r2, #8]
 198:Drivers/STM32F7xx_HAL_Driver/Src/stm32f7xx_hal_tim_ex.c ****   htim->Instance->SMCR |= TIM_TS_TI1F_ED;
 369              		.loc 1 198 24 view .LVU119
 370 0052 23F07003 		bic	r3, r3, #112
 371 0056 9360     		str	r3, [r2, #8]
 199:Drivers/STM32F7xx_HAL_Driver/Src/stm32f7xx_hal_tim_ex.c **** 
 372              		.loc 1 199 3 is_stmt 1 view .LVU120
 199:Drivers/STM32F7xx_HAL_Driver/Src/stm32f7xx_hal_tim_ex.c **** 
 373              		.loc 1 199 7 is_stmt 0 view .LVU121
 374 0058 2268     		ldr	r2, [r4]
 199:Drivers/STM32F7xx_HAL_Driver/Src/stm32f7xx_hal_tim_ex.c **** 
 375              		.loc 1 199 17 view .LVU122
 376 005a 9368     		ldr	r3, [r2, #8]
 199:Drivers/STM32F7xx_HAL_Driver/Src/stm32f7xx_hal_tim_ex.c **** 
 377              		.loc 1 199 24 view .LVU123
 378 005c 43F04003 		orr	r3, r3, #64
 379 0060 9360     		str	r3, [r2, #8]
 202:Drivers/STM32F7xx_HAL_Driver/Src/stm32f7xx_hal_tim_ex.c ****   htim->Instance->SMCR |= TIM_SLAVEMODE_RESET;
 380              		.loc 1 202 3 is_stmt 1 view .LVU124
 202:Drivers/STM32F7xx_HAL_Driver/Src/stm32f7xx_hal_tim_ex.c ****   htim->Instance->SMCR |= TIM_SLAVEMODE_RESET;
 381              		.loc 1 202 7 is_stmt 0 view .LVU125
 382 0062 2268     		ldr	r2, [r4]
 202:Drivers/STM32F7xx_HAL_Driver/Src/stm32f7xx_hal_tim_ex.c ****   htim->Instance->SMCR |= TIM_SLAVEMODE_RESET;
 383              		.loc 1 202 17 view .LVU126
 384 0064 9168     		ldr	r1, [r2, #8]
 202:Drivers/STM32F7xx_HAL_Driver/Src/stm32f7xx_hal_tim_ex.c ****   htim->Instance->SMCR |= TIM_SLAVEMODE_RESET;
 385              		.loc 1 202 24 view .LVU127
 386 0066 1B4B     		ldr	r3, .L28
 387 0068 0B40     		ands	r3, r3, r1
 388 006a 9360     		str	r3, [r2, #8]
 203:Drivers/STM32F7xx_HAL_Driver/Src/stm32f7xx_hal_tim_ex.c **** 
 389              		.loc 1 203 3 is_stmt 1 view .LVU128
 203:Drivers/STM32F7xx_HAL_Driver/Src/stm32f7xx_hal_tim_ex.c **** 
 390              		.loc 1 203 7 is_stmt 0 view .LVU129
 391 006c 2268     		ldr	r2, [r4]
 203:Drivers/STM32F7xx_HAL_Driver/Src/stm32f7xx_hal_tim_ex.c **** 
 392              		.loc 1 203 17 view .LVU130
 393 006e 9368     		ldr	r3, [r2, #8]
ARM GAS  /tmp/ccLIbKdJ.s 			page 55


 203:Drivers/STM32F7xx_HAL_Driver/Src/stm32f7xx_hal_tim_ex.c **** 
 394              		.loc 1 203 24 view .LVU131
 395 0070 43F00403 		orr	r3, r3, #4
 396 0074 9360     		str	r3, [r2, #8]
 206:Drivers/STM32F7xx_HAL_Driver/Src/stm32f7xx_hal_tim_ex.c ****   OC_Config.OCIdleState = TIM_OCIDLESTATE_RESET;
 397              		.loc 1 206 3 is_stmt 1 view .LVU132
 206:Drivers/STM32F7xx_HAL_Driver/Src/stm32f7xx_hal_tim_ex.c ****   OC_Config.OCIdleState = TIM_OCIDLESTATE_RESET;
 398              		.loc 1 206 24 is_stmt 0 view .LVU133
 399 0076 0025     		movs	r5, #0
 400 0078 0595     		str	r5, [sp, #20]
 207:Drivers/STM32F7xx_HAL_Driver/Src/stm32f7xx_hal_tim_ex.c ****   OC_Config.OCMode = TIM_OCMODE_PWM2;
 401              		.loc 1 207 3 is_stmt 1 view .LVU134
 207:Drivers/STM32F7xx_HAL_Driver/Src/stm32f7xx_hal_tim_ex.c ****   OC_Config.OCMode = TIM_OCMODE_PWM2;
 402              		.loc 1 207 25 is_stmt 0 view .LVU135
 403 007a 0695     		str	r5, [sp, #24]
 208:Drivers/STM32F7xx_HAL_Driver/Src/stm32f7xx_hal_tim_ex.c ****   OC_Config.OCNIdleState = TIM_OCNIDLESTATE_RESET;
 404              		.loc 1 208 3 is_stmt 1 view .LVU136
 208:Drivers/STM32F7xx_HAL_Driver/Src/stm32f7xx_hal_tim_ex.c ****   OC_Config.OCNIdleState = TIM_OCNIDLESTATE_RESET;
 405              		.loc 1 208 20 is_stmt 0 view .LVU137
 406 007c 7023     		movs	r3, #112
 407 007e 0193     		str	r3, [sp, #4]
 209:Drivers/STM32F7xx_HAL_Driver/Src/stm32f7xx_hal_tim_ex.c ****   OC_Config.OCNPolarity = TIM_OCNPOLARITY_HIGH;
 408              		.loc 1 209 3 is_stmt 1 view .LVU138
 209:Drivers/STM32F7xx_HAL_Driver/Src/stm32f7xx_hal_tim_ex.c ****   OC_Config.OCNPolarity = TIM_OCNPOLARITY_HIGH;
 409              		.loc 1 209 26 is_stmt 0 view .LVU139
 410 0080 0795     		str	r5, [sp, #28]
 210:Drivers/STM32F7xx_HAL_Driver/Src/stm32f7xx_hal_tim_ex.c ****   OC_Config.OCPolarity = TIM_OCPOLARITY_HIGH;
 411              		.loc 1 210 3 is_stmt 1 view .LVU140
 210:Drivers/STM32F7xx_HAL_Driver/Src/stm32f7xx_hal_tim_ex.c ****   OC_Config.OCPolarity = TIM_OCPOLARITY_HIGH;
 412              		.loc 1 210 25 is_stmt 0 view .LVU141
 413 0082 0495     		str	r5, [sp, #16]
 211:Drivers/STM32F7xx_HAL_Driver/Src/stm32f7xx_hal_tim_ex.c ****   OC_Config.Pulse = sConfig->Commutation_Delay;
 414              		.loc 1 211 3 is_stmt 1 view .LVU142
 211:Drivers/STM32F7xx_HAL_Driver/Src/stm32f7xx_hal_tim_ex.c ****   OC_Config.Pulse = sConfig->Commutation_Delay;
 415              		.loc 1 211 24 is_stmt 0 view .LVU143
 416 0084 0395     		str	r5, [sp, #12]
 212:Drivers/STM32F7xx_HAL_Driver/Src/stm32f7xx_hal_tim_ex.c **** 
 417              		.loc 1 212 3 is_stmt 1 view .LVU144
 212:Drivers/STM32F7xx_HAL_Driver/Src/stm32f7xx_hal_tim_ex.c **** 
 418              		.loc 1 212 28 is_stmt 0 view .LVU145
 419 0086 F368     		ldr	r3, [r6, #12]
 212:Drivers/STM32F7xx_HAL_Driver/Src/stm32f7xx_hal_tim_ex.c **** 
 420              		.loc 1 212 19 view .LVU146
 421 0088 0293     		str	r3, [sp, #8]
 214:Drivers/STM32F7xx_HAL_Driver/Src/stm32f7xx_hal_tim_ex.c **** 
 422              		.loc 1 214 3 is_stmt 1 view .LVU147
 423 008a 01A9     		add	r1, sp, #4
 424 008c 2068     		ldr	r0, [r4]
 425 008e FFF7FEFF 		bl	TIM_OC2_SetConfig
 426              	.LVL19:
 218:Drivers/STM32F7xx_HAL_Driver/Src/stm32f7xx_hal_tim_ex.c ****   htim->Instance->CR2 |= TIM_TRGO_OC2REF;
 427              		.loc 1 218 3 view .LVU148
 218:Drivers/STM32F7xx_HAL_Driver/Src/stm32f7xx_hal_tim_ex.c ****   htim->Instance->CR2 |= TIM_TRGO_OC2REF;
 428              		.loc 1 218 7 is_stmt 0 view .LVU149
 429 0092 2268     		ldr	r2, [r4]
 218:Drivers/STM32F7xx_HAL_Driver/Src/stm32f7xx_hal_tim_ex.c ****   htim->Instance->CR2 |= TIM_TRGO_OC2REF;
 430              		.loc 1 218 17 view .LVU150
ARM GAS  /tmp/ccLIbKdJ.s 			page 56


 431 0094 5368     		ldr	r3, [r2, #4]
 218:Drivers/STM32F7xx_HAL_Driver/Src/stm32f7xx_hal_tim_ex.c ****   htim->Instance->CR2 |= TIM_TRGO_OC2REF;
 432              		.loc 1 218 23 view .LVU151
 433 0096 23F07003 		bic	r3, r3, #112
 434 009a 5360     		str	r3, [r2, #4]
 219:Drivers/STM32F7xx_HAL_Driver/Src/stm32f7xx_hal_tim_ex.c **** 
 435              		.loc 1 219 3 is_stmt 1 view .LVU152
 219:Drivers/STM32F7xx_HAL_Driver/Src/stm32f7xx_hal_tim_ex.c **** 
 436              		.loc 1 219 7 is_stmt 0 view .LVU153
 437 009c 2268     		ldr	r2, [r4]
 219:Drivers/STM32F7xx_HAL_Driver/Src/stm32f7xx_hal_tim_ex.c **** 
 438              		.loc 1 219 17 view .LVU154
 439 009e 5368     		ldr	r3, [r2, #4]
 219:Drivers/STM32F7xx_HAL_Driver/Src/stm32f7xx_hal_tim_ex.c **** 
 440              		.loc 1 219 23 view .LVU155
 441 00a0 43F05003 		orr	r3, r3, #80
 442 00a4 5360     		str	r3, [r2, #4]
 222:Drivers/STM32F7xx_HAL_Driver/Src/stm32f7xx_hal_tim_ex.c **** 
 443              		.loc 1 222 3 is_stmt 1 view .LVU156
 222:Drivers/STM32F7xx_HAL_Driver/Src/stm32f7xx_hal_tim_ex.c **** 
 444              		.loc 1 222 23 is_stmt 0 view .LVU157
 445 00a6 0123     		movs	r3, #1
 446 00a8 84F84830 		strb	r3, [r4, #72]
 225:Drivers/STM32F7xx_HAL_Driver/Src/stm32f7xx_hal_tim_ex.c ****   TIM_CHANNEL_STATE_SET(htim, TIM_CHANNEL_2, HAL_TIM_CHANNEL_STATE_READY);
 447              		.loc 1 225 3 is_stmt 1 view .LVU158
 448 00ac 84F83E30 		strb	r3, [r4, #62]
 226:Drivers/STM32F7xx_HAL_Driver/Src/stm32f7xx_hal_tim_ex.c ****   TIM_CHANNEL_N_STATE_SET(htim, TIM_CHANNEL_1, HAL_TIM_CHANNEL_STATE_READY);
 449              		.loc 1 226 3 view .LVU159
 450 00b0 84F83F30 		strb	r3, [r4, #63]
 227:Drivers/STM32F7xx_HAL_Driver/Src/stm32f7xx_hal_tim_ex.c ****   TIM_CHANNEL_N_STATE_SET(htim, TIM_CHANNEL_2, HAL_TIM_CHANNEL_STATE_READY);
 451              		.loc 1 227 3 view .LVU160
 452 00b4 84F84430 		strb	r3, [r4, #68]
 228:Drivers/STM32F7xx_HAL_Driver/Src/stm32f7xx_hal_tim_ex.c **** 
 453              		.loc 1 228 3 view .LVU161
 454 00b8 84F84530 		strb	r3, [r4, #69]
 231:Drivers/STM32F7xx_HAL_Driver/Src/stm32f7xx_hal_tim_ex.c **** 
 455              		.loc 1 231 3 view .LVU162
 231:Drivers/STM32F7xx_HAL_Driver/Src/stm32f7xx_hal_tim_ex.c **** 
 456              		.loc 1 231 15 is_stmt 0 view .LVU163
 457 00bc 84F83D30 		strb	r3, [r4, #61]
 233:Drivers/STM32F7xx_HAL_Driver/Src/stm32f7xx_hal_tim_ex.c **** }
 458              		.loc 1 233 3 is_stmt 1 view .LVU164
 233:Drivers/STM32F7xx_HAL_Driver/Src/stm32f7xx_hal_tim_ex.c **** }
 459              		.loc 1 233 10 is_stmt 0 view .LVU165
 460 00c0 2846     		mov	r0, r5
 234:Drivers/STM32F7xx_HAL_Driver/Src/stm32f7xx_hal_tim_ex.c **** 
 461              		.loc 1 234 1 view .LVU166
 462 00c2 08B0     		add	sp, sp, #32
 463              	.LCFI4:
 464              		.cfi_remember_state
 465              		.cfi_def_cfa_offset 16
 466              		@ sp needed
 467 00c4 70BD     		pop	{r4, r5, r6, pc}
 468              	.LVL20:
 469              	.L27:
 470              	.LCFI5:
 471              		.cfi_restore_state
ARM GAS  /tmp/ccLIbKdJ.s 			page 57


 162:Drivers/STM32F7xx_HAL_Driver/Src/stm32f7xx_hal_tim_ex.c **** 
 472              		.loc 1 162 5 is_stmt 1 view .LVU167
 162:Drivers/STM32F7xx_HAL_Driver/Src/stm32f7xx_hal_tim_ex.c **** 
 473              		.loc 1 162 16 is_stmt 0 view .LVU168
 474 00c6 80F83C30 		strb	r3, [r0, #60]
 176:Drivers/STM32F7xx_HAL_Driver/Src/stm32f7xx_hal_tim_ex.c **** #endif /* USE_HAL_TIM_REGISTER_CALLBACKS */
 475              		.loc 1 176 5 is_stmt 1 view .LVU169
 476 00ca FFF7FEFF 		bl	HAL_TIMEx_HallSensor_MspInit
 477              	.LVL21:
 176:Drivers/STM32F7xx_HAL_Driver/Src/stm32f7xx_hal_tim_ex.c **** #endif /* USE_HAL_TIM_REGISTER_CALLBACKS */
 478              		.loc 1 176 5 is_stmt 0 view .LVU170
 479 00ce A1E7     		b	.L21
 480              	.LVL22:
 481              	.L22:
 482              	.LCFI6:
 483              		.cfi_def_cfa_offset 0
 484              		.cfi_restore 4
 485              		.cfi_restore 5
 486              		.cfi_restore 6
 487              		.cfi_restore 14
 146:Drivers/STM32F7xx_HAL_Driver/Src/stm32f7xx_hal_tim_ex.c ****   }
 488              		.loc 1 146 12 view .LVU171
 489 00d0 0120     		movs	r0, #1
 490              	.LVL23:
 234:Drivers/STM32F7xx_HAL_Driver/Src/stm32f7xx_hal_tim_ex.c **** 
 491              		.loc 1 234 1 view .LVU172
 492 00d2 7047     		bx	lr
 493              	.L29:
 494              		.align	2
 495              	.L28:
 496 00d4 F8FFFEFF 		.word	-65544
 497              		.cfi_endproc
 498              	.LFE141:
 500              		.section	.text.HAL_TIMEx_HallSensor_MspDeInit,"ax",%progbits
 501              		.align	1
 502              		.weak	HAL_TIMEx_HallSensor_MspDeInit
 503              		.syntax unified
 504              		.thumb
 505              		.thumb_func
 507              	HAL_TIMEx_HallSensor_MspDeInit:
 508              	.LVL24:
 509              	.LFB144:
 302:Drivers/STM32F7xx_HAL_Driver/Src/stm32f7xx_hal_tim_ex.c ****   /* Prevent unused argument(s) compilation warning */
 510              		.loc 1 302 1 is_stmt 1 view -0
 511              		.cfi_startproc
 512              		@ args = 0, pretend = 0, frame = 0
 513              		@ frame_needed = 0, uses_anonymous_args = 0
 514              		@ link register save eliminated.
 304:Drivers/STM32F7xx_HAL_Driver/Src/stm32f7xx_hal_tim_ex.c **** 
 515              		.loc 1 304 3 view .LVU174
 309:Drivers/STM32F7xx_HAL_Driver/Src/stm32f7xx_hal_tim_ex.c **** 
 516              		.loc 1 309 1 is_stmt 0 view .LVU175
 517 0000 7047     		bx	lr
 518              		.cfi_endproc
 519              	.LFE144:
 521              		.section	.text.HAL_TIMEx_HallSensor_DeInit,"ax",%progbits
 522              		.align	1
ARM GAS  /tmp/ccLIbKdJ.s 			page 58


 523              		.global	HAL_TIMEx_HallSensor_DeInit
 524              		.syntax unified
 525              		.thumb
 526              		.thumb_func
 528              	HAL_TIMEx_HallSensor_DeInit:
 529              	.LVL25:
 530              	.LFB142:
 242:Drivers/STM32F7xx_HAL_Driver/Src/stm32f7xx_hal_tim_ex.c ****   /* Check the parameters */
 531              		.loc 1 242 1 is_stmt 1 view -0
 532              		.cfi_startproc
 533              		@ args = 0, pretend = 0, frame = 0
 534              		@ frame_needed = 0, uses_anonymous_args = 0
 242:Drivers/STM32F7xx_HAL_Driver/Src/stm32f7xx_hal_tim_ex.c ****   /* Check the parameters */
 535              		.loc 1 242 1 is_stmt 0 view .LVU177
 536 0000 10B5     		push	{r4, lr}
 537              	.LCFI7:
 538              		.cfi_def_cfa_offset 8
 539              		.cfi_offset 4, -8
 540              		.cfi_offset 14, -4
 541 0002 0446     		mov	r4, r0
 244:Drivers/STM32F7xx_HAL_Driver/Src/stm32f7xx_hal_tim_ex.c **** 
 542              		.loc 1 244 3 is_stmt 1 view .LVU178
 246:Drivers/STM32F7xx_HAL_Driver/Src/stm32f7xx_hal_tim_ex.c **** 
 543              		.loc 1 246 3 view .LVU179
 246:Drivers/STM32F7xx_HAL_Driver/Src/stm32f7xx_hal_tim_ex.c **** 
 544              		.loc 1 246 15 is_stmt 0 view .LVU180
 545 0004 0223     		movs	r3, #2
 546 0006 80F83D30 		strb	r3, [r0, #61]
 249:Drivers/STM32F7xx_HAL_Driver/Src/stm32f7xx_hal_tim_ex.c **** 
 547              		.loc 1 249 3 is_stmt 1 view .LVU181
 249:Drivers/STM32F7xx_HAL_Driver/Src/stm32f7xx_hal_tim_ex.c **** 
 548              		.loc 1 249 3 view .LVU182
 549 000a 0268     		ldr	r2, [r0]
 550 000c 116A     		ldr	r1, [r2, #32]
 551 000e 0F4B     		ldr	r3, .L34
 552 0010 0B40     		ands	r3, r3, r1
 553 0012 43B9     		cbnz	r3, .L32
 249:Drivers/STM32F7xx_HAL_Driver/Src/stm32f7xx_hal_tim_ex.c **** 
 554              		.loc 1 249 3 discriminator 1 view .LVU183
 555 0014 116A     		ldr	r1, [r2, #32]
 556 0016 40F24443 		movw	r3, #1092
 557 001a 1942     		tst	r1, r3
 558 001c 03D1     		bne	.L32
 249:Drivers/STM32F7xx_HAL_Driver/Src/stm32f7xx_hal_tim_ex.c **** 
 559              		.loc 1 249 3 discriminator 3 view .LVU184
 560 001e 1368     		ldr	r3, [r2]
 561 0020 23F00103 		bic	r3, r3, #1
 562 0024 1360     		str	r3, [r2]
 563              	.L32:
 249:Drivers/STM32F7xx_HAL_Driver/Src/stm32f7xx_hal_tim_ex.c **** 
 564              		.loc 1 249 3 discriminator 5 view .LVU185
 260:Drivers/STM32F7xx_HAL_Driver/Src/stm32f7xx_hal_tim_ex.c **** #endif /* USE_HAL_TIM_REGISTER_CALLBACKS */
 565              		.loc 1 260 3 view .LVU186
 566 0026 2046     		mov	r0, r4
 567              	.LVL26:
 260:Drivers/STM32F7xx_HAL_Driver/Src/stm32f7xx_hal_tim_ex.c **** #endif /* USE_HAL_TIM_REGISTER_CALLBACKS */
 568              		.loc 1 260 3 is_stmt 0 view .LVU187
ARM GAS  /tmp/ccLIbKdJ.s 			page 59


 569 0028 FFF7FEFF 		bl	HAL_TIMEx_HallSensor_MspDeInit
 570              	.LVL27:
 264:Drivers/STM32F7xx_HAL_Driver/Src/stm32f7xx_hal_tim_ex.c **** 
 571              		.loc 1 264 3 is_stmt 1 view .LVU188
 264:Drivers/STM32F7xx_HAL_Driver/Src/stm32f7xx_hal_tim_ex.c **** 
 572              		.loc 1 264 23 is_stmt 0 view .LVU189
 573 002c 0020     		movs	r0, #0
 574 002e 84F84800 		strb	r0, [r4, #72]
 267:Drivers/STM32F7xx_HAL_Driver/Src/stm32f7xx_hal_tim_ex.c ****   TIM_CHANNEL_STATE_SET(htim, TIM_CHANNEL_2, HAL_TIM_CHANNEL_STATE_RESET);
 575              		.loc 1 267 3 is_stmt 1 view .LVU190
 576 0032 84F83E00 		strb	r0, [r4, #62]
 268:Drivers/STM32F7xx_HAL_Driver/Src/stm32f7xx_hal_tim_ex.c ****   TIM_CHANNEL_N_STATE_SET(htim, TIM_CHANNEL_1, HAL_TIM_CHANNEL_STATE_RESET);
 577              		.loc 1 268 3 view .LVU191
 578 0036 84F83F00 		strb	r0, [r4, #63]
 269:Drivers/STM32F7xx_HAL_Driver/Src/stm32f7xx_hal_tim_ex.c ****   TIM_CHANNEL_N_STATE_SET(htim, TIM_CHANNEL_2, HAL_TIM_CHANNEL_STATE_RESET);
 579              		.loc 1 269 3 view .LVU192
 580 003a 84F84400 		strb	r0, [r4, #68]
 270:Drivers/STM32F7xx_HAL_Driver/Src/stm32f7xx_hal_tim_ex.c **** 
 581              		.loc 1 270 3 view .LVU193
 582 003e 84F84500 		strb	r0, [r4, #69]
 273:Drivers/STM32F7xx_HAL_Driver/Src/stm32f7xx_hal_tim_ex.c **** 
 583              		.loc 1 273 3 view .LVU194
 273:Drivers/STM32F7xx_HAL_Driver/Src/stm32f7xx_hal_tim_ex.c **** 
 584              		.loc 1 273 15 is_stmt 0 view .LVU195
 585 0042 84F83D00 		strb	r0, [r4, #61]
 276:Drivers/STM32F7xx_HAL_Driver/Src/stm32f7xx_hal_tim_ex.c **** 
 586              		.loc 1 276 3 is_stmt 1 view .LVU196
 276:Drivers/STM32F7xx_HAL_Driver/Src/stm32f7xx_hal_tim_ex.c **** 
 587              		.loc 1 276 3 view .LVU197
 588 0046 84F83C00 		strb	r0, [r4, #60]
 276:Drivers/STM32F7xx_HAL_Driver/Src/stm32f7xx_hal_tim_ex.c **** 
 589              		.loc 1 276 3 view .LVU198
 278:Drivers/STM32F7xx_HAL_Driver/Src/stm32f7xx_hal_tim_ex.c **** }
 590              		.loc 1 278 3 view .LVU199
 279:Drivers/STM32F7xx_HAL_Driver/Src/stm32f7xx_hal_tim_ex.c **** 
 591              		.loc 1 279 1 is_stmt 0 view .LVU200
 592 004a 10BD     		pop	{r4, pc}
 593              	.LVL28:
 594              	.L35:
 279:Drivers/STM32F7xx_HAL_Driver/Src/stm32f7xx_hal_tim_ex.c **** 
 595              		.loc 1 279 1 view .LVU201
 596              		.align	2
 597              	.L34:
 598 004c 11111100 		.word	1118481
 599              		.cfi_endproc
 600              	.LFE142:
 602              		.section	.text.HAL_TIMEx_HallSensor_Start,"ax",%progbits
 603              		.align	1
 604              		.global	HAL_TIMEx_HallSensor_Start
 605              		.syntax unified
 606              		.thumb
 607              		.thumb_func
 609              	HAL_TIMEx_HallSensor_Start:
 610              	.LVL29:
 611              	.LFB145:
 317:Drivers/STM32F7xx_HAL_Driver/Src/stm32f7xx_hal_tim_ex.c ****   uint32_t tmpsmcr;
 612              		.loc 1 317 1 is_stmt 1 view -0
ARM GAS  /tmp/ccLIbKdJ.s 			page 60


 613              		.cfi_startproc
 614              		@ args = 0, pretend = 0, frame = 0
 615              		@ frame_needed = 0, uses_anonymous_args = 0
 317:Drivers/STM32F7xx_HAL_Driver/Src/stm32f7xx_hal_tim_ex.c ****   uint32_t tmpsmcr;
 616              		.loc 1 317 1 is_stmt 0 view .LVU203
 617 0000 10B5     		push	{r4, lr}
 618              	.LCFI8:
 619              		.cfi_def_cfa_offset 8
 620              		.cfi_offset 4, -8
 621              		.cfi_offset 14, -4
 622 0002 0446     		mov	r4, r0
 318:Drivers/STM32F7xx_HAL_Driver/Src/stm32f7xx_hal_tim_ex.c ****   HAL_TIM_ChannelStateTypeDef channel_1_state = TIM_CHANNEL_STATE_GET(htim, TIM_CHANNEL_1);
 623              		.loc 1 318 3 is_stmt 1 view .LVU204
 319:Drivers/STM32F7xx_HAL_Driver/Src/stm32f7xx_hal_tim_ex.c ****   HAL_TIM_ChannelStateTypeDef channel_2_state = TIM_CHANNEL_STATE_GET(htim, TIM_CHANNEL_2);
 624              		.loc 1 319 3 view .LVU205
 319:Drivers/STM32F7xx_HAL_Driver/Src/stm32f7xx_hal_tim_ex.c ****   HAL_TIM_ChannelStateTypeDef channel_2_state = TIM_CHANNEL_STATE_GET(htim, TIM_CHANNEL_2);
 625              		.loc 1 319 31 is_stmt 0 view .LVU206
 626 0004 90F83E10 		ldrb	r1, [r0, #62]	@ zero_extendqisi2
 627 0008 C9B2     		uxtb	r1, r1
 628              	.LVL30:
 320:Drivers/STM32F7xx_HAL_Driver/Src/stm32f7xx_hal_tim_ex.c ****   HAL_TIM_ChannelStateTypeDef complementary_channel_1_state = TIM_CHANNEL_N_STATE_GET(htim, TIM_CHA
 629              		.loc 1 320 3 is_stmt 1 view .LVU207
 320:Drivers/STM32F7xx_HAL_Driver/Src/stm32f7xx_hal_tim_ex.c ****   HAL_TIM_ChannelStateTypeDef complementary_channel_1_state = TIM_CHANNEL_N_STATE_GET(htim, TIM_CHA
 630              		.loc 1 320 31 is_stmt 0 view .LVU208
 631 000a 90F83F20 		ldrb	r2, [r0, #63]	@ zero_extendqisi2
 632 000e D2B2     		uxtb	r2, r2
 633              	.LVL31:
 321:Drivers/STM32F7xx_HAL_Driver/Src/stm32f7xx_hal_tim_ex.c ****   HAL_TIM_ChannelStateTypeDef complementary_channel_2_state = TIM_CHANNEL_N_STATE_GET(htim, TIM_CHA
 634              		.loc 1 321 3 is_stmt 1 view .LVU209
 321:Drivers/STM32F7xx_HAL_Driver/Src/stm32f7xx_hal_tim_ex.c ****   HAL_TIM_ChannelStateTypeDef complementary_channel_2_state = TIM_CHANNEL_N_STATE_GET(htim, TIM_CHA
 635              		.loc 1 321 31 is_stmt 0 view .LVU210
 636 0010 90F84430 		ldrb	r3, [r0, #68]	@ zero_extendqisi2
 637 0014 D8B2     		uxtb	r0, r3
 638              	.LVL32:
 322:Drivers/STM32F7xx_HAL_Driver/Src/stm32f7xx_hal_tim_ex.c **** 
 639              		.loc 1 322 3 is_stmt 1 view .LVU211
 322:Drivers/STM32F7xx_HAL_Driver/Src/stm32f7xx_hal_tim_ex.c **** 
 640              		.loc 1 322 31 is_stmt 0 view .LVU212
 641 0016 94F84530 		ldrb	r3, [r4, #69]	@ zero_extendqisi2
 642              	.LVL33:
 325:Drivers/STM32F7xx_HAL_Driver/Src/stm32f7xx_hal_tim_ex.c **** 
 643              		.loc 1 325 3 is_stmt 1 view .LVU213
 328:Drivers/STM32F7xx_HAL_Driver/Src/stm32f7xx_hal_tim_ex.c ****       || (channel_2_state != HAL_TIM_CHANNEL_STATE_READY)
 644              		.loc 1 328 3 view .LVU214
 328:Drivers/STM32F7xx_HAL_Driver/Src/stm32f7xx_hal_tim_ex.c ****       || (channel_2_state != HAL_TIM_CHANNEL_STATE_READY)
 645              		.loc 1 328 6 is_stmt 0 view .LVU215
 646 001a 012A     		cmp	r2, #1
 647 001c 08BF     		it	eq
 648 001e 0129     		cmpeq	r1, #1
 649 0020 48D1     		bne	.L40
 650 0022 DBB2     		uxtb	r3, r3
 331:Drivers/STM32F7xx_HAL_Driver/Src/stm32f7xx_hal_tim_ex.c ****   {
 651              		.loc 1 331 41 view .LVU216
 652 0024 013B     		subs	r3, r3, #1
 653              	.LVL34:
 331:Drivers/STM32F7xx_HAL_Driver/Src/stm32f7xx_hal_tim_ex.c ****   {
 654              		.loc 1 331 41 view .LVU217
ARM GAS  /tmp/ccLIbKdJ.s 			page 61


 655 0026 18BF     		it	ne
 656 0028 0123     		movne	r3, #1
 657              	.LVL35:
 331:Drivers/STM32F7xx_HAL_Driver/Src/stm32f7xx_hal_tim_ex.c ****   {
 658              		.loc 1 331 7 view .LVU218
 659 002a 0128     		cmp	r0, #1
 660 002c 44D1     		bne	.L41
 661 002e 002B     		cmp	r3, #0
 662 0030 42D1     		bne	.L41
 337:Drivers/STM32F7xx_HAL_Driver/Src/stm32f7xx_hal_tim_ex.c ****   TIM_CHANNEL_STATE_SET(htim, TIM_CHANNEL_2, HAL_TIM_CHANNEL_STATE_BUSY);
 663              		.loc 1 337 3 is_stmt 1 view .LVU219
 664 0032 0223     		movs	r3, #2
 665 0034 84F83E30 		strb	r3, [r4, #62]
 338:Drivers/STM32F7xx_HAL_Driver/Src/stm32f7xx_hal_tim_ex.c ****   TIM_CHANNEL_N_STATE_SET(htim, TIM_CHANNEL_1, HAL_TIM_CHANNEL_STATE_BUSY);
 666              		.loc 1 338 3 view .LVU220
 667 0038 84F83F30 		strb	r3, [r4, #63]
 339:Drivers/STM32F7xx_HAL_Driver/Src/stm32f7xx_hal_tim_ex.c ****   TIM_CHANNEL_N_STATE_SET(htim, TIM_CHANNEL_2, HAL_TIM_CHANNEL_STATE_BUSY);
 668              		.loc 1 339 3 view .LVU221
 669 003c 84F84430 		strb	r3, [r4, #68]
 340:Drivers/STM32F7xx_HAL_Driver/Src/stm32f7xx_hal_tim_ex.c **** 
 670              		.loc 1 340 3 view .LVU222
 671 0040 84F84530 		strb	r3, [r4, #69]
 345:Drivers/STM32F7xx_HAL_Driver/Src/stm32f7xx_hal_tim_ex.c **** 
 672              		.loc 1 345 3 view .LVU223
 673 0044 0122     		movs	r2, #1
 674              	.LVL36:
 345:Drivers/STM32F7xx_HAL_Driver/Src/stm32f7xx_hal_tim_ex.c **** 
 675              		.loc 1 345 3 is_stmt 0 view .LVU224
 676 0046 0021     		movs	r1, #0
 677              	.LVL37:
 345:Drivers/STM32F7xx_HAL_Driver/Src/stm32f7xx_hal_tim_ex.c **** 
 678              		.loc 1 345 3 view .LVU225
 679 0048 2068     		ldr	r0, [r4]
 680              	.LVL38:
 345:Drivers/STM32F7xx_HAL_Driver/Src/stm32f7xx_hal_tim_ex.c **** 
 681              		.loc 1 345 3 view .LVU226
 682 004a FFF7FEFF 		bl	TIM_CCxChannelCmd
 683              	.LVL39:
 348:Drivers/STM32F7xx_HAL_Driver/Src/stm32f7xx_hal_tim_ex.c ****   {
 684              		.loc 1 348 3 is_stmt 1 view .LVU227
 348:Drivers/STM32F7xx_HAL_Driver/Src/stm32f7xx_hal_tim_ex.c ****   {
 685              		.loc 1 348 7 is_stmt 0 view .LVU228
 686 004e 2368     		ldr	r3, [r4]
 348:Drivers/STM32F7xx_HAL_Driver/Src/stm32f7xx_hal_tim_ex.c ****   {
 687              		.loc 1 348 6 view .LVU229
 688 0050 1B4A     		ldr	r2, .L44
 689 0052 B3F1804F 		cmp	r3, #1073741824
 690 0056 18BF     		it	ne
 691 0058 9342     		cmpne	r3, r2
 692 005a 1DD0     		beq	.L38
 348:Drivers/STM32F7xx_HAL_Driver/Src/stm32f7xx_hal_tim_ex.c ****   {
 693              		.loc 1 348 7 discriminator 1 view .LVU230
 694 005c A2F57C42 		sub	r2, r2, #64512
 695 0060 9342     		cmp	r3, r2
 696 0062 19D0     		beq	.L38
 348:Drivers/STM32F7xx_HAL_Driver/Src/stm32f7xx_hal_tim_ex.c ****   {
 697              		.loc 1 348 7 discriminator 2 view .LVU231
ARM GAS  /tmp/ccLIbKdJ.s 			page 62


 698 0064 02F58062 		add	r2, r2, #1024
 699 0068 9342     		cmp	r3, r2
 700 006a 15D0     		beq	.L38
 348:Drivers/STM32F7xx_HAL_Driver/Src/stm32f7xx_hal_tim_ex.c ****   {
 701              		.loc 1 348 7 discriminator 3 view .LVU232
 702 006c 02F58062 		add	r2, r2, #1024
 703 0070 9342     		cmp	r3, r2
 704 0072 11D0     		beq	.L38
 348:Drivers/STM32F7xx_HAL_Driver/Src/stm32f7xx_hal_tim_ex.c ****   {
 705              		.loc 1 348 7 discriminator 4 view .LVU233
 706 0074 02F57842 		add	r2, r2, #63488
 707 0078 9342     		cmp	r3, r2
 708 007a 0DD0     		beq	.L38
 348:Drivers/STM32F7xx_HAL_Driver/Src/stm32f7xx_hal_tim_ex.c ****   {
 709              		.loc 1 348 7 discriminator 5 view .LVU234
 710 007c 02F57052 		add	r2, r2, #15360
 711 0080 9342     		cmp	r3, r2
 712 0082 09D0     		beq	.L38
 348:Drivers/STM32F7xx_HAL_Driver/Src/stm32f7xx_hal_tim_ex.c ****   {
 713              		.loc 1 348 7 discriminator 6 view .LVU235
 714 0084 A2F59432 		sub	r2, r2, #75776
 715 0088 9342     		cmp	r3, r2
 716 008a 05D0     		beq	.L38
 358:Drivers/STM32F7xx_HAL_Driver/Src/stm32f7xx_hal_tim_ex.c ****   }
 717              		.loc 1 358 5 is_stmt 1 view .LVU236
 718 008c 1A68     		ldr	r2, [r3]
 719 008e 42F00102 		orr	r2, r2, #1
 720 0092 1A60     		str	r2, [r3]
 362:Drivers/STM32F7xx_HAL_Driver/Src/stm32f7xx_hal_tim_ex.c **** }
 721              		.loc 1 362 10 is_stmt 0 view .LVU237
 722 0094 0020     		movs	r0, #0
 723 0096 0EE0     		b	.L37
 724              	.L38:
 350:Drivers/STM32F7xx_HAL_Driver/Src/stm32f7xx_hal_tim_ex.c ****     if (!IS_TIM_SLAVEMODE_TRIGGER_ENABLED(tmpsmcr))
 725              		.loc 1 350 5 is_stmt 1 view .LVU238
 350:Drivers/STM32F7xx_HAL_Driver/Src/stm32f7xx_hal_tim_ex.c ****     if (!IS_TIM_SLAVEMODE_TRIGGER_ENABLED(tmpsmcr))
 726              		.loc 1 350 29 is_stmt 0 view .LVU239
 727 0098 9968     		ldr	r1, [r3, #8]
 350:Drivers/STM32F7xx_HAL_Driver/Src/stm32f7xx_hal_tim_ex.c ****     if (!IS_TIM_SLAVEMODE_TRIGGER_ENABLED(tmpsmcr))
 728              		.loc 1 350 13 view .LVU240
 729 009a 0A4A     		ldr	r2, .L44+4
 730 009c 0A40     		ands	r2, r2, r1
 731              	.LVL40:
 351:Drivers/STM32F7xx_HAL_Driver/Src/stm32f7xx_hal_tim_ex.c ****     {
 732              		.loc 1 351 5 is_stmt 1 view .LVU241
 351:Drivers/STM32F7xx_HAL_Driver/Src/stm32f7xx_hal_tim_ex.c ****     {
 733              		.loc 1 351 8 is_stmt 0 view .LVU242
 734 009e 062A     		cmp	r2, #6
 735 00a0 18BF     		it	ne
 736 00a2 B2F5803F 		cmpne	r2, #65536
 737 00a6 09D0     		beq	.L42
 353:Drivers/STM32F7xx_HAL_Driver/Src/stm32f7xx_hal_tim_ex.c ****     }
 738              		.loc 1 353 7 is_stmt 1 view .LVU243
 739 00a8 1A68     		ldr	r2, [r3]
 740              	.LVL41:
 353:Drivers/STM32F7xx_HAL_Driver/Src/stm32f7xx_hal_tim_ex.c ****     }
 741              		.loc 1 353 7 is_stmt 0 view .LVU244
ARM GAS  /tmp/ccLIbKdJ.s 			page 63


 742 00aa 42F00102 		orr	r2, r2, #1
 743 00ae 1A60     		str	r2, [r3]
 362:Drivers/STM32F7xx_HAL_Driver/Src/stm32f7xx_hal_tim_ex.c **** }
 744              		.loc 1 362 10 view .LVU245
 745 00b0 0020     		movs	r0, #0
 746 00b2 00E0     		b	.L37
 747              	.LVL42:
 748              	.L40:
 333:Drivers/STM32F7xx_HAL_Driver/Src/stm32f7xx_hal_tim_ex.c ****   }
 749              		.loc 1 333 12 view .LVU246
 750 00b4 0120     		movs	r0, #1
 751              	.LVL43:
 752              	.L37:
 363:Drivers/STM32F7xx_HAL_Driver/Src/stm32f7xx_hal_tim_ex.c **** 
 753              		.loc 1 363 1 view .LVU247
 754 00b6 10BD     		pop	{r4, pc}
 755              	.LVL44:
 756              	.L41:
 333:Drivers/STM32F7xx_HAL_Driver/Src/stm32f7xx_hal_tim_ex.c ****   }
 757              		.loc 1 333 12 view .LVU248
 758 00b8 0120     		movs	r0, #1
 759              	.LVL45:
 333:Drivers/STM32F7xx_HAL_Driver/Src/stm32f7xx_hal_tim_ex.c ****   }
 760              		.loc 1 333 12 view .LVU249
 761 00ba FCE7     		b	.L37
 762              	.LVL46:
 763              	.L42:
 362:Drivers/STM32F7xx_HAL_Driver/Src/stm32f7xx_hal_tim_ex.c **** }
 764              		.loc 1 362 10 view .LVU250
 765 00bc 0020     		movs	r0, #0
 766 00be FAE7     		b	.L37
 767              	.L45:
 768              		.align	2
 769              	.L44:
 770 00c0 00000140 		.word	1073807360
 771 00c4 07000100 		.word	65543
 772              		.cfi_endproc
 773              	.LFE145:
 775              		.section	.text.HAL_TIMEx_HallSensor_Stop,"ax",%progbits
 776              		.align	1
 777              		.global	HAL_TIMEx_HallSensor_Stop
 778              		.syntax unified
 779              		.thumb
 780              		.thumb_func
 782              	HAL_TIMEx_HallSensor_Stop:
 783              	.LVL47:
 784              	.LFB146:
 371:Drivers/STM32F7xx_HAL_Driver/Src/stm32f7xx_hal_tim_ex.c ****   /* Check the parameters */
 785              		.loc 1 371 1 is_stmt 1 view -0
 786              		.cfi_startproc
 787              		@ args = 0, pretend = 0, frame = 0
 788              		@ frame_needed = 0, uses_anonymous_args = 0
 371:Drivers/STM32F7xx_HAL_Driver/Src/stm32f7xx_hal_tim_ex.c ****   /* Check the parameters */
 789              		.loc 1 371 1 is_stmt 0 view .LVU252
 790 0000 10B5     		push	{r4, lr}
 791              	.LCFI9:
 792              		.cfi_def_cfa_offset 8
ARM GAS  /tmp/ccLIbKdJ.s 			page 64


 793              		.cfi_offset 4, -8
 794              		.cfi_offset 14, -4
 795 0002 0446     		mov	r4, r0
 373:Drivers/STM32F7xx_HAL_Driver/Src/stm32f7xx_hal_tim_ex.c **** 
 796              		.loc 1 373 3 is_stmt 1 view .LVU253
 378:Drivers/STM32F7xx_HAL_Driver/Src/stm32f7xx_hal_tim_ex.c **** 
 797              		.loc 1 378 3 view .LVU254
 798 0004 0022     		movs	r2, #0
 799 0006 1146     		mov	r1, r2
 800 0008 0068     		ldr	r0, [r0]
 801              	.LVL48:
 378:Drivers/STM32F7xx_HAL_Driver/Src/stm32f7xx_hal_tim_ex.c **** 
 802              		.loc 1 378 3 is_stmt 0 view .LVU255
 803 000a FFF7FEFF 		bl	TIM_CCxChannelCmd
 804              	.LVL49:
 381:Drivers/STM32F7xx_HAL_Driver/Src/stm32f7xx_hal_tim_ex.c **** 
 805              		.loc 1 381 3 is_stmt 1 view .LVU256
 381:Drivers/STM32F7xx_HAL_Driver/Src/stm32f7xx_hal_tim_ex.c **** 
 806              		.loc 1 381 3 view .LVU257
 807 000e 2268     		ldr	r2, [r4]
 808 0010 116A     		ldr	r1, [r2, #32]
 809 0012 0B4B     		ldr	r3, .L49
 810 0014 0B40     		ands	r3, r3, r1
 811 0016 43B9     		cbnz	r3, .L47
 381:Drivers/STM32F7xx_HAL_Driver/Src/stm32f7xx_hal_tim_ex.c **** 
 812              		.loc 1 381 3 discriminator 1 view .LVU258
 813 0018 116A     		ldr	r1, [r2, #32]
 814 001a 40F24443 		movw	r3, #1092
 815 001e 1942     		tst	r1, r3
 816 0020 03D1     		bne	.L47
 381:Drivers/STM32F7xx_HAL_Driver/Src/stm32f7xx_hal_tim_ex.c **** 
 817              		.loc 1 381 3 discriminator 3 view .LVU259
 818 0022 1368     		ldr	r3, [r2]
 819 0024 23F00103 		bic	r3, r3, #1
 820 0028 1360     		str	r3, [r2]
 821              	.L47:
 381:Drivers/STM32F7xx_HAL_Driver/Src/stm32f7xx_hal_tim_ex.c **** 
 822              		.loc 1 381 3 discriminator 5 view .LVU260
 384:Drivers/STM32F7xx_HAL_Driver/Src/stm32f7xx_hal_tim_ex.c ****   TIM_CHANNEL_STATE_SET(htim, TIM_CHANNEL_2, HAL_TIM_CHANNEL_STATE_READY);
 823              		.loc 1 384 3 view .LVU261
 824 002a 0123     		movs	r3, #1
 825 002c 84F83E30 		strb	r3, [r4, #62]
 385:Drivers/STM32F7xx_HAL_Driver/Src/stm32f7xx_hal_tim_ex.c ****   TIM_CHANNEL_N_STATE_SET(htim, TIM_CHANNEL_1, HAL_TIM_CHANNEL_STATE_READY);
 826              		.loc 1 385 3 view .LVU262
 827 0030 84F83F30 		strb	r3, [r4, #63]
 386:Drivers/STM32F7xx_HAL_Driver/Src/stm32f7xx_hal_tim_ex.c ****   TIM_CHANNEL_N_STATE_SET(htim, TIM_CHANNEL_2, HAL_TIM_CHANNEL_STATE_READY);
 828              		.loc 1 386 3 view .LVU263
 829 0034 84F84430 		strb	r3, [r4, #68]
 387:Drivers/STM32F7xx_HAL_Driver/Src/stm32f7xx_hal_tim_ex.c **** 
 830              		.loc 1 387 3 view .LVU264
 831 0038 84F84530 		strb	r3, [r4, #69]
 390:Drivers/STM32F7xx_HAL_Driver/Src/stm32f7xx_hal_tim_ex.c **** }
 832              		.loc 1 390 3 view .LVU265
 391:Drivers/STM32F7xx_HAL_Driver/Src/stm32f7xx_hal_tim_ex.c **** 
 833              		.loc 1 391 1 is_stmt 0 view .LVU266
 834 003c 0020     		movs	r0, #0
 835 003e 10BD     		pop	{r4, pc}
ARM GAS  /tmp/ccLIbKdJ.s 			page 65


 836              	.LVL50:
 837              	.L50:
 391:Drivers/STM32F7xx_HAL_Driver/Src/stm32f7xx_hal_tim_ex.c **** 
 838              		.loc 1 391 1 view .LVU267
 839              		.align	2
 840              	.L49:
 841 0040 11111100 		.word	1118481
 842              		.cfi_endproc
 843              	.LFE146:
 845              		.section	.text.HAL_TIMEx_HallSensor_Start_IT,"ax",%progbits
 846              		.align	1
 847              		.global	HAL_TIMEx_HallSensor_Start_IT
 848              		.syntax unified
 849              		.thumb
 850              		.thumb_func
 852              	HAL_TIMEx_HallSensor_Start_IT:
 853              	.LVL51:
 854              	.LFB147:
 399:Drivers/STM32F7xx_HAL_Driver/Src/stm32f7xx_hal_tim_ex.c ****   uint32_t tmpsmcr;
 855              		.loc 1 399 1 is_stmt 1 view -0
 856              		.cfi_startproc
 857              		@ args = 0, pretend = 0, frame = 0
 858              		@ frame_needed = 0, uses_anonymous_args = 0
 399:Drivers/STM32F7xx_HAL_Driver/Src/stm32f7xx_hal_tim_ex.c ****   uint32_t tmpsmcr;
 859              		.loc 1 399 1 is_stmt 0 view .LVU269
 860 0000 10B5     		push	{r4, lr}
 861              	.LCFI10:
 862              		.cfi_def_cfa_offset 8
 863              		.cfi_offset 4, -8
 864              		.cfi_offset 14, -4
 865 0002 0446     		mov	r4, r0
 400:Drivers/STM32F7xx_HAL_Driver/Src/stm32f7xx_hal_tim_ex.c ****   HAL_TIM_ChannelStateTypeDef channel_1_state = TIM_CHANNEL_STATE_GET(htim, TIM_CHANNEL_1);
 866              		.loc 1 400 3 is_stmt 1 view .LVU270
 401:Drivers/STM32F7xx_HAL_Driver/Src/stm32f7xx_hal_tim_ex.c ****   HAL_TIM_ChannelStateTypeDef channel_2_state = TIM_CHANNEL_STATE_GET(htim, TIM_CHANNEL_2);
 867              		.loc 1 401 3 view .LVU271
 401:Drivers/STM32F7xx_HAL_Driver/Src/stm32f7xx_hal_tim_ex.c ****   HAL_TIM_ChannelStateTypeDef channel_2_state = TIM_CHANNEL_STATE_GET(htim, TIM_CHANNEL_2);
 868              		.loc 1 401 31 is_stmt 0 view .LVU272
 869 0004 90F83E10 		ldrb	r1, [r0, #62]	@ zero_extendqisi2
 870 0008 C9B2     		uxtb	r1, r1
 871              	.LVL52:
 402:Drivers/STM32F7xx_HAL_Driver/Src/stm32f7xx_hal_tim_ex.c ****   HAL_TIM_ChannelStateTypeDef complementary_channel_1_state = TIM_CHANNEL_N_STATE_GET(htim, TIM_CHA
 872              		.loc 1 402 3 is_stmt 1 view .LVU273
 402:Drivers/STM32F7xx_HAL_Driver/Src/stm32f7xx_hal_tim_ex.c ****   HAL_TIM_ChannelStateTypeDef complementary_channel_1_state = TIM_CHANNEL_N_STATE_GET(htim, TIM_CHA
 873              		.loc 1 402 31 is_stmt 0 view .LVU274
 874 000a 90F83F20 		ldrb	r2, [r0, #63]	@ zero_extendqisi2
 875 000e D2B2     		uxtb	r2, r2
 876              	.LVL53:
 403:Drivers/STM32F7xx_HAL_Driver/Src/stm32f7xx_hal_tim_ex.c ****   HAL_TIM_ChannelStateTypeDef complementary_channel_2_state = TIM_CHANNEL_N_STATE_GET(htim, TIM_CHA
 877              		.loc 1 403 3 is_stmt 1 view .LVU275
 403:Drivers/STM32F7xx_HAL_Driver/Src/stm32f7xx_hal_tim_ex.c ****   HAL_TIM_ChannelStateTypeDef complementary_channel_2_state = TIM_CHANNEL_N_STATE_GET(htim, TIM_CHA
 878              		.loc 1 403 31 is_stmt 0 view .LVU276
 879 0010 90F84430 		ldrb	r3, [r0, #68]	@ zero_extendqisi2
 880 0014 D8B2     		uxtb	r0, r3
 881              	.LVL54:
 404:Drivers/STM32F7xx_HAL_Driver/Src/stm32f7xx_hal_tim_ex.c **** 
 882              		.loc 1 404 3 is_stmt 1 view .LVU277
 404:Drivers/STM32F7xx_HAL_Driver/Src/stm32f7xx_hal_tim_ex.c **** 
ARM GAS  /tmp/ccLIbKdJ.s 			page 66


 883              		.loc 1 404 31 is_stmt 0 view .LVU278
 884 0016 94F84530 		ldrb	r3, [r4, #69]	@ zero_extendqisi2
 885              	.LVL55:
 407:Drivers/STM32F7xx_HAL_Driver/Src/stm32f7xx_hal_tim_ex.c **** 
 886              		.loc 1 407 3 is_stmt 1 view .LVU279
 410:Drivers/STM32F7xx_HAL_Driver/Src/stm32f7xx_hal_tim_ex.c ****       || (channel_2_state != HAL_TIM_CHANNEL_STATE_READY)
 887              		.loc 1 410 3 view .LVU280
 410:Drivers/STM32F7xx_HAL_Driver/Src/stm32f7xx_hal_tim_ex.c ****       || (channel_2_state != HAL_TIM_CHANNEL_STATE_READY)
 888              		.loc 1 410 6 is_stmt 0 view .LVU281
 889 001a 012A     		cmp	r2, #1
 890 001c 08BF     		it	eq
 891 001e 0129     		cmpeq	r1, #1
 892 0020 4DD1     		bne	.L55
 893 0022 DBB2     		uxtb	r3, r3
 413:Drivers/STM32F7xx_HAL_Driver/Src/stm32f7xx_hal_tim_ex.c ****   {
 894              		.loc 1 413 41 view .LVU282
 895 0024 013B     		subs	r3, r3, #1
 896              	.LVL56:
 413:Drivers/STM32F7xx_HAL_Driver/Src/stm32f7xx_hal_tim_ex.c ****   {
 897              		.loc 1 413 41 view .LVU283
 898 0026 18BF     		it	ne
 899 0028 0123     		movne	r3, #1
 900              	.LVL57:
 413:Drivers/STM32F7xx_HAL_Driver/Src/stm32f7xx_hal_tim_ex.c ****   {
 901              		.loc 1 413 7 view .LVU284
 902 002a 0128     		cmp	r0, #1
 903 002c 49D1     		bne	.L56
 904 002e 002B     		cmp	r3, #0
 905 0030 47D1     		bne	.L56
 419:Drivers/STM32F7xx_HAL_Driver/Src/stm32f7xx_hal_tim_ex.c ****   TIM_CHANNEL_STATE_SET(htim, TIM_CHANNEL_2, HAL_TIM_CHANNEL_STATE_BUSY);
 906              		.loc 1 419 3 is_stmt 1 view .LVU285
 907 0032 0223     		movs	r3, #2
 908 0034 84F83E30 		strb	r3, [r4, #62]
 420:Drivers/STM32F7xx_HAL_Driver/Src/stm32f7xx_hal_tim_ex.c ****   TIM_CHANNEL_N_STATE_SET(htim, TIM_CHANNEL_1, HAL_TIM_CHANNEL_STATE_BUSY);
 909              		.loc 1 420 3 view .LVU286
 910 0038 84F83F30 		strb	r3, [r4, #63]
 421:Drivers/STM32F7xx_HAL_Driver/Src/stm32f7xx_hal_tim_ex.c ****   TIM_CHANNEL_N_STATE_SET(htim, TIM_CHANNEL_2, HAL_TIM_CHANNEL_STATE_BUSY);
 911              		.loc 1 421 3 view .LVU287
 912 003c 84F84430 		strb	r3, [r4, #68]
 422:Drivers/STM32F7xx_HAL_Driver/Src/stm32f7xx_hal_tim_ex.c **** 
 913              		.loc 1 422 3 view .LVU288
 914 0040 84F84530 		strb	r3, [r4, #69]
 425:Drivers/STM32F7xx_HAL_Driver/Src/stm32f7xx_hal_tim_ex.c **** 
 915              		.loc 1 425 3 view .LVU289
 916 0044 2268     		ldr	r2, [r4]
 917              	.LVL58:
 425:Drivers/STM32F7xx_HAL_Driver/Src/stm32f7xx_hal_tim_ex.c **** 
 918              		.loc 1 425 3 is_stmt 0 view .LVU290
 919 0046 D368     		ldr	r3, [r2, #12]
 920 0048 43F00203 		orr	r3, r3, #2
 921 004c D360     		str	r3, [r2, #12]
 430:Drivers/STM32F7xx_HAL_Driver/Src/stm32f7xx_hal_tim_ex.c **** 
 922              		.loc 1 430 3 is_stmt 1 view .LVU291
 923 004e 0122     		movs	r2, #1
 924 0050 0021     		movs	r1, #0
 925              	.LVL59:
 430:Drivers/STM32F7xx_HAL_Driver/Src/stm32f7xx_hal_tim_ex.c **** 
ARM GAS  /tmp/ccLIbKdJ.s 			page 67


 926              		.loc 1 430 3 is_stmt 0 view .LVU292
 927 0052 2068     		ldr	r0, [r4]
 928              	.LVL60:
 430:Drivers/STM32F7xx_HAL_Driver/Src/stm32f7xx_hal_tim_ex.c **** 
 929              		.loc 1 430 3 view .LVU293
 930 0054 FFF7FEFF 		bl	TIM_CCxChannelCmd
 931              	.LVL61:
 433:Drivers/STM32F7xx_HAL_Driver/Src/stm32f7xx_hal_tim_ex.c ****   {
 932              		.loc 1 433 3 is_stmt 1 view .LVU294
 433:Drivers/STM32F7xx_HAL_Driver/Src/stm32f7xx_hal_tim_ex.c ****   {
 933              		.loc 1 433 7 is_stmt 0 view .LVU295
 934 0058 2368     		ldr	r3, [r4]
 433:Drivers/STM32F7xx_HAL_Driver/Src/stm32f7xx_hal_tim_ex.c ****   {
 935              		.loc 1 433 6 view .LVU296
 936 005a 1C4A     		ldr	r2, .L59
 937 005c B3F1804F 		cmp	r3, #1073741824
 938 0060 18BF     		it	ne
 939 0062 9342     		cmpne	r3, r2
 940 0064 1DD0     		beq	.L53
 433:Drivers/STM32F7xx_HAL_Driver/Src/stm32f7xx_hal_tim_ex.c ****   {
 941              		.loc 1 433 7 discriminator 1 view .LVU297
 942 0066 A2F57C42 		sub	r2, r2, #64512
 943 006a 9342     		cmp	r3, r2
 944 006c 19D0     		beq	.L53
 433:Drivers/STM32F7xx_HAL_Driver/Src/stm32f7xx_hal_tim_ex.c ****   {
 945              		.loc 1 433 7 discriminator 2 view .LVU298
 946 006e 02F58062 		add	r2, r2, #1024
 947 0072 9342     		cmp	r3, r2
 948 0074 15D0     		beq	.L53
 433:Drivers/STM32F7xx_HAL_Driver/Src/stm32f7xx_hal_tim_ex.c ****   {
 949              		.loc 1 433 7 discriminator 3 view .LVU299
 950 0076 02F58062 		add	r2, r2, #1024
 951 007a 9342     		cmp	r3, r2
 952 007c 11D0     		beq	.L53
 433:Drivers/STM32F7xx_HAL_Driver/Src/stm32f7xx_hal_tim_ex.c ****   {
 953              		.loc 1 433 7 discriminator 4 view .LVU300
 954 007e 02F57842 		add	r2, r2, #63488
 955 0082 9342     		cmp	r3, r2
 956 0084 0DD0     		beq	.L53
 433:Drivers/STM32F7xx_HAL_Driver/Src/stm32f7xx_hal_tim_ex.c ****   {
 957              		.loc 1 433 7 discriminator 5 view .LVU301
 958 0086 02F57052 		add	r2, r2, #15360
 959 008a 9342     		cmp	r3, r2
 960 008c 09D0     		beq	.L53
 433:Drivers/STM32F7xx_HAL_Driver/Src/stm32f7xx_hal_tim_ex.c ****   {
 961              		.loc 1 433 7 discriminator 6 view .LVU302
 962 008e A2F59432 		sub	r2, r2, #75776
 963 0092 9342     		cmp	r3, r2
 964 0094 05D0     		beq	.L53
 443:Drivers/STM32F7xx_HAL_Driver/Src/stm32f7xx_hal_tim_ex.c ****   }
 965              		.loc 1 443 5 is_stmt 1 view .LVU303
 966 0096 1A68     		ldr	r2, [r3]
 967 0098 42F00102 		orr	r2, r2, #1
 968 009c 1A60     		str	r2, [r3]
 447:Drivers/STM32F7xx_HAL_Driver/Src/stm32f7xx_hal_tim_ex.c **** }
 969              		.loc 1 447 10 is_stmt 0 view .LVU304
 970 009e 0020     		movs	r0, #0
ARM GAS  /tmp/ccLIbKdJ.s 			page 68


 971 00a0 0EE0     		b	.L52
 972              	.L53:
 435:Drivers/STM32F7xx_HAL_Driver/Src/stm32f7xx_hal_tim_ex.c ****     if (!IS_TIM_SLAVEMODE_TRIGGER_ENABLED(tmpsmcr))
 973              		.loc 1 435 5 is_stmt 1 view .LVU305
 435:Drivers/STM32F7xx_HAL_Driver/Src/stm32f7xx_hal_tim_ex.c ****     if (!IS_TIM_SLAVEMODE_TRIGGER_ENABLED(tmpsmcr))
 974              		.loc 1 435 29 is_stmt 0 view .LVU306
 975 00a2 9968     		ldr	r1, [r3, #8]
 435:Drivers/STM32F7xx_HAL_Driver/Src/stm32f7xx_hal_tim_ex.c ****     if (!IS_TIM_SLAVEMODE_TRIGGER_ENABLED(tmpsmcr))
 976              		.loc 1 435 13 view .LVU307
 977 00a4 0A4A     		ldr	r2, .L59+4
 978 00a6 0A40     		ands	r2, r2, r1
 979              	.LVL62:
 436:Drivers/STM32F7xx_HAL_Driver/Src/stm32f7xx_hal_tim_ex.c ****     {
 980              		.loc 1 436 5 is_stmt 1 view .LVU308
 436:Drivers/STM32F7xx_HAL_Driver/Src/stm32f7xx_hal_tim_ex.c ****     {
 981              		.loc 1 436 8 is_stmt 0 view .LVU309
 982 00a8 062A     		cmp	r2, #6
 983 00aa 18BF     		it	ne
 984 00ac B2F5803F 		cmpne	r2, #65536
 985 00b0 09D0     		beq	.L57
 438:Drivers/STM32F7xx_HAL_Driver/Src/stm32f7xx_hal_tim_ex.c ****     }
 986              		.loc 1 438 7 is_stmt 1 view .LVU310
 987 00b2 1A68     		ldr	r2, [r3]
 988              	.LVL63:
 438:Drivers/STM32F7xx_HAL_Driver/Src/stm32f7xx_hal_tim_ex.c ****     }
 989              		.loc 1 438 7 is_stmt 0 view .LVU311
 990 00b4 42F00102 		orr	r2, r2, #1
 991 00b8 1A60     		str	r2, [r3]
 447:Drivers/STM32F7xx_HAL_Driver/Src/stm32f7xx_hal_tim_ex.c **** }
 992              		.loc 1 447 10 view .LVU312
 993 00ba 0020     		movs	r0, #0
 994 00bc 00E0     		b	.L52
 995              	.LVL64:
 996              	.L55:
 415:Drivers/STM32F7xx_HAL_Driver/Src/stm32f7xx_hal_tim_ex.c ****   }
 997              		.loc 1 415 12 view .LVU313
 998 00be 0120     		movs	r0, #1
 999              	.LVL65:
 1000              	.L52:
 448:Drivers/STM32F7xx_HAL_Driver/Src/stm32f7xx_hal_tim_ex.c **** 
 1001              		.loc 1 448 1 view .LVU314
 1002 00c0 10BD     		pop	{r4, pc}
 1003              	.LVL66:
 1004              	.L56:
 415:Drivers/STM32F7xx_HAL_Driver/Src/stm32f7xx_hal_tim_ex.c ****   }
 1005              		.loc 1 415 12 view .LVU315
 1006 00c2 0120     		movs	r0, #1
 1007              	.LVL67:
 415:Drivers/STM32F7xx_HAL_Driver/Src/stm32f7xx_hal_tim_ex.c ****   }
 1008              		.loc 1 415 12 view .LVU316
 1009 00c4 FCE7     		b	.L52
 1010              	.LVL68:
 1011              	.L57:
 447:Drivers/STM32F7xx_HAL_Driver/Src/stm32f7xx_hal_tim_ex.c **** }
 1012              		.loc 1 447 10 view .LVU317
 1013 00c6 0020     		movs	r0, #0
 1014 00c8 FAE7     		b	.L52
ARM GAS  /tmp/ccLIbKdJ.s 			page 69


 1015              	.L60:
 1016 00ca 00BF     		.align	2
 1017              	.L59:
 1018 00cc 00000140 		.word	1073807360
 1019 00d0 07000100 		.word	65543
 1020              		.cfi_endproc
 1021              	.LFE147:
 1023              		.section	.text.HAL_TIMEx_HallSensor_Stop_IT,"ax",%progbits
 1024              		.align	1
 1025              		.global	HAL_TIMEx_HallSensor_Stop_IT
 1026              		.syntax unified
 1027              		.thumb
 1028              		.thumb_func
 1030              	HAL_TIMEx_HallSensor_Stop_IT:
 1031              	.LVL69:
 1032              	.LFB148:
 456:Drivers/STM32F7xx_HAL_Driver/Src/stm32f7xx_hal_tim_ex.c ****   /* Check the parameters */
 1033              		.loc 1 456 1 is_stmt 1 view -0
 1034              		.cfi_startproc
 1035              		@ args = 0, pretend = 0, frame = 0
 1036              		@ frame_needed = 0, uses_anonymous_args = 0
 456:Drivers/STM32F7xx_HAL_Driver/Src/stm32f7xx_hal_tim_ex.c ****   /* Check the parameters */
 1037              		.loc 1 456 1 is_stmt 0 view .LVU319
 1038 0000 10B5     		push	{r4, lr}
 1039              	.LCFI11:
 1040              		.cfi_def_cfa_offset 8
 1041              		.cfi_offset 4, -8
 1042              		.cfi_offset 14, -4
 1043 0002 0446     		mov	r4, r0
 458:Drivers/STM32F7xx_HAL_Driver/Src/stm32f7xx_hal_tim_ex.c **** 
 1044              		.loc 1 458 3 is_stmt 1 view .LVU320
 463:Drivers/STM32F7xx_HAL_Driver/Src/stm32f7xx_hal_tim_ex.c **** 
 1045              		.loc 1 463 3 view .LVU321
 1046 0004 0022     		movs	r2, #0
 1047 0006 1146     		mov	r1, r2
 1048 0008 0068     		ldr	r0, [r0]
 1049              	.LVL70:
 463:Drivers/STM32F7xx_HAL_Driver/Src/stm32f7xx_hal_tim_ex.c **** 
 1050              		.loc 1 463 3 is_stmt 0 view .LVU322
 1051 000a FFF7FEFF 		bl	TIM_CCxChannelCmd
 1052              	.LVL71:
 466:Drivers/STM32F7xx_HAL_Driver/Src/stm32f7xx_hal_tim_ex.c **** 
 1053              		.loc 1 466 3 is_stmt 1 view .LVU323
 1054 000e 2268     		ldr	r2, [r4]
 1055 0010 D368     		ldr	r3, [r2, #12]
 1056 0012 23F00203 		bic	r3, r3, #2
 1057 0016 D360     		str	r3, [r2, #12]
 469:Drivers/STM32F7xx_HAL_Driver/Src/stm32f7xx_hal_tim_ex.c **** 
 1058              		.loc 1 469 3 view .LVU324
 469:Drivers/STM32F7xx_HAL_Driver/Src/stm32f7xx_hal_tim_ex.c **** 
 1059              		.loc 1 469 3 view .LVU325
 1060 0018 2268     		ldr	r2, [r4]
 1061 001a 116A     		ldr	r1, [r2, #32]
 1062 001c 0B4B     		ldr	r3, .L64
 1063 001e 0B40     		ands	r3, r3, r1
 1064 0020 43B9     		cbnz	r3, .L62
 469:Drivers/STM32F7xx_HAL_Driver/Src/stm32f7xx_hal_tim_ex.c **** 
ARM GAS  /tmp/ccLIbKdJ.s 			page 70


 1065              		.loc 1 469 3 discriminator 1 view .LVU326
 1066 0022 116A     		ldr	r1, [r2, #32]
 1067 0024 40F24443 		movw	r3, #1092
 1068 0028 1942     		tst	r1, r3
 1069 002a 03D1     		bne	.L62
 469:Drivers/STM32F7xx_HAL_Driver/Src/stm32f7xx_hal_tim_ex.c **** 
 1070              		.loc 1 469 3 discriminator 3 view .LVU327
 1071 002c 1368     		ldr	r3, [r2]
 1072 002e 23F00103 		bic	r3, r3, #1
 1073 0032 1360     		str	r3, [r2]
 1074              	.L62:
 469:Drivers/STM32F7xx_HAL_Driver/Src/stm32f7xx_hal_tim_ex.c **** 
 1075              		.loc 1 469 3 discriminator 5 view .LVU328
 472:Drivers/STM32F7xx_HAL_Driver/Src/stm32f7xx_hal_tim_ex.c ****   TIM_CHANNEL_STATE_SET(htim, TIM_CHANNEL_2, HAL_TIM_CHANNEL_STATE_READY);
 1076              		.loc 1 472 3 view .LVU329
 1077 0034 0123     		movs	r3, #1
 1078 0036 84F83E30 		strb	r3, [r4, #62]
 473:Drivers/STM32F7xx_HAL_Driver/Src/stm32f7xx_hal_tim_ex.c ****   TIM_CHANNEL_N_STATE_SET(htim, TIM_CHANNEL_1, HAL_TIM_CHANNEL_STATE_READY);
 1079              		.loc 1 473 3 view .LVU330
 1080 003a 84F83F30 		strb	r3, [r4, #63]
 474:Drivers/STM32F7xx_HAL_Driver/Src/stm32f7xx_hal_tim_ex.c ****   TIM_CHANNEL_N_STATE_SET(htim, TIM_CHANNEL_2, HAL_TIM_CHANNEL_STATE_READY);
 1081              		.loc 1 474 3 view .LVU331
 1082 003e 84F84430 		strb	r3, [r4, #68]
 475:Drivers/STM32F7xx_HAL_Driver/Src/stm32f7xx_hal_tim_ex.c **** 
 1083              		.loc 1 475 3 view .LVU332
 1084 0042 84F84530 		strb	r3, [r4, #69]
 478:Drivers/STM32F7xx_HAL_Driver/Src/stm32f7xx_hal_tim_ex.c **** }
 1085              		.loc 1 478 3 view .LVU333
 479:Drivers/STM32F7xx_HAL_Driver/Src/stm32f7xx_hal_tim_ex.c **** 
 1086              		.loc 1 479 1 is_stmt 0 view .LVU334
 1087 0046 0020     		movs	r0, #0
 1088 0048 10BD     		pop	{r4, pc}
 1089              	.LVL72:
 1090              	.L65:
 479:Drivers/STM32F7xx_HAL_Driver/Src/stm32f7xx_hal_tim_ex.c **** 
 1091              		.loc 1 479 1 view .LVU335
 1092 004a 00BF     		.align	2
 1093              	.L64:
 1094 004c 11111100 		.word	1118481
 1095              		.cfi_endproc
 1096              	.LFE148:
 1098              		.section	.text.HAL_TIMEx_HallSensor_Start_DMA,"ax",%progbits
 1099              		.align	1
 1100              		.global	HAL_TIMEx_HallSensor_Start_DMA
 1101              		.syntax unified
 1102              		.thumb
 1103              		.thumb_func
 1105              	HAL_TIMEx_HallSensor_Start_DMA:
 1106              	.LVL73:
 1107              	.LFB149:
 489:Drivers/STM32F7xx_HAL_Driver/Src/stm32f7xx_hal_tim_ex.c ****   uint32_t tmpsmcr;
 1108              		.loc 1 489 1 is_stmt 1 view -0
 1109              		.cfi_startproc
 1110              		@ args = 0, pretend = 0, frame = 0
 1111              		@ frame_needed = 0, uses_anonymous_args = 0
 489:Drivers/STM32F7xx_HAL_Driver/Src/stm32f7xx_hal_tim_ex.c ****   uint32_t tmpsmcr;
 1112              		.loc 1 489 1 is_stmt 0 view .LVU337
ARM GAS  /tmp/ccLIbKdJ.s 			page 71


 1113 0000 70B5     		push	{r4, r5, r6, lr}
 1114              	.LCFI12:
 1115              		.cfi_def_cfa_offset 16
 1116              		.cfi_offset 4, -16
 1117              		.cfi_offset 5, -12
 1118              		.cfi_offset 6, -8
 1119              		.cfi_offset 14, -4
 1120 0002 0446     		mov	r4, r0
 490:Drivers/STM32F7xx_HAL_Driver/Src/stm32f7xx_hal_tim_ex.c ****   HAL_TIM_ChannelStateTypeDef channel_1_state = TIM_CHANNEL_STATE_GET(htim, TIM_CHANNEL_1);
 1121              		.loc 1 490 3 is_stmt 1 view .LVU338
 491:Drivers/STM32F7xx_HAL_Driver/Src/stm32f7xx_hal_tim_ex.c ****   HAL_TIM_ChannelStateTypeDef complementary_channel_1_state = TIM_CHANNEL_N_STATE_GET(htim, TIM_CHA
 1122              		.loc 1 491 3 view .LVU339
 491:Drivers/STM32F7xx_HAL_Driver/Src/stm32f7xx_hal_tim_ex.c ****   HAL_TIM_ChannelStateTypeDef complementary_channel_1_state = TIM_CHANNEL_N_STATE_GET(htim, TIM_CHA
 1123              		.loc 1 491 31 is_stmt 0 view .LVU340
 1124 0004 90F83EC0 		ldrb	ip, [r0, #62]	@ zero_extendqisi2
 1125 0008 5FFA8CFC 		uxtb	ip, ip
 1126              	.LVL74:
 492:Drivers/STM32F7xx_HAL_Driver/Src/stm32f7xx_hal_tim_ex.c **** 
 1127              		.loc 1 492 3 is_stmt 1 view .LVU341
 492:Drivers/STM32F7xx_HAL_Driver/Src/stm32f7xx_hal_tim_ex.c **** 
 1128              		.loc 1 492 31 is_stmt 0 view .LVU342
 1129 000c 90F84400 		ldrb	r0, [r0, #68]	@ zero_extendqisi2
 1130              	.LVL75:
 492:Drivers/STM32F7xx_HAL_Driver/Src/stm32f7xx_hal_tim_ex.c **** 
 1131              		.loc 1 492 31 view .LVU343
 1132 0010 C0B2     		uxtb	r0, r0
 1133              	.LVL76:
 495:Drivers/STM32F7xx_HAL_Driver/Src/stm32f7xx_hal_tim_ex.c **** 
 1134              		.loc 1 495 3 is_stmt 1 view .LVU344
 498:Drivers/STM32F7xx_HAL_Driver/Src/stm32f7xx_hal_tim_ex.c ****       || (complementary_channel_1_state == HAL_TIM_CHANNEL_STATE_BUSY))
 1135              		.loc 1 498 3 view .LVU345
 498:Drivers/STM32F7xx_HAL_Driver/Src/stm32f7xx_hal_tim_ex.c ****       || (complementary_channel_1_state == HAL_TIM_CHANNEL_STATE_BUSY))
 1136              		.loc 1 498 6 is_stmt 0 view .LVU346
 1137 0012 0228     		cmp	r0, #2
 1138 0014 18BF     		it	ne
 1139 0016 BCF1020F 		cmpne	ip, #2
 1140 001a 5ED0     		beq	.L70
 1141 001c 0E46     		mov	r6, r1
 1142 001e 1546     		mov	r5, r2
 503:Drivers/STM32F7xx_HAL_Driver/Src/stm32f7xx_hal_tim_ex.c ****            && (complementary_channel_1_state == HAL_TIM_CHANNEL_STATE_READY))
 1143              		.loc 1 503 8 is_stmt 1 view .LVU347
 503:Drivers/STM32F7xx_HAL_Driver/Src/stm32f7xx_hal_tim_ex.c ****            && (complementary_channel_1_state == HAL_TIM_CHANNEL_STATE_READY))
 1144              		.loc 1 503 11 is_stmt 0 view .LVU348
 1145 0020 BCF1010F 		cmp	ip, #1
 1146 0024 08BF     		it	eq
 1147 0026 0128     		cmpeq	r0, #1
 1148 0028 59D1     		bne	.L71
 506:Drivers/STM32F7xx_HAL_Driver/Src/stm32f7xx_hal_tim_ex.c ****     {
 1149              		.loc 1 506 5 is_stmt 1 view .LVU349
 506:Drivers/STM32F7xx_HAL_Driver/Src/stm32f7xx_hal_tim_ex.c ****     {
 1150              		.loc 1 506 8 is_stmt 0 view .LVU350
 1151 002a 002A     		cmp	r2, #0
 1152 002c 18BF     		it	ne
 1153 002e 0029     		cmpne	r1, #0
 1154 0030 01D1     		bne	.L75
 508:Drivers/STM32F7xx_HAL_Driver/Src/stm32f7xx_hal_tim_ex.c ****     }
 1155              		.loc 1 508 14 view .LVU351
ARM GAS  /tmp/ccLIbKdJ.s 			page 72


 1156 0032 0120     		movs	r0, #1
 1157              	.LVL77:
 508:Drivers/STM32F7xx_HAL_Driver/Src/stm32f7xx_hal_tim_ex.c ****     }
 1158              		.loc 1 508 14 view .LVU352
 1159 0034 54E0     		b	.L67
 1160              	.LVL78:
 1161              	.L75:
 512:Drivers/STM32F7xx_HAL_Driver/Src/stm32f7xx_hal_tim_ex.c ****       TIM_CHANNEL_N_STATE_SET(htim, TIM_CHANNEL_1, HAL_TIM_CHANNEL_STATE_BUSY);
 1162              		.loc 1 512 7 is_stmt 1 view .LVU353
 1163 0036 0223     		movs	r3, #2
 1164 0038 84F83E30 		strb	r3, [r4, #62]
 513:Drivers/STM32F7xx_HAL_Driver/Src/stm32f7xx_hal_tim_ex.c ****     }
 1165              		.loc 1 513 7 view .LVU354
 1166 003c 84F84430 		strb	r3, [r4, #68]
 524:Drivers/STM32F7xx_HAL_Driver/Src/stm32f7xx_hal_tim_ex.c **** 
 1167              		.loc 1 524 3 view .LVU355
 1168 0040 0122     		movs	r2, #1
 1169              	.LVL79:
 524:Drivers/STM32F7xx_HAL_Driver/Src/stm32f7xx_hal_tim_ex.c **** 
 1170              		.loc 1 524 3 is_stmt 0 view .LVU356
 1171 0042 0021     		movs	r1, #0
 1172              	.LVL80:
 524:Drivers/STM32F7xx_HAL_Driver/Src/stm32f7xx_hal_tim_ex.c **** 
 1173              		.loc 1 524 3 view .LVU357
 1174 0044 2068     		ldr	r0, [r4]
 1175              	.LVL81:
 524:Drivers/STM32F7xx_HAL_Driver/Src/stm32f7xx_hal_tim_ex.c **** 
 1176              		.loc 1 524 3 view .LVU358
 1177 0046 FFF7FEFF 		bl	TIM_CCxChannelCmd
 1178              	.LVL82:
 527:Drivers/STM32F7xx_HAL_Driver/Src/stm32f7xx_hal_tim_ex.c ****   htim->hdma[TIM_DMA_ID_CC1]->XferHalfCpltCallback = TIM_DMACaptureHalfCplt;
 1179              		.loc 1 527 3 is_stmt 1 view .LVU359
 527:Drivers/STM32F7xx_HAL_Driver/Src/stm32f7xx_hal_tim_ex.c ****   htim->hdma[TIM_DMA_ID_CC1]->XferHalfCpltCallback = TIM_DMACaptureHalfCplt;
 1180              		.loc 1 527 13 is_stmt 0 view .LVU360
 1181 004a 636A     		ldr	r3, [r4, #36]
 527:Drivers/STM32F7xx_HAL_Driver/Src/stm32f7xx_hal_tim_ex.c ****   htim->hdma[TIM_DMA_ID_CC1]->XferHalfCpltCallback = TIM_DMACaptureHalfCplt;
 1182              		.loc 1 527 48 view .LVU361
 1183 004c 264A     		ldr	r2, .L76
 1184 004e DA63     		str	r2, [r3, #60]
 528:Drivers/STM32F7xx_HAL_Driver/Src/stm32f7xx_hal_tim_ex.c ****   /* Set the DMA error callback */
 1185              		.loc 1 528 3 is_stmt 1 view .LVU362
 528:Drivers/STM32F7xx_HAL_Driver/Src/stm32f7xx_hal_tim_ex.c ****   /* Set the DMA error callback */
 1186              		.loc 1 528 13 is_stmt 0 view .LVU363
 1187 0050 636A     		ldr	r3, [r4, #36]
 528:Drivers/STM32F7xx_HAL_Driver/Src/stm32f7xx_hal_tim_ex.c ****   /* Set the DMA error callback */
 1188              		.loc 1 528 52 view .LVU364
 1189 0052 264A     		ldr	r2, .L76+4
 1190 0054 1A64     		str	r2, [r3, #64]
 530:Drivers/STM32F7xx_HAL_Driver/Src/stm32f7xx_hal_tim_ex.c **** 
 1191              		.loc 1 530 3 is_stmt 1 view .LVU365
 530:Drivers/STM32F7xx_HAL_Driver/Src/stm32f7xx_hal_tim_ex.c **** 
 1192              		.loc 1 530 13 is_stmt 0 view .LVU366
 1193 0056 636A     		ldr	r3, [r4, #36]
 530:Drivers/STM32F7xx_HAL_Driver/Src/stm32f7xx_hal_tim_ex.c **** 
 1194              		.loc 1 530 49 view .LVU367
 1195 0058 254A     		ldr	r2, .L76+8
 1196 005a DA64     		str	r2, [r3, #76]
ARM GAS  /tmp/ccLIbKdJ.s 			page 73


 533:Drivers/STM32F7xx_HAL_Driver/Src/stm32f7xx_hal_tim_ex.c ****   {
 1197              		.loc 1 533 3 is_stmt 1 view .LVU368
 533:Drivers/STM32F7xx_HAL_Driver/Src/stm32f7xx_hal_tim_ex.c ****   {
 1198              		.loc 1 533 67 is_stmt 0 view .LVU369
 1199 005c 2168     		ldr	r1, [r4]
 533:Drivers/STM32F7xx_HAL_Driver/Src/stm32f7xx_hal_tim_ex.c ****   {
 1200              		.loc 1 533 7 view .LVU370
 1201 005e 2B46     		mov	r3, r5
 1202 0060 3246     		mov	r2, r6
 1203 0062 3431     		adds	r1, r1, #52
 1204 0064 606A     		ldr	r0, [r4, #36]
 1205 0066 FFF7FEFF 		bl	HAL_DMA_Start_IT
 1206              	.LVL83:
 533:Drivers/STM32F7xx_HAL_Driver/Src/stm32f7xx_hal_tim_ex.c ****   {
 1207              		.loc 1 533 6 discriminator 1 view .LVU371
 1208 006a 0028     		cmp	r0, #0
 1209 006c 39D1     		bne	.L73
 539:Drivers/STM32F7xx_HAL_Driver/Src/stm32f7xx_hal_tim_ex.c **** 
 1210              		.loc 1 539 3 is_stmt 1 view .LVU372
 1211 006e 2268     		ldr	r2, [r4]
 1212 0070 D368     		ldr	r3, [r2, #12]
 1213 0072 43F40073 		orr	r3, r3, #512
 1214 0076 D360     		str	r3, [r2, #12]
 542:Drivers/STM32F7xx_HAL_Driver/Src/stm32f7xx_hal_tim_ex.c ****   {
 1215              		.loc 1 542 3 view .LVU373
 542:Drivers/STM32F7xx_HAL_Driver/Src/stm32f7xx_hal_tim_ex.c ****   {
 1216              		.loc 1 542 7 is_stmt 0 view .LVU374
 1217 0078 2368     		ldr	r3, [r4]
 542:Drivers/STM32F7xx_HAL_Driver/Src/stm32f7xx_hal_tim_ex.c ****   {
 1218              		.loc 1 542 6 view .LVU375
 1219 007a 1E4A     		ldr	r2, .L76+12
 1220 007c B3F1804F 		cmp	r3, #1073741824
 1221 0080 18BF     		it	ne
 1222 0082 9342     		cmpne	r3, r2
 1223 0084 1CD0     		beq	.L68
 542:Drivers/STM32F7xx_HAL_Driver/Src/stm32f7xx_hal_tim_ex.c ****   {
 1224              		.loc 1 542 7 discriminator 1 view .LVU376
 1225 0086 A2F57C42 		sub	r2, r2, #64512
 1226 008a 9342     		cmp	r3, r2
 1227 008c 18D0     		beq	.L68
 542:Drivers/STM32F7xx_HAL_Driver/Src/stm32f7xx_hal_tim_ex.c ****   {
 1228              		.loc 1 542 7 discriminator 2 view .LVU377
 1229 008e 02F58062 		add	r2, r2, #1024
 1230 0092 9342     		cmp	r3, r2
 1231 0094 14D0     		beq	.L68
 542:Drivers/STM32F7xx_HAL_Driver/Src/stm32f7xx_hal_tim_ex.c ****   {
 1232              		.loc 1 542 7 discriminator 3 view .LVU378
 1233 0096 02F58062 		add	r2, r2, #1024
 1234 009a 9342     		cmp	r3, r2
 1235 009c 10D0     		beq	.L68
 542:Drivers/STM32F7xx_HAL_Driver/Src/stm32f7xx_hal_tim_ex.c ****   {
 1236              		.loc 1 542 7 discriminator 4 view .LVU379
 1237 009e 02F57842 		add	r2, r2, #63488
 1238 00a2 9342     		cmp	r3, r2
 1239 00a4 0CD0     		beq	.L68
 542:Drivers/STM32F7xx_HAL_Driver/Src/stm32f7xx_hal_tim_ex.c ****   {
 1240              		.loc 1 542 7 discriminator 5 view .LVU380
ARM GAS  /tmp/ccLIbKdJ.s 			page 74


 1241 00a6 02F57052 		add	r2, r2, #15360
 1242 00aa 9342     		cmp	r3, r2
 1243 00ac 08D0     		beq	.L68
 542:Drivers/STM32F7xx_HAL_Driver/Src/stm32f7xx_hal_tim_ex.c ****   {
 1244              		.loc 1 542 7 discriminator 6 view .LVU381
 1245 00ae A2F59432 		sub	r2, r2, #75776
 1246 00b2 9342     		cmp	r3, r2
 1247 00b4 04D0     		beq	.L68
 552:Drivers/STM32F7xx_HAL_Driver/Src/stm32f7xx_hal_tim_ex.c ****   }
 1248              		.loc 1 552 5 is_stmt 1 view .LVU382
 1249 00b6 1A68     		ldr	r2, [r3]
 1250 00b8 42F00102 		orr	r2, r2, #1
 1251 00bc 1A60     		str	r2, [r3]
 1252 00be 0FE0     		b	.L67
 1253              	.L68:
 544:Drivers/STM32F7xx_HAL_Driver/Src/stm32f7xx_hal_tim_ex.c ****     if (!IS_TIM_SLAVEMODE_TRIGGER_ENABLED(tmpsmcr))
 1254              		.loc 1 544 5 view .LVU383
 544:Drivers/STM32F7xx_HAL_Driver/Src/stm32f7xx_hal_tim_ex.c ****     if (!IS_TIM_SLAVEMODE_TRIGGER_ENABLED(tmpsmcr))
 1255              		.loc 1 544 29 is_stmt 0 view .LVU384
 1256 00c0 9968     		ldr	r1, [r3, #8]
 544:Drivers/STM32F7xx_HAL_Driver/Src/stm32f7xx_hal_tim_ex.c ****     if (!IS_TIM_SLAVEMODE_TRIGGER_ENABLED(tmpsmcr))
 1257              		.loc 1 544 13 view .LVU385
 1258 00c2 0D4A     		ldr	r2, .L76+16
 1259 00c4 0A40     		ands	r2, r2, r1
 1260              	.LVL84:
 545:Drivers/STM32F7xx_HAL_Driver/Src/stm32f7xx_hal_tim_ex.c ****     {
 1261              		.loc 1 545 5 is_stmt 1 view .LVU386
 545:Drivers/STM32F7xx_HAL_Driver/Src/stm32f7xx_hal_tim_ex.c ****     {
 1262              		.loc 1 545 8 is_stmt 0 view .LVU387
 1263 00c6 062A     		cmp	r2, #6
 1264 00c8 18BF     		it	ne
 1265 00ca B2F5803F 		cmpne	r2, #65536
 1266 00ce 07D0     		beq	.L67
 547:Drivers/STM32F7xx_HAL_Driver/Src/stm32f7xx_hal_tim_ex.c ****     }
 1267              		.loc 1 547 7 is_stmt 1 view .LVU388
 1268 00d0 1A68     		ldr	r2, [r3]
 1269              	.LVL85:
 547:Drivers/STM32F7xx_HAL_Driver/Src/stm32f7xx_hal_tim_ex.c ****     }
 1270              		.loc 1 547 7 is_stmt 0 view .LVU389
 1271 00d2 42F00102 		orr	r2, r2, #1
 1272 00d6 1A60     		str	r2, [r3]
 1273 00d8 02E0     		b	.L67
 1274              	.LVL86:
 1275              	.L70:
 501:Drivers/STM32F7xx_HAL_Driver/Src/stm32f7xx_hal_tim_ex.c ****   }
 1276              		.loc 1 501 12 view .LVU390
 1277 00da 0220     		movs	r0, #2
 1278              	.LVL87:
 501:Drivers/STM32F7xx_HAL_Driver/Src/stm32f7xx_hal_tim_ex.c ****   }
 1279              		.loc 1 501 12 view .LVU391
 1280 00dc 00E0     		b	.L67
 1281              	.LVL88:
 1282              	.L71:
 518:Drivers/STM32F7xx_HAL_Driver/Src/stm32f7xx_hal_tim_ex.c ****   }
 1283              		.loc 1 518 12 view .LVU392
 1284 00de 0120     		movs	r0, #1
 1285              	.LVL89:
ARM GAS  /tmp/ccLIbKdJ.s 			page 75


 1286              	.L67:
 557:Drivers/STM32F7xx_HAL_Driver/Src/stm32f7xx_hal_tim_ex.c **** 
 1287              		.loc 1 557 1 view .LVU393
 1288 00e0 70BD     		pop	{r4, r5, r6, pc}
 1289              	.LVL90:
 1290              	.L73:
 536:Drivers/STM32F7xx_HAL_Driver/Src/stm32f7xx_hal_tim_ex.c ****   }
 1291              		.loc 1 536 12 view .LVU394
 1292 00e2 0120     		movs	r0, #1
 1293 00e4 FCE7     		b	.L67
 1294              	.L77:
 1295 00e6 00BF     		.align	2
 1296              	.L76:
 1297 00e8 00000000 		.word	TIM_DMACaptureCplt
 1298 00ec 00000000 		.word	TIM_DMACaptureHalfCplt
 1299 00f0 00000000 		.word	TIM_DMAError
 1300 00f4 00000140 		.word	1073807360
 1301 00f8 07000100 		.word	65543
 1302              		.cfi_endproc
 1303              	.LFE149:
 1305              		.section	.text.HAL_TIMEx_HallSensor_Stop_DMA,"ax",%progbits
 1306              		.align	1
 1307              		.global	HAL_TIMEx_HallSensor_Stop_DMA
 1308              		.syntax unified
 1309              		.thumb
 1310              		.thumb_func
 1312              	HAL_TIMEx_HallSensor_Stop_DMA:
 1313              	.LVL91:
 1314              	.LFB150:
 565:Drivers/STM32F7xx_HAL_Driver/Src/stm32f7xx_hal_tim_ex.c ****   /* Check the parameters */
 1315              		.loc 1 565 1 is_stmt 1 view -0
 1316              		.cfi_startproc
 1317              		@ args = 0, pretend = 0, frame = 0
 1318              		@ frame_needed = 0, uses_anonymous_args = 0
 565:Drivers/STM32F7xx_HAL_Driver/Src/stm32f7xx_hal_tim_ex.c ****   /* Check the parameters */
 1319              		.loc 1 565 1 is_stmt 0 view .LVU396
 1320 0000 10B5     		push	{r4, lr}
 1321              	.LCFI13:
 1322              		.cfi_def_cfa_offset 8
 1323              		.cfi_offset 4, -8
 1324              		.cfi_offset 14, -4
 1325 0002 0446     		mov	r4, r0
 567:Drivers/STM32F7xx_HAL_Driver/Src/stm32f7xx_hal_tim_ex.c **** 
 1326              		.loc 1 567 3 is_stmt 1 view .LVU397
 572:Drivers/STM32F7xx_HAL_Driver/Src/stm32f7xx_hal_tim_ex.c **** 
 1327              		.loc 1 572 3 view .LVU398
 1328 0004 0022     		movs	r2, #0
 1329 0006 1146     		mov	r1, r2
 1330 0008 0068     		ldr	r0, [r0]
 1331              	.LVL92:
 572:Drivers/STM32F7xx_HAL_Driver/Src/stm32f7xx_hal_tim_ex.c **** 
 1332              		.loc 1 572 3 is_stmt 0 view .LVU399
 1333 000a FFF7FEFF 		bl	TIM_CCxChannelCmd
 1334              	.LVL93:
 576:Drivers/STM32F7xx_HAL_Driver/Src/stm32f7xx_hal_tim_ex.c **** 
 1335              		.loc 1 576 3 is_stmt 1 view .LVU400
 1336 000e 2268     		ldr	r2, [r4]
ARM GAS  /tmp/ccLIbKdJ.s 			page 76


 1337 0010 D368     		ldr	r3, [r2, #12]
 1338 0012 23F40073 		bic	r3, r3, #512
 1339 0016 D360     		str	r3, [r2, #12]
 578:Drivers/STM32F7xx_HAL_Driver/Src/stm32f7xx_hal_tim_ex.c **** 
 1340              		.loc 1 578 3 view .LVU401
 578:Drivers/STM32F7xx_HAL_Driver/Src/stm32f7xx_hal_tim_ex.c **** 
 1341              		.loc 1 578 9 is_stmt 0 view .LVU402
 1342 0018 606A     		ldr	r0, [r4, #36]
 1343 001a FFF7FEFF 		bl	HAL_DMA_Abort_IT
 1344              	.LVL94:
 581:Drivers/STM32F7xx_HAL_Driver/Src/stm32f7xx_hal_tim_ex.c **** 
 1345              		.loc 1 581 3 is_stmt 1 view .LVU403
 581:Drivers/STM32F7xx_HAL_Driver/Src/stm32f7xx_hal_tim_ex.c **** 
 1346              		.loc 1 581 3 view .LVU404
 1347 001e 2268     		ldr	r2, [r4]
 1348 0020 116A     		ldr	r1, [r2, #32]
 1349 0022 094B     		ldr	r3, .L81
 1350 0024 0B40     		ands	r3, r3, r1
 1351 0026 43B9     		cbnz	r3, .L79
 581:Drivers/STM32F7xx_HAL_Driver/Src/stm32f7xx_hal_tim_ex.c **** 
 1352              		.loc 1 581 3 discriminator 1 view .LVU405
 1353 0028 116A     		ldr	r1, [r2, #32]
 1354 002a 40F24443 		movw	r3, #1092
 1355 002e 1942     		tst	r1, r3
 1356 0030 03D1     		bne	.L79
 581:Drivers/STM32F7xx_HAL_Driver/Src/stm32f7xx_hal_tim_ex.c **** 
 1357              		.loc 1 581 3 discriminator 3 view .LVU406
 1358 0032 1368     		ldr	r3, [r2]
 1359 0034 23F00103 		bic	r3, r3, #1
 1360 0038 1360     		str	r3, [r2]
 1361              	.L79:
 581:Drivers/STM32F7xx_HAL_Driver/Src/stm32f7xx_hal_tim_ex.c **** 
 1362              		.loc 1 581 3 discriminator 5 view .LVU407
 584:Drivers/STM32F7xx_HAL_Driver/Src/stm32f7xx_hal_tim_ex.c ****   TIM_CHANNEL_N_STATE_SET(htim, TIM_CHANNEL_1, HAL_TIM_CHANNEL_STATE_READY);
 1363              		.loc 1 584 3 view .LVU408
 1364 003a 0123     		movs	r3, #1
 1365 003c 84F83E30 		strb	r3, [r4, #62]
 585:Drivers/STM32F7xx_HAL_Driver/Src/stm32f7xx_hal_tim_ex.c **** 
 1366              		.loc 1 585 3 view .LVU409
 1367 0040 84F84430 		strb	r3, [r4, #68]
 588:Drivers/STM32F7xx_HAL_Driver/Src/stm32f7xx_hal_tim_ex.c **** }
 1368              		.loc 1 588 3 view .LVU410
 589:Drivers/STM32F7xx_HAL_Driver/Src/stm32f7xx_hal_tim_ex.c **** 
 1369              		.loc 1 589 1 is_stmt 0 view .LVU411
 1370 0044 0020     		movs	r0, #0
 1371 0046 10BD     		pop	{r4, pc}
 1372              	.LVL95:
 1373              	.L82:
 589:Drivers/STM32F7xx_HAL_Driver/Src/stm32f7xx_hal_tim_ex.c **** 
 1374              		.loc 1 589 1 view .LVU412
 1375              		.align	2
 1376              	.L81:
 1377 0048 11111100 		.word	1118481
 1378              		.cfi_endproc
 1379              	.LFE150:
 1381              		.section	.text.HAL_TIMEx_OCN_Start,"ax",%progbits
 1382              		.align	1
ARM GAS  /tmp/ccLIbKdJ.s 			page 77


 1383              		.global	HAL_TIMEx_OCN_Start
 1384              		.syntax unified
 1385              		.thumb
 1386              		.thumb_func
 1388              	HAL_TIMEx_OCN_Start:
 1389              	.LVL96:
 1390              	.LFB151:
 627:Drivers/STM32F7xx_HAL_Driver/Src/stm32f7xx_hal_tim_ex.c ****   uint32_t tmpsmcr;
 1391              		.loc 1 627 1 is_stmt 1 view -0
 1392              		.cfi_startproc
 1393              		@ args = 0, pretend = 0, frame = 0
 1394              		@ frame_needed = 0, uses_anonymous_args = 0
 627:Drivers/STM32F7xx_HAL_Driver/Src/stm32f7xx_hal_tim_ex.c ****   uint32_t tmpsmcr;
 1395              		.loc 1 627 1 is_stmt 0 view .LVU414
 1396 0000 10B5     		push	{r4, lr}
 1397              	.LCFI14:
 1398              		.cfi_def_cfa_offset 8
 1399              		.cfi_offset 4, -8
 1400              		.cfi_offset 14, -4
 1401 0002 0446     		mov	r4, r0
 628:Drivers/STM32F7xx_HAL_Driver/Src/stm32f7xx_hal_tim_ex.c **** 
 1402              		.loc 1 628 3 is_stmt 1 view .LVU415
 631:Drivers/STM32F7xx_HAL_Driver/Src/stm32f7xx_hal_tim_ex.c **** 
 1403              		.loc 1 631 3 view .LVU416
 634:Drivers/STM32F7xx_HAL_Driver/Src/stm32f7xx_hal_tim_ex.c ****   {
 1404              		.loc 1 634 3 view .LVU417
 634:Drivers/STM32F7xx_HAL_Driver/Src/stm32f7xx_hal_tim_ex.c ****   {
 1405              		.loc 1 634 46 is_stmt 0 view .LVU418
 1406 0004 0846     		mov	r0, r1
 1407              	.LVL97:
 634:Drivers/STM32F7xx_HAL_Driver/Src/stm32f7xx_hal_tim_ex.c ****   {
 1408              		.loc 1 634 46 view .LVU419
 1409 0006 0029     		cmp	r1, #0
 1410 0008 3BD1     		bne	.L84
 634:Drivers/STM32F7xx_HAL_Driver/Src/stm32f7xx_hal_tim_ex.c ****   {
 1411              		.loc 1 634 7 discriminator 1 view .LVU420
 1412 000a 94F84430 		ldrb	r3, [r4, #68]	@ zero_extendqisi2
 1413 000e DBB2     		uxtb	r3, r3
 634:Drivers/STM32F7xx_HAL_Driver/Src/stm32f7xx_hal_tim_ex.c ****   {
 1414              		.loc 1 634 46 discriminator 1 view .LVU421
 1415 0010 013B     		subs	r3, r3, #1
 1416 0012 18BF     		it	ne
 1417 0014 0123     		movne	r3, #1
 1418              	.L85:
 634:Drivers/STM32F7xx_HAL_Driver/Src/stm32f7xx_hal_tim_ex.c ****   {
 1419              		.loc 1 634 6 discriminator 12 view .LVU422
 1420 0016 002B     		cmp	r3, #0
 1421 0018 6AD1     		bne	.L95
 640:Drivers/STM32F7xx_HAL_Driver/Src/stm32f7xx_hal_tim_ex.c **** 
 1422              		.loc 1 640 3 is_stmt 1 view .LVU423
 1423 001a 0028     		cmp	r0, #0
 1424 001c 4AD1     		bne	.L89
 640:Drivers/STM32F7xx_HAL_Driver/Src/stm32f7xx_hal_tim_ex.c **** 
 1425              		.loc 1 640 3 is_stmt 0 discriminator 1 view .LVU424
 1426 001e 0223     		movs	r3, #2
 1427 0020 84F84430 		strb	r3, [r4, #68]
 1428              	.L90:
ARM GAS  /tmp/ccLIbKdJ.s 			page 78


 643:Drivers/STM32F7xx_HAL_Driver/Src/stm32f7xx_hal_tim_ex.c **** 
 1429              		.loc 1 643 3 is_stmt 1 view .LVU425
 1430 0024 0422     		movs	r2, #4
 1431 0026 0146     		mov	r1, r0
 1432              	.LVL98:
 643:Drivers/STM32F7xx_HAL_Driver/Src/stm32f7xx_hal_tim_ex.c **** 
 1433              		.loc 1 643 3 is_stmt 0 view .LVU426
 1434 0028 2068     		ldr	r0, [r4]
 1435              	.LVL99:
 643:Drivers/STM32F7xx_HAL_Driver/Src/stm32f7xx_hal_tim_ex.c **** 
 1436              		.loc 1 643 3 view .LVU427
 1437 002a FFF7FEFF 		bl	TIM_CCxNChannelCmd
 1438              	.LVL100:
 646:Drivers/STM32F7xx_HAL_Driver/Src/stm32f7xx_hal_tim_ex.c **** 
 1439              		.loc 1 646 3 is_stmt 1 view .LVU428
 1440 002e 2268     		ldr	r2, [r4]
 1441 0030 536C     		ldr	r3, [r2, #68]
 1442 0032 43F40043 		orr	r3, r3, #32768
 1443 0036 5364     		str	r3, [r2, #68]
 649:Drivers/STM32F7xx_HAL_Driver/Src/stm32f7xx_hal_tim_ex.c ****   {
 1444              		.loc 1 649 3 view .LVU429
 649:Drivers/STM32F7xx_HAL_Driver/Src/stm32f7xx_hal_tim_ex.c ****   {
 1445              		.loc 1 649 7 is_stmt 0 view .LVU430
 1446 0038 2368     		ldr	r3, [r4]
 649:Drivers/STM32F7xx_HAL_Driver/Src/stm32f7xx_hal_tim_ex.c ****   {
 1447              		.loc 1 649 6 view .LVU431
 1448 003a 2F4A     		ldr	r2, .L102
 1449 003c B3F1804F 		cmp	r3, #1073741824
 1450 0040 18BF     		it	ne
 1451 0042 9342     		cmpne	r3, r2
 1452 0044 46D0     		beq	.L93
 649:Drivers/STM32F7xx_HAL_Driver/Src/stm32f7xx_hal_tim_ex.c ****   {
 1453              		.loc 1 649 7 discriminator 1 view .LVU432
 1454 0046 A2F57C42 		sub	r2, r2, #64512
 1455 004a 9342     		cmp	r3, r2
 1456 004c 42D0     		beq	.L93
 649:Drivers/STM32F7xx_HAL_Driver/Src/stm32f7xx_hal_tim_ex.c ****   {
 1457              		.loc 1 649 7 discriminator 2 view .LVU433
 1458 004e 02F58062 		add	r2, r2, #1024
 1459 0052 9342     		cmp	r3, r2
 1460 0054 3ED0     		beq	.L93
 649:Drivers/STM32F7xx_HAL_Driver/Src/stm32f7xx_hal_tim_ex.c ****   {
 1461              		.loc 1 649 7 discriminator 3 view .LVU434
 1462 0056 02F58062 		add	r2, r2, #1024
 1463 005a 9342     		cmp	r3, r2
 1464 005c 3AD0     		beq	.L93
 649:Drivers/STM32F7xx_HAL_Driver/Src/stm32f7xx_hal_tim_ex.c ****   {
 1465              		.loc 1 649 7 discriminator 4 view .LVU435
 1466 005e 02F57842 		add	r2, r2, #63488
 1467 0062 9342     		cmp	r3, r2
 1468 0064 36D0     		beq	.L93
 649:Drivers/STM32F7xx_HAL_Driver/Src/stm32f7xx_hal_tim_ex.c ****   {
 1469              		.loc 1 649 7 discriminator 5 view .LVU436
 1470 0066 02F57052 		add	r2, r2, #15360
 1471 006a 9342     		cmp	r3, r2
 1472 006c 32D0     		beq	.L93
 649:Drivers/STM32F7xx_HAL_Driver/Src/stm32f7xx_hal_tim_ex.c ****   {
ARM GAS  /tmp/ccLIbKdJ.s 			page 79


 1473              		.loc 1 649 7 discriminator 6 view .LVU437
 1474 006e A2F59432 		sub	r2, r2, #75776
 1475 0072 9342     		cmp	r3, r2
 1476 0074 2ED0     		beq	.L93
 659:Drivers/STM32F7xx_HAL_Driver/Src/stm32f7xx_hal_tim_ex.c ****   }
 1477              		.loc 1 659 5 is_stmt 1 view .LVU438
 1478 0076 1A68     		ldr	r2, [r3]
 1479 0078 42F00102 		orr	r2, r2, #1
 1480 007c 1A60     		str	r2, [r3]
 663:Drivers/STM32F7xx_HAL_Driver/Src/stm32f7xx_hal_tim_ex.c **** }
 1481              		.loc 1 663 10 is_stmt 0 view .LVU439
 1482 007e 0020     		movs	r0, #0
 1483 0080 37E0     		b	.L88
 1484              	.LVL101:
 1485              	.L84:
 634:Drivers/STM32F7xx_HAL_Driver/Src/stm32f7xx_hal_tim_ex.c ****   {
 1486              		.loc 1 634 46 discriminator 2 view .LVU440
 1487 0082 0429     		cmp	r1, #4
 1488 0084 08D0     		beq	.L98
 634:Drivers/STM32F7xx_HAL_Driver/Src/stm32f7xx_hal_tim_ex.c ****   {
 1489              		.loc 1 634 46 discriminator 5 view .LVU441
 1490 0086 0829     		cmp	r1, #8
 1491 0088 0DD0     		beq	.L99
 634:Drivers/STM32F7xx_HAL_Driver/Src/stm32f7xx_hal_tim_ex.c ****   {
 1492              		.loc 1 634 7 discriminator 8 view .LVU442
 1493 008a 94F84730 		ldrb	r3, [r4, #71]	@ zero_extendqisi2
 1494 008e DBB2     		uxtb	r3, r3
 634:Drivers/STM32F7xx_HAL_Driver/Src/stm32f7xx_hal_tim_ex.c ****   {
 1495              		.loc 1 634 46 discriminator 8 view .LVU443
 1496 0090 013B     		subs	r3, r3, #1
 1497 0092 18BF     		it	ne
 1498 0094 0123     		movne	r3, #1
 1499 0096 BEE7     		b	.L85
 1500              	.L98:
 634:Drivers/STM32F7xx_HAL_Driver/Src/stm32f7xx_hal_tim_ex.c ****   {
 1501              		.loc 1 634 7 discriminator 4 view .LVU444
 1502 0098 94F84530 		ldrb	r3, [r4, #69]	@ zero_extendqisi2
 1503 009c DBB2     		uxtb	r3, r3
 634:Drivers/STM32F7xx_HAL_Driver/Src/stm32f7xx_hal_tim_ex.c ****   {
 1504              		.loc 1 634 46 discriminator 4 view .LVU445
 1505 009e 013B     		subs	r3, r3, #1
 1506 00a0 18BF     		it	ne
 1507 00a2 0123     		movne	r3, #1
 1508 00a4 B7E7     		b	.L85
 1509              	.L99:
 634:Drivers/STM32F7xx_HAL_Driver/Src/stm32f7xx_hal_tim_ex.c ****   {
 1510              		.loc 1 634 7 discriminator 7 view .LVU446
 1511 00a6 94F84630 		ldrb	r3, [r4, #70]	@ zero_extendqisi2
 1512 00aa DBB2     		uxtb	r3, r3
 634:Drivers/STM32F7xx_HAL_Driver/Src/stm32f7xx_hal_tim_ex.c ****   {
 1513              		.loc 1 634 46 discriminator 7 view .LVU447
 1514 00ac 013B     		subs	r3, r3, #1
 1515 00ae 18BF     		it	ne
 1516 00b0 0123     		movne	r3, #1
 1517 00b2 B0E7     		b	.L85
 1518              	.L89:
 640:Drivers/STM32F7xx_HAL_Driver/Src/stm32f7xx_hal_tim_ex.c **** 
ARM GAS  /tmp/ccLIbKdJ.s 			page 80


 1519              		.loc 1 640 3 discriminator 2 view .LVU448
 1520 00b4 0428     		cmp	r0, #4
 1521 00b6 05D0     		beq	.L100
 640:Drivers/STM32F7xx_HAL_Driver/Src/stm32f7xx_hal_tim_ex.c **** 
 1522              		.loc 1 640 3 discriminator 4 view .LVU449
 1523 00b8 0828     		cmp	r0, #8
 1524 00ba 07D0     		beq	.L101
 640:Drivers/STM32F7xx_HAL_Driver/Src/stm32f7xx_hal_tim_ex.c **** 
 1525              		.loc 1 640 3 discriminator 7 view .LVU450
 1526 00bc 0223     		movs	r3, #2
 1527 00be 84F84730 		strb	r3, [r4, #71]
 1528 00c2 AFE7     		b	.L90
 1529              	.L100:
 640:Drivers/STM32F7xx_HAL_Driver/Src/stm32f7xx_hal_tim_ex.c **** 
 1530              		.loc 1 640 3 discriminator 3 view .LVU451
 1531 00c4 0223     		movs	r3, #2
 1532 00c6 84F84530 		strb	r3, [r4, #69]
 1533 00ca ABE7     		b	.L90
 1534              	.L101:
 640:Drivers/STM32F7xx_HAL_Driver/Src/stm32f7xx_hal_tim_ex.c **** 
 1535              		.loc 1 640 3 discriminator 6 view .LVU452
 1536 00cc 0223     		movs	r3, #2
 1537 00ce 84F84630 		strb	r3, [r4, #70]
 1538 00d2 A7E7     		b	.L90
 1539              	.LVL102:
 1540              	.L93:
 651:Drivers/STM32F7xx_HAL_Driver/Src/stm32f7xx_hal_tim_ex.c ****     if (!IS_TIM_SLAVEMODE_TRIGGER_ENABLED(tmpsmcr))
 1541              		.loc 1 651 5 is_stmt 1 view .LVU453
 651:Drivers/STM32F7xx_HAL_Driver/Src/stm32f7xx_hal_tim_ex.c ****     if (!IS_TIM_SLAVEMODE_TRIGGER_ENABLED(tmpsmcr))
 1542              		.loc 1 651 29 is_stmt 0 view .LVU454
 1543 00d4 9968     		ldr	r1, [r3, #8]
 651:Drivers/STM32F7xx_HAL_Driver/Src/stm32f7xx_hal_tim_ex.c ****     if (!IS_TIM_SLAVEMODE_TRIGGER_ENABLED(tmpsmcr))
 1544              		.loc 1 651 13 view .LVU455
 1545 00d6 094A     		ldr	r2, .L102+4
 1546 00d8 0A40     		ands	r2, r2, r1
 1547              	.LVL103:
 652:Drivers/STM32F7xx_HAL_Driver/Src/stm32f7xx_hal_tim_ex.c ****     {
 1548              		.loc 1 652 5 is_stmt 1 view .LVU456
 652:Drivers/STM32F7xx_HAL_Driver/Src/stm32f7xx_hal_tim_ex.c ****     {
 1549              		.loc 1 652 8 is_stmt 0 view .LVU457
 1550 00da 062A     		cmp	r2, #6
 1551 00dc 18BF     		it	ne
 1552 00de B2F5803F 		cmpne	r2, #65536
 1553 00e2 07D0     		beq	.L96
 654:Drivers/STM32F7xx_HAL_Driver/Src/stm32f7xx_hal_tim_ex.c ****     }
 1554              		.loc 1 654 7 is_stmt 1 view .LVU458
 1555 00e4 1A68     		ldr	r2, [r3]
 1556              	.LVL104:
 654:Drivers/STM32F7xx_HAL_Driver/Src/stm32f7xx_hal_tim_ex.c ****     }
 1557              		.loc 1 654 7 is_stmt 0 view .LVU459
 1558 00e6 42F00102 		orr	r2, r2, #1
 1559 00ea 1A60     		str	r2, [r3]
 663:Drivers/STM32F7xx_HAL_Driver/Src/stm32f7xx_hal_tim_ex.c **** }
 1560              		.loc 1 663 10 view .LVU460
 1561 00ec 0020     		movs	r0, #0
 1562 00ee 00E0     		b	.L88
 1563              	.LVL105:
ARM GAS  /tmp/ccLIbKdJ.s 			page 81


 1564              	.L95:
 636:Drivers/STM32F7xx_HAL_Driver/Src/stm32f7xx_hal_tim_ex.c ****   }
 1565              		.loc 1 636 12 view .LVU461
 1566 00f0 0120     		movs	r0, #1
 1567              	.LVL106:
 1568              	.L88:
 664:Drivers/STM32F7xx_HAL_Driver/Src/stm32f7xx_hal_tim_ex.c **** 
 1569              		.loc 1 664 1 view .LVU462
 1570 00f2 10BD     		pop	{r4, pc}
 1571              	.LVL107:
 1572              	.L96:
 663:Drivers/STM32F7xx_HAL_Driver/Src/stm32f7xx_hal_tim_ex.c **** }
 1573              		.loc 1 663 10 view .LVU463
 1574 00f4 0020     		movs	r0, #0
 1575 00f6 FCE7     		b	.L88
 1576              	.L103:
 1577              		.align	2
 1578              	.L102:
 1579 00f8 00000140 		.word	1073807360
 1580 00fc 07000100 		.word	65543
 1581              		.cfi_endproc
 1582              	.LFE151:
 1584              		.section	.text.HAL_TIMEx_OCN_Stop,"ax",%progbits
 1585              		.align	1
 1586              		.global	HAL_TIMEx_OCN_Stop
 1587              		.syntax unified
 1588              		.thumb
 1589              		.thumb_func
 1591              	HAL_TIMEx_OCN_Stop:
 1592              	.LVL108:
 1593              	.LFB152:
 678:Drivers/STM32F7xx_HAL_Driver/Src/stm32f7xx_hal_tim_ex.c ****   /* Check the parameters */
 1594              		.loc 1 678 1 is_stmt 1 view -0
 1595              		.cfi_startproc
 1596              		@ args = 0, pretend = 0, frame = 0
 1597              		@ frame_needed = 0, uses_anonymous_args = 0
 678:Drivers/STM32F7xx_HAL_Driver/Src/stm32f7xx_hal_tim_ex.c ****   /* Check the parameters */
 1598              		.loc 1 678 1 is_stmt 0 view .LVU465
 1599 0000 38B5     		push	{r3, r4, r5, lr}
 1600              	.LCFI15:
 1601              		.cfi_def_cfa_offset 16
 1602              		.cfi_offset 3, -16
 1603              		.cfi_offset 4, -12
 1604              		.cfi_offset 5, -8
 1605              		.cfi_offset 14, -4
 1606 0002 0446     		mov	r4, r0
 1607 0004 0D46     		mov	r5, r1
 680:Drivers/STM32F7xx_HAL_Driver/Src/stm32f7xx_hal_tim_ex.c **** 
 1608              		.loc 1 680 3 is_stmt 1 view .LVU466
 683:Drivers/STM32F7xx_HAL_Driver/Src/stm32f7xx_hal_tim_ex.c **** 
 1609              		.loc 1 683 3 view .LVU467
 1610 0006 0022     		movs	r2, #0
 1611 0008 0068     		ldr	r0, [r0]
 1612              	.LVL109:
 683:Drivers/STM32F7xx_HAL_Driver/Src/stm32f7xx_hal_tim_ex.c **** 
 1613              		.loc 1 683 3 is_stmt 0 view .LVU468
 1614 000a FFF7FEFF 		bl	TIM_CCxNChannelCmd
ARM GAS  /tmp/ccLIbKdJ.s 			page 82


 1615              	.LVL110:
 686:Drivers/STM32F7xx_HAL_Driver/Src/stm32f7xx_hal_tim_ex.c **** 
 1616              		.loc 1 686 3 is_stmt 1 view .LVU469
 686:Drivers/STM32F7xx_HAL_Driver/Src/stm32f7xx_hal_tim_ex.c **** 
 1617              		.loc 1 686 3 view .LVU470
 1618 000e 2268     		ldr	r2, [r4]
 1619 0010 116A     		ldr	r1, [r2, #32]
 1620 0012 184B     		ldr	r3, .L114
 1621 0014 0B40     		ands	r3, r3, r1
 1622 0016 43B9     		cbnz	r3, .L105
 686:Drivers/STM32F7xx_HAL_Driver/Src/stm32f7xx_hal_tim_ex.c **** 
 1623              		.loc 1 686 3 discriminator 1 view .LVU471
 1624 0018 116A     		ldr	r1, [r2, #32]
 1625 001a 40F24443 		movw	r3, #1092
 1626 001e 1942     		tst	r1, r3
 1627 0020 03D1     		bne	.L105
 686:Drivers/STM32F7xx_HAL_Driver/Src/stm32f7xx_hal_tim_ex.c **** 
 1628              		.loc 1 686 3 discriminator 3 view .LVU472
 1629 0022 536C     		ldr	r3, [r2, #68]
 1630 0024 23F40043 		bic	r3, r3, #32768
 1631 0028 5364     		str	r3, [r2, #68]
 1632              	.L105:
 686:Drivers/STM32F7xx_HAL_Driver/Src/stm32f7xx_hal_tim_ex.c **** 
 1633              		.loc 1 686 3 discriminator 5 view .LVU473
 689:Drivers/STM32F7xx_HAL_Driver/Src/stm32f7xx_hal_tim_ex.c **** 
 1634              		.loc 1 689 3 view .LVU474
 689:Drivers/STM32F7xx_HAL_Driver/Src/stm32f7xx_hal_tim_ex.c **** 
 1635              		.loc 1 689 3 view .LVU475
 1636 002a 2268     		ldr	r2, [r4]
 1637 002c 116A     		ldr	r1, [r2, #32]
 1638 002e 114B     		ldr	r3, .L114
 1639 0030 0B40     		ands	r3, r3, r1
 1640 0032 43B9     		cbnz	r3, .L106
 689:Drivers/STM32F7xx_HAL_Driver/Src/stm32f7xx_hal_tim_ex.c **** 
 1641              		.loc 1 689 3 discriminator 1 view .LVU476
 1642 0034 116A     		ldr	r1, [r2, #32]
 1643 0036 40F24443 		movw	r3, #1092
 1644 003a 1942     		tst	r1, r3
 1645 003c 03D1     		bne	.L106
 689:Drivers/STM32F7xx_HAL_Driver/Src/stm32f7xx_hal_tim_ex.c **** 
 1646              		.loc 1 689 3 discriminator 3 view .LVU477
 1647 003e 1368     		ldr	r3, [r2]
 1648 0040 23F00103 		bic	r3, r3, #1
 1649 0044 1360     		str	r3, [r2]
 1650              	.L106:
 689:Drivers/STM32F7xx_HAL_Driver/Src/stm32f7xx_hal_tim_ex.c **** 
 1651              		.loc 1 689 3 discriminator 5 view .LVU478
 692:Drivers/STM32F7xx_HAL_Driver/Src/stm32f7xx_hal_tim_ex.c **** 
 1652              		.loc 1 692 3 view .LVU479
 1653 0046 25B9     		cbnz	r5, .L107
 692:Drivers/STM32F7xx_HAL_Driver/Src/stm32f7xx_hal_tim_ex.c **** 
 1654              		.loc 1 692 3 is_stmt 0 discriminator 1 view .LVU480
 1655 0048 0123     		movs	r3, #1
 1656 004a 84F84430 		strb	r3, [r4, #68]
 1657              	.L108:
 695:Drivers/STM32F7xx_HAL_Driver/Src/stm32f7xx_hal_tim_ex.c **** }
 1658              		.loc 1 695 3 is_stmt 1 view .LVU481
ARM GAS  /tmp/ccLIbKdJ.s 			page 83


 696:Drivers/STM32F7xx_HAL_Driver/Src/stm32f7xx_hal_tim_ex.c **** 
 1659              		.loc 1 696 1 is_stmt 0 view .LVU482
 1660 004e 0020     		movs	r0, #0
 1661 0050 38BD     		pop	{r3, r4, r5, pc}
 1662              	.LVL111:
 1663              	.L107:
 692:Drivers/STM32F7xx_HAL_Driver/Src/stm32f7xx_hal_tim_ex.c **** 
 1664              		.loc 1 692 3 discriminator 2 view .LVU483
 1665 0052 042D     		cmp	r5, #4
 1666 0054 05D0     		beq	.L112
 692:Drivers/STM32F7xx_HAL_Driver/Src/stm32f7xx_hal_tim_ex.c **** 
 1667              		.loc 1 692 3 discriminator 4 view .LVU484
 1668 0056 082D     		cmp	r5, #8
 1669 0058 07D0     		beq	.L113
 692:Drivers/STM32F7xx_HAL_Driver/Src/stm32f7xx_hal_tim_ex.c **** 
 1670              		.loc 1 692 3 discriminator 7 view .LVU485
 1671 005a 0123     		movs	r3, #1
 1672 005c 84F84730 		strb	r3, [r4, #71]
 1673 0060 F5E7     		b	.L108
 1674              	.L112:
 692:Drivers/STM32F7xx_HAL_Driver/Src/stm32f7xx_hal_tim_ex.c **** 
 1675              		.loc 1 692 3 discriminator 3 view .LVU486
 1676 0062 0123     		movs	r3, #1
 1677 0064 84F84530 		strb	r3, [r4, #69]
 1678 0068 F1E7     		b	.L108
 1679              	.L113:
 692:Drivers/STM32F7xx_HAL_Driver/Src/stm32f7xx_hal_tim_ex.c **** 
 1680              		.loc 1 692 3 discriminator 6 view .LVU487
 1681 006a 0123     		movs	r3, #1
 1682 006c 84F84630 		strb	r3, [r4, #70]
 1683 0070 EDE7     		b	.L108
 1684              	.L115:
 1685 0072 00BF     		.align	2
 1686              	.L114:
 1687 0074 11111100 		.word	1118481
 1688              		.cfi_endproc
 1689              	.LFE152:
 1691              		.section	.text.HAL_TIMEx_OCN_Start_IT,"ax",%progbits
 1692              		.align	1
 1693              		.global	HAL_TIMEx_OCN_Start_IT
 1694              		.syntax unified
 1695              		.thumb
 1696              		.thumb_func
 1698              	HAL_TIMEx_OCN_Start_IT:
 1699              	.LVL112:
 1700              	.LFB153:
 710:Drivers/STM32F7xx_HAL_Driver/Src/stm32f7xx_hal_tim_ex.c ****   HAL_StatusTypeDef status = HAL_OK;
 1701              		.loc 1 710 1 is_stmt 1 view -0
 1702              		.cfi_startproc
 1703              		@ args = 0, pretend = 0, frame = 0
 1704              		@ frame_needed = 0, uses_anonymous_args = 0
 710:Drivers/STM32F7xx_HAL_Driver/Src/stm32f7xx_hal_tim_ex.c ****   HAL_StatusTypeDef status = HAL_OK;
 1705              		.loc 1 710 1 is_stmt 0 view .LVU489
 1706 0000 10B5     		push	{r4, lr}
 1707              	.LCFI16:
 1708              		.cfi_def_cfa_offset 8
 1709              		.cfi_offset 4, -8
ARM GAS  /tmp/ccLIbKdJ.s 			page 84


 1710              		.cfi_offset 14, -4
 1711 0002 0446     		mov	r4, r0
 711:Drivers/STM32F7xx_HAL_Driver/Src/stm32f7xx_hal_tim_ex.c ****   uint32_t tmpsmcr;
 1712              		.loc 1 711 3 is_stmt 1 view .LVU490
 1713              	.LVL113:
 712:Drivers/STM32F7xx_HAL_Driver/Src/stm32f7xx_hal_tim_ex.c **** 
 1714              		.loc 1 712 3 view .LVU491
 715:Drivers/STM32F7xx_HAL_Driver/Src/stm32f7xx_hal_tim_ex.c **** 
 1715              		.loc 1 715 3 view .LVU492
 718:Drivers/STM32F7xx_HAL_Driver/Src/stm32f7xx_hal_tim_ex.c ****   {
 1716              		.loc 1 718 3 view .LVU493
 718:Drivers/STM32F7xx_HAL_Driver/Src/stm32f7xx_hal_tim_ex.c ****   {
 1717              		.loc 1 718 46 is_stmt 0 view .LVU494
 1718 0004 0846     		mov	r0, r1
 1719              	.LVL114:
 718:Drivers/STM32F7xx_HAL_Driver/Src/stm32f7xx_hal_tim_ex.c ****   {
 1720              		.loc 1 718 46 view .LVU495
 1721 0006 0029     		cmp	r1, #0
 1722 0008 46D1     		bne	.L117
 718:Drivers/STM32F7xx_HAL_Driver/Src/stm32f7xx_hal_tim_ex.c ****   {
 1723              		.loc 1 718 7 discriminator 1 view .LVU496
 1724 000a 94F84430 		ldrb	r3, [r4, #68]	@ zero_extendqisi2
 1725 000e DBB2     		uxtb	r3, r3
 718:Drivers/STM32F7xx_HAL_Driver/Src/stm32f7xx_hal_tim_ex.c ****   {
 1726              		.loc 1 718 46 discriminator 1 view .LVU497
 1727 0010 013B     		subs	r3, r3, #1
 1728 0012 18BF     		it	ne
 1729 0014 0123     		movne	r3, #1
 1730              	.L118:
 718:Drivers/STM32F7xx_HAL_Driver/Src/stm32f7xx_hal_tim_ex.c ****   {
 1731              		.loc 1 718 6 discriminator 12 view .LVU498
 1732 0016 002B     		cmp	r3, #0
 1733 0018 40F08680 		bne	.L131
 724:Drivers/STM32F7xx_HAL_Driver/Src/stm32f7xx_hal_tim_ex.c **** 
 1734              		.loc 1 724 3 is_stmt 1 view .LVU499
 1735 001c 0028     		cmp	r0, #0
 1736 001e 54D1     		bne	.L122
 724:Drivers/STM32F7xx_HAL_Driver/Src/stm32f7xx_hal_tim_ex.c **** 
 1737              		.loc 1 724 3 is_stmt 0 discriminator 1 view .LVU500
 1738 0020 0223     		movs	r3, #2
 1739 0022 84F84430 		strb	r3, [r4, #68]
 726:Drivers/STM32F7xx_HAL_Driver/Src/stm32f7xx_hal_tim_ex.c ****   {
 1740              		.loc 1 726 3 is_stmt 1 view .LVU501
 1741              	.L123:
 731:Drivers/STM32F7xx_HAL_Driver/Src/stm32f7xx_hal_tim_ex.c ****       break;
 1742              		.loc 1 731 7 view .LVU502
 1743 0026 2268     		ldr	r2, [r4]
 1744 0028 D368     		ldr	r3, [r2, #12]
 1745 002a 43F00203 		orr	r3, r3, #2
 1746 002e D360     		str	r3, [r2, #12]
 732:Drivers/STM32F7xx_HAL_Driver/Src/stm32f7xx_hal_tim_ex.c ****     }
 1747              		.loc 1 732 7 view .LVU503
 755:Drivers/STM32F7xx_HAL_Driver/Src/stm32f7xx_hal_tim_ex.c ****   {
 1748              		.loc 1 755 3 view .LVU504
 1749              	.L128:
 758:Drivers/STM32F7xx_HAL_Driver/Src/stm32f7xx_hal_tim_ex.c **** 
 1750              		.loc 1 758 5 view .LVU505
ARM GAS  /tmp/ccLIbKdJ.s 			page 85


 1751 0030 2268     		ldr	r2, [r4]
 1752 0032 D368     		ldr	r3, [r2, #12]
 1753 0034 43F08003 		orr	r3, r3, #128
 1754 0038 D360     		str	r3, [r2, #12]
 761:Drivers/STM32F7xx_HAL_Driver/Src/stm32f7xx_hal_tim_ex.c **** 
 1755              		.loc 1 761 5 view .LVU506
 1756 003a 0422     		movs	r2, #4
 1757 003c 0146     		mov	r1, r0
 1758              	.LVL115:
 761:Drivers/STM32F7xx_HAL_Driver/Src/stm32f7xx_hal_tim_ex.c **** 
 1759              		.loc 1 761 5 is_stmt 0 view .LVU507
 1760 003e 2068     		ldr	r0, [r4]
 1761              	.LVL116:
 761:Drivers/STM32F7xx_HAL_Driver/Src/stm32f7xx_hal_tim_ex.c **** 
 1762              		.loc 1 761 5 view .LVU508
 1763 0040 FFF7FEFF 		bl	TIM_CCxNChannelCmd
 1764              	.LVL117:
 764:Drivers/STM32F7xx_HAL_Driver/Src/stm32f7xx_hal_tim_ex.c **** 
 1765              		.loc 1 764 5 is_stmt 1 view .LVU509
 1766 0044 2268     		ldr	r2, [r4]
 1767 0046 536C     		ldr	r3, [r2, #68]
 1768 0048 43F40043 		orr	r3, r3, #32768
 1769 004c 5364     		str	r3, [r2, #68]
 767:Drivers/STM32F7xx_HAL_Driver/Src/stm32f7xx_hal_tim_ex.c ****     {
 1770              		.loc 1 767 5 view .LVU510
 767:Drivers/STM32F7xx_HAL_Driver/Src/stm32f7xx_hal_tim_ex.c ****     {
 1771              		.loc 1 767 9 is_stmt 0 view .LVU511
 1772 004e 2368     		ldr	r3, [r4]
 767:Drivers/STM32F7xx_HAL_Driver/Src/stm32f7xx_hal_tim_ex.c ****     {
 1773              		.loc 1 767 8 view .LVU512
 1774 0050 374A     		ldr	r2, .L139
 1775 0052 B3F1804F 		cmp	r3, #1073741824
 1776 0056 18BF     		it	ne
 1777 0058 9342     		cmpne	r3, r2
 1778 005a 57D0     		beq	.L129
 767:Drivers/STM32F7xx_HAL_Driver/Src/stm32f7xx_hal_tim_ex.c ****     {
 1779              		.loc 1 767 9 discriminator 1 view .LVU513
 1780 005c A2F57C42 		sub	r2, r2, #64512
 1781 0060 9342     		cmp	r3, r2
 1782 0062 53D0     		beq	.L129
 767:Drivers/STM32F7xx_HAL_Driver/Src/stm32f7xx_hal_tim_ex.c ****     {
 1783              		.loc 1 767 9 discriminator 2 view .LVU514
 1784 0064 02F58062 		add	r2, r2, #1024
 1785 0068 9342     		cmp	r3, r2
 1786 006a 4FD0     		beq	.L129
 767:Drivers/STM32F7xx_HAL_Driver/Src/stm32f7xx_hal_tim_ex.c ****     {
 1787              		.loc 1 767 9 discriminator 3 view .LVU515
 1788 006c 02F58062 		add	r2, r2, #1024
 1789 0070 9342     		cmp	r3, r2
 1790 0072 4BD0     		beq	.L129
 767:Drivers/STM32F7xx_HAL_Driver/Src/stm32f7xx_hal_tim_ex.c ****     {
 1791              		.loc 1 767 9 discriminator 4 view .LVU516
 1792 0074 02F57842 		add	r2, r2, #63488
 1793 0078 9342     		cmp	r3, r2
 1794 007a 47D0     		beq	.L129
 767:Drivers/STM32F7xx_HAL_Driver/Src/stm32f7xx_hal_tim_ex.c ****     {
 1795              		.loc 1 767 9 discriminator 5 view .LVU517
ARM GAS  /tmp/ccLIbKdJ.s 			page 86


 1796 007c 02F57052 		add	r2, r2, #15360
 1797 0080 9342     		cmp	r3, r2
 1798 0082 43D0     		beq	.L129
 767:Drivers/STM32F7xx_HAL_Driver/Src/stm32f7xx_hal_tim_ex.c ****     {
 1799              		.loc 1 767 9 discriminator 6 view .LVU518
 1800 0084 A2F59432 		sub	r2, r2, #75776
 1801 0088 9342     		cmp	r3, r2
 1802 008a 3FD0     		beq	.L129
 777:Drivers/STM32F7xx_HAL_Driver/Src/stm32f7xx_hal_tim_ex.c ****     }
 1803              		.loc 1 777 7 is_stmt 1 view .LVU519
 1804 008c 1A68     		ldr	r2, [r3]
 1805 008e 42F00102 		orr	r2, r2, #1
 1806 0092 1A60     		str	r2, [r3]
 1807 0094 0020     		movs	r0, #0
 1808 0096 48E0     		b	.L121
 1809              	.LVL118:
 1810              	.L117:
 718:Drivers/STM32F7xx_HAL_Driver/Src/stm32f7xx_hal_tim_ex.c ****   {
 1811              		.loc 1 718 46 is_stmt 0 discriminator 2 view .LVU520
 1812 0098 0429     		cmp	r1, #4
 1813 009a 08D0     		beq	.L135
 718:Drivers/STM32F7xx_HAL_Driver/Src/stm32f7xx_hal_tim_ex.c ****   {
 1814              		.loc 1 718 46 discriminator 5 view .LVU521
 1815 009c 0829     		cmp	r1, #8
 1816 009e 0DD0     		beq	.L136
 718:Drivers/STM32F7xx_HAL_Driver/Src/stm32f7xx_hal_tim_ex.c ****   {
 1817              		.loc 1 718 7 discriminator 8 view .LVU522
 1818 00a0 94F84730 		ldrb	r3, [r4, #71]	@ zero_extendqisi2
 1819 00a4 DBB2     		uxtb	r3, r3
 718:Drivers/STM32F7xx_HAL_Driver/Src/stm32f7xx_hal_tim_ex.c ****   {
 1820              		.loc 1 718 46 discriminator 8 view .LVU523
 1821 00a6 013B     		subs	r3, r3, #1
 1822 00a8 18BF     		it	ne
 1823 00aa 0123     		movne	r3, #1
 1824 00ac B3E7     		b	.L118
 1825              	.L135:
 718:Drivers/STM32F7xx_HAL_Driver/Src/stm32f7xx_hal_tim_ex.c ****   {
 1826              		.loc 1 718 7 discriminator 4 view .LVU524
 1827 00ae 94F84530 		ldrb	r3, [r4, #69]	@ zero_extendqisi2
 1828 00b2 DBB2     		uxtb	r3, r3
 718:Drivers/STM32F7xx_HAL_Driver/Src/stm32f7xx_hal_tim_ex.c ****   {
 1829              		.loc 1 718 46 discriminator 4 view .LVU525
 1830 00b4 013B     		subs	r3, r3, #1
 1831 00b6 18BF     		it	ne
 1832 00b8 0123     		movne	r3, #1
 1833 00ba ACE7     		b	.L118
 1834              	.L136:
 718:Drivers/STM32F7xx_HAL_Driver/Src/stm32f7xx_hal_tim_ex.c ****   {
 1835              		.loc 1 718 7 discriminator 7 view .LVU526
 1836 00bc 94F84630 		ldrb	r3, [r4, #70]	@ zero_extendqisi2
 1837 00c0 DBB2     		uxtb	r3, r3
 718:Drivers/STM32F7xx_HAL_Driver/Src/stm32f7xx_hal_tim_ex.c ****   {
 1838              		.loc 1 718 46 discriminator 7 view .LVU527
 1839 00c2 013B     		subs	r3, r3, #1
 1840 00c4 18BF     		it	ne
 1841 00c6 0123     		movne	r3, #1
 1842 00c8 A5E7     		b	.L118
ARM GAS  /tmp/ccLIbKdJ.s 			page 87


 1843              	.L122:
 724:Drivers/STM32F7xx_HAL_Driver/Src/stm32f7xx_hal_tim_ex.c **** 
 1844              		.loc 1 724 3 discriminator 2 view .LVU528
 1845 00ca 0428     		cmp	r0, #4
 1846 00cc 0CD0     		beq	.L137
 724:Drivers/STM32F7xx_HAL_Driver/Src/stm32f7xx_hal_tim_ex.c **** 
 1847              		.loc 1 724 3 discriminator 4 view .LVU529
 1848 00ce 0828     		cmp	r0, #8
 1849 00d0 13D0     		beq	.L138
 724:Drivers/STM32F7xx_HAL_Driver/Src/stm32f7xx_hal_tim_ex.c **** 
 1850              		.loc 1 724 3 discriminator 7 view .LVU530
 1851 00d2 0223     		movs	r3, #2
 1852 00d4 84F84730 		strb	r3, [r4, #71]
 726:Drivers/STM32F7xx_HAL_Driver/Src/stm32f7xx_hal_tim_ex.c ****   {
 1853              		.loc 1 726 3 is_stmt 1 view .LVU531
 1854 00d8 0428     		cmp	r0, #4
 1855 00da 08D0     		beq	.L125
 1856 00dc 0828     		cmp	r0, #8
 1857 00de 0FD0     		beq	.L127
 1858 00e0 0028     		cmp	r0, #0
 1859 00e2 A0D0     		beq	.L123
 1860 00e4 0120     		movs	r0, #1
 1861              	.LVL119:
 726:Drivers/STM32F7xx_HAL_Driver/Src/stm32f7xx_hal_tim_ex.c ****   {
 1862              		.loc 1 726 3 is_stmt 0 view .LVU532
 1863 00e6 20E0     		b	.L121
 1864              	.LVL120:
 1865              	.L137:
 724:Drivers/STM32F7xx_HAL_Driver/Src/stm32f7xx_hal_tim_ex.c **** 
 1866              		.loc 1 724 3 discriminator 3 view .LVU533
 1867 00e8 0223     		movs	r3, #2
 1868 00ea 84F84530 		strb	r3, [r4, #69]
 726:Drivers/STM32F7xx_HAL_Driver/Src/stm32f7xx_hal_tim_ex.c ****   {
 1869              		.loc 1 726 3 is_stmt 1 view .LVU534
 1870              	.L125:
 738:Drivers/STM32F7xx_HAL_Driver/Src/stm32f7xx_hal_tim_ex.c ****       break;
 1871              		.loc 1 738 7 view .LVU535
 1872 00ee 2268     		ldr	r2, [r4]
 1873 00f0 D368     		ldr	r3, [r2, #12]
 1874 00f2 43F00403 		orr	r3, r3, #4
 1875 00f6 D360     		str	r3, [r2, #12]
 739:Drivers/STM32F7xx_HAL_Driver/Src/stm32f7xx_hal_tim_ex.c ****     }
 1876              		.loc 1 739 7 view .LVU536
 755:Drivers/STM32F7xx_HAL_Driver/Src/stm32f7xx_hal_tim_ex.c ****   {
 1877              		.loc 1 755 3 view .LVU537
 1878 00f8 9AE7     		b	.L128
 1879              	.L138:
 724:Drivers/STM32F7xx_HAL_Driver/Src/stm32f7xx_hal_tim_ex.c **** 
 1880              		.loc 1 724 3 is_stmt 0 discriminator 6 view .LVU538
 1881 00fa 0223     		movs	r3, #2
 1882 00fc 84F84630 		strb	r3, [r4, #70]
 726:Drivers/STM32F7xx_HAL_Driver/Src/stm32f7xx_hal_tim_ex.c ****   {
 1883              		.loc 1 726 3 is_stmt 1 view .LVU539
 1884              	.L127:
 745:Drivers/STM32F7xx_HAL_Driver/Src/stm32f7xx_hal_tim_ex.c ****       break;
 1885              		.loc 1 745 7 view .LVU540
 1886 0100 2268     		ldr	r2, [r4]
ARM GAS  /tmp/ccLIbKdJ.s 			page 88


 1887 0102 D368     		ldr	r3, [r2, #12]
 1888 0104 43F00803 		orr	r3, r3, #8
 1889 0108 D360     		str	r3, [r2, #12]
 746:Drivers/STM32F7xx_HAL_Driver/Src/stm32f7xx_hal_tim_ex.c ****     }
 1890              		.loc 1 746 7 view .LVU541
 755:Drivers/STM32F7xx_HAL_Driver/Src/stm32f7xx_hal_tim_ex.c ****   {
 1891              		.loc 1 755 3 view .LVU542
 1892 010a 91E7     		b	.L128
 1893              	.LVL121:
 1894              	.L129:
 769:Drivers/STM32F7xx_HAL_Driver/Src/stm32f7xx_hal_tim_ex.c ****       if (!IS_TIM_SLAVEMODE_TRIGGER_ENABLED(tmpsmcr))
 1895              		.loc 1 769 7 view .LVU543
 769:Drivers/STM32F7xx_HAL_Driver/Src/stm32f7xx_hal_tim_ex.c ****       if (!IS_TIM_SLAVEMODE_TRIGGER_ENABLED(tmpsmcr))
 1896              		.loc 1 769 31 is_stmt 0 view .LVU544
 1897 010c 9968     		ldr	r1, [r3, #8]
 769:Drivers/STM32F7xx_HAL_Driver/Src/stm32f7xx_hal_tim_ex.c ****       if (!IS_TIM_SLAVEMODE_TRIGGER_ENABLED(tmpsmcr))
 1898              		.loc 1 769 15 view .LVU545
 1899 010e 094A     		ldr	r2, .L139+4
 1900 0110 0A40     		ands	r2, r2, r1
 1901              	.LVL122:
 770:Drivers/STM32F7xx_HAL_Driver/Src/stm32f7xx_hal_tim_ex.c ****       {
 1902              		.loc 1 770 7 is_stmt 1 view .LVU546
 770:Drivers/STM32F7xx_HAL_Driver/Src/stm32f7xx_hal_tim_ex.c ****       {
 1903              		.loc 1 770 10 is_stmt 0 view .LVU547
 1904 0112 062A     		cmp	r2, #6
 1905 0114 18BF     		it	ne
 1906 0116 B2F5803F 		cmpne	r2, #65536
 1907 011a 07D0     		beq	.L133
 772:Drivers/STM32F7xx_HAL_Driver/Src/stm32f7xx_hal_tim_ex.c ****       }
 1908              		.loc 1 772 9 is_stmt 1 view .LVU548
 1909 011c 1A68     		ldr	r2, [r3]
 1910              	.LVL123:
 772:Drivers/STM32F7xx_HAL_Driver/Src/stm32f7xx_hal_tim_ex.c ****       }
 1911              		.loc 1 772 9 is_stmt 0 view .LVU549
 1912 011e 42F00102 		orr	r2, r2, #1
 1913 0122 1A60     		str	r2, [r3]
 1914 0124 0020     		movs	r0, #0
 1915 0126 00E0     		b	.L121
 1916              	.LVL124:
 1917              	.L131:
 720:Drivers/STM32F7xx_HAL_Driver/Src/stm32f7xx_hal_tim_ex.c ****   }
 1918              		.loc 1 720 12 view .LVU550
 1919 0128 0120     		movs	r0, #1
 1920              	.LVL125:
 1921              	.L121:
 783:Drivers/STM32F7xx_HAL_Driver/Src/stm32f7xx_hal_tim_ex.c **** 
 1922              		.loc 1 783 1 view .LVU551
 1923 012a 10BD     		pop	{r4, pc}
 1924              	.LVL126:
 1925              	.L133:
 783:Drivers/STM32F7xx_HAL_Driver/Src/stm32f7xx_hal_tim_ex.c **** 
 1926              		.loc 1 783 1 view .LVU552
 1927 012c 0020     		movs	r0, #0
 1928 012e FCE7     		b	.L121
 1929              	.L140:
 1930              		.align	2
 1931              	.L139:
ARM GAS  /tmp/ccLIbKdJ.s 			page 89


 1932 0130 00000140 		.word	1073807360
 1933 0134 07000100 		.word	65543
 1934              		.cfi_endproc
 1935              	.LFE153:
 1937              		.section	.text.HAL_TIMEx_OCN_Stop_IT,"ax",%progbits
 1938              		.align	1
 1939              		.global	HAL_TIMEx_OCN_Stop_IT
 1940              		.syntax unified
 1941              		.thumb
 1942              		.thumb_func
 1944              	HAL_TIMEx_OCN_Stop_IT:
 1945              	.LVL127:
 1946              	.LFB154:
 797:Drivers/STM32F7xx_HAL_Driver/Src/stm32f7xx_hal_tim_ex.c ****   HAL_StatusTypeDef status = HAL_OK;
 1947              		.loc 1 797 1 is_stmt 1 view -0
 1948              		.cfi_startproc
 1949              		@ args = 0, pretend = 0, frame = 0
 1950              		@ frame_needed = 0, uses_anonymous_args = 0
 797:Drivers/STM32F7xx_HAL_Driver/Src/stm32f7xx_hal_tim_ex.c ****   HAL_StatusTypeDef status = HAL_OK;
 1951              		.loc 1 797 1 is_stmt 0 view .LVU554
 1952 0000 38B5     		push	{r3, r4, r5, lr}
 1953              	.LCFI17:
 1954              		.cfi_def_cfa_offset 16
 1955              		.cfi_offset 3, -16
 1956              		.cfi_offset 4, -12
 1957              		.cfi_offset 5, -8
 1958              		.cfi_offset 14, -4
 1959 0002 0446     		mov	r4, r0
 1960 0004 0D46     		mov	r5, r1
 798:Drivers/STM32F7xx_HAL_Driver/Src/stm32f7xx_hal_tim_ex.c ****   uint32_t tmpccer;
 1961              		.loc 1 798 3 is_stmt 1 view .LVU555
 1962              	.LVL128:
 799:Drivers/STM32F7xx_HAL_Driver/Src/stm32f7xx_hal_tim_ex.c **** 
 1963              		.loc 1 799 3 view .LVU556
 802:Drivers/STM32F7xx_HAL_Driver/Src/stm32f7xx_hal_tim_ex.c **** 
 1964              		.loc 1 802 3 view .LVU557
 804:Drivers/STM32F7xx_HAL_Driver/Src/stm32f7xx_hal_tim_ex.c ****   {
 1965              		.loc 1 804 3 view .LVU558
 1966 0006 0429     		cmp	r1, #4
 1967 0008 39D0     		beq	.L142
 1968 000a 0829     		cmp	r1, #8
 1969 000c 3DD0     		beq	.L143
 1970 000e 0029     		cmp	r1, #0
 1971 0010 54D1     		bne	.L152
 809:Drivers/STM32F7xx_HAL_Driver/Src/stm32f7xx_hal_tim_ex.c ****       break;
 1972              		.loc 1 809 7 view .LVU559
 1973 0012 0268     		ldr	r2, [r0]
 1974 0014 D368     		ldr	r3, [r2, #12]
 1975 0016 23F00203 		bic	r3, r3, #2
 1976 001a D360     		str	r3, [r2, #12]
 810:Drivers/STM32F7xx_HAL_Driver/Src/stm32f7xx_hal_tim_ex.c ****     }
 1977              		.loc 1 810 7 view .LVU560
 832:Drivers/STM32F7xx_HAL_Driver/Src/stm32f7xx_hal_tim_ex.c ****   {
 1978              		.loc 1 832 3 view .LVU561
 1979              	.L145:
 835:Drivers/STM32F7xx_HAL_Driver/Src/stm32f7xx_hal_tim_ex.c **** 
 1980              		.loc 1 835 5 view .LVU562
ARM GAS  /tmp/ccLIbKdJ.s 			page 90


 1981 001c 0022     		movs	r2, #0
 1982 001e 2946     		mov	r1, r5
 1983              	.LVL129:
 835:Drivers/STM32F7xx_HAL_Driver/Src/stm32f7xx_hal_tim_ex.c **** 
 1984              		.loc 1 835 5 is_stmt 0 view .LVU563
 1985 0020 2068     		ldr	r0, [r4]
 1986              	.LVL130:
 835:Drivers/STM32F7xx_HAL_Driver/Src/stm32f7xx_hal_tim_ex.c **** 
 1987              		.loc 1 835 5 view .LVU564
 1988 0022 FFF7FEFF 		bl	TIM_CCxNChannelCmd
 1989              	.LVL131:
 838:Drivers/STM32F7xx_HAL_Driver/Src/stm32f7xx_hal_tim_ex.c ****     if ((tmpccer & TIM_CCER_CCxNE_MASK) == (uint32_t)RESET)
 1990              		.loc 1 838 5 is_stmt 1 view .LVU565
 838:Drivers/STM32F7xx_HAL_Driver/Src/stm32f7xx_hal_tim_ex.c ****     if ((tmpccer & TIM_CCER_CCxNE_MASK) == (uint32_t)RESET)
 1991              		.loc 1 838 19 is_stmt 0 view .LVU566
 1992 0026 2368     		ldr	r3, [r4]
 838:Drivers/STM32F7xx_HAL_Driver/Src/stm32f7xx_hal_tim_ex.c ****     if ((tmpccer & TIM_CCER_CCxNE_MASK) == (uint32_t)RESET)
 1993              		.loc 1 838 13 view .LVU567
 1994 0028 196A     		ldr	r1, [r3, #32]
 1995              	.LVL132:
 839:Drivers/STM32F7xx_HAL_Driver/Src/stm32f7xx_hal_tim_ex.c ****     {
 1996              		.loc 1 839 5 is_stmt 1 view .LVU568
 839:Drivers/STM32F7xx_HAL_Driver/Src/stm32f7xx_hal_tim_ex.c ****     {
 1997              		.loc 1 839 8 is_stmt 0 view .LVU569
 1998 002a 40F24442 		movw	r2, #1092
 1999 002e 1142     		tst	r1, r2
 2000 0030 03D1     		bne	.L146
 841:Drivers/STM32F7xx_HAL_Driver/Src/stm32f7xx_hal_tim_ex.c ****     }
 2001              		.loc 1 841 7 is_stmt 1 view .LVU570
 2002 0032 DA68     		ldr	r2, [r3, #12]
 2003 0034 22F08002 		bic	r2, r2, #128
 2004 0038 DA60     		str	r2, [r3, #12]
 2005              	.L146:
 845:Drivers/STM32F7xx_HAL_Driver/Src/stm32f7xx_hal_tim_ex.c **** 
 2006              		.loc 1 845 5 view .LVU571
 845:Drivers/STM32F7xx_HAL_Driver/Src/stm32f7xx_hal_tim_ex.c **** 
 2007              		.loc 1 845 5 view .LVU572
 2008 003a 2268     		ldr	r2, [r4]
 2009 003c 116A     		ldr	r1, [r2, #32]
 2010              	.LVL133:
 845:Drivers/STM32F7xx_HAL_Driver/Src/stm32f7xx_hal_tim_ex.c **** 
 2011              		.loc 1 845 5 is_stmt 0 view .LVU573
 2012 003e 204B     		ldr	r3, .L156
 2013 0040 0B40     		ands	r3, r3, r1
 2014 0042 43B9     		cbnz	r3, .L147
 845:Drivers/STM32F7xx_HAL_Driver/Src/stm32f7xx_hal_tim_ex.c **** 
 2015              		.loc 1 845 5 is_stmt 1 discriminator 1 view .LVU574
 2016 0044 116A     		ldr	r1, [r2, #32]
 2017 0046 40F24443 		movw	r3, #1092
 2018 004a 1942     		tst	r1, r3
 2019 004c 03D1     		bne	.L147
 845:Drivers/STM32F7xx_HAL_Driver/Src/stm32f7xx_hal_tim_ex.c **** 
 2020              		.loc 1 845 5 discriminator 3 view .LVU575
 2021 004e 536C     		ldr	r3, [r2, #68]
 2022 0050 23F40043 		bic	r3, r3, #32768
 2023 0054 5364     		str	r3, [r2, #68]
 2024              	.L147:
ARM GAS  /tmp/ccLIbKdJ.s 			page 91


 845:Drivers/STM32F7xx_HAL_Driver/Src/stm32f7xx_hal_tim_ex.c **** 
 2025              		.loc 1 845 5 discriminator 5 view .LVU576
 848:Drivers/STM32F7xx_HAL_Driver/Src/stm32f7xx_hal_tim_ex.c **** 
 2026              		.loc 1 848 5 view .LVU577
 848:Drivers/STM32F7xx_HAL_Driver/Src/stm32f7xx_hal_tim_ex.c **** 
 2027              		.loc 1 848 5 view .LVU578
 2028 0056 2268     		ldr	r2, [r4]
 2029 0058 116A     		ldr	r1, [r2, #32]
 2030 005a 194B     		ldr	r3, .L156
 2031 005c 0B40     		ands	r3, r3, r1
 2032 005e 43B9     		cbnz	r3, .L148
 848:Drivers/STM32F7xx_HAL_Driver/Src/stm32f7xx_hal_tim_ex.c **** 
 2033              		.loc 1 848 5 discriminator 1 view .LVU579
 2034 0060 116A     		ldr	r1, [r2, #32]
 2035 0062 40F24443 		movw	r3, #1092
 2036 0066 1942     		tst	r1, r3
 2037 0068 03D1     		bne	.L148
 848:Drivers/STM32F7xx_HAL_Driver/Src/stm32f7xx_hal_tim_ex.c **** 
 2038              		.loc 1 848 5 discriminator 3 view .LVU580
 2039 006a 1368     		ldr	r3, [r2]
 2040 006c 23F00103 		bic	r3, r3, #1
 2041 0070 1360     		str	r3, [r2]
 2042              	.L148:
 848:Drivers/STM32F7xx_HAL_Driver/Src/stm32f7xx_hal_tim_ex.c **** 
 2043              		.loc 1 848 5 discriminator 5 view .LVU581
 851:Drivers/STM32F7xx_HAL_Driver/Src/stm32f7xx_hal_tim_ex.c ****   }
 2044              		.loc 1 851 5 view .LVU582
 2045 0072 85B9     		cbnz	r5, .L149
 851:Drivers/STM32F7xx_HAL_Driver/Src/stm32f7xx_hal_tim_ex.c ****   }
 2046              		.loc 1 851 5 is_stmt 0 discriminator 1 view .LVU583
 2047 0074 0123     		movs	r3, #1
 2048 0076 84F84430 		strb	r3, [r4, #68]
 2049 007a 0020     		movs	r0, #0
 2050              	.LVL134:
 2051              	.L144:
 855:Drivers/STM32F7xx_HAL_Driver/Src/stm32f7xx_hal_tim_ex.c **** }
 2052              		.loc 1 855 3 is_stmt 1 view .LVU584
 856:Drivers/STM32F7xx_HAL_Driver/Src/stm32f7xx_hal_tim_ex.c **** 
 2053              		.loc 1 856 1 is_stmt 0 view .LVU585
 2054 007c 38BD     		pop	{r3, r4, r5, pc}
 2055              	.LVL135:
 2056              	.L142:
 816:Drivers/STM32F7xx_HAL_Driver/Src/stm32f7xx_hal_tim_ex.c ****       break;
 2057              		.loc 1 816 7 is_stmt 1 view .LVU586
 2058 007e 0268     		ldr	r2, [r0]
 2059 0080 D368     		ldr	r3, [r2, #12]
 2060 0082 23F00403 		bic	r3, r3, #4
 2061 0086 D360     		str	r3, [r2, #12]
 817:Drivers/STM32F7xx_HAL_Driver/Src/stm32f7xx_hal_tim_ex.c ****     }
 2062              		.loc 1 817 7 view .LVU587
 832:Drivers/STM32F7xx_HAL_Driver/Src/stm32f7xx_hal_tim_ex.c ****   {
 2063              		.loc 1 832 3 view .LVU588
 2064 0088 C8E7     		b	.L145
 2065              	.L143:
 823:Drivers/STM32F7xx_HAL_Driver/Src/stm32f7xx_hal_tim_ex.c ****       break;
 2066              		.loc 1 823 7 view .LVU589
 2067 008a 0268     		ldr	r2, [r0]
ARM GAS  /tmp/ccLIbKdJ.s 			page 92


 2068 008c D368     		ldr	r3, [r2, #12]
 2069 008e 23F00803 		bic	r3, r3, #8
 2070 0092 D360     		str	r3, [r2, #12]
 824:Drivers/STM32F7xx_HAL_Driver/Src/stm32f7xx_hal_tim_ex.c ****     }
 2071              		.loc 1 824 7 view .LVU590
 832:Drivers/STM32F7xx_HAL_Driver/Src/stm32f7xx_hal_tim_ex.c ****   {
 2072              		.loc 1 832 3 view .LVU591
 2073 0094 C2E7     		b	.L145
 2074              	.LVL136:
 2075              	.L149:
 851:Drivers/STM32F7xx_HAL_Driver/Src/stm32f7xx_hal_tim_ex.c ****   }
 2076              		.loc 1 851 5 is_stmt 0 discriminator 2 view .LVU592
 2077 0096 042D     		cmp	r5, #4
 2078 0098 06D0     		beq	.L154
 851:Drivers/STM32F7xx_HAL_Driver/Src/stm32f7xx_hal_tim_ex.c ****   }
 2079              		.loc 1 851 5 discriminator 4 view .LVU593
 2080 009a 082D     		cmp	r5, #8
 2081 009c 09D0     		beq	.L155
 851:Drivers/STM32F7xx_HAL_Driver/Src/stm32f7xx_hal_tim_ex.c ****   }
 2082              		.loc 1 851 5 discriminator 7 view .LVU594
 2083 009e 0123     		movs	r3, #1
 2084 00a0 84F84730 		strb	r3, [r4, #71]
 2085 00a4 0020     		movs	r0, #0
 2086 00a6 E9E7     		b	.L144
 2087              	.L154:
 851:Drivers/STM32F7xx_HAL_Driver/Src/stm32f7xx_hal_tim_ex.c ****   }
 2088              		.loc 1 851 5 discriminator 3 view .LVU595
 2089 00a8 0123     		movs	r3, #1
 2090 00aa 84F84530 		strb	r3, [r4, #69]
 2091 00ae 0020     		movs	r0, #0
 2092 00b0 E4E7     		b	.L144
 2093              	.L155:
 851:Drivers/STM32F7xx_HAL_Driver/Src/stm32f7xx_hal_tim_ex.c ****   }
 2094              		.loc 1 851 5 discriminator 6 view .LVU596
 2095 00b2 0123     		movs	r3, #1
 2096 00b4 84F84630 		strb	r3, [r4, #70]
 2097 00b8 0020     		movs	r0, #0
 2098 00ba DFE7     		b	.L144
 2099              	.LVL137:
 2100              	.L152:
 804:Drivers/STM32F7xx_HAL_Driver/Src/stm32f7xx_hal_tim_ex.c ****   {
 2101              		.loc 1 804 3 view .LVU597
 2102 00bc 0120     		movs	r0, #1
 2103              	.LVL138:
 804:Drivers/STM32F7xx_HAL_Driver/Src/stm32f7xx_hal_tim_ex.c ****   {
 2104              		.loc 1 804 3 view .LVU598
 2105 00be DDE7     		b	.L144
 2106              	.L157:
 2107              		.align	2
 2108              	.L156:
 2109 00c0 11111100 		.word	1118481
 2110              		.cfi_endproc
 2111              	.LFE154:
 2113              		.section	.text.HAL_TIMEx_OCN_Start_DMA,"ax",%progbits
 2114              		.align	1
 2115              		.global	HAL_TIMEx_OCN_Start_DMA
 2116              		.syntax unified
ARM GAS  /tmp/ccLIbKdJ.s 			page 93


 2117              		.thumb
 2118              		.thumb_func
 2120              	HAL_TIMEx_OCN_Start_DMA:
 2121              	.LVL139:
 2122              	.LFB155:
 873:Drivers/STM32F7xx_HAL_Driver/Src/stm32f7xx_hal_tim_ex.c ****   HAL_StatusTypeDef status = HAL_OK;
 2123              		.loc 1 873 1 is_stmt 1 view -0
 2124              		.cfi_startproc
 2125              		@ args = 0, pretend = 0, frame = 0
 2126              		@ frame_needed = 0, uses_anonymous_args = 0
 873:Drivers/STM32F7xx_HAL_Driver/Src/stm32f7xx_hal_tim_ex.c ****   HAL_StatusTypeDef status = HAL_OK;
 2127              		.loc 1 873 1 is_stmt 0 view .LVU600
 2128 0000 38B5     		push	{r3, r4, r5, lr}
 2129              	.LCFI18:
 2130              		.cfi_def_cfa_offset 16
 2131              		.cfi_offset 3, -16
 2132              		.cfi_offset 4, -12
 2133              		.cfi_offset 5, -8
 2134              		.cfi_offset 14, -4
 2135 0002 0446     		mov	r4, r0
 2136 0004 9446     		mov	ip, r2
 874:Drivers/STM32F7xx_HAL_Driver/Src/stm32f7xx_hal_tim_ex.c ****   uint32_t tmpsmcr;
 2137              		.loc 1 874 3 is_stmt 1 view .LVU601
 2138              	.LVL140:
 875:Drivers/STM32F7xx_HAL_Driver/Src/stm32f7xx_hal_tim_ex.c **** 
 2139              		.loc 1 875 3 view .LVU602
 878:Drivers/STM32F7xx_HAL_Driver/Src/stm32f7xx_hal_tim_ex.c **** 
 2140              		.loc 1 878 3 view .LVU603
 881:Drivers/STM32F7xx_HAL_Driver/Src/stm32f7xx_hal_tim_ex.c ****   {
 2141              		.loc 1 881 3 view .LVU604
 881:Drivers/STM32F7xx_HAL_Driver/Src/stm32f7xx_hal_tim_ex.c ****   {
 2142              		.loc 1 881 46 is_stmt 0 view .LVU605
 2143 0006 0D46     		mov	r5, r1
 2144 0008 0029     		cmp	r1, #0
 2145 000a 6ED1     		bne	.L159
 881:Drivers/STM32F7xx_HAL_Driver/Src/stm32f7xx_hal_tim_ex.c ****   {
 2146              		.loc 1 881 7 discriminator 1 view .LVU606
 2147 000c 90F84400 		ldrb	r0, [r0, #68]	@ zero_extendqisi2
 2148              	.LVL141:
 881:Drivers/STM32F7xx_HAL_Driver/Src/stm32f7xx_hal_tim_ex.c ****   {
 2149              		.loc 1 881 7 discriminator 1 view .LVU607
 2150 0010 C0B2     		uxtb	r0, r0
 881:Drivers/STM32F7xx_HAL_Driver/Src/stm32f7xx_hal_tim_ex.c ****   {
 2151              		.loc 1 881 46 discriminator 1 view .LVU608
 2152 0012 0228     		cmp	r0, #2
 2153 0014 14BF     		ite	ne
 2154 0016 0020     		movne	r0, #0
 2155 0018 0120     		moveq	r0, #1
 2156              	.L160:
 881:Drivers/STM32F7xx_HAL_Driver/Src/stm32f7xx_hal_tim_ex.c ****   {
 2157              		.loc 1 881 6 discriminator 12 view .LVU609
 2158 001a 0028     		cmp	r0, #0
 2159 001c 40F0EE80 		bne	.L177
 885:Drivers/STM32F7xx_HAL_Driver/Src/stm32f7xx_hal_tim_ex.c ****   {
 2160              		.loc 1 885 8 is_stmt 1 view .LVU610
 885:Drivers/STM32F7xx_HAL_Driver/Src/stm32f7xx_hal_tim_ex.c ****   {
 2161              		.loc 1 885 51 is_stmt 0 view .LVU611
ARM GAS  /tmp/ccLIbKdJ.s 			page 94


 2162 0020 002D     		cmp	r5, #0
 2163 0022 7ED1     		bne	.L164
 885:Drivers/STM32F7xx_HAL_Driver/Src/stm32f7xx_hal_tim_ex.c ****   {
 2164              		.loc 1 885 12 discriminator 1 view .LVU612
 2165 0024 94F84420 		ldrb	r2, [r4, #68]	@ zero_extendqisi2
 2166              	.LVL142:
 885:Drivers/STM32F7xx_HAL_Driver/Src/stm32f7xx_hal_tim_ex.c ****   {
 2167              		.loc 1 885 12 discriminator 1 view .LVU613
 2168 0028 D2B2     		uxtb	r2, r2
 885:Drivers/STM32F7xx_HAL_Driver/Src/stm32f7xx_hal_tim_ex.c ****   {
 2169              		.loc 1 885 51 discriminator 1 view .LVU614
 2170 002a 012A     		cmp	r2, #1
 2171 002c 14BF     		ite	ne
 2172 002e 0022     		movne	r2, #0
 2173 0030 0122     		moveq	r2, #1
 2174              	.L165:
 885:Drivers/STM32F7xx_HAL_Driver/Src/stm32f7xx_hal_tim_ex.c ****   {
 2175              		.loc 1 885 11 discriminator 12 view .LVU615
 2176 0032 002A     		cmp	r2, #0
 2177 0034 00F0E480 		beq	.L178
 887:Drivers/STM32F7xx_HAL_Driver/Src/stm32f7xx_hal_tim_ex.c ****     {
 2178              		.loc 1 887 5 is_stmt 1 view .LVU616
 887:Drivers/STM32F7xx_HAL_Driver/Src/stm32f7xx_hal_tim_ex.c ****     {
 2179              		.loc 1 887 8 is_stmt 0 view .LVU617
 2180 0038 002B     		cmp	r3, #0
 2181 003a 18BF     		it	ne
 2182 003c BCF1000F 		cmpne	ip, #0
 2183 0040 00F0E080 		beq	.L179
 893:Drivers/STM32F7xx_HAL_Driver/Src/stm32f7xx_hal_tim_ex.c ****     }
 2184              		.loc 1 893 7 is_stmt 1 view .LVU618
 2185 0044 002D     		cmp	r5, #0
 2186 0046 40F08880 		bne	.L168
 893:Drivers/STM32F7xx_HAL_Driver/Src/stm32f7xx_hal_tim_ex.c ****     }
 2187              		.loc 1 893 7 is_stmt 0 discriminator 1 view .LVU619
 2188 004a 0222     		movs	r2, #2
 2189 004c 84F84420 		strb	r2, [r4, #68]
 901:Drivers/STM32F7xx_HAL_Driver/Src/stm32f7xx_hal_tim_ex.c ****   {
 2190              		.loc 1 901 3 is_stmt 1 view .LVU620
 2191              	.L169:
 906:Drivers/STM32F7xx_HAL_Driver/Src/stm32f7xx_hal_tim_ex.c ****       htim->hdma[TIM_DMA_ID_CC1]->XferHalfCpltCallback = TIM_DMADelayPulseHalfCplt;
 2192              		.loc 1 906 7 view .LVU621
 906:Drivers/STM32F7xx_HAL_Driver/Src/stm32f7xx_hal_tim_ex.c ****       htim->hdma[TIM_DMA_ID_CC1]->XferHalfCpltCallback = TIM_DMADelayPulseHalfCplt;
 2193              		.loc 1 906 17 is_stmt 0 view .LVU622
 2194 0050 626A     		ldr	r2, [r4, #36]
 906:Drivers/STM32F7xx_HAL_Driver/Src/stm32f7xx_hal_tim_ex.c ****       htim->hdma[TIM_DMA_ID_CC1]->XferHalfCpltCallback = TIM_DMADelayPulseHalfCplt;
 2195              		.loc 1 906 52 view .LVU623
 2196 0052 7149     		ldr	r1, .L192
 2197              	.LVL143:
 906:Drivers/STM32F7xx_HAL_Driver/Src/stm32f7xx_hal_tim_ex.c ****       htim->hdma[TIM_DMA_ID_CC1]->XferHalfCpltCallback = TIM_DMADelayPulseHalfCplt;
 2198              		.loc 1 906 52 view .LVU624
 2199 0054 D163     		str	r1, [r2, #60]
 907:Drivers/STM32F7xx_HAL_Driver/Src/stm32f7xx_hal_tim_ex.c **** 
 2200              		.loc 1 907 7 is_stmt 1 view .LVU625
 907:Drivers/STM32F7xx_HAL_Driver/Src/stm32f7xx_hal_tim_ex.c **** 
 2201              		.loc 1 907 17 is_stmt 0 view .LVU626
 2202 0056 626A     		ldr	r2, [r4, #36]
 907:Drivers/STM32F7xx_HAL_Driver/Src/stm32f7xx_hal_tim_ex.c **** 
ARM GAS  /tmp/ccLIbKdJ.s 			page 95


 2203              		.loc 1 907 56 view .LVU627
 2204 0058 7049     		ldr	r1, .L192+4
 2205 005a 1164     		str	r1, [r2, #64]
 910:Drivers/STM32F7xx_HAL_Driver/Src/stm32f7xx_hal_tim_ex.c **** 
 2206              		.loc 1 910 7 is_stmt 1 view .LVU628
 910:Drivers/STM32F7xx_HAL_Driver/Src/stm32f7xx_hal_tim_ex.c **** 
 2207              		.loc 1 910 17 is_stmt 0 view .LVU629
 2208 005c 626A     		ldr	r2, [r4, #36]
 910:Drivers/STM32F7xx_HAL_Driver/Src/stm32f7xx_hal_tim_ex.c **** 
 2209              		.loc 1 910 53 view .LVU630
 2210 005e 7049     		ldr	r1, .L192+8
 2211 0060 D164     		str	r1, [r2, #76]
 913:Drivers/STM32F7xx_HAL_Driver/Src/stm32f7xx_hal_tim_ex.c ****                            Length) != HAL_OK)
 2212              		.loc 1 913 7 is_stmt 1 view .LVU631
 913:Drivers/STM32F7xx_HAL_Driver/Src/stm32f7xx_hal_tim_ex.c ****                            Length) != HAL_OK)
 2213              		.loc 1 913 88 is_stmt 0 view .LVU632
 2214 0062 2268     		ldr	r2, [r4]
 913:Drivers/STM32F7xx_HAL_Driver/Src/stm32f7xx_hal_tim_ex.c ****                            Length) != HAL_OK)
 2215              		.loc 1 913 11 view .LVU633
 2216 0064 3432     		adds	r2, r2, #52
 2217 0066 6146     		mov	r1, ip
 2218 0068 606A     		ldr	r0, [r4, #36]
 2219 006a FFF7FEFF 		bl	HAL_DMA_Start_IT
 2220              	.LVL144:
 913:Drivers/STM32F7xx_HAL_Driver/Src/stm32f7xx_hal_tim_ex.c ****                            Length) != HAL_OK)
 2221              		.loc 1 913 10 discriminator 1 view .LVU634
 2222 006e 0028     		cmp	r0, #0
 2223 0070 40F0CA80 		bne	.L181
 920:Drivers/STM32F7xx_HAL_Driver/Src/stm32f7xx_hal_tim_ex.c ****       break;
 2224              		.loc 1 920 7 is_stmt 1 view .LVU635
 2225 0074 2268     		ldr	r2, [r4]
 2226 0076 D368     		ldr	r3, [r2, #12]
 2227 0078 43F40073 		orr	r3, r3, #512
 2228 007c D360     		str	r3, [r2, #12]
 921:Drivers/STM32F7xx_HAL_Driver/Src/stm32f7xx_hal_tim_ex.c ****     }
 2229              		.loc 1 921 7 view .LVU636
 971:Drivers/STM32F7xx_HAL_Driver/Src/stm32f7xx_hal_tim_ex.c ****   {
 2230              		.loc 1 971 3 view .LVU637
 2231              	.L174:
 974:Drivers/STM32F7xx_HAL_Driver/Src/stm32f7xx_hal_tim_ex.c **** 
 2232              		.loc 1 974 5 view .LVU638
 2233 007e 0422     		movs	r2, #4
 2234 0080 2946     		mov	r1, r5
 2235 0082 2068     		ldr	r0, [r4]
 2236 0084 FFF7FEFF 		bl	TIM_CCxNChannelCmd
 2237              	.LVL145:
 977:Drivers/STM32F7xx_HAL_Driver/Src/stm32f7xx_hal_tim_ex.c **** 
 2238              		.loc 1 977 5 view .LVU639
 2239 0088 2268     		ldr	r2, [r4]
 2240 008a 536C     		ldr	r3, [r2, #68]
 2241 008c 43F40043 		orr	r3, r3, #32768
 2242 0090 5364     		str	r3, [r2, #68]
 980:Drivers/STM32F7xx_HAL_Driver/Src/stm32f7xx_hal_tim_ex.c ****     {
 2243              		.loc 1 980 5 view .LVU640
 980:Drivers/STM32F7xx_HAL_Driver/Src/stm32f7xx_hal_tim_ex.c ****     {
 2244              		.loc 1 980 9 is_stmt 0 view .LVU641
 2245 0092 2368     		ldr	r3, [r4]
ARM GAS  /tmp/ccLIbKdJ.s 			page 96


 980:Drivers/STM32F7xx_HAL_Driver/Src/stm32f7xx_hal_tim_ex.c ****     {
 2246              		.loc 1 980 8 view .LVU642
 2247 0094 634A     		ldr	r2, .L192+12
 2248 0096 B3F1804F 		cmp	r3, #1073741824
 2249 009a 18BF     		it	ne
 2250 009c 9342     		cmpne	r3, r2
 2251 009e 00F09F80 		beq	.L175
 980:Drivers/STM32F7xx_HAL_Driver/Src/stm32f7xx_hal_tim_ex.c ****     {
 2252              		.loc 1 980 9 discriminator 1 view .LVU643
 2253 00a2 A2F57C42 		sub	r2, r2, #64512
 2254 00a6 9342     		cmp	r3, r2
 2255 00a8 00F09A80 		beq	.L175
 980:Drivers/STM32F7xx_HAL_Driver/Src/stm32f7xx_hal_tim_ex.c ****     {
 2256              		.loc 1 980 9 discriminator 2 view .LVU644
 2257 00ac 02F58062 		add	r2, r2, #1024
 2258 00b0 9342     		cmp	r3, r2
 2259 00b2 00F09580 		beq	.L175
 980:Drivers/STM32F7xx_HAL_Driver/Src/stm32f7xx_hal_tim_ex.c ****     {
 2260              		.loc 1 980 9 discriminator 3 view .LVU645
 2261 00b6 02F58062 		add	r2, r2, #1024
 2262 00ba 9342     		cmp	r3, r2
 2263 00bc 00F09080 		beq	.L175
 980:Drivers/STM32F7xx_HAL_Driver/Src/stm32f7xx_hal_tim_ex.c ****     {
 2264              		.loc 1 980 9 discriminator 4 view .LVU646
 2265 00c0 02F57842 		add	r2, r2, #63488
 2266 00c4 9342     		cmp	r3, r2
 2267 00c6 00F08B80 		beq	.L175
 980:Drivers/STM32F7xx_HAL_Driver/Src/stm32f7xx_hal_tim_ex.c ****     {
 2268              		.loc 1 980 9 discriminator 5 view .LVU647
 2269 00ca 02F57052 		add	r2, r2, #15360
 2270 00ce 9342     		cmp	r3, r2
 2271 00d0 00F08680 		beq	.L175
 980:Drivers/STM32F7xx_HAL_Driver/Src/stm32f7xx_hal_tim_ex.c ****     {
 2272              		.loc 1 980 9 discriminator 6 view .LVU648
 2273 00d4 A2F59432 		sub	r2, r2, #75776
 2274 00d8 9342     		cmp	r3, r2
 2275 00da 00F08180 		beq	.L175
 990:Drivers/STM32F7xx_HAL_Driver/Src/stm32f7xx_hal_tim_ex.c ****     }
 2276              		.loc 1 990 7 is_stmt 1 view .LVU649
 2277 00de 1A68     		ldr	r2, [r3]
 2278 00e0 42F00102 		orr	r2, r2, #1
 2279 00e4 1A60     		str	r2, [r3]
 2280 00e6 0020     		movs	r0, #0
 2281 00e8 8BE0     		b	.L163
 2282              	.LVL146:
 2283              	.L159:
 881:Drivers/STM32F7xx_HAL_Driver/Src/stm32f7xx_hal_tim_ex.c ****   {
 2284              		.loc 1 881 46 is_stmt 0 discriminator 2 view .LVU650
 2285 00ea 0429     		cmp	r1, #4
 2286 00ec 09D0     		beq	.L186
 881:Drivers/STM32F7xx_HAL_Driver/Src/stm32f7xx_hal_tim_ex.c ****   {
 2287              		.loc 1 881 46 discriminator 5 view .LVU651
 2288 00ee 0829     		cmp	r1, #8
 2289 00f0 0FD0     		beq	.L187
 881:Drivers/STM32F7xx_HAL_Driver/Src/stm32f7xx_hal_tim_ex.c ****   {
 2290              		.loc 1 881 7 discriminator 8 view .LVU652
 2291 00f2 90F84700 		ldrb	r0, [r0, #71]	@ zero_extendqisi2
ARM GAS  /tmp/ccLIbKdJ.s 			page 97


 2292              	.LVL147:
 881:Drivers/STM32F7xx_HAL_Driver/Src/stm32f7xx_hal_tim_ex.c ****   {
 2293              		.loc 1 881 7 discriminator 8 view .LVU653
 2294 00f6 C0B2     		uxtb	r0, r0
 881:Drivers/STM32F7xx_HAL_Driver/Src/stm32f7xx_hal_tim_ex.c ****   {
 2295              		.loc 1 881 46 discriminator 8 view .LVU654
 2296 00f8 0228     		cmp	r0, #2
 2297 00fa 14BF     		ite	ne
 2298 00fc 0020     		movne	r0, #0
 2299 00fe 0120     		moveq	r0, #1
 2300 0100 8BE7     		b	.L160
 2301              	.LVL148:
 2302              	.L186:
 881:Drivers/STM32F7xx_HAL_Driver/Src/stm32f7xx_hal_tim_ex.c ****   {
 2303              		.loc 1 881 7 discriminator 4 view .LVU655
 2304 0102 90F84500 		ldrb	r0, [r0, #69]	@ zero_extendqisi2
 2305              	.LVL149:
 881:Drivers/STM32F7xx_HAL_Driver/Src/stm32f7xx_hal_tim_ex.c ****   {
 2306              		.loc 1 881 7 discriminator 4 view .LVU656
 2307 0106 C0B2     		uxtb	r0, r0
 881:Drivers/STM32F7xx_HAL_Driver/Src/stm32f7xx_hal_tim_ex.c ****   {
 2308              		.loc 1 881 46 discriminator 4 view .LVU657
 2309 0108 0228     		cmp	r0, #2
 2310 010a 14BF     		ite	ne
 2311 010c 0020     		movne	r0, #0
 2312 010e 0120     		moveq	r0, #1
 2313 0110 83E7     		b	.L160
 2314              	.LVL150:
 2315              	.L187:
 881:Drivers/STM32F7xx_HAL_Driver/Src/stm32f7xx_hal_tim_ex.c ****   {
 2316              		.loc 1 881 7 discriminator 7 view .LVU658
 2317 0112 90F84600 		ldrb	r0, [r0, #70]	@ zero_extendqisi2
 2318              	.LVL151:
 881:Drivers/STM32F7xx_HAL_Driver/Src/stm32f7xx_hal_tim_ex.c ****   {
 2319              		.loc 1 881 7 discriminator 7 view .LVU659
 2320 0116 C0B2     		uxtb	r0, r0
 881:Drivers/STM32F7xx_HAL_Driver/Src/stm32f7xx_hal_tim_ex.c ****   {
 2321              		.loc 1 881 46 discriminator 7 view .LVU660
 2322 0118 0228     		cmp	r0, #2
 2323 011a 14BF     		ite	ne
 2324 011c 0020     		movne	r0, #0
 2325 011e 0120     		moveq	r0, #1
 2326 0120 7BE7     		b	.L160
 2327              	.L164:
 885:Drivers/STM32F7xx_HAL_Driver/Src/stm32f7xx_hal_tim_ex.c ****   {
 2328              		.loc 1 885 51 discriminator 2 view .LVU661
 2329 0122 042D     		cmp	r5, #4
 2330 0124 09D0     		beq	.L188
 885:Drivers/STM32F7xx_HAL_Driver/Src/stm32f7xx_hal_tim_ex.c ****   {
 2331              		.loc 1 885 51 discriminator 5 view .LVU662
 2332 0126 082D     		cmp	r5, #8
 2333 0128 0FD0     		beq	.L189
 885:Drivers/STM32F7xx_HAL_Driver/Src/stm32f7xx_hal_tim_ex.c ****   {
 2334              		.loc 1 885 12 discriminator 8 view .LVU663
 2335 012a 94F84720 		ldrb	r2, [r4, #71]	@ zero_extendqisi2
 2336              	.LVL152:
 885:Drivers/STM32F7xx_HAL_Driver/Src/stm32f7xx_hal_tim_ex.c ****   {
ARM GAS  /tmp/ccLIbKdJ.s 			page 98


 2337              		.loc 1 885 12 discriminator 8 view .LVU664
 2338 012e D2B2     		uxtb	r2, r2
 885:Drivers/STM32F7xx_HAL_Driver/Src/stm32f7xx_hal_tim_ex.c ****   {
 2339              		.loc 1 885 51 discriminator 8 view .LVU665
 2340 0130 012A     		cmp	r2, #1
 2341 0132 14BF     		ite	ne
 2342 0134 0022     		movne	r2, #0
 2343 0136 0122     		moveq	r2, #1
 2344 0138 7BE7     		b	.L165
 2345              	.LVL153:
 2346              	.L188:
 885:Drivers/STM32F7xx_HAL_Driver/Src/stm32f7xx_hal_tim_ex.c ****   {
 2347              		.loc 1 885 12 discriminator 4 view .LVU666
 2348 013a 94F84520 		ldrb	r2, [r4, #69]	@ zero_extendqisi2
 2349              	.LVL154:
 885:Drivers/STM32F7xx_HAL_Driver/Src/stm32f7xx_hal_tim_ex.c ****   {
 2350              		.loc 1 885 12 discriminator 4 view .LVU667
 2351 013e D2B2     		uxtb	r2, r2
 885:Drivers/STM32F7xx_HAL_Driver/Src/stm32f7xx_hal_tim_ex.c ****   {
 2352              		.loc 1 885 51 discriminator 4 view .LVU668
 2353 0140 012A     		cmp	r2, #1
 2354 0142 14BF     		ite	ne
 2355 0144 0022     		movne	r2, #0
 2356 0146 0122     		moveq	r2, #1
 2357 0148 73E7     		b	.L165
 2358              	.LVL155:
 2359              	.L189:
 885:Drivers/STM32F7xx_HAL_Driver/Src/stm32f7xx_hal_tim_ex.c ****   {
 2360              		.loc 1 885 12 discriminator 7 view .LVU669
 2361 014a 94F84620 		ldrb	r2, [r4, #70]	@ zero_extendqisi2
 2362              	.LVL156:
 885:Drivers/STM32F7xx_HAL_Driver/Src/stm32f7xx_hal_tim_ex.c ****   {
 2363              		.loc 1 885 12 discriminator 7 view .LVU670
 2364 014e D2B2     		uxtb	r2, r2
 885:Drivers/STM32F7xx_HAL_Driver/Src/stm32f7xx_hal_tim_ex.c ****   {
 2365              		.loc 1 885 51 discriminator 7 view .LVU671
 2366 0150 012A     		cmp	r2, #1
 2367 0152 14BF     		ite	ne
 2368 0154 0022     		movne	r2, #0
 2369 0156 0122     		moveq	r2, #1
 2370 0158 6BE7     		b	.L165
 2371              	.L168:
 893:Drivers/STM32F7xx_HAL_Driver/Src/stm32f7xx_hal_tim_ex.c ****     }
 2372              		.loc 1 893 7 discriminator 2 view .LVU672
 2373 015a 042D     		cmp	r5, #4
 2374 015c 0DD0     		beq	.L190
 893:Drivers/STM32F7xx_HAL_Driver/Src/stm32f7xx_hal_tim_ex.c ****     }
 2375              		.loc 1 893 7 discriminator 4 view .LVU673
 2376 015e 082D     		cmp	r5, #8
 2377 0160 25D0     		beq	.L191
 893:Drivers/STM32F7xx_HAL_Driver/Src/stm32f7xx_hal_tim_ex.c ****     }
 2378              		.loc 1 893 7 discriminator 7 view .LVU674
 2379 0162 0222     		movs	r2, #2
 2380 0164 84F84720 		strb	r2, [r4, #71]
 901:Drivers/STM32F7xx_HAL_Driver/Src/stm32f7xx_hal_tim_ex.c ****   {
 2381              		.loc 1 901 3 is_stmt 1 view .LVU675
 2382 0168 042D     		cmp	r5, #4
ARM GAS  /tmp/ccLIbKdJ.s 			page 99


 2383 016a 09D0     		beq	.L171
 2384 016c 082D     		cmp	r5, #8
 2385 016e 21D0     		beq	.L173
 2386 0170 002D     		cmp	r5, #0
 2387 0172 3FF46DAF 		beq	.L169
 2388 0176 0120     		movs	r0, #1
 2389 0178 43E0     		b	.L163
 2390              	.L190:
 893:Drivers/STM32F7xx_HAL_Driver/Src/stm32f7xx_hal_tim_ex.c ****     }
 2391              		.loc 1 893 7 is_stmt 0 discriminator 3 view .LVU676
 2392 017a 0222     		movs	r2, #2
 2393 017c 84F84520 		strb	r2, [r4, #69]
 901:Drivers/STM32F7xx_HAL_Driver/Src/stm32f7xx_hal_tim_ex.c ****   {
 2394              		.loc 1 901 3 is_stmt 1 view .LVU677
 2395              	.L171:
 927:Drivers/STM32F7xx_HAL_Driver/Src/stm32f7xx_hal_tim_ex.c ****       htim->hdma[TIM_DMA_ID_CC2]->XferHalfCpltCallback = TIM_DMADelayPulseHalfCplt;
 2396              		.loc 1 927 7 view .LVU678
 927:Drivers/STM32F7xx_HAL_Driver/Src/stm32f7xx_hal_tim_ex.c ****       htim->hdma[TIM_DMA_ID_CC2]->XferHalfCpltCallback = TIM_DMADelayPulseHalfCplt;
 2397              		.loc 1 927 17 is_stmt 0 view .LVU679
 2398 0180 A26A     		ldr	r2, [r4, #40]
 927:Drivers/STM32F7xx_HAL_Driver/Src/stm32f7xx_hal_tim_ex.c ****       htim->hdma[TIM_DMA_ID_CC2]->XferHalfCpltCallback = TIM_DMADelayPulseHalfCplt;
 2399              		.loc 1 927 52 view .LVU680
 2400 0182 2549     		ldr	r1, .L192
 2401              	.LVL157:
 927:Drivers/STM32F7xx_HAL_Driver/Src/stm32f7xx_hal_tim_ex.c ****       htim->hdma[TIM_DMA_ID_CC2]->XferHalfCpltCallback = TIM_DMADelayPulseHalfCplt;
 2402              		.loc 1 927 52 view .LVU681
 2403 0184 D163     		str	r1, [r2, #60]
 928:Drivers/STM32F7xx_HAL_Driver/Src/stm32f7xx_hal_tim_ex.c **** 
 2404              		.loc 1 928 7 is_stmt 1 view .LVU682
 928:Drivers/STM32F7xx_HAL_Driver/Src/stm32f7xx_hal_tim_ex.c **** 
 2405              		.loc 1 928 17 is_stmt 0 view .LVU683
 2406 0186 A26A     		ldr	r2, [r4, #40]
 928:Drivers/STM32F7xx_HAL_Driver/Src/stm32f7xx_hal_tim_ex.c **** 
 2407              		.loc 1 928 56 view .LVU684
 2408 0188 2449     		ldr	r1, .L192+4
 2409 018a 1164     		str	r1, [r2, #64]
 931:Drivers/STM32F7xx_HAL_Driver/Src/stm32f7xx_hal_tim_ex.c **** 
 2410              		.loc 1 931 7 is_stmt 1 view .LVU685
 931:Drivers/STM32F7xx_HAL_Driver/Src/stm32f7xx_hal_tim_ex.c **** 
 2411              		.loc 1 931 17 is_stmt 0 view .LVU686
 2412 018c A26A     		ldr	r2, [r4, #40]
 931:Drivers/STM32F7xx_HAL_Driver/Src/stm32f7xx_hal_tim_ex.c **** 
 2413              		.loc 1 931 53 view .LVU687
 2414 018e 2449     		ldr	r1, .L192+8
 2415 0190 D164     		str	r1, [r2, #76]
 934:Drivers/STM32F7xx_HAL_Driver/Src/stm32f7xx_hal_tim_ex.c ****                            Length) != HAL_OK)
 2416              		.loc 1 934 7 is_stmt 1 view .LVU688
 934:Drivers/STM32F7xx_HAL_Driver/Src/stm32f7xx_hal_tim_ex.c ****                            Length) != HAL_OK)
 2417              		.loc 1 934 88 is_stmt 0 view .LVU689
 2418 0192 2268     		ldr	r2, [r4]
 934:Drivers/STM32F7xx_HAL_Driver/Src/stm32f7xx_hal_tim_ex.c ****                            Length) != HAL_OK)
 2419              		.loc 1 934 11 view .LVU690
 2420 0194 3832     		adds	r2, r2, #56
 2421 0196 6146     		mov	r1, ip
 2422 0198 A06A     		ldr	r0, [r4, #40]
 2423 019a FFF7FEFF 		bl	HAL_DMA_Start_IT
 2424              	.LVL158:
ARM GAS  /tmp/ccLIbKdJ.s 			page 100


 934:Drivers/STM32F7xx_HAL_Driver/Src/stm32f7xx_hal_tim_ex.c ****                            Length) != HAL_OK)
 2425              		.loc 1 934 10 discriminator 1 view .LVU691
 2426 019e 0028     		cmp	r0, #0
 2427 01a0 34D1     		bne	.L182
 941:Drivers/STM32F7xx_HAL_Driver/Src/stm32f7xx_hal_tim_ex.c ****       break;
 2428              		.loc 1 941 7 is_stmt 1 view .LVU692
 2429 01a2 2268     		ldr	r2, [r4]
 2430 01a4 D368     		ldr	r3, [r2, #12]
 2431 01a6 43F48063 		orr	r3, r3, #1024
 2432 01aa D360     		str	r3, [r2, #12]
 942:Drivers/STM32F7xx_HAL_Driver/Src/stm32f7xx_hal_tim_ex.c ****     }
 2433              		.loc 1 942 7 view .LVU693
 971:Drivers/STM32F7xx_HAL_Driver/Src/stm32f7xx_hal_tim_ex.c ****   {
 2434              		.loc 1 971 3 view .LVU694
 2435 01ac 67E7     		b	.L174
 2436              	.LVL159:
 2437              	.L191:
 893:Drivers/STM32F7xx_HAL_Driver/Src/stm32f7xx_hal_tim_ex.c ****     }
 2438              		.loc 1 893 7 is_stmt 0 discriminator 6 view .LVU695
 2439 01ae 0222     		movs	r2, #2
 2440 01b0 84F84620 		strb	r2, [r4, #70]
 901:Drivers/STM32F7xx_HAL_Driver/Src/stm32f7xx_hal_tim_ex.c ****   {
 2441              		.loc 1 901 3 is_stmt 1 view .LVU696
 2442              	.L173:
 948:Drivers/STM32F7xx_HAL_Driver/Src/stm32f7xx_hal_tim_ex.c ****       htim->hdma[TIM_DMA_ID_CC3]->XferHalfCpltCallback = TIM_DMADelayPulseHalfCplt;
 2443              		.loc 1 948 7 view .LVU697
 948:Drivers/STM32F7xx_HAL_Driver/Src/stm32f7xx_hal_tim_ex.c ****       htim->hdma[TIM_DMA_ID_CC3]->XferHalfCpltCallback = TIM_DMADelayPulseHalfCplt;
 2444              		.loc 1 948 17 is_stmt 0 view .LVU698
 2445 01b4 E26A     		ldr	r2, [r4, #44]
 948:Drivers/STM32F7xx_HAL_Driver/Src/stm32f7xx_hal_tim_ex.c ****       htim->hdma[TIM_DMA_ID_CC3]->XferHalfCpltCallback = TIM_DMADelayPulseHalfCplt;
 2446              		.loc 1 948 52 view .LVU699
 2447 01b6 1849     		ldr	r1, .L192
 2448              	.LVL160:
 948:Drivers/STM32F7xx_HAL_Driver/Src/stm32f7xx_hal_tim_ex.c ****       htim->hdma[TIM_DMA_ID_CC3]->XferHalfCpltCallback = TIM_DMADelayPulseHalfCplt;
 2449              		.loc 1 948 52 view .LVU700
 2450 01b8 D163     		str	r1, [r2, #60]
 949:Drivers/STM32F7xx_HAL_Driver/Src/stm32f7xx_hal_tim_ex.c **** 
 2451              		.loc 1 949 7 is_stmt 1 view .LVU701
 949:Drivers/STM32F7xx_HAL_Driver/Src/stm32f7xx_hal_tim_ex.c **** 
 2452              		.loc 1 949 17 is_stmt 0 view .LVU702
 2453 01ba E26A     		ldr	r2, [r4, #44]
 949:Drivers/STM32F7xx_HAL_Driver/Src/stm32f7xx_hal_tim_ex.c **** 
 2454              		.loc 1 949 56 view .LVU703
 2455 01bc 1749     		ldr	r1, .L192+4
 2456 01be 1164     		str	r1, [r2, #64]
 952:Drivers/STM32F7xx_HAL_Driver/Src/stm32f7xx_hal_tim_ex.c **** 
 2457              		.loc 1 952 7 is_stmt 1 view .LVU704
 952:Drivers/STM32F7xx_HAL_Driver/Src/stm32f7xx_hal_tim_ex.c **** 
 2458              		.loc 1 952 17 is_stmt 0 view .LVU705
 2459 01c0 E26A     		ldr	r2, [r4, #44]
 952:Drivers/STM32F7xx_HAL_Driver/Src/stm32f7xx_hal_tim_ex.c **** 
 2460              		.loc 1 952 53 view .LVU706
 2461 01c2 1749     		ldr	r1, .L192+8
 2462 01c4 D164     		str	r1, [r2, #76]
 955:Drivers/STM32F7xx_HAL_Driver/Src/stm32f7xx_hal_tim_ex.c ****                            Length) != HAL_OK)
 2463              		.loc 1 955 7 is_stmt 1 view .LVU707
 955:Drivers/STM32F7xx_HAL_Driver/Src/stm32f7xx_hal_tim_ex.c ****                            Length) != HAL_OK)
ARM GAS  /tmp/ccLIbKdJ.s 			page 101


 2464              		.loc 1 955 88 is_stmt 0 view .LVU708
 2465 01c6 2268     		ldr	r2, [r4]
 955:Drivers/STM32F7xx_HAL_Driver/Src/stm32f7xx_hal_tim_ex.c ****                            Length) != HAL_OK)
 2466              		.loc 1 955 11 view .LVU709
 2467 01c8 3C32     		adds	r2, r2, #60
 2468 01ca 6146     		mov	r1, ip
 2469 01cc E06A     		ldr	r0, [r4, #44]
 2470 01ce FFF7FEFF 		bl	HAL_DMA_Start_IT
 2471              	.LVL161:
 955:Drivers/STM32F7xx_HAL_Driver/Src/stm32f7xx_hal_tim_ex.c ****                            Length) != HAL_OK)
 2472              		.loc 1 955 10 discriminator 1 view .LVU710
 2473 01d2 E8B9     		cbnz	r0, .L183
 962:Drivers/STM32F7xx_HAL_Driver/Src/stm32f7xx_hal_tim_ex.c ****       break;
 2474              		.loc 1 962 7 is_stmt 1 view .LVU711
 2475 01d4 2268     		ldr	r2, [r4]
 2476 01d6 D368     		ldr	r3, [r2, #12]
 2477 01d8 43F40063 		orr	r3, r3, #2048
 2478 01dc D360     		str	r3, [r2, #12]
 963:Drivers/STM32F7xx_HAL_Driver/Src/stm32f7xx_hal_tim_ex.c ****     }
 2479              		.loc 1 963 7 view .LVU712
 971:Drivers/STM32F7xx_HAL_Driver/Src/stm32f7xx_hal_tim_ex.c ****   {
 2480              		.loc 1 971 3 view .LVU713
 2481 01de 4EE7     		b	.L174
 2482              	.L175:
 982:Drivers/STM32F7xx_HAL_Driver/Src/stm32f7xx_hal_tim_ex.c ****       if (!IS_TIM_SLAVEMODE_TRIGGER_ENABLED(tmpsmcr))
 2483              		.loc 1 982 7 view .LVU714
 982:Drivers/STM32F7xx_HAL_Driver/Src/stm32f7xx_hal_tim_ex.c ****       if (!IS_TIM_SLAVEMODE_TRIGGER_ENABLED(tmpsmcr))
 2484              		.loc 1 982 31 is_stmt 0 view .LVU715
 2485 01e0 9968     		ldr	r1, [r3, #8]
 982:Drivers/STM32F7xx_HAL_Driver/Src/stm32f7xx_hal_tim_ex.c ****       if (!IS_TIM_SLAVEMODE_TRIGGER_ENABLED(tmpsmcr))
 2486              		.loc 1 982 15 view .LVU716
 2487 01e2 114A     		ldr	r2, .L192+16
 2488 01e4 0A40     		ands	r2, r2, r1
 2489              	.LVL162:
 983:Drivers/STM32F7xx_HAL_Driver/Src/stm32f7xx_hal_tim_ex.c ****       {
 2490              		.loc 1 983 7 is_stmt 1 view .LVU717
 983:Drivers/STM32F7xx_HAL_Driver/Src/stm32f7xx_hal_tim_ex.c ****       {
 2491              		.loc 1 983 10 is_stmt 0 view .LVU718
 2492 01e6 062A     		cmp	r2, #6
 2493 01e8 18BF     		it	ne
 2494 01ea B2F5803F 		cmpne	r2, #65536
 2495 01ee 11D0     		beq	.L184
 985:Drivers/STM32F7xx_HAL_Driver/Src/stm32f7xx_hal_tim_ex.c ****       }
 2496              		.loc 1 985 9 is_stmt 1 view .LVU719
 2497 01f0 1A68     		ldr	r2, [r3]
 2498              	.LVL163:
 985:Drivers/STM32F7xx_HAL_Driver/Src/stm32f7xx_hal_tim_ex.c ****       }
 2499              		.loc 1 985 9 is_stmt 0 view .LVU720
 2500 01f2 42F00102 		orr	r2, r2, #1
 2501 01f6 1A60     		str	r2, [r3]
 2502 01f8 0020     		movs	r0, #0
 2503 01fa 02E0     		b	.L163
 2504              	.LVL164:
 2505              	.L177:
 883:Drivers/STM32F7xx_HAL_Driver/Src/stm32f7xx_hal_tim_ex.c ****   }
 2506              		.loc 1 883 12 view .LVU721
 2507 01fc 0220     		movs	r0, #2
ARM GAS  /tmp/ccLIbKdJ.s 			page 102


 2508 01fe 00E0     		b	.L163
 2509              	.LVL165:
 2510              	.L178:
 898:Drivers/STM32F7xx_HAL_Driver/Src/stm32f7xx_hal_tim_ex.c ****   }
 2511              		.loc 1 898 12 view .LVU722
 2512 0200 0120     		movs	r0, #1
 2513              	.LVL166:
 2514              	.L163:
 996:Drivers/STM32F7xx_HAL_Driver/Src/stm32f7xx_hal_tim_ex.c **** 
 2515              		.loc 1 996 1 view .LVU723
 2516 0202 38BD     		pop	{r3, r4, r5, pc}
 2517              	.LVL167:
 2518              	.L179:
 889:Drivers/STM32F7xx_HAL_Driver/Src/stm32f7xx_hal_tim_ex.c ****     }
 2519              		.loc 1 889 14 view .LVU724
 2520 0204 0120     		movs	r0, #1
 2521 0206 FCE7     		b	.L163
 2522              	.LVL168:
 2523              	.L181:
 917:Drivers/STM32F7xx_HAL_Driver/Src/stm32f7xx_hal_tim_ex.c ****       }
 2524              		.loc 1 917 16 view .LVU725
 2525 0208 0120     		movs	r0, #1
 2526 020a FAE7     		b	.L163
 2527              	.L182:
 938:Drivers/STM32F7xx_HAL_Driver/Src/stm32f7xx_hal_tim_ex.c ****       }
 2528              		.loc 1 938 16 view .LVU726
 2529 020c 0120     		movs	r0, #1
 2530 020e F8E7     		b	.L163
 2531              	.L183:
 959:Drivers/STM32F7xx_HAL_Driver/Src/stm32f7xx_hal_tim_ex.c ****       }
 2532              		.loc 1 959 16 view .LVU727
 2533 0210 0120     		movs	r0, #1
 2534 0212 F6E7     		b	.L163
 2535              	.LVL169:
 2536              	.L184:
 959:Drivers/STM32F7xx_HAL_Driver/Src/stm32f7xx_hal_tim_ex.c ****       }
 2537              		.loc 1 959 16 view .LVU728
 2538 0214 0020     		movs	r0, #0
 2539 0216 F4E7     		b	.L163
 2540              	.L193:
 2541              		.align	2
 2542              	.L192:
 2543 0218 00000000 		.word	TIM_DMADelayPulseNCplt
 2544 021c 00000000 		.word	TIM_DMADelayPulseHalfCplt
 2545 0220 00000000 		.word	TIM_DMAErrorCCxN
 2546 0224 00000140 		.word	1073807360
 2547 0228 07000100 		.word	65543
 2548              		.cfi_endproc
 2549              	.LFE155:
 2551              		.section	.text.HAL_TIMEx_OCN_Stop_DMA,"ax",%progbits
 2552              		.align	1
 2553              		.global	HAL_TIMEx_OCN_Stop_DMA
 2554              		.syntax unified
 2555              		.thumb
 2556              		.thumb_func
 2558              	HAL_TIMEx_OCN_Stop_DMA:
 2559              	.LVL170:
ARM GAS  /tmp/ccLIbKdJ.s 			page 103


 2560              	.LFB156:
1010:Drivers/STM32F7xx_HAL_Driver/Src/stm32f7xx_hal_tim_ex.c ****   HAL_StatusTypeDef status = HAL_OK;
 2561              		.loc 1 1010 1 is_stmt 1 view -0
 2562              		.cfi_startproc
 2563              		@ args = 0, pretend = 0, frame = 0
 2564              		@ frame_needed = 0, uses_anonymous_args = 0
1010:Drivers/STM32F7xx_HAL_Driver/Src/stm32f7xx_hal_tim_ex.c ****   HAL_StatusTypeDef status = HAL_OK;
 2565              		.loc 1 1010 1 is_stmt 0 view .LVU730
 2566 0000 38B5     		push	{r3, r4, r5, lr}
 2567              	.LCFI19:
 2568              		.cfi_def_cfa_offset 16
 2569              		.cfi_offset 3, -16
 2570              		.cfi_offset 4, -12
 2571              		.cfi_offset 5, -8
 2572              		.cfi_offset 14, -4
 2573 0002 0446     		mov	r4, r0
 2574 0004 0D46     		mov	r5, r1
1011:Drivers/STM32F7xx_HAL_Driver/Src/stm32f7xx_hal_tim_ex.c **** 
 2575              		.loc 1 1011 3 is_stmt 1 view .LVU731
 2576              	.LVL171:
1014:Drivers/STM32F7xx_HAL_Driver/Src/stm32f7xx_hal_tim_ex.c **** 
 2577              		.loc 1 1014 3 view .LVU732
1016:Drivers/STM32F7xx_HAL_Driver/Src/stm32f7xx_hal_tim_ex.c ****   {
 2578              		.loc 1 1016 3 view .LVU733
 2579 0006 0429     		cmp	r1, #4
 2580 0008 32D0     		beq	.L195
 2581 000a 0829     		cmp	r1, #8
 2582 000c 39D0     		beq	.L196
 2583 000e 0029     		cmp	r1, #0
 2584 0010 53D1     		bne	.L204
1021:Drivers/STM32F7xx_HAL_Driver/Src/stm32f7xx_hal_tim_ex.c ****       (void)HAL_DMA_Abort_IT(htim->hdma[TIM_DMA_ID_CC1]);
 2585              		.loc 1 1021 7 view .LVU734
 2586 0012 0268     		ldr	r2, [r0]
 2587 0014 D368     		ldr	r3, [r2, #12]
 2588 0016 23F40073 		bic	r3, r3, #512
 2589 001a D360     		str	r3, [r2, #12]
1022:Drivers/STM32F7xx_HAL_Driver/Src/stm32f7xx_hal_tim_ex.c ****       break;
 2590              		.loc 1 1022 7 view .LVU735
1022:Drivers/STM32F7xx_HAL_Driver/Src/stm32f7xx_hal_tim_ex.c ****       break;
 2591              		.loc 1 1022 13 is_stmt 0 view .LVU736
 2592 001c 406A     		ldr	r0, [r0, #36]
 2593              	.LVL172:
1022:Drivers/STM32F7xx_HAL_Driver/Src/stm32f7xx_hal_tim_ex.c ****       break;
 2594              		.loc 1 1022 13 view .LVU737
 2595 001e FFF7FEFF 		bl	HAL_DMA_Abort_IT
 2596              	.LVL173:
1023:Drivers/STM32F7xx_HAL_Driver/Src/stm32f7xx_hal_tim_ex.c ****     }
 2597              		.loc 1 1023 7 is_stmt 1 view .LVU738
1047:Drivers/STM32F7xx_HAL_Driver/Src/stm32f7xx_hal_tim_ex.c ****   {
 2598              		.loc 1 1047 3 view .LVU739
 2599              	.L198:
1050:Drivers/STM32F7xx_HAL_Driver/Src/stm32f7xx_hal_tim_ex.c **** 
 2600              		.loc 1 1050 5 view .LVU740
 2601 0022 0022     		movs	r2, #0
 2602 0024 2946     		mov	r1, r5
 2603 0026 2068     		ldr	r0, [r4]
 2604 0028 FFF7FEFF 		bl	TIM_CCxNChannelCmd
ARM GAS  /tmp/ccLIbKdJ.s 			page 104


 2605              	.LVL174:
1053:Drivers/STM32F7xx_HAL_Driver/Src/stm32f7xx_hal_tim_ex.c **** 
 2606              		.loc 1 1053 5 view .LVU741
1053:Drivers/STM32F7xx_HAL_Driver/Src/stm32f7xx_hal_tim_ex.c **** 
 2607              		.loc 1 1053 5 view .LVU742
 2608 002c 2268     		ldr	r2, [r4]
 2609 002e 116A     		ldr	r1, [r2, #32]
 2610 0030 234B     		ldr	r3, .L208
 2611 0032 0B40     		ands	r3, r3, r1
 2612 0034 43B9     		cbnz	r3, .L199
1053:Drivers/STM32F7xx_HAL_Driver/Src/stm32f7xx_hal_tim_ex.c **** 
 2613              		.loc 1 1053 5 discriminator 1 view .LVU743
 2614 0036 116A     		ldr	r1, [r2, #32]
 2615 0038 40F24443 		movw	r3, #1092
 2616 003c 1942     		tst	r1, r3
 2617 003e 03D1     		bne	.L199
1053:Drivers/STM32F7xx_HAL_Driver/Src/stm32f7xx_hal_tim_ex.c **** 
 2618              		.loc 1 1053 5 discriminator 3 view .LVU744
 2619 0040 536C     		ldr	r3, [r2, #68]
 2620 0042 23F40043 		bic	r3, r3, #32768
 2621 0046 5364     		str	r3, [r2, #68]
 2622              	.L199:
1053:Drivers/STM32F7xx_HAL_Driver/Src/stm32f7xx_hal_tim_ex.c **** 
 2623              		.loc 1 1053 5 discriminator 5 view .LVU745
1056:Drivers/STM32F7xx_HAL_Driver/Src/stm32f7xx_hal_tim_ex.c **** 
 2624              		.loc 1 1056 5 view .LVU746
1056:Drivers/STM32F7xx_HAL_Driver/Src/stm32f7xx_hal_tim_ex.c **** 
 2625              		.loc 1 1056 5 view .LVU747
 2626 0048 2268     		ldr	r2, [r4]
 2627 004a 116A     		ldr	r1, [r2, #32]
 2628 004c 1C4B     		ldr	r3, .L208
 2629 004e 0B40     		ands	r3, r3, r1
 2630 0050 43B9     		cbnz	r3, .L200
1056:Drivers/STM32F7xx_HAL_Driver/Src/stm32f7xx_hal_tim_ex.c **** 
 2631              		.loc 1 1056 5 discriminator 1 view .LVU748
 2632 0052 116A     		ldr	r1, [r2, #32]
 2633 0054 40F24443 		movw	r3, #1092
 2634 0058 1942     		tst	r1, r3
 2635 005a 03D1     		bne	.L200
1056:Drivers/STM32F7xx_HAL_Driver/Src/stm32f7xx_hal_tim_ex.c **** 
 2636              		.loc 1 1056 5 discriminator 3 view .LVU749
 2637 005c 1368     		ldr	r3, [r2]
 2638 005e 23F00103 		bic	r3, r3, #1
 2639 0062 1360     		str	r3, [r2]
 2640              	.L200:
1056:Drivers/STM32F7xx_HAL_Driver/Src/stm32f7xx_hal_tim_ex.c **** 
 2641              		.loc 1 1056 5 discriminator 5 view .LVU750
1059:Drivers/STM32F7xx_HAL_Driver/Src/stm32f7xx_hal_tim_ex.c ****   }
 2642              		.loc 1 1059 5 view .LVU751
 2643 0064 B5B9     		cbnz	r5, .L201
1059:Drivers/STM32F7xx_HAL_Driver/Src/stm32f7xx_hal_tim_ex.c ****   }
 2644              		.loc 1 1059 5 is_stmt 0 discriminator 1 view .LVU752
 2645 0066 0123     		movs	r3, #1
 2646 0068 84F84430 		strb	r3, [r4, #68]
 2647 006c 0020     		movs	r0, #0
 2648              	.L197:
 2649              	.LVL175:
ARM GAS  /tmp/ccLIbKdJ.s 			page 105


1063:Drivers/STM32F7xx_HAL_Driver/Src/stm32f7xx_hal_tim_ex.c **** }
 2650              		.loc 1 1063 3 is_stmt 1 view .LVU753
1064:Drivers/STM32F7xx_HAL_Driver/Src/stm32f7xx_hal_tim_ex.c **** 
 2651              		.loc 1 1064 1 is_stmt 0 view .LVU754
 2652 006e 38BD     		pop	{r3, r4, r5, pc}
 2653              	.LVL176:
 2654              	.L195:
1029:Drivers/STM32F7xx_HAL_Driver/Src/stm32f7xx_hal_tim_ex.c ****       (void)HAL_DMA_Abort_IT(htim->hdma[TIM_DMA_ID_CC2]);
 2655              		.loc 1 1029 7 is_stmt 1 view .LVU755
 2656 0070 0268     		ldr	r2, [r0]
 2657 0072 D368     		ldr	r3, [r2, #12]
 2658 0074 23F48063 		bic	r3, r3, #1024
 2659 0078 D360     		str	r3, [r2, #12]
1030:Drivers/STM32F7xx_HAL_Driver/Src/stm32f7xx_hal_tim_ex.c ****       break;
 2660              		.loc 1 1030 7 view .LVU756
1030:Drivers/STM32F7xx_HAL_Driver/Src/stm32f7xx_hal_tim_ex.c ****       break;
 2661              		.loc 1 1030 13 is_stmt 0 view .LVU757
 2662 007a 806A     		ldr	r0, [r0, #40]
 2663              	.LVL177:
1030:Drivers/STM32F7xx_HAL_Driver/Src/stm32f7xx_hal_tim_ex.c ****       break;
 2664              		.loc 1 1030 13 view .LVU758
 2665 007c FFF7FEFF 		bl	HAL_DMA_Abort_IT
 2666              	.LVL178:
1031:Drivers/STM32F7xx_HAL_Driver/Src/stm32f7xx_hal_tim_ex.c ****     }
 2667              		.loc 1 1031 7 is_stmt 1 view .LVU759
1047:Drivers/STM32F7xx_HAL_Driver/Src/stm32f7xx_hal_tim_ex.c ****   {
 2668              		.loc 1 1047 3 view .LVU760
 2669 0080 CFE7     		b	.L198
 2670              	.LVL179:
 2671              	.L196:
1037:Drivers/STM32F7xx_HAL_Driver/Src/stm32f7xx_hal_tim_ex.c ****       (void)HAL_DMA_Abort_IT(htim->hdma[TIM_DMA_ID_CC3]);
 2672              		.loc 1 1037 7 view .LVU761
 2673 0082 0268     		ldr	r2, [r0]
 2674 0084 D368     		ldr	r3, [r2, #12]
 2675 0086 23F40063 		bic	r3, r3, #2048
 2676 008a D360     		str	r3, [r2, #12]
1038:Drivers/STM32F7xx_HAL_Driver/Src/stm32f7xx_hal_tim_ex.c ****       break;
 2677              		.loc 1 1038 7 view .LVU762
1038:Drivers/STM32F7xx_HAL_Driver/Src/stm32f7xx_hal_tim_ex.c ****       break;
 2678              		.loc 1 1038 13 is_stmt 0 view .LVU763
 2679 008c C06A     		ldr	r0, [r0, #44]
 2680              	.LVL180:
1038:Drivers/STM32F7xx_HAL_Driver/Src/stm32f7xx_hal_tim_ex.c ****       break;
 2681              		.loc 1 1038 13 view .LVU764
 2682 008e FFF7FEFF 		bl	HAL_DMA_Abort_IT
 2683              	.LVL181:
1039:Drivers/STM32F7xx_HAL_Driver/Src/stm32f7xx_hal_tim_ex.c ****     }
 2684              		.loc 1 1039 7 is_stmt 1 view .LVU765
1047:Drivers/STM32F7xx_HAL_Driver/Src/stm32f7xx_hal_tim_ex.c ****   {
 2685              		.loc 1 1047 3 view .LVU766
 2686 0092 C6E7     		b	.L198
 2687              	.L201:
1059:Drivers/STM32F7xx_HAL_Driver/Src/stm32f7xx_hal_tim_ex.c ****   }
 2688              		.loc 1 1059 5 is_stmt 0 discriminator 2 view .LVU767
 2689 0094 042D     		cmp	r5, #4
 2690 0096 06D0     		beq	.L206
1059:Drivers/STM32F7xx_HAL_Driver/Src/stm32f7xx_hal_tim_ex.c ****   }
ARM GAS  /tmp/ccLIbKdJ.s 			page 106


 2691              		.loc 1 1059 5 discriminator 4 view .LVU768
 2692 0098 082D     		cmp	r5, #8
 2693 009a 09D0     		beq	.L207
1059:Drivers/STM32F7xx_HAL_Driver/Src/stm32f7xx_hal_tim_ex.c ****   }
 2694              		.loc 1 1059 5 discriminator 7 view .LVU769
 2695 009c 0123     		movs	r3, #1
 2696 009e 84F84730 		strb	r3, [r4, #71]
 2697 00a2 0020     		movs	r0, #0
 2698 00a4 E3E7     		b	.L197
 2699              	.L206:
1059:Drivers/STM32F7xx_HAL_Driver/Src/stm32f7xx_hal_tim_ex.c ****   }
 2700              		.loc 1 1059 5 discriminator 3 view .LVU770
 2701 00a6 0123     		movs	r3, #1
 2702 00a8 84F84530 		strb	r3, [r4, #69]
 2703 00ac 0020     		movs	r0, #0
 2704 00ae DEE7     		b	.L197
 2705              	.L207:
1059:Drivers/STM32F7xx_HAL_Driver/Src/stm32f7xx_hal_tim_ex.c ****   }
 2706              		.loc 1 1059 5 discriminator 6 view .LVU771
 2707 00b0 0123     		movs	r3, #1
 2708 00b2 84F84630 		strb	r3, [r4, #70]
 2709 00b6 0020     		movs	r0, #0
 2710 00b8 D9E7     		b	.L197
 2711              	.LVL182:
 2712              	.L204:
1016:Drivers/STM32F7xx_HAL_Driver/Src/stm32f7xx_hal_tim_ex.c ****   {
 2713              		.loc 1 1016 3 view .LVU772
 2714 00ba 0120     		movs	r0, #1
 2715              	.LVL183:
1016:Drivers/STM32F7xx_HAL_Driver/Src/stm32f7xx_hal_tim_ex.c ****   {
 2716              		.loc 1 1016 3 view .LVU773
 2717 00bc D7E7     		b	.L197
 2718              	.L209:
 2719 00be 00BF     		.align	2
 2720              	.L208:
 2721 00c0 11111100 		.word	1118481
 2722              		.cfi_endproc
 2723              	.LFE156:
 2725              		.section	.text.HAL_TIMEx_PWMN_Start,"ax",%progbits
 2726              		.align	1
 2727              		.global	HAL_TIMEx_PWMN_Start
 2728              		.syntax unified
 2729              		.thumb
 2730              		.thumb_func
 2732              	HAL_TIMEx_PWMN_Start:
 2733              	.LVL184:
 2734              	.LFB157:
1100:Drivers/STM32F7xx_HAL_Driver/Src/stm32f7xx_hal_tim_ex.c ****   uint32_t tmpsmcr;
 2735              		.loc 1 1100 1 is_stmt 1 view -0
 2736              		.cfi_startproc
 2737              		@ args = 0, pretend = 0, frame = 0
 2738              		@ frame_needed = 0, uses_anonymous_args = 0
1100:Drivers/STM32F7xx_HAL_Driver/Src/stm32f7xx_hal_tim_ex.c ****   uint32_t tmpsmcr;
 2739              		.loc 1 1100 1 is_stmt 0 view .LVU775
 2740 0000 10B5     		push	{r4, lr}
 2741              	.LCFI20:
 2742              		.cfi_def_cfa_offset 8
ARM GAS  /tmp/ccLIbKdJ.s 			page 107


 2743              		.cfi_offset 4, -8
 2744              		.cfi_offset 14, -4
 2745 0002 0446     		mov	r4, r0
1101:Drivers/STM32F7xx_HAL_Driver/Src/stm32f7xx_hal_tim_ex.c **** 
 2746              		.loc 1 1101 3 is_stmt 1 view .LVU776
1104:Drivers/STM32F7xx_HAL_Driver/Src/stm32f7xx_hal_tim_ex.c **** 
 2747              		.loc 1 1104 3 view .LVU777
1107:Drivers/STM32F7xx_HAL_Driver/Src/stm32f7xx_hal_tim_ex.c ****   {
 2748              		.loc 1 1107 3 view .LVU778
1107:Drivers/STM32F7xx_HAL_Driver/Src/stm32f7xx_hal_tim_ex.c ****   {
 2749              		.loc 1 1107 46 is_stmt 0 view .LVU779
 2750 0004 0846     		mov	r0, r1
 2751              	.LVL185:
1107:Drivers/STM32F7xx_HAL_Driver/Src/stm32f7xx_hal_tim_ex.c ****   {
 2752              		.loc 1 1107 46 view .LVU780
 2753 0006 0029     		cmp	r1, #0
 2754 0008 3BD1     		bne	.L211
1107:Drivers/STM32F7xx_HAL_Driver/Src/stm32f7xx_hal_tim_ex.c ****   {
 2755              		.loc 1 1107 7 discriminator 1 view .LVU781
 2756 000a 94F84430 		ldrb	r3, [r4, #68]	@ zero_extendqisi2
 2757 000e DBB2     		uxtb	r3, r3
1107:Drivers/STM32F7xx_HAL_Driver/Src/stm32f7xx_hal_tim_ex.c ****   {
 2758              		.loc 1 1107 46 discriminator 1 view .LVU782
 2759 0010 013B     		subs	r3, r3, #1
 2760 0012 18BF     		it	ne
 2761 0014 0123     		movne	r3, #1
 2762              	.L212:
1107:Drivers/STM32F7xx_HAL_Driver/Src/stm32f7xx_hal_tim_ex.c ****   {
 2763              		.loc 1 1107 6 discriminator 12 view .LVU783
 2764 0016 002B     		cmp	r3, #0
 2765 0018 6AD1     		bne	.L222
1113:Drivers/STM32F7xx_HAL_Driver/Src/stm32f7xx_hal_tim_ex.c **** 
 2766              		.loc 1 1113 3 is_stmt 1 view .LVU784
 2767 001a 0028     		cmp	r0, #0
 2768 001c 4AD1     		bne	.L216
1113:Drivers/STM32F7xx_HAL_Driver/Src/stm32f7xx_hal_tim_ex.c **** 
 2769              		.loc 1 1113 3 is_stmt 0 discriminator 1 view .LVU785
 2770 001e 0223     		movs	r3, #2
 2771 0020 84F84430 		strb	r3, [r4, #68]
 2772              	.L217:
1116:Drivers/STM32F7xx_HAL_Driver/Src/stm32f7xx_hal_tim_ex.c **** 
 2773              		.loc 1 1116 3 is_stmt 1 view .LVU786
 2774 0024 0422     		movs	r2, #4
 2775 0026 0146     		mov	r1, r0
 2776              	.LVL186:
1116:Drivers/STM32F7xx_HAL_Driver/Src/stm32f7xx_hal_tim_ex.c **** 
 2777              		.loc 1 1116 3 is_stmt 0 view .LVU787
 2778 0028 2068     		ldr	r0, [r4]
 2779              	.LVL187:
1116:Drivers/STM32F7xx_HAL_Driver/Src/stm32f7xx_hal_tim_ex.c **** 
 2780              		.loc 1 1116 3 view .LVU788
 2781 002a FFF7FEFF 		bl	TIM_CCxNChannelCmd
 2782              	.LVL188:
1119:Drivers/STM32F7xx_HAL_Driver/Src/stm32f7xx_hal_tim_ex.c **** 
 2783              		.loc 1 1119 3 is_stmt 1 view .LVU789
 2784 002e 2268     		ldr	r2, [r4]
 2785 0030 536C     		ldr	r3, [r2, #68]
ARM GAS  /tmp/ccLIbKdJ.s 			page 108


 2786 0032 43F40043 		orr	r3, r3, #32768
 2787 0036 5364     		str	r3, [r2, #68]
1122:Drivers/STM32F7xx_HAL_Driver/Src/stm32f7xx_hal_tim_ex.c ****   {
 2788              		.loc 1 1122 3 view .LVU790
1122:Drivers/STM32F7xx_HAL_Driver/Src/stm32f7xx_hal_tim_ex.c ****   {
 2789              		.loc 1 1122 7 is_stmt 0 view .LVU791
 2790 0038 2368     		ldr	r3, [r4]
1122:Drivers/STM32F7xx_HAL_Driver/Src/stm32f7xx_hal_tim_ex.c ****   {
 2791              		.loc 1 1122 6 view .LVU792
 2792 003a 2F4A     		ldr	r2, .L229
 2793 003c B3F1804F 		cmp	r3, #1073741824
 2794 0040 18BF     		it	ne
 2795 0042 9342     		cmpne	r3, r2
 2796 0044 46D0     		beq	.L220
1122:Drivers/STM32F7xx_HAL_Driver/Src/stm32f7xx_hal_tim_ex.c ****   {
 2797              		.loc 1 1122 7 discriminator 1 view .LVU793
 2798 0046 A2F57C42 		sub	r2, r2, #64512
 2799 004a 9342     		cmp	r3, r2
 2800 004c 42D0     		beq	.L220
1122:Drivers/STM32F7xx_HAL_Driver/Src/stm32f7xx_hal_tim_ex.c ****   {
 2801              		.loc 1 1122 7 discriminator 2 view .LVU794
 2802 004e 02F58062 		add	r2, r2, #1024
 2803 0052 9342     		cmp	r3, r2
 2804 0054 3ED0     		beq	.L220
1122:Drivers/STM32F7xx_HAL_Driver/Src/stm32f7xx_hal_tim_ex.c ****   {
 2805              		.loc 1 1122 7 discriminator 3 view .LVU795
 2806 0056 02F58062 		add	r2, r2, #1024
 2807 005a 9342     		cmp	r3, r2
 2808 005c 3AD0     		beq	.L220
1122:Drivers/STM32F7xx_HAL_Driver/Src/stm32f7xx_hal_tim_ex.c ****   {
 2809              		.loc 1 1122 7 discriminator 4 view .LVU796
 2810 005e 02F57842 		add	r2, r2, #63488
 2811 0062 9342     		cmp	r3, r2
 2812 0064 36D0     		beq	.L220
1122:Drivers/STM32F7xx_HAL_Driver/Src/stm32f7xx_hal_tim_ex.c ****   {
 2813              		.loc 1 1122 7 discriminator 5 view .LVU797
 2814 0066 02F57052 		add	r2, r2, #15360
 2815 006a 9342     		cmp	r3, r2
 2816 006c 32D0     		beq	.L220
1122:Drivers/STM32F7xx_HAL_Driver/Src/stm32f7xx_hal_tim_ex.c ****   {
 2817              		.loc 1 1122 7 discriminator 6 view .LVU798
 2818 006e A2F59432 		sub	r2, r2, #75776
 2819 0072 9342     		cmp	r3, r2
 2820 0074 2ED0     		beq	.L220
1132:Drivers/STM32F7xx_HAL_Driver/Src/stm32f7xx_hal_tim_ex.c ****   }
 2821              		.loc 1 1132 5 is_stmt 1 view .LVU799
 2822 0076 1A68     		ldr	r2, [r3]
 2823 0078 42F00102 		orr	r2, r2, #1
 2824 007c 1A60     		str	r2, [r3]
1136:Drivers/STM32F7xx_HAL_Driver/Src/stm32f7xx_hal_tim_ex.c **** }
 2825              		.loc 1 1136 10 is_stmt 0 view .LVU800
 2826 007e 0020     		movs	r0, #0
 2827 0080 37E0     		b	.L215
 2828              	.LVL189:
 2829              	.L211:
1107:Drivers/STM32F7xx_HAL_Driver/Src/stm32f7xx_hal_tim_ex.c ****   {
 2830              		.loc 1 1107 46 discriminator 2 view .LVU801
ARM GAS  /tmp/ccLIbKdJ.s 			page 109


 2831 0082 0429     		cmp	r1, #4
 2832 0084 08D0     		beq	.L225
1107:Drivers/STM32F7xx_HAL_Driver/Src/stm32f7xx_hal_tim_ex.c ****   {
 2833              		.loc 1 1107 46 discriminator 5 view .LVU802
 2834 0086 0829     		cmp	r1, #8
 2835 0088 0DD0     		beq	.L226
1107:Drivers/STM32F7xx_HAL_Driver/Src/stm32f7xx_hal_tim_ex.c ****   {
 2836              		.loc 1 1107 7 discriminator 8 view .LVU803
 2837 008a 94F84730 		ldrb	r3, [r4, #71]	@ zero_extendqisi2
 2838 008e DBB2     		uxtb	r3, r3
1107:Drivers/STM32F7xx_HAL_Driver/Src/stm32f7xx_hal_tim_ex.c ****   {
 2839              		.loc 1 1107 46 discriminator 8 view .LVU804
 2840 0090 013B     		subs	r3, r3, #1
 2841 0092 18BF     		it	ne
 2842 0094 0123     		movne	r3, #1
 2843 0096 BEE7     		b	.L212
 2844              	.L225:
1107:Drivers/STM32F7xx_HAL_Driver/Src/stm32f7xx_hal_tim_ex.c ****   {
 2845              		.loc 1 1107 7 discriminator 4 view .LVU805
 2846 0098 94F84530 		ldrb	r3, [r4, #69]	@ zero_extendqisi2
 2847 009c DBB2     		uxtb	r3, r3
1107:Drivers/STM32F7xx_HAL_Driver/Src/stm32f7xx_hal_tim_ex.c ****   {
 2848              		.loc 1 1107 46 discriminator 4 view .LVU806
 2849 009e 013B     		subs	r3, r3, #1
 2850 00a0 18BF     		it	ne
 2851 00a2 0123     		movne	r3, #1
 2852 00a4 B7E7     		b	.L212
 2853              	.L226:
1107:Drivers/STM32F7xx_HAL_Driver/Src/stm32f7xx_hal_tim_ex.c ****   {
 2854              		.loc 1 1107 7 discriminator 7 view .LVU807
 2855 00a6 94F84630 		ldrb	r3, [r4, #70]	@ zero_extendqisi2
 2856 00aa DBB2     		uxtb	r3, r3
1107:Drivers/STM32F7xx_HAL_Driver/Src/stm32f7xx_hal_tim_ex.c ****   {
 2857              		.loc 1 1107 46 discriminator 7 view .LVU808
 2858 00ac 013B     		subs	r3, r3, #1
 2859 00ae 18BF     		it	ne
 2860 00b0 0123     		movne	r3, #1
 2861 00b2 B0E7     		b	.L212
 2862              	.L216:
1113:Drivers/STM32F7xx_HAL_Driver/Src/stm32f7xx_hal_tim_ex.c **** 
 2863              		.loc 1 1113 3 discriminator 2 view .LVU809
 2864 00b4 0428     		cmp	r0, #4
 2865 00b6 05D0     		beq	.L227
1113:Drivers/STM32F7xx_HAL_Driver/Src/stm32f7xx_hal_tim_ex.c **** 
 2866              		.loc 1 1113 3 discriminator 4 view .LVU810
 2867 00b8 0828     		cmp	r0, #8
 2868 00ba 07D0     		beq	.L228
1113:Drivers/STM32F7xx_HAL_Driver/Src/stm32f7xx_hal_tim_ex.c **** 
 2869              		.loc 1 1113 3 discriminator 7 view .LVU811
 2870 00bc 0223     		movs	r3, #2
 2871 00be 84F84730 		strb	r3, [r4, #71]
 2872 00c2 AFE7     		b	.L217
 2873              	.L227:
1113:Drivers/STM32F7xx_HAL_Driver/Src/stm32f7xx_hal_tim_ex.c **** 
 2874              		.loc 1 1113 3 discriminator 3 view .LVU812
 2875 00c4 0223     		movs	r3, #2
 2876 00c6 84F84530 		strb	r3, [r4, #69]
ARM GAS  /tmp/ccLIbKdJ.s 			page 110


 2877 00ca ABE7     		b	.L217
 2878              	.L228:
1113:Drivers/STM32F7xx_HAL_Driver/Src/stm32f7xx_hal_tim_ex.c **** 
 2879              		.loc 1 1113 3 discriminator 6 view .LVU813
 2880 00cc 0223     		movs	r3, #2
 2881 00ce 84F84630 		strb	r3, [r4, #70]
 2882 00d2 A7E7     		b	.L217
 2883              	.LVL190:
 2884              	.L220:
1124:Drivers/STM32F7xx_HAL_Driver/Src/stm32f7xx_hal_tim_ex.c ****     if (!IS_TIM_SLAVEMODE_TRIGGER_ENABLED(tmpsmcr))
 2885              		.loc 1 1124 5 is_stmt 1 view .LVU814
1124:Drivers/STM32F7xx_HAL_Driver/Src/stm32f7xx_hal_tim_ex.c ****     if (!IS_TIM_SLAVEMODE_TRIGGER_ENABLED(tmpsmcr))
 2886              		.loc 1 1124 29 is_stmt 0 view .LVU815
 2887 00d4 9968     		ldr	r1, [r3, #8]
1124:Drivers/STM32F7xx_HAL_Driver/Src/stm32f7xx_hal_tim_ex.c ****     if (!IS_TIM_SLAVEMODE_TRIGGER_ENABLED(tmpsmcr))
 2888              		.loc 1 1124 13 view .LVU816
 2889 00d6 094A     		ldr	r2, .L229+4
 2890 00d8 0A40     		ands	r2, r2, r1
 2891              	.LVL191:
1125:Drivers/STM32F7xx_HAL_Driver/Src/stm32f7xx_hal_tim_ex.c ****     {
 2892              		.loc 1 1125 5 is_stmt 1 view .LVU817
1125:Drivers/STM32F7xx_HAL_Driver/Src/stm32f7xx_hal_tim_ex.c ****     {
 2893              		.loc 1 1125 8 is_stmt 0 view .LVU818
 2894 00da 062A     		cmp	r2, #6
 2895 00dc 18BF     		it	ne
 2896 00de B2F5803F 		cmpne	r2, #65536
 2897 00e2 07D0     		beq	.L223
1127:Drivers/STM32F7xx_HAL_Driver/Src/stm32f7xx_hal_tim_ex.c ****     }
 2898              		.loc 1 1127 7 is_stmt 1 view .LVU819
 2899 00e4 1A68     		ldr	r2, [r3]
 2900              	.LVL192:
1127:Drivers/STM32F7xx_HAL_Driver/Src/stm32f7xx_hal_tim_ex.c ****     }
 2901              		.loc 1 1127 7 is_stmt 0 view .LVU820
 2902 00e6 42F00102 		orr	r2, r2, #1
 2903 00ea 1A60     		str	r2, [r3]
1136:Drivers/STM32F7xx_HAL_Driver/Src/stm32f7xx_hal_tim_ex.c **** }
 2904              		.loc 1 1136 10 view .LVU821
 2905 00ec 0020     		movs	r0, #0
 2906 00ee 00E0     		b	.L215
 2907              	.LVL193:
 2908              	.L222:
1109:Drivers/STM32F7xx_HAL_Driver/Src/stm32f7xx_hal_tim_ex.c ****   }
 2909              		.loc 1 1109 12 view .LVU822
 2910 00f0 0120     		movs	r0, #1
 2911              	.LVL194:
 2912              	.L215:
1137:Drivers/STM32F7xx_HAL_Driver/Src/stm32f7xx_hal_tim_ex.c **** 
 2913              		.loc 1 1137 1 view .LVU823
 2914 00f2 10BD     		pop	{r4, pc}
 2915              	.LVL195:
 2916              	.L223:
1136:Drivers/STM32F7xx_HAL_Driver/Src/stm32f7xx_hal_tim_ex.c **** }
 2917              		.loc 1 1136 10 view .LVU824
 2918 00f4 0020     		movs	r0, #0
 2919 00f6 FCE7     		b	.L215
 2920              	.L230:
 2921              		.align	2
ARM GAS  /tmp/ccLIbKdJ.s 			page 111


 2922              	.L229:
 2923 00f8 00000140 		.word	1073807360
 2924 00fc 07000100 		.word	65543
 2925              		.cfi_endproc
 2926              	.LFE157:
 2928              		.section	.text.HAL_TIMEx_PWMN_Stop,"ax",%progbits
 2929              		.align	1
 2930              		.global	HAL_TIMEx_PWMN_Stop
 2931              		.syntax unified
 2932              		.thumb
 2933              		.thumb_func
 2935              	HAL_TIMEx_PWMN_Stop:
 2936              	.LVL196:
 2937              	.LFB158:
1150:Drivers/STM32F7xx_HAL_Driver/Src/stm32f7xx_hal_tim_ex.c ****   /* Check the parameters */
 2938              		.loc 1 1150 1 is_stmt 1 view -0
 2939              		.cfi_startproc
 2940              		@ args = 0, pretend = 0, frame = 0
 2941              		@ frame_needed = 0, uses_anonymous_args = 0
1150:Drivers/STM32F7xx_HAL_Driver/Src/stm32f7xx_hal_tim_ex.c ****   /* Check the parameters */
 2942              		.loc 1 1150 1 is_stmt 0 view .LVU826
 2943 0000 38B5     		push	{r3, r4, r5, lr}
 2944              	.LCFI21:
 2945              		.cfi_def_cfa_offset 16
 2946              		.cfi_offset 3, -16
 2947              		.cfi_offset 4, -12
 2948              		.cfi_offset 5, -8
 2949              		.cfi_offset 14, -4
 2950 0002 0446     		mov	r4, r0
 2951 0004 0D46     		mov	r5, r1
1152:Drivers/STM32F7xx_HAL_Driver/Src/stm32f7xx_hal_tim_ex.c **** 
 2952              		.loc 1 1152 3 is_stmt 1 view .LVU827
1155:Drivers/STM32F7xx_HAL_Driver/Src/stm32f7xx_hal_tim_ex.c **** 
 2953              		.loc 1 1155 3 view .LVU828
 2954 0006 0022     		movs	r2, #0
 2955 0008 0068     		ldr	r0, [r0]
 2956              	.LVL197:
1155:Drivers/STM32F7xx_HAL_Driver/Src/stm32f7xx_hal_tim_ex.c **** 
 2957              		.loc 1 1155 3 is_stmt 0 view .LVU829
 2958 000a FFF7FEFF 		bl	TIM_CCxNChannelCmd
 2959              	.LVL198:
1158:Drivers/STM32F7xx_HAL_Driver/Src/stm32f7xx_hal_tim_ex.c **** 
 2960              		.loc 1 1158 3 is_stmt 1 view .LVU830
1158:Drivers/STM32F7xx_HAL_Driver/Src/stm32f7xx_hal_tim_ex.c **** 
 2961              		.loc 1 1158 3 view .LVU831
 2962 000e 2268     		ldr	r2, [r4]
 2963 0010 116A     		ldr	r1, [r2, #32]
 2964 0012 184B     		ldr	r3, .L241
 2965 0014 0B40     		ands	r3, r3, r1
 2966 0016 43B9     		cbnz	r3, .L232
1158:Drivers/STM32F7xx_HAL_Driver/Src/stm32f7xx_hal_tim_ex.c **** 
 2967              		.loc 1 1158 3 discriminator 1 view .LVU832
 2968 0018 116A     		ldr	r1, [r2, #32]
 2969 001a 40F24443 		movw	r3, #1092
 2970 001e 1942     		tst	r1, r3
 2971 0020 03D1     		bne	.L232
1158:Drivers/STM32F7xx_HAL_Driver/Src/stm32f7xx_hal_tim_ex.c **** 
ARM GAS  /tmp/ccLIbKdJ.s 			page 112


 2972              		.loc 1 1158 3 discriminator 3 view .LVU833
 2973 0022 536C     		ldr	r3, [r2, #68]
 2974 0024 23F40043 		bic	r3, r3, #32768
 2975 0028 5364     		str	r3, [r2, #68]
 2976              	.L232:
1158:Drivers/STM32F7xx_HAL_Driver/Src/stm32f7xx_hal_tim_ex.c **** 
 2977              		.loc 1 1158 3 discriminator 5 view .LVU834
1161:Drivers/STM32F7xx_HAL_Driver/Src/stm32f7xx_hal_tim_ex.c **** 
 2978              		.loc 1 1161 3 view .LVU835
1161:Drivers/STM32F7xx_HAL_Driver/Src/stm32f7xx_hal_tim_ex.c **** 
 2979              		.loc 1 1161 3 view .LVU836
 2980 002a 2268     		ldr	r2, [r4]
 2981 002c 116A     		ldr	r1, [r2, #32]
 2982 002e 114B     		ldr	r3, .L241
 2983 0030 0B40     		ands	r3, r3, r1
 2984 0032 43B9     		cbnz	r3, .L233
1161:Drivers/STM32F7xx_HAL_Driver/Src/stm32f7xx_hal_tim_ex.c **** 
 2985              		.loc 1 1161 3 discriminator 1 view .LVU837
 2986 0034 116A     		ldr	r1, [r2, #32]
 2987 0036 40F24443 		movw	r3, #1092
 2988 003a 1942     		tst	r1, r3
 2989 003c 03D1     		bne	.L233
1161:Drivers/STM32F7xx_HAL_Driver/Src/stm32f7xx_hal_tim_ex.c **** 
 2990              		.loc 1 1161 3 discriminator 3 view .LVU838
 2991 003e 1368     		ldr	r3, [r2]
 2992 0040 23F00103 		bic	r3, r3, #1
 2993 0044 1360     		str	r3, [r2]
 2994              	.L233:
1161:Drivers/STM32F7xx_HAL_Driver/Src/stm32f7xx_hal_tim_ex.c **** 
 2995              		.loc 1 1161 3 discriminator 5 view .LVU839
1164:Drivers/STM32F7xx_HAL_Driver/Src/stm32f7xx_hal_tim_ex.c **** 
 2996              		.loc 1 1164 3 view .LVU840
 2997 0046 25B9     		cbnz	r5, .L234
1164:Drivers/STM32F7xx_HAL_Driver/Src/stm32f7xx_hal_tim_ex.c **** 
 2998              		.loc 1 1164 3 is_stmt 0 discriminator 1 view .LVU841
 2999 0048 0123     		movs	r3, #1
 3000 004a 84F84430 		strb	r3, [r4, #68]
 3001              	.L235:
1167:Drivers/STM32F7xx_HAL_Driver/Src/stm32f7xx_hal_tim_ex.c **** }
 3002              		.loc 1 1167 3 is_stmt 1 view .LVU842
1168:Drivers/STM32F7xx_HAL_Driver/Src/stm32f7xx_hal_tim_ex.c **** 
 3003              		.loc 1 1168 1 is_stmt 0 view .LVU843
 3004 004e 0020     		movs	r0, #0
 3005 0050 38BD     		pop	{r3, r4, r5, pc}
 3006              	.LVL199:
 3007              	.L234:
1164:Drivers/STM32F7xx_HAL_Driver/Src/stm32f7xx_hal_tim_ex.c **** 
 3008              		.loc 1 1164 3 discriminator 2 view .LVU844
 3009 0052 042D     		cmp	r5, #4
 3010 0054 05D0     		beq	.L239
1164:Drivers/STM32F7xx_HAL_Driver/Src/stm32f7xx_hal_tim_ex.c **** 
 3011              		.loc 1 1164 3 discriminator 4 view .LVU845
 3012 0056 082D     		cmp	r5, #8
 3013 0058 07D0     		beq	.L240
1164:Drivers/STM32F7xx_HAL_Driver/Src/stm32f7xx_hal_tim_ex.c **** 
 3014              		.loc 1 1164 3 discriminator 7 view .LVU846
 3015 005a 0123     		movs	r3, #1
ARM GAS  /tmp/ccLIbKdJ.s 			page 113


 3016 005c 84F84730 		strb	r3, [r4, #71]
 3017 0060 F5E7     		b	.L235
 3018              	.L239:
1164:Drivers/STM32F7xx_HAL_Driver/Src/stm32f7xx_hal_tim_ex.c **** 
 3019              		.loc 1 1164 3 discriminator 3 view .LVU847
 3020 0062 0123     		movs	r3, #1
 3021 0064 84F84530 		strb	r3, [r4, #69]
 3022 0068 F1E7     		b	.L235
 3023              	.L240:
1164:Drivers/STM32F7xx_HAL_Driver/Src/stm32f7xx_hal_tim_ex.c **** 
 3024              		.loc 1 1164 3 discriminator 6 view .LVU848
 3025 006a 0123     		movs	r3, #1
 3026 006c 84F84630 		strb	r3, [r4, #70]
 3027 0070 EDE7     		b	.L235
 3028              	.L242:
 3029 0072 00BF     		.align	2
 3030              	.L241:
 3031 0074 11111100 		.word	1118481
 3032              		.cfi_endproc
 3033              	.LFE158:
 3035              		.section	.text.HAL_TIMEx_PWMN_Start_IT,"ax",%progbits
 3036              		.align	1
 3037              		.global	HAL_TIMEx_PWMN_Start_IT
 3038              		.syntax unified
 3039              		.thumb
 3040              		.thumb_func
 3042              	HAL_TIMEx_PWMN_Start_IT:
 3043              	.LVL200:
 3044              	.LFB159:
1182:Drivers/STM32F7xx_HAL_Driver/Src/stm32f7xx_hal_tim_ex.c ****   HAL_StatusTypeDef status = HAL_OK;
 3045              		.loc 1 1182 1 is_stmt 1 view -0
 3046              		.cfi_startproc
 3047              		@ args = 0, pretend = 0, frame = 0
 3048              		@ frame_needed = 0, uses_anonymous_args = 0
1182:Drivers/STM32F7xx_HAL_Driver/Src/stm32f7xx_hal_tim_ex.c ****   HAL_StatusTypeDef status = HAL_OK;
 3049              		.loc 1 1182 1 is_stmt 0 view .LVU850
 3050 0000 10B5     		push	{r4, lr}
 3051              	.LCFI22:
 3052              		.cfi_def_cfa_offset 8
 3053              		.cfi_offset 4, -8
 3054              		.cfi_offset 14, -4
 3055 0002 0446     		mov	r4, r0
1183:Drivers/STM32F7xx_HAL_Driver/Src/stm32f7xx_hal_tim_ex.c ****   uint32_t tmpsmcr;
 3056              		.loc 1 1183 3 is_stmt 1 view .LVU851
 3057              	.LVL201:
1184:Drivers/STM32F7xx_HAL_Driver/Src/stm32f7xx_hal_tim_ex.c **** 
 3058              		.loc 1 1184 3 view .LVU852
1187:Drivers/STM32F7xx_HAL_Driver/Src/stm32f7xx_hal_tim_ex.c **** 
 3059              		.loc 1 1187 3 view .LVU853
1190:Drivers/STM32F7xx_HAL_Driver/Src/stm32f7xx_hal_tim_ex.c ****   {
 3060              		.loc 1 1190 3 view .LVU854
1190:Drivers/STM32F7xx_HAL_Driver/Src/stm32f7xx_hal_tim_ex.c ****   {
 3061              		.loc 1 1190 46 is_stmt 0 view .LVU855
 3062 0004 0846     		mov	r0, r1
 3063              	.LVL202:
1190:Drivers/STM32F7xx_HAL_Driver/Src/stm32f7xx_hal_tim_ex.c ****   {
 3064              		.loc 1 1190 46 view .LVU856
ARM GAS  /tmp/ccLIbKdJ.s 			page 114


 3065 0006 0029     		cmp	r1, #0
 3066 0008 46D1     		bne	.L244
1190:Drivers/STM32F7xx_HAL_Driver/Src/stm32f7xx_hal_tim_ex.c ****   {
 3067              		.loc 1 1190 7 discriminator 1 view .LVU857
 3068 000a 94F84430 		ldrb	r3, [r4, #68]	@ zero_extendqisi2
 3069 000e DBB2     		uxtb	r3, r3
1190:Drivers/STM32F7xx_HAL_Driver/Src/stm32f7xx_hal_tim_ex.c ****   {
 3070              		.loc 1 1190 46 discriminator 1 view .LVU858
 3071 0010 013B     		subs	r3, r3, #1
 3072 0012 18BF     		it	ne
 3073 0014 0123     		movne	r3, #1
 3074              	.L245:
1190:Drivers/STM32F7xx_HAL_Driver/Src/stm32f7xx_hal_tim_ex.c ****   {
 3075              		.loc 1 1190 6 discriminator 12 view .LVU859
 3076 0016 002B     		cmp	r3, #0
 3077 0018 40F08680 		bne	.L258
1196:Drivers/STM32F7xx_HAL_Driver/Src/stm32f7xx_hal_tim_ex.c **** 
 3078              		.loc 1 1196 3 is_stmt 1 view .LVU860
 3079 001c 0028     		cmp	r0, #0
 3080 001e 54D1     		bne	.L249
1196:Drivers/STM32F7xx_HAL_Driver/Src/stm32f7xx_hal_tim_ex.c **** 
 3081              		.loc 1 1196 3 is_stmt 0 discriminator 1 view .LVU861
 3082 0020 0223     		movs	r3, #2
 3083 0022 84F84430 		strb	r3, [r4, #68]
1198:Drivers/STM32F7xx_HAL_Driver/Src/stm32f7xx_hal_tim_ex.c ****   {
 3084              		.loc 1 1198 3 is_stmt 1 view .LVU862
 3085              	.L250:
1203:Drivers/STM32F7xx_HAL_Driver/Src/stm32f7xx_hal_tim_ex.c ****       break;
 3086              		.loc 1 1203 7 view .LVU863
 3087 0026 2268     		ldr	r2, [r4]
 3088 0028 D368     		ldr	r3, [r2, #12]
 3089 002a 43F00203 		orr	r3, r3, #2
 3090 002e D360     		str	r3, [r2, #12]
1204:Drivers/STM32F7xx_HAL_Driver/Src/stm32f7xx_hal_tim_ex.c ****     }
 3091              		.loc 1 1204 7 view .LVU864
1226:Drivers/STM32F7xx_HAL_Driver/Src/stm32f7xx_hal_tim_ex.c ****   {
 3092              		.loc 1 1226 3 view .LVU865
 3093              	.L255:
1229:Drivers/STM32F7xx_HAL_Driver/Src/stm32f7xx_hal_tim_ex.c **** 
 3094              		.loc 1 1229 5 view .LVU866
 3095 0030 2268     		ldr	r2, [r4]
 3096 0032 D368     		ldr	r3, [r2, #12]
 3097 0034 43F08003 		orr	r3, r3, #128
 3098 0038 D360     		str	r3, [r2, #12]
1232:Drivers/STM32F7xx_HAL_Driver/Src/stm32f7xx_hal_tim_ex.c **** 
 3099              		.loc 1 1232 5 view .LVU867
 3100 003a 0422     		movs	r2, #4
 3101 003c 0146     		mov	r1, r0
 3102              	.LVL203:
1232:Drivers/STM32F7xx_HAL_Driver/Src/stm32f7xx_hal_tim_ex.c **** 
 3103              		.loc 1 1232 5 is_stmt 0 view .LVU868
 3104 003e 2068     		ldr	r0, [r4]
 3105              	.LVL204:
1232:Drivers/STM32F7xx_HAL_Driver/Src/stm32f7xx_hal_tim_ex.c **** 
 3106              		.loc 1 1232 5 view .LVU869
 3107 0040 FFF7FEFF 		bl	TIM_CCxNChannelCmd
 3108              	.LVL205:
ARM GAS  /tmp/ccLIbKdJ.s 			page 115


1235:Drivers/STM32F7xx_HAL_Driver/Src/stm32f7xx_hal_tim_ex.c **** 
 3109              		.loc 1 1235 5 is_stmt 1 view .LVU870
 3110 0044 2268     		ldr	r2, [r4]
 3111 0046 536C     		ldr	r3, [r2, #68]
 3112 0048 43F40043 		orr	r3, r3, #32768
 3113 004c 5364     		str	r3, [r2, #68]
1238:Drivers/STM32F7xx_HAL_Driver/Src/stm32f7xx_hal_tim_ex.c ****     {
 3114              		.loc 1 1238 5 view .LVU871
1238:Drivers/STM32F7xx_HAL_Driver/Src/stm32f7xx_hal_tim_ex.c ****     {
 3115              		.loc 1 1238 9 is_stmt 0 view .LVU872
 3116 004e 2368     		ldr	r3, [r4]
1238:Drivers/STM32F7xx_HAL_Driver/Src/stm32f7xx_hal_tim_ex.c ****     {
 3117              		.loc 1 1238 8 view .LVU873
 3118 0050 374A     		ldr	r2, .L266
 3119 0052 B3F1804F 		cmp	r3, #1073741824
 3120 0056 18BF     		it	ne
 3121 0058 9342     		cmpne	r3, r2
 3122 005a 57D0     		beq	.L256
1238:Drivers/STM32F7xx_HAL_Driver/Src/stm32f7xx_hal_tim_ex.c ****     {
 3123              		.loc 1 1238 9 discriminator 1 view .LVU874
 3124 005c A2F57C42 		sub	r2, r2, #64512
 3125 0060 9342     		cmp	r3, r2
 3126 0062 53D0     		beq	.L256
1238:Drivers/STM32F7xx_HAL_Driver/Src/stm32f7xx_hal_tim_ex.c ****     {
 3127              		.loc 1 1238 9 discriminator 2 view .LVU875
 3128 0064 02F58062 		add	r2, r2, #1024
 3129 0068 9342     		cmp	r3, r2
 3130 006a 4FD0     		beq	.L256
1238:Drivers/STM32F7xx_HAL_Driver/Src/stm32f7xx_hal_tim_ex.c ****     {
 3131              		.loc 1 1238 9 discriminator 3 view .LVU876
 3132 006c 02F58062 		add	r2, r2, #1024
 3133 0070 9342     		cmp	r3, r2
 3134 0072 4BD0     		beq	.L256
1238:Drivers/STM32F7xx_HAL_Driver/Src/stm32f7xx_hal_tim_ex.c ****     {
 3135              		.loc 1 1238 9 discriminator 4 view .LVU877
 3136 0074 02F57842 		add	r2, r2, #63488
 3137 0078 9342     		cmp	r3, r2
 3138 007a 47D0     		beq	.L256
1238:Drivers/STM32F7xx_HAL_Driver/Src/stm32f7xx_hal_tim_ex.c ****     {
 3139              		.loc 1 1238 9 discriminator 5 view .LVU878
 3140 007c 02F57052 		add	r2, r2, #15360
 3141 0080 9342     		cmp	r3, r2
 3142 0082 43D0     		beq	.L256
1238:Drivers/STM32F7xx_HAL_Driver/Src/stm32f7xx_hal_tim_ex.c ****     {
 3143              		.loc 1 1238 9 discriminator 6 view .LVU879
 3144 0084 A2F59432 		sub	r2, r2, #75776
 3145 0088 9342     		cmp	r3, r2
 3146 008a 3FD0     		beq	.L256
1248:Drivers/STM32F7xx_HAL_Driver/Src/stm32f7xx_hal_tim_ex.c ****     }
 3147              		.loc 1 1248 7 is_stmt 1 view .LVU880
 3148 008c 1A68     		ldr	r2, [r3]
 3149 008e 42F00102 		orr	r2, r2, #1
 3150 0092 1A60     		str	r2, [r3]
 3151 0094 0020     		movs	r0, #0
 3152 0096 48E0     		b	.L248
 3153              	.LVL206:
 3154              	.L244:
ARM GAS  /tmp/ccLIbKdJ.s 			page 116


1190:Drivers/STM32F7xx_HAL_Driver/Src/stm32f7xx_hal_tim_ex.c ****   {
 3155              		.loc 1 1190 46 is_stmt 0 discriminator 2 view .LVU881
 3156 0098 0429     		cmp	r1, #4
 3157 009a 08D0     		beq	.L262
1190:Drivers/STM32F7xx_HAL_Driver/Src/stm32f7xx_hal_tim_ex.c ****   {
 3158              		.loc 1 1190 46 discriminator 5 view .LVU882
 3159 009c 0829     		cmp	r1, #8
 3160 009e 0DD0     		beq	.L263
1190:Drivers/STM32F7xx_HAL_Driver/Src/stm32f7xx_hal_tim_ex.c ****   {
 3161              		.loc 1 1190 7 discriminator 8 view .LVU883
 3162 00a0 94F84730 		ldrb	r3, [r4, #71]	@ zero_extendqisi2
 3163 00a4 DBB2     		uxtb	r3, r3
1190:Drivers/STM32F7xx_HAL_Driver/Src/stm32f7xx_hal_tim_ex.c ****   {
 3164              		.loc 1 1190 46 discriminator 8 view .LVU884
 3165 00a6 013B     		subs	r3, r3, #1
 3166 00a8 18BF     		it	ne
 3167 00aa 0123     		movne	r3, #1
 3168 00ac B3E7     		b	.L245
 3169              	.L262:
1190:Drivers/STM32F7xx_HAL_Driver/Src/stm32f7xx_hal_tim_ex.c ****   {
 3170              		.loc 1 1190 7 discriminator 4 view .LVU885
 3171 00ae 94F84530 		ldrb	r3, [r4, #69]	@ zero_extendqisi2
 3172 00b2 DBB2     		uxtb	r3, r3
1190:Drivers/STM32F7xx_HAL_Driver/Src/stm32f7xx_hal_tim_ex.c ****   {
 3173              		.loc 1 1190 46 discriminator 4 view .LVU886
 3174 00b4 013B     		subs	r3, r3, #1
 3175 00b6 18BF     		it	ne
 3176 00b8 0123     		movne	r3, #1
 3177 00ba ACE7     		b	.L245
 3178              	.L263:
1190:Drivers/STM32F7xx_HAL_Driver/Src/stm32f7xx_hal_tim_ex.c ****   {
 3179              		.loc 1 1190 7 discriminator 7 view .LVU887
 3180 00bc 94F84630 		ldrb	r3, [r4, #70]	@ zero_extendqisi2
 3181 00c0 DBB2     		uxtb	r3, r3
1190:Drivers/STM32F7xx_HAL_Driver/Src/stm32f7xx_hal_tim_ex.c ****   {
 3182              		.loc 1 1190 46 discriminator 7 view .LVU888
 3183 00c2 013B     		subs	r3, r3, #1
 3184 00c4 18BF     		it	ne
 3185 00c6 0123     		movne	r3, #1
 3186 00c8 A5E7     		b	.L245
 3187              	.L249:
1196:Drivers/STM32F7xx_HAL_Driver/Src/stm32f7xx_hal_tim_ex.c **** 
 3188              		.loc 1 1196 3 discriminator 2 view .LVU889
 3189 00ca 0428     		cmp	r0, #4
 3190 00cc 0CD0     		beq	.L264
1196:Drivers/STM32F7xx_HAL_Driver/Src/stm32f7xx_hal_tim_ex.c **** 
 3191              		.loc 1 1196 3 discriminator 4 view .LVU890
 3192 00ce 0828     		cmp	r0, #8
 3193 00d0 13D0     		beq	.L265
1196:Drivers/STM32F7xx_HAL_Driver/Src/stm32f7xx_hal_tim_ex.c **** 
 3194              		.loc 1 1196 3 discriminator 7 view .LVU891
 3195 00d2 0223     		movs	r3, #2
 3196 00d4 84F84730 		strb	r3, [r4, #71]
1198:Drivers/STM32F7xx_HAL_Driver/Src/stm32f7xx_hal_tim_ex.c ****   {
 3197              		.loc 1 1198 3 is_stmt 1 view .LVU892
 3198 00d8 0428     		cmp	r0, #4
 3199 00da 08D0     		beq	.L252
ARM GAS  /tmp/ccLIbKdJ.s 			page 117


 3200 00dc 0828     		cmp	r0, #8
 3201 00de 0FD0     		beq	.L254
 3202 00e0 0028     		cmp	r0, #0
 3203 00e2 A0D0     		beq	.L250
 3204 00e4 0120     		movs	r0, #1
 3205              	.LVL207:
1198:Drivers/STM32F7xx_HAL_Driver/Src/stm32f7xx_hal_tim_ex.c ****   {
 3206              		.loc 1 1198 3 is_stmt 0 view .LVU893
 3207 00e6 20E0     		b	.L248
 3208              	.LVL208:
 3209              	.L264:
1196:Drivers/STM32F7xx_HAL_Driver/Src/stm32f7xx_hal_tim_ex.c **** 
 3210              		.loc 1 1196 3 discriminator 3 view .LVU894
 3211 00e8 0223     		movs	r3, #2
 3212 00ea 84F84530 		strb	r3, [r4, #69]
1198:Drivers/STM32F7xx_HAL_Driver/Src/stm32f7xx_hal_tim_ex.c ****   {
 3213              		.loc 1 1198 3 is_stmt 1 view .LVU895
 3214              	.L252:
1210:Drivers/STM32F7xx_HAL_Driver/Src/stm32f7xx_hal_tim_ex.c ****       break;
 3215              		.loc 1 1210 7 view .LVU896
 3216 00ee 2268     		ldr	r2, [r4]
 3217 00f0 D368     		ldr	r3, [r2, #12]
 3218 00f2 43F00403 		orr	r3, r3, #4
 3219 00f6 D360     		str	r3, [r2, #12]
1211:Drivers/STM32F7xx_HAL_Driver/Src/stm32f7xx_hal_tim_ex.c ****     }
 3220              		.loc 1 1211 7 view .LVU897
1226:Drivers/STM32F7xx_HAL_Driver/Src/stm32f7xx_hal_tim_ex.c ****   {
 3221              		.loc 1 1226 3 view .LVU898
 3222 00f8 9AE7     		b	.L255
 3223              	.L265:
1196:Drivers/STM32F7xx_HAL_Driver/Src/stm32f7xx_hal_tim_ex.c **** 
 3224              		.loc 1 1196 3 is_stmt 0 discriminator 6 view .LVU899
 3225 00fa 0223     		movs	r3, #2
 3226 00fc 84F84630 		strb	r3, [r4, #70]
1198:Drivers/STM32F7xx_HAL_Driver/Src/stm32f7xx_hal_tim_ex.c ****   {
 3227              		.loc 1 1198 3 is_stmt 1 view .LVU900
 3228              	.L254:
1217:Drivers/STM32F7xx_HAL_Driver/Src/stm32f7xx_hal_tim_ex.c ****       break;
 3229              		.loc 1 1217 7 view .LVU901
 3230 0100 2268     		ldr	r2, [r4]
 3231 0102 D368     		ldr	r3, [r2, #12]
 3232 0104 43F00803 		orr	r3, r3, #8
 3233 0108 D360     		str	r3, [r2, #12]
1218:Drivers/STM32F7xx_HAL_Driver/Src/stm32f7xx_hal_tim_ex.c ****     }
 3234              		.loc 1 1218 7 view .LVU902
1226:Drivers/STM32F7xx_HAL_Driver/Src/stm32f7xx_hal_tim_ex.c ****   {
 3235              		.loc 1 1226 3 view .LVU903
 3236 010a 91E7     		b	.L255
 3237              	.LVL209:
 3238              	.L256:
1240:Drivers/STM32F7xx_HAL_Driver/Src/stm32f7xx_hal_tim_ex.c ****       if (!IS_TIM_SLAVEMODE_TRIGGER_ENABLED(tmpsmcr))
 3239              		.loc 1 1240 7 view .LVU904
1240:Drivers/STM32F7xx_HAL_Driver/Src/stm32f7xx_hal_tim_ex.c ****       if (!IS_TIM_SLAVEMODE_TRIGGER_ENABLED(tmpsmcr))
 3240              		.loc 1 1240 31 is_stmt 0 view .LVU905
 3241 010c 9968     		ldr	r1, [r3, #8]
1240:Drivers/STM32F7xx_HAL_Driver/Src/stm32f7xx_hal_tim_ex.c ****       if (!IS_TIM_SLAVEMODE_TRIGGER_ENABLED(tmpsmcr))
 3242              		.loc 1 1240 15 view .LVU906
ARM GAS  /tmp/ccLIbKdJ.s 			page 118


 3243 010e 094A     		ldr	r2, .L266+4
 3244 0110 0A40     		ands	r2, r2, r1
 3245              	.LVL210:
1241:Drivers/STM32F7xx_HAL_Driver/Src/stm32f7xx_hal_tim_ex.c ****       {
 3246              		.loc 1 1241 7 is_stmt 1 view .LVU907
1241:Drivers/STM32F7xx_HAL_Driver/Src/stm32f7xx_hal_tim_ex.c ****       {
 3247              		.loc 1 1241 10 is_stmt 0 view .LVU908
 3248 0112 062A     		cmp	r2, #6
 3249 0114 18BF     		it	ne
 3250 0116 B2F5803F 		cmpne	r2, #65536
 3251 011a 07D0     		beq	.L260
1243:Drivers/STM32F7xx_HAL_Driver/Src/stm32f7xx_hal_tim_ex.c ****       }
 3252              		.loc 1 1243 9 is_stmt 1 view .LVU909
 3253 011c 1A68     		ldr	r2, [r3]
 3254              	.LVL211:
1243:Drivers/STM32F7xx_HAL_Driver/Src/stm32f7xx_hal_tim_ex.c ****       }
 3255              		.loc 1 1243 9 is_stmt 0 view .LVU910
 3256 011e 42F00102 		orr	r2, r2, #1
 3257 0122 1A60     		str	r2, [r3]
 3258 0124 0020     		movs	r0, #0
 3259 0126 00E0     		b	.L248
 3260              	.LVL212:
 3261              	.L258:
1192:Drivers/STM32F7xx_HAL_Driver/Src/stm32f7xx_hal_tim_ex.c ****   }
 3262              		.loc 1 1192 12 view .LVU911
 3263 0128 0120     		movs	r0, #1
 3264              	.LVL213:
 3265              	.L248:
1254:Drivers/STM32F7xx_HAL_Driver/Src/stm32f7xx_hal_tim_ex.c **** 
 3266              		.loc 1 1254 1 view .LVU912
 3267 012a 10BD     		pop	{r4, pc}
 3268              	.LVL214:
 3269              	.L260:
1254:Drivers/STM32F7xx_HAL_Driver/Src/stm32f7xx_hal_tim_ex.c **** 
 3270              		.loc 1 1254 1 view .LVU913
 3271 012c 0020     		movs	r0, #0
 3272 012e FCE7     		b	.L248
 3273              	.L267:
 3274              		.align	2
 3275              	.L266:
 3276 0130 00000140 		.word	1073807360
 3277 0134 07000100 		.word	65543
 3278              		.cfi_endproc
 3279              	.LFE159:
 3281              		.section	.text.HAL_TIMEx_PWMN_Stop_IT,"ax",%progbits
 3282              		.align	1
 3283              		.global	HAL_TIMEx_PWMN_Stop_IT
 3284              		.syntax unified
 3285              		.thumb
 3286              		.thumb_func
 3288              	HAL_TIMEx_PWMN_Stop_IT:
 3289              	.LVL215:
 3290              	.LFB160:
1268:Drivers/STM32F7xx_HAL_Driver/Src/stm32f7xx_hal_tim_ex.c ****   HAL_StatusTypeDef status = HAL_OK;
 3291              		.loc 1 1268 1 is_stmt 1 view -0
 3292              		.cfi_startproc
 3293              		@ args = 0, pretend = 0, frame = 0
ARM GAS  /tmp/ccLIbKdJ.s 			page 119


 3294              		@ frame_needed = 0, uses_anonymous_args = 0
1268:Drivers/STM32F7xx_HAL_Driver/Src/stm32f7xx_hal_tim_ex.c ****   HAL_StatusTypeDef status = HAL_OK;
 3295              		.loc 1 1268 1 is_stmt 0 view .LVU915
 3296 0000 38B5     		push	{r3, r4, r5, lr}
 3297              	.LCFI23:
 3298              		.cfi_def_cfa_offset 16
 3299              		.cfi_offset 3, -16
 3300              		.cfi_offset 4, -12
 3301              		.cfi_offset 5, -8
 3302              		.cfi_offset 14, -4
 3303 0002 0446     		mov	r4, r0
 3304 0004 0D46     		mov	r5, r1
1269:Drivers/STM32F7xx_HAL_Driver/Src/stm32f7xx_hal_tim_ex.c ****   uint32_t tmpccer;
 3305              		.loc 1 1269 3 is_stmt 1 view .LVU916
 3306              	.LVL216:
1270:Drivers/STM32F7xx_HAL_Driver/Src/stm32f7xx_hal_tim_ex.c **** 
 3307              		.loc 1 1270 3 view .LVU917
1273:Drivers/STM32F7xx_HAL_Driver/Src/stm32f7xx_hal_tim_ex.c **** 
 3308              		.loc 1 1273 3 view .LVU918
1275:Drivers/STM32F7xx_HAL_Driver/Src/stm32f7xx_hal_tim_ex.c ****   {
 3309              		.loc 1 1275 3 view .LVU919
 3310 0006 0429     		cmp	r1, #4
 3311 0008 39D0     		beq	.L269
 3312 000a 0829     		cmp	r1, #8
 3313 000c 3DD0     		beq	.L270
 3314 000e 0029     		cmp	r1, #0
 3315 0010 54D1     		bne	.L279
1280:Drivers/STM32F7xx_HAL_Driver/Src/stm32f7xx_hal_tim_ex.c ****       break;
 3316              		.loc 1 1280 7 view .LVU920
 3317 0012 0268     		ldr	r2, [r0]
 3318 0014 D368     		ldr	r3, [r2, #12]
 3319 0016 23F00203 		bic	r3, r3, #2
 3320 001a D360     		str	r3, [r2, #12]
1281:Drivers/STM32F7xx_HAL_Driver/Src/stm32f7xx_hal_tim_ex.c ****     }
 3321              		.loc 1 1281 7 view .LVU921
1303:Drivers/STM32F7xx_HAL_Driver/Src/stm32f7xx_hal_tim_ex.c ****   {
 3322              		.loc 1 1303 3 view .LVU922
 3323              	.L272:
1306:Drivers/STM32F7xx_HAL_Driver/Src/stm32f7xx_hal_tim_ex.c **** 
 3324              		.loc 1 1306 5 view .LVU923
 3325 001c 0022     		movs	r2, #0
 3326 001e 2946     		mov	r1, r5
 3327              	.LVL217:
1306:Drivers/STM32F7xx_HAL_Driver/Src/stm32f7xx_hal_tim_ex.c **** 
 3328              		.loc 1 1306 5 is_stmt 0 view .LVU924
 3329 0020 2068     		ldr	r0, [r4]
 3330              	.LVL218:
1306:Drivers/STM32F7xx_HAL_Driver/Src/stm32f7xx_hal_tim_ex.c **** 
 3331              		.loc 1 1306 5 view .LVU925
 3332 0022 FFF7FEFF 		bl	TIM_CCxNChannelCmd
 3333              	.LVL219:
1309:Drivers/STM32F7xx_HAL_Driver/Src/stm32f7xx_hal_tim_ex.c ****     if ((tmpccer & TIM_CCER_CCxNE_MASK) == (uint32_t)RESET)
 3334              		.loc 1 1309 5 is_stmt 1 view .LVU926
1309:Drivers/STM32F7xx_HAL_Driver/Src/stm32f7xx_hal_tim_ex.c ****     if ((tmpccer & TIM_CCER_CCxNE_MASK) == (uint32_t)RESET)
 3335              		.loc 1 1309 19 is_stmt 0 view .LVU927
 3336 0026 2368     		ldr	r3, [r4]
1309:Drivers/STM32F7xx_HAL_Driver/Src/stm32f7xx_hal_tim_ex.c ****     if ((tmpccer & TIM_CCER_CCxNE_MASK) == (uint32_t)RESET)
ARM GAS  /tmp/ccLIbKdJ.s 			page 120


 3337              		.loc 1 1309 13 view .LVU928
 3338 0028 196A     		ldr	r1, [r3, #32]
 3339              	.LVL220:
1310:Drivers/STM32F7xx_HAL_Driver/Src/stm32f7xx_hal_tim_ex.c ****     {
 3340              		.loc 1 1310 5 is_stmt 1 view .LVU929
1310:Drivers/STM32F7xx_HAL_Driver/Src/stm32f7xx_hal_tim_ex.c ****     {
 3341              		.loc 1 1310 8 is_stmt 0 view .LVU930
 3342 002a 40F24442 		movw	r2, #1092
 3343 002e 1142     		tst	r1, r2
 3344 0030 03D1     		bne	.L273
1312:Drivers/STM32F7xx_HAL_Driver/Src/stm32f7xx_hal_tim_ex.c ****     }
 3345              		.loc 1 1312 7 is_stmt 1 view .LVU931
 3346 0032 DA68     		ldr	r2, [r3, #12]
 3347 0034 22F08002 		bic	r2, r2, #128
 3348 0038 DA60     		str	r2, [r3, #12]
 3349              	.L273:
1316:Drivers/STM32F7xx_HAL_Driver/Src/stm32f7xx_hal_tim_ex.c **** 
 3350              		.loc 1 1316 5 view .LVU932
1316:Drivers/STM32F7xx_HAL_Driver/Src/stm32f7xx_hal_tim_ex.c **** 
 3351              		.loc 1 1316 5 view .LVU933
 3352 003a 2268     		ldr	r2, [r4]
 3353 003c 116A     		ldr	r1, [r2, #32]
 3354              	.LVL221:
1316:Drivers/STM32F7xx_HAL_Driver/Src/stm32f7xx_hal_tim_ex.c **** 
 3355              		.loc 1 1316 5 is_stmt 0 view .LVU934
 3356 003e 204B     		ldr	r3, .L283
 3357 0040 0B40     		ands	r3, r3, r1
 3358 0042 43B9     		cbnz	r3, .L274
1316:Drivers/STM32F7xx_HAL_Driver/Src/stm32f7xx_hal_tim_ex.c **** 
 3359              		.loc 1 1316 5 is_stmt 1 discriminator 1 view .LVU935
 3360 0044 116A     		ldr	r1, [r2, #32]
 3361 0046 40F24443 		movw	r3, #1092
 3362 004a 1942     		tst	r1, r3
 3363 004c 03D1     		bne	.L274
1316:Drivers/STM32F7xx_HAL_Driver/Src/stm32f7xx_hal_tim_ex.c **** 
 3364              		.loc 1 1316 5 discriminator 3 view .LVU936
 3365 004e 536C     		ldr	r3, [r2, #68]
 3366 0050 23F40043 		bic	r3, r3, #32768
 3367 0054 5364     		str	r3, [r2, #68]
 3368              	.L274:
1316:Drivers/STM32F7xx_HAL_Driver/Src/stm32f7xx_hal_tim_ex.c **** 
 3369              		.loc 1 1316 5 discriminator 5 view .LVU937
1319:Drivers/STM32F7xx_HAL_Driver/Src/stm32f7xx_hal_tim_ex.c **** 
 3370              		.loc 1 1319 5 view .LVU938
1319:Drivers/STM32F7xx_HAL_Driver/Src/stm32f7xx_hal_tim_ex.c **** 
 3371              		.loc 1 1319 5 view .LVU939
 3372 0056 2268     		ldr	r2, [r4]
 3373 0058 116A     		ldr	r1, [r2, #32]
 3374 005a 194B     		ldr	r3, .L283
 3375 005c 0B40     		ands	r3, r3, r1
 3376 005e 43B9     		cbnz	r3, .L275
1319:Drivers/STM32F7xx_HAL_Driver/Src/stm32f7xx_hal_tim_ex.c **** 
 3377              		.loc 1 1319 5 discriminator 1 view .LVU940
 3378 0060 116A     		ldr	r1, [r2, #32]
 3379 0062 40F24443 		movw	r3, #1092
 3380 0066 1942     		tst	r1, r3
 3381 0068 03D1     		bne	.L275
ARM GAS  /tmp/ccLIbKdJ.s 			page 121


1319:Drivers/STM32F7xx_HAL_Driver/Src/stm32f7xx_hal_tim_ex.c **** 
 3382              		.loc 1 1319 5 discriminator 3 view .LVU941
 3383 006a 1368     		ldr	r3, [r2]
 3384 006c 23F00103 		bic	r3, r3, #1
 3385 0070 1360     		str	r3, [r2]
 3386              	.L275:
1319:Drivers/STM32F7xx_HAL_Driver/Src/stm32f7xx_hal_tim_ex.c **** 
 3387              		.loc 1 1319 5 discriminator 5 view .LVU942
1322:Drivers/STM32F7xx_HAL_Driver/Src/stm32f7xx_hal_tim_ex.c ****   }
 3388              		.loc 1 1322 5 view .LVU943
 3389 0072 85B9     		cbnz	r5, .L276
1322:Drivers/STM32F7xx_HAL_Driver/Src/stm32f7xx_hal_tim_ex.c ****   }
 3390              		.loc 1 1322 5 is_stmt 0 discriminator 1 view .LVU944
 3391 0074 0123     		movs	r3, #1
 3392 0076 84F84430 		strb	r3, [r4, #68]
 3393 007a 0020     		movs	r0, #0
 3394              	.LVL222:
 3395              	.L271:
1326:Drivers/STM32F7xx_HAL_Driver/Src/stm32f7xx_hal_tim_ex.c **** }
 3396              		.loc 1 1326 3 is_stmt 1 view .LVU945
1327:Drivers/STM32F7xx_HAL_Driver/Src/stm32f7xx_hal_tim_ex.c **** 
 3397              		.loc 1 1327 1 is_stmt 0 view .LVU946
 3398 007c 38BD     		pop	{r3, r4, r5, pc}
 3399              	.LVL223:
 3400              	.L269:
1287:Drivers/STM32F7xx_HAL_Driver/Src/stm32f7xx_hal_tim_ex.c ****       break;
 3401              		.loc 1 1287 7 is_stmt 1 view .LVU947
 3402 007e 0268     		ldr	r2, [r0]
 3403 0080 D368     		ldr	r3, [r2, #12]
 3404 0082 23F00403 		bic	r3, r3, #4
 3405 0086 D360     		str	r3, [r2, #12]
1288:Drivers/STM32F7xx_HAL_Driver/Src/stm32f7xx_hal_tim_ex.c ****     }
 3406              		.loc 1 1288 7 view .LVU948
1303:Drivers/STM32F7xx_HAL_Driver/Src/stm32f7xx_hal_tim_ex.c ****   {
 3407              		.loc 1 1303 3 view .LVU949
 3408 0088 C8E7     		b	.L272
 3409              	.L270:
1294:Drivers/STM32F7xx_HAL_Driver/Src/stm32f7xx_hal_tim_ex.c ****       break;
 3410              		.loc 1 1294 7 view .LVU950
 3411 008a 0268     		ldr	r2, [r0]
 3412 008c D368     		ldr	r3, [r2, #12]
 3413 008e 23F00803 		bic	r3, r3, #8
 3414 0092 D360     		str	r3, [r2, #12]
1295:Drivers/STM32F7xx_HAL_Driver/Src/stm32f7xx_hal_tim_ex.c ****     }
 3415              		.loc 1 1295 7 view .LVU951
1303:Drivers/STM32F7xx_HAL_Driver/Src/stm32f7xx_hal_tim_ex.c ****   {
 3416              		.loc 1 1303 3 view .LVU952
 3417 0094 C2E7     		b	.L272
 3418              	.LVL224:
 3419              	.L276:
1322:Drivers/STM32F7xx_HAL_Driver/Src/stm32f7xx_hal_tim_ex.c ****   }
 3420              		.loc 1 1322 5 is_stmt 0 discriminator 2 view .LVU953
 3421 0096 042D     		cmp	r5, #4
 3422 0098 06D0     		beq	.L281
1322:Drivers/STM32F7xx_HAL_Driver/Src/stm32f7xx_hal_tim_ex.c ****   }
 3423              		.loc 1 1322 5 discriminator 4 view .LVU954
 3424 009a 082D     		cmp	r5, #8
ARM GAS  /tmp/ccLIbKdJ.s 			page 122


 3425 009c 09D0     		beq	.L282
1322:Drivers/STM32F7xx_HAL_Driver/Src/stm32f7xx_hal_tim_ex.c ****   }
 3426              		.loc 1 1322 5 discriminator 7 view .LVU955
 3427 009e 0123     		movs	r3, #1
 3428 00a0 84F84730 		strb	r3, [r4, #71]
 3429 00a4 0020     		movs	r0, #0
 3430 00a6 E9E7     		b	.L271
 3431              	.L281:
1322:Drivers/STM32F7xx_HAL_Driver/Src/stm32f7xx_hal_tim_ex.c ****   }
 3432              		.loc 1 1322 5 discriminator 3 view .LVU956
 3433 00a8 0123     		movs	r3, #1
 3434 00aa 84F84530 		strb	r3, [r4, #69]
 3435 00ae 0020     		movs	r0, #0
 3436 00b0 E4E7     		b	.L271
 3437              	.L282:
1322:Drivers/STM32F7xx_HAL_Driver/Src/stm32f7xx_hal_tim_ex.c ****   }
 3438              		.loc 1 1322 5 discriminator 6 view .LVU957
 3439 00b2 0123     		movs	r3, #1
 3440 00b4 84F84630 		strb	r3, [r4, #70]
 3441 00b8 0020     		movs	r0, #0
 3442 00ba DFE7     		b	.L271
 3443              	.LVL225:
 3444              	.L279:
1275:Drivers/STM32F7xx_HAL_Driver/Src/stm32f7xx_hal_tim_ex.c ****   {
 3445              		.loc 1 1275 3 view .LVU958
 3446 00bc 0120     		movs	r0, #1
 3447              	.LVL226:
1275:Drivers/STM32F7xx_HAL_Driver/Src/stm32f7xx_hal_tim_ex.c ****   {
 3448              		.loc 1 1275 3 view .LVU959
 3449 00be DDE7     		b	.L271
 3450              	.L284:
 3451              		.align	2
 3452              	.L283:
 3453 00c0 11111100 		.word	1118481
 3454              		.cfi_endproc
 3455              	.LFE160:
 3457              		.section	.text.HAL_TIMEx_PWMN_Start_DMA,"ax",%progbits
 3458              		.align	1
 3459              		.global	HAL_TIMEx_PWMN_Start_DMA
 3460              		.syntax unified
 3461              		.thumb
 3462              		.thumb_func
 3464              	HAL_TIMEx_PWMN_Start_DMA:
 3465              	.LVL227:
 3466              	.LFB161:
1344:Drivers/STM32F7xx_HAL_Driver/Src/stm32f7xx_hal_tim_ex.c ****   HAL_StatusTypeDef status = HAL_OK;
 3467              		.loc 1 1344 1 is_stmt 1 view -0
 3468              		.cfi_startproc
 3469              		@ args = 0, pretend = 0, frame = 0
 3470              		@ frame_needed = 0, uses_anonymous_args = 0
1344:Drivers/STM32F7xx_HAL_Driver/Src/stm32f7xx_hal_tim_ex.c ****   HAL_StatusTypeDef status = HAL_OK;
 3471              		.loc 1 1344 1 is_stmt 0 view .LVU961
 3472 0000 38B5     		push	{r3, r4, r5, lr}
 3473              	.LCFI24:
 3474              		.cfi_def_cfa_offset 16
 3475              		.cfi_offset 3, -16
 3476              		.cfi_offset 4, -12
ARM GAS  /tmp/ccLIbKdJ.s 			page 123


 3477              		.cfi_offset 5, -8
 3478              		.cfi_offset 14, -4
 3479 0002 0446     		mov	r4, r0
 3480 0004 9446     		mov	ip, r2
1345:Drivers/STM32F7xx_HAL_Driver/Src/stm32f7xx_hal_tim_ex.c ****   uint32_t tmpsmcr;
 3481              		.loc 1 1345 3 is_stmt 1 view .LVU962
 3482              	.LVL228:
1346:Drivers/STM32F7xx_HAL_Driver/Src/stm32f7xx_hal_tim_ex.c **** 
 3483              		.loc 1 1346 3 view .LVU963
1349:Drivers/STM32F7xx_HAL_Driver/Src/stm32f7xx_hal_tim_ex.c **** 
 3484              		.loc 1 1349 3 view .LVU964
1352:Drivers/STM32F7xx_HAL_Driver/Src/stm32f7xx_hal_tim_ex.c ****   {
 3485              		.loc 1 1352 3 view .LVU965
1352:Drivers/STM32F7xx_HAL_Driver/Src/stm32f7xx_hal_tim_ex.c ****   {
 3486              		.loc 1 1352 46 is_stmt 0 view .LVU966
 3487 0006 0D46     		mov	r5, r1
 3488 0008 0029     		cmp	r1, #0
 3489 000a 6ED1     		bne	.L286
1352:Drivers/STM32F7xx_HAL_Driver/Src/stm32f7xx_hal_tim_ex.c ****   {
 3490              		.loc 1 1352 7 discriminator 1 view .LVU967
 3491 000c 90F84400 		ldrb	r0, [r0, #68]	@ zero_extendqisi2
 3492              	.LVL229:
1352:Drivers/STM32F7xx_HAL_Driver/Src/stm32f7xx_hal_tim_ex.c ****   {
 3493              		.loc 1 1352 7 discriminator 1 view .LVU968
 3494 0010 C0B2     		uxtb	r0, r0
1352:Drivers/STM32F7xx_HAL_Driver/Src/stm32f7xx_hal_tim_ex.c ****   {
 3495              		.loc 1 1352 46 discriminator 1 view .LVU969
 3496 0012 0228     		cmp	r0, #2
 3497 0014 14BF     		ite	ne
 3498 0016 0020     		movne	r0, #0
 3499 0018 0120     		moveq	r0, #1
 3500              	.L287:
1352:Drivers/STM32F7xx_HAL_Driver/Src/stm32f7xx_hal_tim_ex.c ****   {
 3501              		.loc 1 1352 6 discriminator 12 view .LVU970
 3502 001a 0028     		cmp	r0, #0
 3503 001c 40F0EE80 		bne	.L304
1356:Drivers/STM32F7xx_HAL_Driver/Src/stm32f7xx_hal_tim_ex.c ****   {
 3504              		.loc 1 1356 8 is_stmt 1 view .LVU971
1356:Drivers/STM32F7xx_HAL_Driver/Src/stm32f7xx_hal_tim_ex.c ****   {
 3505              		.loc 1 1356 51 is_stmt 0 view .LVU972
 3506 0020 002D     		cmp	r5, #0
 3507 0022 7ED1     		bne	.L291
1356:Drivers/STM32F7xx_HAL_Driver/Src/stm32f7xx_hal_tim_ex.c ****   {
 3508              		.loc 1 1356 12 discriminator 1 view .LVU973
 3509 0024 94F84420 		ldrb	r2, [r4, #68]	@ zero_extendqisi2
 3510              	.LVL230:
1356:Drivers/STM32F7xx_HAL_Driver/Src/stm32f7xx_hal_tim_ex.c ****   {
 3511              		.loc 1 1356 12 discriminator 1 view .LVU974
 3512 0028 D2B2     		uxtb	r2, r2
1356:Drivers/STM32F7xx_HAL_Driver/Src/stm32f7xx_hal_tim_ex.c ****   {
 3513              		.loc 1 1356 51 discriminator 1 view .LVU975
 3514 002a 012A     		cmp	r2, #1
 3515 002c 14BF     		ite	ne
 3516 002e 0022     		movne	r2, #0
 3517 0030 0122     		moveq	r2, #1
 3518              	.L292:
1356:Drivers/STM32F7xx_HAL_Driver/Src/stm32f7xx_hal_tim_ex.c ****   {
ARM GAS  /tmp/ccLIbKdJ.s 			page 124


 3519              		.loc 1 1356 11 discriminator 12 view .LVU976
 3520 0032 002A     		cmp	r2, #0
 3521 0034 00F0E480 		beq	.L305
1358:Drivers/STM32F7xx_HAL_Driver/Src/stm32f7xx_hal_tim_ex.c ****     {
 3522              		.loc 1 1358 5 is_stmt 1 view .LVU977
1358:Drivers/STM32F7xx_HAL_Driver/Src/stm32f7xx_hal_tim_ex.c ****     {
 3523              		.loc 1 1358 8 is_stmt 0 view .LVU978
 3524 0038 002B     		cmp	r3, #0
 3525 003a 18BF     		it	ne
 3526 003c BCF1000F 		cmpne	ip, #0
 3527 0040 00F0E080 		beq	.L306
1364:Drivers/STM32F7xx_HAL_Driver/Src/stm32f7xx_hal_tim_ex.c ****     }
 3528              		.loc 1 1364 7 is_stmt 1 view .LVU979
 3529 0044 002D     		cmp	r5, #0
 3530 0046 40F08880 		bne	.L295
1364:Drivers/STM32F7xx_HAL_Driver/Src/stm32f7xx_hal_tim_ex.c ****     }
 3531              		.loc 1 1364 7 is_stmt 0 discriminator 1 view .LVU980
 3532 004a 0222     		movs	r2, #2
 3533 004c 84F84420 		strb	r2, [r4, #68]
1372:Drivers/STM32F7xx_HAL_Driver/Src/stm32f7xx_hal_tim_ex.c ****   {
 3534              		.loc 1 1372 3 is_stmt 1 view .LVU981
 3535              	.L296:
1377:Drivers/STM32F7xx_HAL_Driver/Src/stm32f7xx_hal_tim_ex.c ****       htim->hdma[TIM_DMA_ID_CC1]->XferHalfCpltCallback = TIM_DMADelayPulseHalfCplt;
 3536              		.loc 1 1377 7 view .LVU982
1377:Drivers/STM32F7xx_HAL_Driver/Src/stm32f7xx_hal_tim_ex.c ****       htim->hdma[TIM_DMA_ID_CC1]->XferHalfCpltCallback = TIM_DMADelayPulseHalfCplt;
 3537              		.loc 1 1377 17 is_stmt 0 view .LVU983
 3538 0050 626A     		ldr	r2, [r4, #36]
1377:Drivers/STM32F7xx_HAL_Driver/Src/stm32f7xx_hal_tim_ex.c ****       htim->hdma[TIM_DMA_ID_CC1]->XferHalfCpltCallback = TIM_DMADelayPulseHalfCplt;
 3539              		.loc 1 1377 52 view .LVU984
 3540 0052 7149     		ldr	r1, .L319
 3541              	.LVL231:
1377:Drivers/STM32F7xx_HAL_Driver/Src/stm32f7xx_hal_tim_ex.c ****       htim->hdma[TIM_DMA_ID_CC1]->XferHalfCpltCallback = TIM_DMADelayPulseHalfCplt;
 3542              		.loc 1 1377 52 view .LVU985
 3543 0054 D163     		str	r1, [r2, #60]
1378:Drivers/STM32F7xx_HAL_Driver/Src/stm32f7xx_hal_tim_ex.c **** 
 3544              		.loc 1 1378 7 is_stmt 1 view .LVU986
1378:Drivers/STM32F7xx_HAL_Driver/Src/stm32f7xx_hal_tim_ex.c **** 
 3545              		.loc 1 1378 17 is_stmt 0 view .LVU987
 3546 0056 626A     		ldr	r2, [r4, #36]
1378:Drivers/STM32F7xx_HAL_Driver/Src/stm32f7xx_hal_tim_ex.c **** 
 3547              		.loc 1 1378 56 view .LVU988
 3548 0058 7049     		ldr	r1, .L319+4
 3549 005a 1164     		str	r1, [r2, #64]
1381:Drivers/STM32F7xx_HAL_Driver/Src/stm32f7xx_hal_tim_ex.c **** 
 3550              		.loc 1 1381 7 is_stmt 1 view .LVU989
1381:Drivers/STM32F7xx_HAL_Driver/Src/stm32f7xx_hal_tim_ex.c **** 
 3551              		.loc 1 1381 17 is_stmt 0 view .LVU990
 3552 005c 626A     		ldr	r2, [r4, #36]
1381:Drivers/STM32F7xx_HAL_Driver/Src/stm32f7xx_hal_tim_ex.c **** 
 3553              		.loc 1 1381 53 view .LVU991
 3554 005e 7049     		ldr	r1, .L319+8
 3555 0060 D164     		str	r1, [r2, #76]
1384:Drivers/STM32F7xx_HAL_Driver/Src/stm32f7xx_hal_tim_ex.c ****                            Length) != HAL_OK)
 3556              		.loc 1 1384 7 is_stmt 1 view .LVU992
1384:Drivers/STM32F7xx_HAL_Driver/Src/stm32f7xx_hal_tim_ex.c ****                            Length) != HAL_OK)
 3557              		.loc 1 1384 88 is_stmt 0 view .LVU993
 3558 0062 2268     		ldr	r2, [r4]
ARM GAS  /tmp/ccLIbKdJ.s 			page 125


1384:Drivers/STM32F7xx_HAL_Driver/Src/stm32f7xx_hal_tim_ex.c ****                            Length) != HAL_OK)
 3559              		.loc 1 1384 11 view .LVU994
 3560 0064 3432     		adds	r2, r2, #52
 3561 0066 6146     		mov	r1, ip
 3562 0068 606A     		ldr	r0, [r4, #36]
 3563 006a FFF7FEFF 		bl	HAL_DMA_Start_IT
 3564              	.LVL232:
1384:Drivers/STM32F7xx_HAL_Driver/Src/stm32f7xx_hal_tim_ex.c ****                            Length) != HAL_OK)
 3565              		.loc 1 1384 10 discriminator 1 view .LVU995
 3566 006e 0028     		cmp	r0, #0
 3567 0070 40F0CA80 		bne	.L308
1391:Drivers/STM32F7xx_HAL_Driver/Src/stm32f7xx_hal_tim_ex.c ****       break;
 3568              		.loc 1 1391 7 is_stmt 1 view .LVU996
 3569 0074 2268     		ldr	r2, [r4]
 3570 0076 D368     		ldr	r3, [r2, #12]
 3571 0078 43F40073 		orr	r3, r3, #512
 3572 007c D360     		str	r3, [r2, #12]
1392:Drivers/STM32F7xx_HAL_Driver/Src/stm32f7xx_hal_tim_ex.c ****     }
 3573              		.loc 1 1392 7 view .LVU997
1442:Drivers/STM32F7xx_HAL_Driver/Src/stm32f7xx_hal_tim_ex.c ****   {
 3574              		.loc 1 1442 3 view .LVU998
 3575              	.L301:
1445:Drivers/STM32F7xx_HAL_Driver/Src/stm32f7xx_hal_tim_ex.c **** 
 3576              		.loc 1 1445 5 view .LVU999
 3577 007e 0422     		movs	r2, #4
 3578 0080 2946     		mov	r1, r5
 3579 0082 2068     		ldr	r0, [r4]
 3580 0084 FFF7FEFF 		bl	TIM_CCxNChannelCmd
 3581              	.LVL233:
1448:Drivers/STM32F7xx_HAL_Driver/Src/stm32f7xx_hal_tim_ex.c **** 
 3582              		.loc 1 1448 5 view .LVU1000
 3583 0088 2268     		ldr	r2, [r4]
 3584 008a 536C     		ldr	r3, [r2, #68]
 3585 008c 43F40043 		orr	r3, r3, #32768
 3586 0090 5364     		str	r3, [r2, #68]
1451:Drivers/STM32F7xx_HAL_Driver/Src/stm32f7xx_hal_tim_ex.c ****     {
 3587              		.loc 1 1451 5 view .LVU1001
1451:Drivers/STM32F7xx_HAL_Driver/Src/stm32f7xx_hal_tim_ex.c ****     {
 3588              		.loc 1 1451 9 is_stmt 0 view .LVU1002
 3589 0092 2368     		ldr	r3, [r4]
1451:Drivers/STM32F7xx_HAL_Driver/Src/stm32f7xx_hal_tim_ex.c ****     {
 3590              		.loc 1 1451 8 view .LVU1003
 3591 0094 634A     		ldr	r2, .L319+12
 3592 0096 B3F1804F 		cmp	r3, #1073741824
 3593 009a 18BF     		it	ne
 3594 009c 9342     		cmpne	r3, r2
 3595 009e 00F09F80 		beq	.L302
1451:Drivers/STM32F7xx_HAL_Driver/Src/stm32f7xx_hal_tim_ex.c ****     {
 3596              		.loc 1 1451 9 discriminator 1 view .LVU1004
 3597 00a2 A2F57C42 		sub	r2, r2, #64512
 3598 00a6 9342     		cmp	r3, r2
 3599 00a8 00F09A80 		beq	.L302
1451:Drivers/STM32F7xx_HAL_Driver/Src/stm32f7xx_hal_tim_ex.c ****     {
 3600              		.loc 1 1451 9 discriminator 2 view .LVU1005
 3601 00ac 02F58062 		add	r2, r2, #1024
 3602 00b0 9342     		cmp	r3, r2
 3603 00b2 00F09580 		beq	.L302
ARM GAS  /tmp/ccLIbKdJ.s 			page 126


1451:Drivers/STM32F7xx_HAL_Driver/Src/stm32f7xx_hal_tim_ex.c ****     {
 3604              		.loc 1 1451 9 discriminator 3 view .LVU1006
 3605 00b6 02F58062 		add	r2, r2, #1024
 3606 00ba 9342     		cmp	r3, r2
 3607 00bc 00F09080 		beq	.L302
1451:Drivers/STM32F7xx_HAL_Driver/Src/stm32f7xx_hal_tim_ex.c ****     {
 3608              		.loc 1 1451 9 discriminator 4 view .LVU1007
 3609 00c0 02F57842 		add	r2, r2, #63488
 3610 00c4 9342     		cmp	r3, r2
 3611 00c6 00F08B80 		beq	.L302
1451:Drivers/STM32F7xx_HAL_Driver/Src/stm32f7xx_hal_tim_ex.c ****     {
 3612              		.loc 1 1451 9 discriminator 5 view .LVU1008
 3613 00ca 02F57052 		add	r2, r2, #15360
 3614 00ce 9342     		cmp	r3, r2
 3615 00d0 00F08680 		beq	.L302
1451:Drivers/STM32F7xx_HAL_Driver/Src/stm32f7xx_hal_tim_ex.c ****     {
 3616              		.loc 1 1451 9 discriminator 6 view .LVU1009
 3617 00d4 A2F59432 		sub	r2, r2, #75776
 3618 00d8 9342     		cmp	r3, r2
 3619 00da 00F08180 		beq	.L302
1461:Drivers/STM32F7xx_HAL_Driver/Src/stm32f7xx_hal_tim_ex.c ****     }
 3620              		.loc 1 1461 7 is_stmt 1 view .LVU1010
 3621 00de 1A68     		ldr	r2, [r3]
 3622 00e0 42F00102 		orr	r2, r2, #1
 3623 00e4 1A60     		str	r2, [r3]
 3624 00e6 0020     		movs	r0, #0
 3625 00e8 8BE0     		b	.L290
 3626              	.LVL234:
 3627              	.L286:
1352:Drivers/STM32F7xx_HAL_Driver/Src/stm32f7xx_hal_tim_ex.c ****   {
 3628              		.loc 1 1352 46 is_stmt 0 discriminator 2 view .LVU1011
 3629 00ea 0429     		cmp	r1, #4
 3630 00ec 09D0     		beq	.L313
1352:Drivers/STM32F7xx_HAL_Driver/Src/stm32f7xx_hal_tim_ex.c ****   {
 3631              		.loc 1 1352 46 discriminator 5 view .LVU1012
 3632 00ee 0829     		cmp	r1, #8
 3633 00f0 0FD0     		beq	.L314
1352:Drivers/STM32F7xx_HAL_Driver/Src/stm32f7xx_hal_tim_ex.c ****   {
 3634              		.loc 1 1352 7 discriminator 8 view .LVU1013
 3635 00f2 90F84700 		ldrb	r0, [r0, #71]	@ zero_extendqisi2
 3636              	.LVL235:
1352:Drivers/STM32F7xx_HAL_Driver/Src/stm32f7xx_hal_tim_ex.c ****   {
 3637              		.loc 1 1352 7 discriminator 8 view .LVU1014
 3638 00f6 C0B2     		uxtb	r0, r0
1352:Drivers/STM32F7xx_HAL_Driver/Src/stm32f7xx_hal_tim_ex.c ****   {
 3639              		.loc 1 1352 46 discriminator 8 view .LVU1015
 3640 00f8 0228     		cmp	r0, #2
 3641 00fa 14BF     		ite	ne
 3642 00fc 0020     		movne	r0, #0
 3643 00fe 0120     		moveq	r0, #1
 3644 0100 8BE7     		b	.L287
 3645              	.LVL236:
 3646              	.L313:
1352:Drivers/STM32F7xx_HAL_Driver/Src/stm32f7xx_hal_tim_ex.c ****   {
 3647              		.loc 1 1352 7 discriminator 4 view .LVU1016
 3648 0102 90F84500 		ldrb	r0, [r0, #69]	@ zero_extendqisi2
 3649              	.LVL237:
ARM GAS  /tmp/ccLIbKdJ.s 			page 127


1352:Drivers/STM32F7xx_HAL_Driver/Src/stm32f7xx_hal_tim_ex.c ****   {
 3650              		.loc 1 1352 7 discriminator 4 view .LVU1017
 3651 0106 C0B2     		uxtb	r0, r0
1352:Drivers/STM32F7xx_HAL_Driver/Src/stm32f7xx_hal_tim_ex.c ****   {
 3652              		.loc 1 1352 46 discriminator 4 view .LVU1018
 3653 0108 0228     		cmp	r0, #2
 3654 010a 14BF     		ite	ne
 3655 010c 0020     		movne	r0, #0
 3656 010e 0120     		moveq	r0, #1
 3657 0110 83E7     		b	.L287
 3658              	.LVL238:
 3659              	.L314:
1352:Drivers/STM32F7xx_HAL_Driver/Src/stm32f7xx_hal_tim_ex.c ****   {
 3660              		.loc 1 1352 7 discriminator 7 view .LVU1019
 3661 0112 90F84600 		ldrb	r0, [r0, #70]	@ zero_extendqisi2
 3662              	.LVL239:
1352:Drivers/STM32F7xx_HAL_Driver/Src/stm32f7xx_hal_tim_ex.c ****   {
 3663              		.loc 1 1352 7 discriminator 7 view .LVU1020
 3664 0116 C0B2     		uxtb	r0, r0
1352:Drivers/STM32F7xx_HAL_Driver/Src/stm32f7xx_hal_tim_ex.c ****   {
 3665              		.loc 1 1352 46 discriminator 7 view .LVU1021
 3666 0118 0228     		cmp	r0, #2
 3667 011a 14BF     		ite	ne
 3668 011c 0020     		movne	r0, #0
 3669 011e 0120     		moveq	r0, #1
 3670 0120 7BE7     		b	.L287
 3671              	.L291:
1356:Drivers/STM32F7xx_HAL_Driver/Src/stm32f7xx_hal_tim_ex.c ****   {
 3672              		.loc 1 1356 51 discriminator 2 view .LVU1022
 3673 0122 042D     		cmp	r5, #4
 3674 0124 09D0     		beq	.L315
1356:Drivers/STM32F7xx_HAL_Driver/Src/stm32f7xx_hal_tim_ex.c ****   {
 3675              		.loc 1 1356 51 discriminator 5 view .LVU1023
 3676 0126 082D     		cmp	r5, #8
 3677 0128 0FD0     		beq	.L316
1356:Drivers/STM32F7xx_HAL_Driver/Src/stm32f7xx_hal_tim_ex.c ****   {
 3678              		.loc 1 1356 12 discriminator 8 view .LVU1024
 3679 012a 94F84720 		ldrb	r2, [r4, #71]	@ zero_extendqisi2
 3680              	.LVL240:
1356:Drivers/STM32F7xx_HAL_Driver/Src/stm32f7xx_hal_tim_ex.c ****   {
 3681              		.loc 1 1356 12 discriminator 8 view .LVU1025
 3682 012e D2B2     		uxtb	r2, r2
1356:Drivers/STM32F7xx_HAL_Driver/Src/stm32f7xx_hal_tim_ex.c ****   {
 3683              		.loc 1 1356 51 discriminator 8 view .LVU1026
 3684 0130 012A     		cmp	r2, #1
 3685 0132 14BF     		ite	ne
 3686 0134 0022     		movne	r2, #0
 3687 0136 0122     		moveq	r2, #1
 3688 0138 7BE7     		b	.L292
 3689              	.LVL241:
 3690              	.L315:
1356:Drivers/STM32F7xx_HAL_Driver/Src/stm32f7xx_hal_tim_ex.c ****   {
 3691              		.loc 1 1356 12 discriminator 4 view .LVU1027
 3692 013a 94F84520 		ldrb	r2, [r4, #69]	@ zero_extendqisi2
 3693              	.LVL242:
1356:Drivers/STM32F7xx_HAL_Driver/Src/stm32f7xx_hal_tim_ex.c ****   {
 3694              		.loc 1 1356 12 discriminator 4 view .LVU1028
ARM GAS  /tmp/ccLIbKdJ.s 			page 128


 3695 013e D2B2     		uxtb	r2, r2
1356:Drivers/STM32F7xx_HAL_Driver/Src/stm32f7xx_hal_tim_ex.c ****   {
 3696              		.loc 1 1356 51 discriminator 4 view .LVU1029
 3697 0140 012A     		cmp	r2, #1
 3698 0142 14BF     		ite	ne
 3699 0144 0022     		movne	r2, #0
 3700 0146 0122     		moveq	r2, #1
 3701 0148 73E7     		b	.L292
 3702              	.LVL243:
 3703              	.L316:
1356:Drivers/STM32F7xx_HAL_Driver/Src/stm32f7xx_hal_tim_ex.c ****   {
 3704              		.loc 1 1356 12 discriminator 7 view .LVU1030
 3705 014a 94F84620 		ldrb	r2, [r4, #70]	@ zero_extendqisi2
 3706              	.LVL244:
1356:Drivers/STM32F7xx_HAL_Driver/Src/stm32f7xx_hal_tim_ex.c ****   {
 3707              		.loc 1 1356 12 discriminator 7 view .LVU1031
 3708 014e D2B2     		uxtb	r2, r2
1356:Drivers/STM32F7xx_HAL_Driver/Src/stm32f7xx_hal_tim_ex.c ****   {
 3709              		.loc 1 1356 51 discriminator 7 view .LVU1032
 3710 0150 012A     		cmp	r2, #1
 3711 0152 14BF     		ite	ne
 3712 0154 0022     		movne	r2, #0
 3713 0156 0122     		moveq	r2, #1
 3714 0158 6BE7     		b	.L292
 3715              	.L295:
1364:Drivers/STM32F7xx_HAL_Driver/Src/stm32f7xx_hal_tim_ex.c ****     }
 3716              		.loc 1 1364 7 discriminator 2 view .LVU1033
 3717 015a 042D     		cmp	r5, #4
 3718 015c 0DD0     		beq	.L317
1364:Drivers/STM32F7xx_HAL_Driver/Src/stm32f7xx_hal_tim_ex.c ****     }
 3719              		.loc 1 1364 7 discriminator 4 view .LVU1034
 3720 015e 082D     		cmp	r5, #8
 3721 0160 25D0     		beq	.L318
1364:Drivers/STM32F7xx_HAL_Driver/Src/stm32f7xx_hal_tim_ex.c ****     }
 3722              		.loc 1 1364 7 discriminator 7 view .LVU1035
 3723 0162 0222     		movs	r2, #2
 3724 0164 84F84720 		strb	r2, [r4, #71]
1372:Drivers/STM32F7xx_HAL_Driver/Src/stm32f7xx_hal_tim_ex.c ****   {
 3725              		.loc 1 1372 3 is_stmt 1 view .LVU1036
 3726 0168 042D     		cmp	r5, #4
 3727 016a 09D0     		beq	.L298
 3728 016c 082D     		cmp	r5, #8
 3729 016e 21D0     		beq	.L300
 3730 0170 002D     		cmp	r5, #0
 3731 0172 3FF46DAF 		beq	.L296
 3732 0176 0120     		movs	r0, #1
 3733 0178 43E0     		b	.L290
 3734              	.L317:
1364:Drivers/STM32F7xx_HAL_Driver/Src/stm32f7xx_hal_tim_ex.c ****     }
 3735              		.loc 1 1364 7 is_stmt 0 discriminator 3 view .LVU1037
 3736 017a 0222     		movs	r2, #2
 3737 017c 84F84520 		strb	r2, [r4, #69]
1372:Drivers/STM32F7xx_HAL_Driver/Src/stm32f7xx_hal_tim_ex.c ****   {
 3738              		.loc 1 1372 3 is_stmt 1 view .LVU1038
 3739              	.L298:
1398:Drivers/STM32F7xx_HAL_Driver/Src/stm32f7xx_hal_tim_ex.c ****       htim->hdma[TIM_DMA_ID_CC2]->XferHalfCpltCallback = TIM_DMADelayPulseHalfCplt;
 3740              		.loc 1 1398 7 view .LVU1039
ARM GAS  /tmp/ccLIbKdJ.s 			page 129


1398:Drivers/STM32F7xx_HAL_Driver/Src/stm32f7xx_hal_tim_ex.c ****       htim->hdma[TIM_DMA_ID_CC2]->XferHalfCpltCallback = TIM_DMADelayPulseHalfCplt;
 3741              		.loc 1 1398 17 is_stmt 0 view .LVU1040
 3742 0180 A26A     		ldr	r2, [r4, #40]
1398:Drivers/STM32F7xx_HAL_Driver/Src/stm32f7xx_hal_tim_ex.c ****       htim->hdma[TIM_DMA_ID_CC2]->XferHalfCpltCallback = TIM_DMADelayPulseHalfCplt;
 3743              		.loc 1 1398 52 view .LVU1041
 3744 0182 2549     		ldr	r1, .L319
 3745              	.LVL245:
1398:Drivers/STM32F7xx_HAL_Driver/Src/stm32f7xx_hal_tim_ex.c ****       htim->hdma[TIM_DMA_ID_CC2]->XferHalfCpltCallback = TIM_DMADelayPulseHalfCplt;
 3746              		.loc 1 1398 52 view .LVU1042
 3747 0184 D163     		str	r1, [r2, #60]
1399:Drivers/STM32F7xx_HAL_Driver/Src/stm32f7xx_hal_tim_ex.c **** 
 3748              		.loc 1 1399 7 is_stmt 1 view .LVU1043
1399:Drivers/STM32F7xx_HAL_Driver/Src/stm32f7xx_hal_tim_ex.c **** 
 3749              		.loc 1 1399 17 is_stmt 0 view .LVU1044
 3750 0186 A26A     		ldr	r2, [r4, #40]
1399:Drivers/STM32F7xx_HAL_Driver/Src/stm32f7xx_hal_tim_ex.c **** 
 3751              		.loc 1 1399 56 view .LVU1045
 3752 0188 2449     		ldr	r1, .L319+4
 3753 018a 1164     		str	r1, [r2, #64]
1402:Drivers/STM32F7xx_HAL_Driver/Src/stm32f7xx_hal_tim_ex.c **** 
 3754              		.loc 1 1402 7 is_stmt 1 view .LVU1046
1402:Drivers/STM32F7xx_HAL_Driver/Src/stm32f7xx_hal_tim_ex.c **** 
 3755              		.loc 1 1402 17 is_stmt 0 view .LVU1047
 3756 018c A26A     		ldr	r2, [r4, #40]
1402:Drivers/STM32F7xx_HAL_Driver/Src/stm32f7xx_hal_tim_ex.c **** 
 3757              		.loc 1 1402 53 view .LVU1048
 3758 018e 2449     		ldr	r1, .L319+8
 3759 0190 D164     		str	r1, [r2, #76]
1405:Drivers/STM32F7xx_HAL_Driver/Src/stm32f7xx_hal_tim_ex.c ****                            Length) != HAL_OK)
 3760              		.loc 1 1405 7 is_stmt 1 view .LVU1049
1405:Drivers/STM32F7xx_HAL_Driver/Src/stm32f7xx_hal_tim_ex.c ****                            Length) != HAL_OK)
 3761              		.loc 1 1405 88 is_stmt 0 view .LVU1050
 3762 0192 2268     		ldr	r2, [r4]
1405:Drivers/STM32F7xx_HAL_Driver/Src/stm32f7xx_hal_tim_ex.c ****                            Length) != HAL_OK)
 3763              		.loc 1 1405 11 view .LVU1051
 3764 0194 3832     		adds	r2, r2, #56
 3765 0196 6146     		mov	r1, ip
 3766 0198 A06A     		ldr	r0, [r4, #40]
 3767 019a FFF7FEFF 		bl	HAL_DMA_Start_IT
 3768              	.LVL246:
1405:Drivers/STM32F7xx_HAL_Driver/Src/stm32f7xx_hal_tim_ex.c ****                            Length) != HAL_OK)
 3769              		.loc 1 1405 10 discriminator 1 view .LVU1052
 3770 019e 0028     		cmp	r0, #0
 3771 01a0 34D1     		bne	.L309
1412:Drivers/STM32F7xx_HAL_Driver/Src/stm32f7xx_hal_tim_ex.c ****       break;
 3772              		.loc 1 1412 7 is_stmt 1 view .LVU1053
 3773 01a2 2268     		ldr	r2, [r4]
 3774 01a4 D368     		ldr	r3, [r2, #12]
 3775 01a6 43F48063 		orr	r3, r3, #1024
 3776 01aa D360     		str	r3, [r2, #12]
1413:Drivers/STM32F7xx_HAL_Driver/Src/stm32f7xx_hal_tim_ex.c ****     }
 3777              		.loc 1 1413 7 view .LVU1054
1442:Drivers/STM32F7xx_HAL_Driver/Src/stm32f7xx_hal_tim_ex.c ****   {
 3778              		.loc 1 1442 3 view .LVU1055
 3779 01ac 67E7     		b	.L301
 3780              	.LVL247:
 3781              	.L318:
ARM GAS  /tmp/ccLIbKdJ.s 			page 130


1364:Drivers/STM32F7xx_HAL_Driver/Src/stm32f7xx_hal_tim_ex.c ****     }
 3782              		.loc 1 1364 7 is_stmt 0 discriminator 6 view .LVU1056
 3783 01ae 0222     		movs	r2, #2
 3784 01b0 84F84620 		strb	r2, [r4, #70]
1372:Drivers/STM32F7xx_HAL_Driver/Src/stm32f7xx_hal_tim_ex.c ****   {
 3785              		.loc 1 1372 3 is_stmt 1 view .LVU1057
 3786              	.L300:
1419:Drivers/STM32F7xx_HAL_Driver/Src/stm32f7xx_hal_tim_ex.c ****       htim->hdma[TIM_DMA_ID_CC3]->XferHalfCpltCallback = TIM_DMADelayPulseHalfCplt;
 3787              		.loc 1 1419 7 view .LVU1058
1419:Drivers/STM32F7xx_HAL_Driver/Src/stm32f7xx_hal_tim_ex.c ****       htim->hdma[TIM_DMA_ID_CC3]->XferHalfCpltCallback = TIM_DMADelayPulseHalfCplt;
 3788              		.loc 1 1419 17 is_stmt 0 view .LVU1059
 3789 01b4 E26A     		ldr	r2, [r4, #44]
1419:Drivers/STM32F7xx_HAL_Driver/Src/stm32f7xx_hal_tim_ex.c ****       htim->hdma[TIM_DMA_ID_CC3]->XferHalfCpltCallback = TIM_DMADelayPulseHalfCplt;
 3790              		.loc 1 1419 52 view .LVU1060
 3791 01b6 1849     		ldr	r1, .L319
 3792              	.LVL248:
1419:Drivers/STM32F7xx_HAL_Driver/Src/stm32f7xx_hal_tim_ex.c ****       htim->hdma[TIM_DMA_ID_CC3]->XferHalfCpltCallback = TIM_DMADelayPulseHalfCplt;
 3793              		.loc 1 1419 52 view .LVU1061
 3794 01b8 D163     		str	r1, [r2, #60]
1420:Drivers/STM32F7xx_HAL_Driver/Src/stm32f7xx_hal_tim_ex.c **** 
 3795              		.loc 1 1420 7 is_stmt 1 view .LVU1062
1420:Drivers/STM32F7xx_HAL_Driver/Src/stm32f7xx_hal_tim_ex.c **** 
 3796              		.loc 1 1420 17 is_stmt 0 view .LVU1063
 3797 01ba E26A     		ldr	r2, [r4, #44]
1420:Drivers/STM32F7xx_HAL_Driver/Src/stm32f7xx_hal_tim_ex.c **** 
 3798              		.loc 1 1420 56 view .LVU1064
 3799 01bc 1749     		ldr	r1, .L319+4
 3800 01be 1164     		str	r1, [r2, #64]
1423:Drivers/STM32F7xx_HAL_Driver/Src/stm32f7xx_hal_tim_ex.c **** 
 3801              		.loc 1 1423 7 is_stmt 1 view .LVU1065
1423:Drivers/STM32F7xx_HAL_Driver/Src/stm32f7xx_hal_tim_ex.c **** 
 3802              		.loc 1 1423 17 is_stmt 0 view .LVU1066
 3803 01c0 E26A     		ldr	r2, [r4, #44]
1423:Drivers/STM32F7xx_HAL_Driver/Src/stm32f7xx_hal_tim_ex.c **** 
 3804              		.loc 1 1423 53 view .LVU1067
 3805 01c2 1749     		ldr	r1, .L319+8
 3806 01c4 D164     		str	r1, [r2, #76]
1426:Drivers/STM32F7xx_HAL_Driver/Src/stm32f7xx_hal_tim_ex.c ****                            Length) != HAL_OK)
 3807              		.loc 1 1426 7 is_stmt 1 view .LVU1068
1426:Drivers/STM32F7xx_HAL_Driver/Src/stm32f7xx_hal_tim_ex.c ****                            Length) != HAL_OK)
 3808              		.loc 1 1426 88 is_stmt 0 view .LVU1069
 3809 01c6 2268     		ldr	r2, [r4]
1426:Drivers/STM32F7xx_HAL_Driver/Src/stm32f7xx_hal_tim_ex.c ****                            Length) != HAL_OK)
 3810              		.loc 1 1426 11 view .LVU1070
 3811 01c8 3C32     		adds	r2, r2, #60
 3812 01ca 6146     		mov	r1, ip
 3813 01cc E06A     		ldr	r0, [r4, #44]
 3814 01ce FFF7FEFF 		bl	HAL_DMA_Start_IT
 3815              	.LVL249:
1426:Drivers/STM32F7xx_HAL_Driver/Src/stm32f7xx_hal_tim_ex.c ****                            Length) != HAL_OK)
 3816              		.loc 1 1426 10 discriminator 1 view .LVU1071
 3817 01d2 E8B9     		cbnz	r0, .L310
1433:Drivers/STM32F7xx_HAL_Driver/Src/stm32f7xx_hal_tim_ex.c ****       break;
 3818              		.loc 1 1433 7 is_stmt 1 view .LVU1072
 3819 01d4 2268     		ldr	r2, [r4]
 3820 01d6 D368     		ldr	r3, [r2, #12]
 3821 01d8 43F40063 		orr	r3, r3, #2048
ARM GAS  /tmp/ccLIbKdJ.s 			page 131


 3822 01dc D360     		str	r3, [r2, #12]
1434:Drivers/STM32F7xx_HAL_Driver/Src/stm32f7xx_hal_tim_ex.c ****     }
 3823              		.loc 1 1434 7 view .LVU1073
1442:Drivers/STM32F7xx_HAL_Driver/Src/stm32f7xx_hal_tim_ex.c ****   {
 3824              		.loc 1 1442 3 view .LVU1074
 3825 01de 4EE7     		b	.L301
 3826              	.L302:
1453:Drivers/STM32F7xx_HAL_Driver/Src/stm32f7xx_hal_tim_ex.c ****       if (!IS_TIM_SLAVEMODE_TRIGGER_ENABLED(tmpsmcr))
 3827              		.loc 1 1453 7 view .LVU1075
1453:Drivers/STM32F7xx_HAL_Driver/Src/stm32f7xx_hal_tim_ex.c ****       if (!IS_TIM_SLAVEMODE_TRIGGER_ENABLED(tmpsmcr))
 3828              		.loc 1 1453 31 is_stmt 0 view .LVU1076
 3829 01e0 9968     		ldr	r1, [r3, #8]
1453:Drivers/STM32F7xx_HAL_Driver/Src/stm32f7xx_hal_tim_ex.c ****       if (!IS_TIM_SLAVEMODE_TRIGGER_ENABLED(tmpsmcr))
 3830              		.loc 1 1453 15 view .LVU1077
 3831 01e2 114A     		ldr	r2, .L319+16
 3832 01e4 0A40     		ands	r2, r2, r1
 3833              	.LVL250:
1454:Drivers/STM32F7xx_HAL_Driver/Src/stm32f7xx_hal_tim_ex.c ****       {
 3834              		.loc 1 1454 7 is_stmt 1 view .LVU1078
1454:Drivers/STM32F7xx_HAL_Driver/Src/stm32f7xx_hal_tim_ex.c ****       {
 3835              		.loc 1 1454 10 is_stmt 0 view .LVU1079
 3836 01e6 062A     		cmp	r2, #6
 3837 01e8 18BF     		it	ne
 3838 01ea B2F5803F 		cmpne	r2, #65536
 3839 01ee 11D0     		beq	.L311
1456:Drivers/STM32F7xx_HAL_Driver/Src/stm32f7xx_hal_tim_ex.c ****       }
 3840              		.loc 1 1456 9 is_stmt 1 view .LVU1080
 3841 01f0 1A68     		ldr	r2, [r3]
 3842              	.LVL251:
1456:Drivers/STM32F7xx_HAL_Driver/Src/stm32f7xx_hal_tim_ex.c ****       }
 3843              		.loc 1 1456 9 is_stmt 0 view .LVU1081
 3844 01f2 42F00102 		orr	r2, r2, #1
 3845 01f6 1A60     		str	r2, [r3]
 3846 01f8 0020     		movs	r0, #0
 3847 01fa 02E0     		b	.L290
 3848              	.LVL252:
 3849              	.L304:
1354:Drivers/STM32F7xx_HAL_Driver/Src/stm32f7xx_hal_tim_ex.c ****   }
 3850              		.loc 1 1354 12 view .LVU1082
 3851 01fc 0220     		movs	r0, #2
 3852 01fe 00E0     		b	.L290
 3853              	.LVL253:
 3854              	.L305:
1369:Drivers/STM32F7xx_HAL_Driver/Src/stm32f7xx_hal_tim_ex.c ****   }
 3855              		.loc 1 1369 12 view .LVU1083
 3856 0200 0120     		movs	r0, #1
 3857              	.LVL254:
 3858              	.L290:
1467:Drivers/STM32F7xx_HAL_Driver/Src/stm32f7xx_hal_tim_ex.c **** 
 3859              		.loc 1 1467 1 view .LVU1084
 3860 0202 38BD     		pop	{r3, r4, r5, pc}
 3861              	.LVL255:
 3862              	.L306:
1360:Drivers/STM32F7xx_HAL_Driver/Src/stm32f7xx_hal_tim_ex.c ****     }
 3863              		.loc 1 1360 14 view .LVU1085
 3864 0204 0120     		movs	r0, #1
 3865 0206 FCE7     		b	.L290
ARM GAS  /tmp/ccLIbKdJ.s 			page 132


 3866              	.LVL256:
 3867              	.L308:
1388:Drivers/STM32F7xx_HAL_Driver/Src/stm32f7xx_hal_tim_ex.c ****       }
 3868              		.loc 1 1388 16 view .LVU1086
 3869 0208 0120     		movs	r0, #1
 3870 020a FAE7     		b	.L290
 3871              	.L309:
1409:Drivers/STM32F7xx_HAL_Driver/Src/stm32f7xx_hal_tim_ex.c ****       }
 3872              		.loc 1 1409 16 view .LVU1087
 3873 020c 0120     		movs	r0, #1
 3874 020e F8E7     		b	.L290
 3875              	.L310:
1430:Drivers/STM32F7xx_HAL_Driver/Src/stm32f7xx_hal_tim_ex.c ****       }
 3876              		.loc 1 1430 16 view .LVU1088
 3877 0210 0120     		movs	r0, #1
 3878 0212 F6E7     		b	.L290
 3879              	.LVL257:
 3880              	.L311:
1430:Drivers/STM32F7xx_HAL_Driver/Src/stm32f7xx_hal_tim_ex.c ****       }
 3881              		.loc 1 1430 16 view .LVU1089
 3882 0214 0020     		movs	r0, #0
 3883 0216 F4E7     		b	.L290
 3884              	.L320:
 3885              		.align	2
 3886              	.L319:
 3887 0218 00000000 		.word	TIM_DMADelayPulseNCplt
 3888 021c 00000000 		.word	TIM_DMADelayPulseHalfCplt
 3889 0220 00000000 		.word	TIM_DMAErrorCCxN
 3890 0224 00000140 		.word	1073807360
 3891 0228 07000100 		.word	65543
 3892              		.cfi_endproc
 3893              	.LFE161:
 3895              		.section	.text.HAL_TIMEx_PWMN_Stop_DMA,"ax",%progbits
 3896              		.align	1
 3897              		.global	HAL_TIMEx_PWMN_Stop_DMA
 3898              		.syntax unified
 3899              		.thumb
 3900              		.thumb_func
 3902              	HAL_TIMEx_PWMN_Stop_DMA:
 3903              	.LVL258:
 3904              	.LFB162:
1481:Drivers/STM32F7xx_HAL_Driver/Src/stm32f7xx_hal_tim_ex.c ****   HAL_StatusTypeDef status = HAL_OK;
 3905              		.loc 1 1481 1 is_stmt 1 view -0
 3906              		.cfi_startproc
 3907              		@ args = 0, pretend = 0, frame = 0
 3908              		@ frame_needed = 0, uses_anonymous_args = 0
1481:Drivers/STM32F7xx_HAL_Driver/Src/stm32f7xx_hal_tim_ex.c ****   HAL_StatusTypeDef status = HAL_OK;
 3909              		.loc 1 1481 1 is_stmt 0 view .LVU1091
 3910 0000 38B5     		push	{r3, r4, r5, lr}
 3911              	.LCFI25:
 3912              		.cfi_def_cfa_offset 16
 3913              		.cfi_offset 3, -16
 3914              		.cfi_offset 4, -12
 3915              		.cfi_offset 5, -8
 3916              		.cfi_offset 14, -4
 3917 0002 0446     		mov	r4, r0
 3918 0004 0D46     		mov	r5, r1
ARM GAS  /tmp/ccLIbKdJ.s 			page 133


1482:Drivers/STM32F7xx_HAL_Driver/Src/stm32f7xx_hal_tim_ex.c **** 
 3919              		.loc 1 1482 3 is_stmt 1 view .LVU1092
 3920              	.LVL259:
1485:Drivers/STM32F7xx_HAL_Driver/Src/stm32f7xx_hal_tim_ex.c **** 
 3921              		.loc 1 1485 3 view .LVU1093
1487:Drivers/STM32F7xx_HAL_Driver/Src/stm32f7xx_hal_tim_ex.c ****   {
 3922              		.loc 1 1487 3 view .LVU1094
 3923 0006 0429     		cmp	r1, #4
 3924 0008 32D0     		beq	.L322
 3925 000a 0829     		cmp	r1, #8
 3926 000c 39D0     		beq	.L323
 3927 000e 0029     		cmp	r1, #0
 3928 0010 53D1     		bne	.L331
1492:Drivers/STM32F7xx_HAL_Driver/Src/stm32f7xx_hal_tim_ex.c ****       (void)HAL_DMA_Abort_IT(htim->hdma[TIM_DMA_ID_CC1]);
 3929              		.loc 1 1492 7 view .LVU1095
 3930 0012 0268     		ldr	r2, [r0]
 3931 0014 D368     		ldr	r3, [r2, #12]
 3932 0016 23F40073 		bic	r3, r3, #512
 3933 001a D360     		str	r3, [r2, #12]
1493:Drivers/STM32F7xx_HAL_Driver/Src/stm32f7xx_hal_tim_ex.c ****       break;
 3934              		.loc 1 1493 7 view .LVU1096
1493:Drivers/STM32F7xx_HAL_Driver/Src/stm32f7xx_hal_tim_ex.c ****       break;
 3935              		.loc 1 1493 13 is_stmt 0 view .LVU1097
 3936 001c 406A     		ldr	r0, [r0, #36]
 3937              	.LVL260:
1493:Drivers/STM32F7xx_HAL_Driver/Src/stm32f7xx_hal_tim_ex.c ****       break;
 3938              		.loc 1 1493 13 view .LVU1098
 3939 001e FFF7FEFF 		bl	HAL_DMA_Abort_IT
 3940              	.LVL261:
1494:Drivers/STM32F7xx_HAL_Driver/Src/stm32f7xx_hal_tim_ex.c ****     }
 3941              		.loc 1 1494 7 is_stmt 1 view .LVU1099
1518:Drivers/STM32F7xx_HAL_Driver/Src/stm32f7xx_hal_tim_ex.c ****   {
 3942              		.loc 1 1518 3 view .LVU1100
 3943              	.L325:
1521:Drivers/STM32F7xx_HAL_Driver/Src/stm32f7xx_hal_tim_ex.c **** 
 3944              		.loc 1 1521 5 view .LVU1101
 3945 0022 0022     		movs	r2, #0
 3946 0024 2946     		mov	r1, r5
 3947 0026 2068     		ldr	r0, [r4]
 3948 0028 FFF7FEFF 		bl	TIM_CCxNChannelCmd
 3949              	.LVL262:
1524:Drivers/STM32F7xx_HAL_Driver/Src/stm32f7xx_hal_tim_ex.c **** 
 3950              		.loc 1 1524 5 view .LVU1102
1524:Drivers/STM32F7xx_HAL_Driver/Src/stm32f7xx_hal_tim_ex.c **** 
 3951              		.loc 1 1524 5 view .LVU1103
 3952 002c 2268     		ldr	r2, [r4]
 3953 002e 116A     		ldr	r1, [r2, #32]
 3954 0030 234B     		ldr	r3, .L335
 3955 0032 0B40     		ands	r3, r3, r1
 3956 0034 43B9     		cbnz	r3, .L326
1524:Drivers/STM32F7xx_HAL_Driver/Src/stm32f7xx_hal_tim_ex.c **** 
 3957              		.loc 1 1524 5 discriminator 1 view .LVU1104
 3958 0036 116A     		ldr	r1, [r2, #32]
 3959 0038 40F24443 		movw	r3, #1092
 3960 003c 1942     		tst	r1, r3
 3961 003e 03D1     		bne	.L326
1524:Drivers/STM32F7xx_HAL_Driver/Src/stm32f7xx_hal_tim_ex.c **** 
ARM GAS  /tmp/ccLIbKdJ.s 			page 134


 3962              		.loc 1 1524 5 discriminator 3 view .LVU1105
 3963 0040 536C     		ldr	r3, [r2, #68]
 3964 0042 23F40043 		bic	r3, r3, #32768
 3965 0046 5364     		str	r3, [r2, #68]
 3966              	.L326:
1524:Drivers/STM32F7xx_HAL_Driver/Src/stm32f7xx_hal_tim_ex.c **** 
 3967              		.loc 1 1524 5 discriminator 5 view .LVU1106
1527:Drivers/STM32F7xx_HAL_Driver/Src/stm32f7xx_hal_tim_ex.c **** 
 3968              		.loc 1 1527 5 view .LVU1107
1527:Drivers/STM32F7xx_HAL_Driver/Src/stm32f7xx_hal_tim_ex.c **** 
 3969              		.loc 1 1527 5 view .LVU1108
 3970 0048 2268     		ldr	r2, [r4]
 3971 004a 116A     		ldr	r1, [r2, #32]
 3972 004c 1C4B     		ldr	r3, .L335
 3973 004e 0B40     		ands	r3, r3, r1
 3974 0050 43B9     		cbnz	r3, .L327
1527:Drivers/STM32F7xx_HAL_Driver/Src/stm32f7xx_hal_tim_ex.c **** 
 3975              		.loc 1 1527 5 discriminator 1 view .LVU1109
 3976 0052 116A     		ldr	r1, [r2, #32]
 3977 0054 40F24443 		movw	r3, #1092
 3978 0058 1942     		tst	r1, r3
 3979 005a 03D1     		bne	.L327
1527:Drivers/STM32F7xx_HAL_Driver/Src/stm32f7xx_hal_tim_ex.c **** 
 3980              		.loc 1 1527 5 discriminator 3 view .LVU1110
 3981 005c 1368     		ldr	r3, [r2]
 3982 005e 23F00103 		bic	r3, r3, #1
 3983 0062 1360     		str	r3, [r2]
 3984              	.L327:
1527:Drivers/STM32F7xx_HAL_Driver/Src/stm32f7xx_hal_tim_ex.c **** 
 3985              		.loc 1 1527 5 discriminator 5 view .LVU1111
1530:Drivers/STM32F7xx_HAL_Driver/Src/stm32f7xx_hal_tim_ex.c ****   }
 3986              		.loc 1 1530 5 view .LVU1112
 3987 0064 B5B9     		cbnz	r5, .L328
1530:Drivers/STM32F7xx_HAL_Driver/Src/stm32f7xx_hal_tim_ex.c ****   }
 3988              		.loc 1 1530 5 is_stmt 0 discriminator 1 view .LVU1113
 3989 0066 0123     		movs	r3, #1
 3990 0068 84F84430 		strb	r3, [r4, #68]
 3991 006c 0020     		movs	r0, #0
 3992              	.L324:
 3993              	.LVL263:
1534:Drivers/STM32F7xx_HAL_Driver/Src/stm32f7xx_hal_tim_ex.c **** }
 3994              		.loc 1 1534 3 is_stmt 1 view .LVU1114
1535:Drivers/STM32F7xx_HAL_Driver/Src/stm32f7xx_hal_tim_ex.c **** 
 3995              		.loc 1 1535 1 is_stmt 0 view .LVU1115
 3996 006e 38BD     		pop	{r3, r4, r5, pc}
 3997              	.LVL264:
 3998              	.L322:
1500:Drivers/STM32F7xx_HAL_Driver/Src/stm32f7xx_hal_tim_ex.c ****       (void)HAL_DMA_Abort_IT(htim->hdma[TIM_DMA_ID_CC2]);
 3999              		.loc 1 1500 7 is_stmt 1 view .LVU1116
 4000 0070 0268     		ldr	r2, [r0]
 4001 0072 D368     		ldr	r3, [r2, #12]
 4002 0074 23F48063 		bic	r3, r3, #1024
 4003 0078 D360     		str	r3, [r2, #12]
1501:Drivers/STM32F7xx_HAL_Driver/Src/stm32f7xx_hal_tim_ex.c ****       break;
 4004              		.loc 1 1501 7 view .LVU1117
1501:Drivers/STM32F7xx_HAL_Driver/Src/stm32f7xx_hal_tim_ex.c ****       break;
 4005              		.loc 1 1501 13 is_stmt 0 view .LVU1118
ARM GAS  /tmp/ccLIbKdJ.s 			page 135


 4006 007a 806A     		ldr	r0, [r0, #40]
 4007              	.LVL265:
1501:Drivers/STM32F7xx_HAL_Driver/Src/stm32f7xx_hal_tim_ex.c ****       break;
 4008              		.loc 1 1501 13 view .LVU1119
 4009 007c FFF7FEFF 		bl	HAL_DMA_Abort_IT
 4010              	.LVL266:
1502:Drivers/STM32F7xx_HAL_Driver/Src/stm32f7xx_hal_tim_ex.c ****     }
 4011              		.loc 1 1502 7 is_stmt 1 view .LVU1120
1518:Drivers/STM32F7xx_HAL_Driver/Src/stm32f7xx_hal_tim_ex.c ****   {
 4012              		.loc 1 1518 3 view .LVU1121
 4013 0080 CFE7     		b	.L325
 4014              	.LVL267:
 4015              	.L323:
1508:Drivers/STM32F7xx_HAL_Driver/Src/stm32f7xx_hal_tim_ex.c ****       (void)HAL_DMA_Abort_IT(htim->hdma[TIM_DMA_ID_CC3]);
 4016              		.loc 1 1508 7 view .LVU1122
 4017 0082 0268     		ldr	r2, [r0]
 4018 0084 D368     		ldr	r3, [r2, #12]
 4019 0086 23F40063 		bic	r3, r3, #2048
 4020 008a D360     		str	r3, [r2, #12]
1509:Drivers/STM32F7xx_HAL_Driver/Src/stm32f7xx_hal_tim_ex.c ****       break;
 4021              		.loc 1 1509 7 view .LVU1123
1509:Drivers/STM32F7xx_HAL_Driver/Src/stm32f7xx_hal_tim_ex.c ****       break;
 4022              		.loc 1 1509 13 is_stmt 0 view .LVU1124
 4023 008c C06A     		ldr	r0, [r0, #44]
 4024              	.LVL268:
1509:Drivers/STM32F7xx_HAL_Driver/Src/stm32f7xx_hal_tim_ex.c ****       break;
 4025              		.loc 1 1509 13 view .LVU1125
 4026 008e FFF7FEFF 		bl	HAL_DMA_Abort_IT
 4027              	.LVL269:
1510:Drivers/STM32F7xx_HAL_Driver/Src/stm32f7xx_hal_tim_ex.c ****     }
 4028              		.loc 1 1510 7 is_stmt 1 view .LVU1126
1518:Drivers/STM32F7xx_HAL_Driver/Src/stm32f7xx_hal_tim_ex.c ****   {
 4029              		.loc 1 1518 3 view .LVU1127
 4030 0092 C6E7     		b	.L325
 4031              	.L328:
1530:Drivers/STM32F7xx_HAL_Driver/Src/stm32f7xx_hal_tim_ex.c ****   }
 4032              		.loc 1 1530 5 is_stmt 0 discriminator 2 view .LVU1128
 4033 0094 042D     		cmp	r5, #4
 4034 0096 06D0     		beq	.L333
1530:Drivers/STM32F7xx_HAL_Driver/Src/stm32f7xx_hal_tim_ex.c ****   }
 4035              		.loc 1 1530 5 discriminator 4 view .LVU1129
 4036 0098 082D     		cmp	r5, #8
 4037 009a 09D0     		beq	.L334
1530:Drivers/STM32F7xx_HAL_Driver/Src/stm32f7xx_hal_tim_ex.c ****   }
 4038              		.loc 1 1530 5 discriminator 7 view .LVU1130
 4039 009c 0123     		movs	r3, #1
 4040 009e 84F84730 		strb	r3, [r4, #71]
 4041 00a2 0020     		movs	r0, #0
 4042 00a4 E3E7     		b	.L324
 4043              	.L333:
1530:Drivers/STM32F7xx_HAL_Driver/Src/stm32f7xx_hal_tim_ex.c ****   }
 4044              		.loc 1 1530 5 discriminator 3 view .LVU1131
 4045 00a6 0123     		movs	r3, #1
 4046 00a8 84F84530 		strb	r3, [r4, #69]
 4047 00ac 0020     		movs	r0, #0
 4048 00ae DEE7     		b	.L324
 4049              	.L334:
ARM GAS  /tmp/ccLIbKdJ.s 			page 136


1530:Drivers/STM32F7xx_HAL_Driver/Src/stm32f7xx_hal_tim_ex.c ****   }
 4050              		.loc 1 1530 5 discriminator 6 view .LVU1132
 4051 00b0 0123     		movs	r3, #1
 4052 00b2 84F84630 		strb	r3, [r4, #70]
 4053 00b6 0020     		movs	r0, #0
 4054 00b8 D9E7     		b	.L324
 4055              	.LVL270:
 4056              	.L331:
1487:Drivers/STM32F7xx_HAL_Driver/Src/stm32f7xx_hal_tim_ex.c ****   {
 4057              		.loc 1 1487 3 view .LVU1133
 4058 00ba 0120     		movs	r0, #1
 4059              	.LVL271:
1487:Drivers/STM32F7xx_HAL_Driver/Src/stm32f7xx_hal_tim_ex.c ****   {
 4060              		.loc 1 1487 3 view .LVU1134
 4061 00bc D7E7     		b	.L324
 4062              	.L336:
 4063 00be 00BF     		.align	2
 4064              	.L335:
 4065 00c0 11111100 		.word	1118481
 4066              		.cfi_endproc
 4067              	.LFE162:
 4069              		.section	.text.HAL_TIMEx_OnePulseN_Start,"ax",%progbits
 4070              		.align	1
 4071              		.global	HAL_TIMEx_OnePulseN_Start
 4072              		.syntax unified
 4073              		.thumb
 4074              		.thumb_func
 4076              	HAL_TIMEx_OnePulseN_Start:
 4077              	.LVL272:
 4078              	.LFB163:
1572:Drivers/STM32F7xx_HAL_Driver/Src/stm32f7xx_hal_tim_ex.c ****   uint32_t input_channel = (OutputChannel == TIM_CHANNEL_1) ? TIM_CHANNEL_2 : TIM_CHANNEL_1;
 4079              		.loc 1 1572 1 is_stmt 1 view -0
 4080              		.cfi_startproc
 4081              		@ args = 0, pretend = 0, frame = 0
 4082              		@ frame_needed = 0, uses_anonymous_args = 0
1572:Drivers/STM32F7xx_HAL_Driver/Src/stm32f7xx_hal_tim_ex.c ****   uint32_t input_channel = (OutputChannel == TIM_CHANNEL_1) ? TIM_CHANNEL_2 : TIM_CHANNEL_1;
 4083              		.loc 1 1572 1 is_stmt 0 view .LVU1136
 4084 0000 38B5     		push	{r3, r4, r5, lr}
 4085              	.LCFI26:
 4086              		.cfi_def_cfa_offset 16
 4087              		.cfi_offset 3, -16
 4088              		.cfi_offset 4, -12
 4089              		.cfi_offset 5, -8
 4090              		.cfi_offset 14, -4
 4091 0002 0446     		mov	r4, r0
1573:Drivers/STM32F7xx_HAL_Driver/Src/stm32f7xx_hal_tim_ex.c ****   HAL_TIM_ChannelStateTypeDef channel_1_state = TIM_CHANNEL_STATE_GET(htim, TIM_CHANNEL_1);
 4092              		.loc 1 1573 3 is_stmt 1 view .LVU1137
1573:Drivers/STM32F7xx_HAL_Driver/Src/stm32f7xx_hal_tim_ex.c ****   HAL_TIM_ChannelStateTypeDef channel_1_state = TIM_CHANNEL_STATE_GET(htim, TIM_CHANNEL_1);
 4093              		.loc 1 1573 77 is_stmt 0 view .LVU1138
 4094 0004 8E46     		mov	lr, r1
 4095 0006 91BB     		cbnz	r1, .L340
1573:Drivers/STM32F7xx_HAL_Driver/Src/stm32f7xx_hal_tim_ex.c ****   HAL_TIM_ChannelStateTypeDef channel_1_state = TIM_CHANNEL_STATE_GET(htim, TIM_CHANNEL_1);
 4096              		.loc 1 1573 77 discriminator 1 view .LVU1139
 4097 0008 0425     		movs	r5, #4
 4098              	.L338:
 4099              	.LVL273:
1574:Drivers/STM32F7xx_HAL_Driver/Src/stm32f7xx_hal_tim_ex.c ****   HAL_TIM_ChannelStateTypeDef channel_2_state = TIM_CHANNEL_STATE_GET(htim, TIM_CHANNEL_2);
ARM GAS  /tmp/ccLIbKdJ.s 			page 137


 4100              		.loc 1 1574 3 is_stmt 1 view .LVU1140
1574:Drivers/STM32F7xx_HAL_Driver/Src/stm32f7xx_hal_tim_ex.c ****   HAL_TIM_ChannelStateTypeDef channel_2_state = TIM_CHANNEL_STATE_GET(htim, TIM_CHANNEL_2);
 4101              		.loc 1 1574 31 is_stmt 0 view .LVU1141
 4102 000a 94F83E00 		ldrb	r0, [r4, #62]	@ zero_extendqisi2
 4103              	.LVL274:
1574:Drivers/STM32F7xx_HAL_Driver/Src/stm32f7xx_hal_tim_ex.c ****   HAL_TIM_ChannelStateTypeDef channel_2_state = TIM_CHANNEL_STATE_GET(htim, TIM_CHANNEL_2);
 4104              		.loc 1 1574 31 view .LVU1142
 4105 000e C0B2     		uxtb	r0, r0
 4106              	.LVL275:
1575:Drivers/STM32F7xx_HAL_Driver/Src/stm32f7xx_hal_tim_ex.c ****   HAL_TIM_ChannelStateTypeDef complementary_channel_1_state = TIM_CHANNEL_N_STATE_GET(htim, TIM_CHA
 4107              		.loc 1 1575 3 is_stmt 1 view .LVU1143
1575:Drivers/STM32F7xx_HAL_Driver/Src/stm32f7xx_hal_tim_ex.c ****   HAL_TIM_ChannelStateTypeDef complementary_channel_1_state = TIM_CHANNEL_N_STATE_GET(htim, TIM_CHA
 4108              		.loc 1 1575 31 is_stmt 0 view .LVU1144
 4109 0010 94F83F20 		ldrb	r2, [r4, #63]	@ zero_extendqisi2
 4110 0014 D2B2     		uxtb	r2, r2
 4111              	.LVL276:
1576:Drivers/STM32F7xx_HAL_Driver/Src/stm32f7xx_hal_tim_ex.c ****   HAL_TIM_ChannelStateTypeDef complementary_channel_2_state = TIM_CHANNEL_N_STATE_GET(htim, TIM_CHA
 4112              		.loc 1 1576 3 is_stmt 1 view .LVU1145
1576:Drivers/STM32F7xx_HAL_Driver/Src/stm32f7xx_hal_tim_ex.c ****   HAL_TIM_ChannelStateTypeDef complementary_channel_2_state = TIM_CHANNEL_N_STATE_GET(htim, TIM_CHA
 4113              		.loc 1 1576 31 is_stmt 0 view .LVU1146
 4114 0016 94F84430 		ldrb	r3, [r4, #68]	@ zero_extendqisi2
 4115 001a 5FFA83FC 		uxtb	ip, r3
 4116              	.LVL277:
1577:Drivers/STM32F7xx_HAL_Driver/Src/stm32f7xx_hal_tim_ex.c **** 
 4117              		.loc 1 1577 3 is_stmt 1 view .LVU1147
1577:Drivers/STM32F7xx_HAL_Driver/Src/stm32f7xx_hal_tim_ex.c **** 
 4118              		.loc 1 1577 31 is_stmt 0 view .LVU1148
 4119 001e 94F84530 		ldrb	r3, [r4, #69]	@ zero_extendqisi2
 4120 0022 DBB2     		uxtb	r3, r3
 4121              	.LVL278:
1580:Drivers/STM32F7xx_HAL_Driver/Src/stm32f7xx_hal_tim_ex.c **** 
 4122              		.loc 1 1580 3 is_stmt 1 view .LVU1149
1583:Drivers/STM32F7xx_HAL_Driver/Src/stm32f7xx_hal_tim_ex.c ****       || (channel_2_state != HAL_TIM_CHANNEL_STATE_READY)
 4123              		.loc 1 1583 3 view .LVU1150
1583:Drivers/STM32F7xx_HAL_Driver/Src/stm32f7xx_hal_tim_ex.c ****       || (channel_2_state != HAL_TIM_CHANNEL_STATE_READY)
 4124              		.loc 1 1583 6 is_stmt 0 view .LVU1151
 4125 0024 012A     		cmp	r2, #1
 4126 0026 08BF     		it	eq
 4127 0028 0128     		cmpeq	r0, #1
 4128 002a 22D1     		bne	.L341
1586:Drivers/STM32F7xx_HAL_Driver/Src/stm32f7xx_hal_tim_ex.c ****   {
 4129              		.loc 1 1586 41 view .LVU1152
 4130 002c 013B     		subs	r3, r3, #1
 4131              	.LVL279:
1586:Drivers/STM32F7xx_HAL_Driver/Src/stm32f7xx_hal_tim_ex.c ****   {
 4132              		.loc 1 1586 41 view .LVU1153
 4133 002e 18BF     		it	ne
 4134 0030 0123     		movne	r3, #1
 4135              	.LVL280:
1586:Drivers/STM32F7xx_HAL_Driver/Src/stm32f7xx_hal_tim_ex.c ****   {
 4136              		.loc 1 1586 7 view .LVU1154
 4137 0032 BCF1010F 		cmp	ip, #1
 4138 0036 1ED1     		bne	.L342
 4139 0038 EBB9     		cbnz	r3, .L342
1592:Drivers/STM32F7xx_HAL_Driver/Src/stm32f7xx_hal_tim_ex.c ****   TIM_CHANNEL_STATE_SET(htim, TIM_CHANNEL_2, HAL_TIM_CHANNEL_STATE_BUSY);
 4140              		.loc 1 1592 3 is_stmt 1 view .LVU1155
 4141 003a 0223     		movs	r3, #2
ARM GAS  /tmp/ccLIbKdJ.s 			page 138


 4142 003c 84F83E30 		strb	r3, [r4, #62]
1593:Drivers/STM32F7xx_HAL_Driver/Src/stm32f7xx_hal_tim_ex.c ****   TIM_CHANNEL_N_STATE_SET(htim, TIM_CHANNEL_1, HAL_TIM_CHANNEL_STATE_BUSY);
 4143              		.loc 1 1593 3 view .LVU1156
 4144 0040 84F83F30 		strb	r3, [r4, #63]
1594:Drivers/STM32F7xx_HAL_Driver/Src/stm32f7xx_hal_tim_ex.c ****   TIM_CHANNEL_N_STATE_SET(htim, TIM_CHANNEL_2, HAL_TIM_CHANNEL_STATE_BUSY);
 4145              		.loc 1 1594 3 view .LVU1157
 4146 0044 84F84430 		strb	r3, [r4, #68]
1595:Drivers/STM32F7xx_HAL_Driver/Src/stm32f7xx_hal_tim_ex.c **** 
 4147              		.loc 1 1595 3 view .LVU1158
 4148 0048 84F84530 		strb	r3, [r4, #69]
1598:Drivers/STM32F7xx_HAL_Driver/Src/stm32f7xx_hal_tim_ex.c ****   TIM_CCxChannelCmd(htim->Instance, input_channel, TIM_CCx_ENABLE);
 4149              		.loc 1 1598 3 view .LVU1159
 4150 004c 0422     		movs	r2, #4
 4151              	.LVL281:
1598:Drivers/STM32F7xx_HAL_Driver/Src/stm32f7xx_hal_tim_ex.c ****   TIM_CCxChannelCmd(htim->Instance, input_channel, TIM_CCx_ENABLE);
 4152              		.loc 1 1598 3 is_stmt 0 view .LVU1160
 4153 004e 7146     		mov	r1, lr
 4154              	.LVL282:
1598:Drivers/STM32F7xx_HAL_Driver/Src/stm32f7xx_hal_tim_ex.c ****   TIM_CCxChannelCmd(htim->Instance, input_channel, TIM_CCx_ENABLE);
 4155              		.loc 1 1598 3 view .LVU1161
 4156 0050 2068     		ldr	r0, [r4]
 4157              	.LVL283:
1598:Drivers/STM32F7xx_HAL_Driver/Src/stm32f7xx_hal_tim_ex.c ****   TIM_CCxChannelCmd(htim->Instance, input_channel, TIM_CCx_ENABLE);
 4158              		.loc 1 1598 3 view .LVU1162
 4159 0052 FFF7FEFF 		bl	TIM_CCxNChannelCmd
 4160              	.LVL284:
1599:Drivers/STM32F7xx_HAL_Driver/Src/stm32f7xx_hal_tim_ex.c **** 
 4161              		.loc 1 1599 3 is_stmt 1 view .LVU1163
 4162 0056 0122     		movs	r2, #1
 4163 0058 2946     		mov	r1, r5
 4164 005a 2068     		ldr	r0, [r4]
 4165 005c FFF7FEFF 		bl	TIM_CCxChannelCmd
 4166              	.LVL285:
1602:Drivers/STM32F7xx_HAL_Driver/Src/stm32f7xx_hal_tim_ex.c **** 
 4167              		.loc 1 1602 3 view .LVU1164
 4168 0060 2268     		ldr	r2, [r4]
 4169 0062 536C     		ldr	r3, [r2, #68]
 4170 0064 43F40043 		orr	r3, r3, #32768
 4171 0068 5364     		str	r3, [r2, #68]
1605:Drivers/STM32F7xx_HAL_Driver/Src/stm32f7xx_hal_tim_ex.c **** }
 4172              		.loc 1 1605 3 view .LVU1165
1605:Drivers/STM32F7xx_HAL_Driver/Src/stm32f7xx_hal_tim_ex.c **** }
 4173              		.loc 1 1605 10 is_stmt 0 view .LVU1166
 4174 006a 0020     		movs	r0, #0
 4175 006c 02E0     		b	.L339
 4176              	.LVL286:
 4177              	.L340:
1573:Drivers/STM32F7xx_HAL_Driver/Src/stm32f7xx_hal_tim_ex.c ****   HAL_TIM_ChannelStateTypeDef channel_1_state = TIM_CHANNEL_STATE_GET(htim, TIM_CHANNEL_1);
 4178              		.loc 1 1573 77 discriminator 2 view .LVU1167
 4179 006e 0025     		movs	r5, #0
 4180 0070 CBE7     		b	.L338
 4181              	.LVL287:
 4182              	.L341:
1588:Drivers/STM32F7xx_HAL_Driver/Src/stm32f7xx_hal_tim_ex.c ****   }
 4183              		.loc 1 1588 12 view .LVU1168
 4184 0072 0120     		movs	r0, #1
 4185              	.LVL288:
ARM GAS  /tmp/ccLIbKdJ.s 			page 139


 4186              	.L339:
1606:Drivers/STM32F7xx_HAL_Driver/Src/stm32f7xx_hal_tim_ex.c **** 
 4187              		.loc 1 1606 1 view .LVU1169
 4188 0074 38BD     		pop	{r3, r4, r5, pc}
 4189              	.LVL289:
 4190              	.L342:
1588:Drivers/STM32F7xx_HAL_Driver/Src/stm32f7xx_hal_tim_ex.c ****   }
 4191              		.loc 1 1588 12 view .LVU1170
 4192 0076 0120     		movs	r0, #1
 4193              	.LVL290:
1588:Drivers/STM32F7xx_HAL_Driver/Src/stm32f7xx_hal_tim_ex.c ****   }
 4194              		.loc 1 1588 12 view .LVU1171
 4195 0078 FCE7     		b	.L339
 4196              		.cfi_endproc
 4197              	.LFE163:
 4199              		.section	.text.HAL_TIMEx_OnePulseN_Stop,"ax",%progbits
 4200              		.align	1
 4201              		.global	HAL_TIMEx_OnePulseN_Stop
 4202              		.syntax unified
 4203              		.thumb
 4204              		.thumb_func
 4206              	HAL_TIMEx_OnePulseN_Stop:
 4207              	.LVL291:
 4208              	.LFB164:
1621:Drivers/STM32F7xx_HAL_Driver/Src/stm32f7xx_hal_tim_ex.c ****   uint32_t input_channel = (OutputChannel == TIM_CHANNEL_1) ? TIM_CHANNEL_2 : TIM_CHANNEL_1;
 4209              		.loc 1 1621 1 is_stmt 1 view -0
 4210              		.cfi_startproc
 4211              		@ args = 0, pretend = 0, frame = 0
 4212              		@ frame_needed = 0, uses_anonymous_args = 0
1621:Drivers/STM32F7xx_HAL_Driver/Src/stm32f7xx_hal_tim_ex.c ****   uint32_t input_channel = (OutputChannel == TIM_CHANNEL_1) ? TIM_CHANNEL_2 : TIM_CHANNEL_1;
 4213              		.loc 1 1621 1 is_stmt 0 view .LVU1173
 4214 0000 38B5     		push	{r3, r4, r5, lr}
 4215              	.LCFI27:
 4216              		.cfi_def_cfa_offset 16
 4217              		.cfi_offset 3, -16
 4218              		.cfi_offset 4, -12
 4219              		.cfi_offset 5, -8
 4220              		.cfi_offset 14, -4
 4221 0002 0446     		mov	r4, r0
1622:Drivers/STM32F7xx_HAL_Driver/Src/stm32f7xx_hal_tim_ex.c **** 
 4222              		.loc 1 1622 3 is_stmt 1 view .LVU1174
1622:Drivers/STM32F7xx_HAL_Driver/Src/stm32f7xx_hal_tim_ex.c **** 
 4223              		.loc 1 1622 77 is_stmt 0 view .LVU1175
 4224 0004 0029     		cmp	r1, #0
 4225 0006 30D1     		bne	.L348
1622:Drivers/STM32F7xx_HAL_Driver/Src/stm32f7xx_hal_tim_ex.c **** 
 4226              		.loc 1 1622 77 discriminator 1 view .LVU1176
 4227 0008 0425     		movs	r5, #4
 4228              	.L345:
 4229              	.LVL292:
1625:Drivers/STM32F7xx_HAL_Driver/Src/stm32f7xx_hal_tim_ex.c **** 
 4230              		.loc 1 1625 3 is_stmt 1 view .LVU1177
1628:Drivers/STM32F7xx_HAL_Driver/Src/stm32f7xx_hal_tim_ex.c ****   TIM_CCxChannelCmd(htim->Instance, input_channel, TIM_CCx_DISABLE);
 4231              		.loc 1 1628 3 view .LVU1178
 4232 000a 0022     		movs	r2, #0
 4233 000c 2068     		ldr	r0, [r4]
 4234              	.LVL293:
ARM GAS  /tmp/ccLIbKdJ.s 			page 140


1628:Drivers/STM32F7xx_HAL_Driver/Src/stm32f7xx_hal_tim_ex.c ****   TIM_CCxChannelCmd(htim->Instance, input_channel, TIM_CCx_DISABLE);
 4235              		.loc 1 1628 3 is_stmt 0 view .LVU1179
 4236 000e FFF7FEFF 		bl	TIM_CCxNChannelCmd
 4237              	.LVL294:
1629:Drivers/STM32F7xx_HAL_Driver/Src/stm32f7xx_hal_tim_ex.c **** 
 4238              		.loc 1 1629 3 is_stmt 1 view .LVU1180
 4239 0012 0022     		movs	r2, #0
 4240 0014 2946     		mov	r1, r5
 4241 0016 2068     		ldr	r0, [r4]
 4242 0018 FFF7FEFF 		bl	TIM_CCxChannelCmd
 4243              	.LVL295:
1632:Drivers/STM32F7xx_HAL_Driver/Src/stm32f7xx_hal_tim_ex.c **** 
 4244              		.loc 1 1632 3 view .LVU1181
1632:Drivers/STM32F7xx_HAL_Driver/Src/stm32f7xx_hal_tim_ex.c **** 
 4245              		.loc 1 1632 3 view .LVU1182
 4246 001c 2268     		ldr	r2, [r4]
 4247 001e 116A     		ldr	r1, [r2, #32]
 4248 0020 134B     		ldr	r3, .L350
 4249 0022 0B40     		ands	r3, r3, r1
 4250 0024 43B9     		cbnz	r3, .L346
1632:Drivers/STM32F7xx_HAL_Driver/Src/stm32f7xx_hal_tim_ex.c **** 
 4251              		.loc 1 1632 3 discriminator 1 view .LVU1183
 4252 0026 116A     		ldr	r1, [r2, #32]
 4253 0028 40F24443 		movw	r3, #1092
 4254 002c 1942     		tst	r1, r3
 4255 002e 03D1     		bne	.L346
1632:Drivers/STM32F7xx_HAL_Driver/Src/stm32f7xx_hal_tim_ex.c **** 
 4256              		.loc 1 1632 3 discriminator 3 view .LVU1184
 4257 0030 536C     		ldr	r3, [r2, #68]
 4258 0032 23F40043 		bic	r3, r3, #32768
 4259 0036 5364     		str	r3, [r2, #68]
 4260              	.L346:
1632:Drivers/STM32F7xx_HAL_Driver/Src/stm32f7xx_hal_tim_ex.c **** 
 4261              		.loc 1 1632 3 discriminator 5 view .LVU1185
1635:Drivers/STM32F7xx_HAL_Driver/Src/stm32f7xx_hal_tim_ex.c **** 
 4262              		.loc 1 1635 3 view .LVU1186
1635:Drivers/STM32F7xx_HAL_Driver/Src/stm32f7xx_hal_tim_ex.c **** 
 4263              		.loc 1 1635 3 view .LVU1187
 4264 0038 2268     		ldr	r2, [r4]
 4265 003a 116A     		ldr	r1, [r2, #32]
 4266 003c 0C4B     		ldr	r3, .L350
 4267 003e 0B40     		ands	r3, r3, r1
 4268 0040 43B9     		cbnz	r3, .L347
1635:Drivers/STM32F7xx_HAL_Driver/Src/stm32f7xx_hal_tim_ex.c **** 
 4269              		.loc 1 1635 3 discriminator 1 view .LVU1188
 4270 0042 116A     		ldr	r1, [r2, #32]
 4271 0044 40F24443 		movw	r3, #1092
 4272 0048 1942     		tst	r1, r3
 4273 004a 03D1     		bne	.L347
1635:Drivers/STM32F7xx_HAL_Driver/Src/stm32f7xx_hal_tim_ex.c **** 
 4274              		.loc 1 1635 3 discriminator 3 view .LVU1189
 4275 004c 1368     		ldr	r3, [r2]
 4276 004e 23F00103 		bic	r3, r3, #1
 4277 0052 1360     		str	r3, [r2]
 4278              	.L347:
1635:Drivers/STM32F7xx_HAL_Driver/Src/stm32f7xx_hal_tim_ex.c **** 
 4279              		.loc 1 1635 3 discriminator 5 view .LVU1190
ARM GAS  /tmp/ccLIbKdJ.s 			page 141


1638:Drivers/STM32F7xx_HAL_Driver/Src/stm32f7xx_hal_tim_ex.c ****   TIM_CHANNEL_STATE_SET(htim, TIM_CHANNEL_2, HAL_TIM_CHANNEL_STATE_READY);
 4280              		.loc 1 1638 3 view .LVU1191
 4281 0054 0123     		movs	r3, #1
 4282 0056 84F83E30 		strb	r3, [r4, #62]
1639:Drivers/STM32F7xx_HAL_Driver/Src/stm32f7xx_hal_tim_ex.c ****   TIM_CHANNEL_N_STATE_SET(htim, TIM_CHANNEL_1, HAL_TIM_CHANNEL_STATE_READY);
 4283              		.loc 1 1639 3 view .LVU1192
 4284 005a 84F83F30 		strb	r3, [r4, #63]
1640:Drivers/STM32F7xx_HAL_Driver/Src/stm32f7xx_hal_tim_ex.c ****   TIM_CHANNEL_N_STATE_SET(htim, TIM_CHANNEL_2, HAL_TIM_CHANNEL_STATE_READY);
 4285              		.loc 1 1640 3 view .LVU1193
 4286 005e 84F84430 		strb	r3, [r4, #68]
1641:Drivers/STM32F7xx_HAL_Driver/Src/stm32f7xx_hal_tim_ex.c **** 
 4287              		.loc 1 1641 3 view .LVU1194
 4288 0062 84F84530 		strb	r3, [r4, #69]
1644:Drivers/STM32F7xx_HAL_Driver/Src/stm32f7xx_hal_tim_ex.c **** }
 4289              		.loc 1 1644 3 view .LVU1195
1645:Drivers/STM32F7xx_HAL_Driver/Src/stm32f7xx_hal_tim_ex.c **** 
 4290              		.loc 1 1645 1 is_stmt 0 view .LVU1196
 4291 0066 0020     		movs	r0, #0
 4292 0068 38BD     		pop	{r3, r4, r5, pc}
 4293              	.LVL296:
 4294              	.L348:
1622:Drivers/STM32F7xx_HAL_Driver/Src/stm32f7xx_hal_tim_ex.c **** 
 4295              		.loc 1 1622 77 discriminator 2 view .LVU1197
 4296 006a 0025     		movs	r5, #0
 4297 006c CDE7     		b	.L345
 4298              	.L351:
 4299 006e 00BF     		.align	2
 4300              	.L350:
 4301 0070 11111100 		.word	1118481
 4302              		.cfi_endproc
 4303              	.LFE164:
 4305              		.section	.text.HAL_TIMEx_OnePulseN_Start_IT,"ax",%progbits
 4306              		.align	1
 4307              		.global	HAL_TIMEx_OnePulseN_Start_IT
 4308              		.syntax unified
 4309              		.thumb
 4310              		.thumb_func
 4312              	HAL_TIMEx_OnePulseN_Start_IT:
 4313              	.LVL297:
 4314              	.LFB165:
1660:Drivers/STM32F7xx_HAL_Driver/Src/stm32f7xx_hal_tim_ex.c ****   uint32_t input_channel = (OutputChannel == TIM_CHANNEL_1) ? TIM_CHANNEL_2 : TIM_CHANNEL_1;
 4315              		.loc 1 1660 1 is_stmt 1 view -0
 4316              		.cfi_startproc
 4317              		@ args = 0, pretend = 0, frame = 0
 4318              		@ frame_needed = 0, uses_anonymous_args = 0
1660:Drivers/STM32F7xx_HAL_Driver/Src/stm32f7xx_hal_tim_ex.c ****   uint32_t input_channel = (OutputChannel == TIM_CHANNEL_1) ? TIM_CHANNEL_2 : TIM_CHANNEL_1;
 4319              		.loc 1 1660 1 is_stmt 0 view .LVU1199
 4320 0000 38B5     		push	{r3, r4, r5, lr}
 4321              	.LCFI28:
 4322              		.cfi_def_cfa_offset 16
 4323              		.cfi_offset 3, -16
 4324              		.cfi_offset 4, -12
 4325              		.cfi_offset 5, -8
 4326              		.cfi_offset 14, -4
 4327 0002 0446     		mov	r4, r0
1661:Drivers/STM32F7xx_HAL_Driver/Src/stm32f7xx_hal_tim_ex.c ****   HAL_TIM_ChannelStateTypeDef channel_1_state = TIM_CHANNEL_STATE_GET(htim, TIM_CHANNEL_1);
 4328              		.loc 1 1661 3 is_stmt 1 view .LVU1200
ARM GAS  /tmp/ccLIbKdJ.s 			page 142


1661:Drivers/STM32F7xx_HAL_Driver/Src/stm32f7xx_hal_tim_ex.c ****   HAL_TIM_ChannelStateTypeDef channel_1_state = TIM_CHANNEL_STATE_GET(htim, TIM_CHANNEL_1);
 4329              		.loc 1 1661 77 is_stmt 0 view .LVU1201
 4330 0004 8E46     		mov	lr, r1
 4331 0006 0029     		cmp	r1, #0
 4332 0008 3CD1     		bne	.L355
1661:Drivers/STM32F7xx_HAL_Driver/Src/stm32f7xx_hal_tim_ex.c ****   HAL_TIM_ChannelStateTypeDef channel_1_state = TIM_CHANNEL_STATE_GET(htim, TIM_CHANNEL_1);
 4333              		.loc 1 1661 77 discriminator 1 view .LVU1202
 4334 000a 0425     		movs	r5, #4
 4335              	.L353:
 4336              	.LVL298:
1662:Drivers/STM32F7xx_HAL_Driver/Src/stm32f7xx_hal_tim_ex.c ****   HAL_TIM_ChannelStateTypeDef channel_2_state = TIM_CHANNEL_STATE_GET(htim, TIM_CHANNEL_2);
 4337              		.loc 1 1662 3 is_stmt 1 view .LVU1203
1662:Drivers/STM32F7xx_HAL_Driver/Src/stm32f7xx_hal_tim_ex.c ****   HAL_TIM_ChannelStateTypeDef channel_2_state = TIM_CHANNEL_STATE_GET(htim, TIM_CHANNEL_2);
 4338              		.loc 1 1662 31 is_stmt 0 view .LVU1204
 4339 000c 94F83E00 		ldrb	r0, [r4, #62]	@ zero_extendqisi2
 4340              	.LVL299:
1662:Drivers/STM32F7xx_HAL_Driver/Src/stm32f7xx_hal_tim_ex.c ****   HAL_TIM_ChannelStateTypeDef channel_2_state = TIM_CHANNEL_STATE_GET(htim, TIM_CHANNEL_2);
 4341              		.loc 1 1662 31 view .LVU1205
 4342 0010 C0B2     		uxtb	r0, r0
 4343              	.LVL300:
1663:Drivers/STM32F7xx_HAL_Driver/Src/stm32f7xx_hal_tim_ex.c ****   HAL_TIM_ChannelStateTypeDef complementary_channel_1_state = TIM_CHANNEL_N_STATE_GET(htim, TIM_CHA
 4344              		.loc 1 1663 3 is_stmt 1 view .LVU1206
1663:Drivers/STM32F7xx_HAL_Driver/Src/stm32f7xx_hal_tim_ex.c ****   HAL_TIM_ChannelStateTypeDef complementary_channel_1_state = TIM_CHANNEL_N_STATE_GET(htim, TIM_CHA
 4345              		.loc 1 1663 31 is_stmt 0 view .LVU1207
 4346 0012 94F83F20 		ldrb	r2, [r4, #63]	@ zero_extendqisi2
 4347 0016 D2B2     		uxtb	r2, r2
 4348              	.LVL301:
1664:Drivers/STM32F7xx_HAL_Driver/Src/stm32f7xx_hal_tim_ex.c ****   HAL_TIM_ChannelStateTypeDef complementary_channel_2_state = TIM_CHANNEL_N_STATE_GET(htim, TIM_CHA
 4349              		.loc 1 1664 3 is_stmt 1 view .LVU1208
1664:Drivers/STM32F7xx_HAL_Driver/Src/stm32f7xx_hal_tim_ex.c ****   HAL_TIM_ChannelStateTypeDef complementary_channel_2_state = TIM_CHANNEL_N_STATE_GET(htim, TIM_CHA
 4350              		.loc 1 1664 31 is_stmt 0 view .LVU1209
 4351 0018 94F84430 		ldrb	r3, [r4, #68]	@ zero_extendqisi2
 4352 001c 5FFA83FC 		uxtb	ip, r3
 4353              	.LVL302:
1665:Drivers/STM32F7xx_HAL_Driver/Src/stm32f7xx_hal_tim_ex.c **** 
 4354              		.loc 1 1665 3 is_stmt 1 view .LVU1210
1665:Drivers/STM32F7xx_HAL_Driver/Src/stm32f7xx_hal_tim_ex.c **** 
 4355              		.loc 1 1665 31 is_stmt 0 view .LVU1211
 4356 0020 94F84530 		ldrb	r3, [r4, #69]	@ zero_extendqisi2
 4357 0024 DBB2     		uxtb	r3, r3
 4358              	.LVL303:
1668:Drivers/STM32F7xx_HAL_Driver/Src/stm32f7xx_hal_tim_ex.c **** 
 4359              		.loc 1 1668 3 is_stmt 1 view .LVU1212
1671:Drivers/STM32F7xx_HAL_Driver/Src/stm32f7xx_hal_tim_ex.c ****       || (channel_2_state != HAL_TIM_CHANNEL_STATE_READY)
 4360              		.loc 1 1671 3 view .LVU1213
1671:Drivers/STM32F7xx_HAL_Driver/Src/stm32f7xx_hal_tim_ex.c ****       || (channel_2_state != HAL_TIM_CHANNEL_STATE_READY)
 4361              		.loc 1 1671 6 is_stmt 0 view .LVU1214
 4362 0026 012A     		cmp	r2, #1
 4363 0028 08BF     		it	eq
 4364 002a 0128     		cmpeq	r0, #1
 4365 002c 2CD1     		bne	.L356
1674:Drivers/STM32F7xx_HAL_Driver/Src/stm32f7xx_hal_tim_ex.c ****   {
 4366              		.loc 1 1674 41 view .LVU1215
 4367 002e 013B     		subs	r3, r3, #1
 4368              	.LVL304:
1674:Drivers/STM32F7xx_HAL_Driver/Src/stm32f7xx_hal_tim_ex.c ****   {
 4369              		.loc 1 1674 41 view .LVU1216
ARM GAS  /tmp/ccLIbKdJ.s 			page 143


 4370 0030 18BF     		it	ne
 4371 0032 0123     		movne	r3, #1
 4372              	.LVL305:
1674:Drivers/STM32F7xx_HAL_Driver/Src/stm32f7xx_hal_tim_ex.c ****   {
 4373              		.loc 1 1674 7 view .LVU1217
 4374 0034 BCF1010F 		cmp	ip, #1
 4375 0038 28D1     		bne	.L357
 4376 003a 3BBB     		cbnz	r3, .L357
1680:Drivers/STM32F7xx_HAL_Driver/Src/stm32f7xx_hal_tim_ex.c ****   TIM_CHANNEL_STATE_SET(htim, TIM_CHANNEL_2, HAL_TIM_CHANNEL_STATE_BUSY);
 4377              		.loc 1 1680 3 is_stmt 1 view .LVU1218
 4378 003c 0223     		movs	r3, #2
 4379 003e 84F83E30 		strb	r3, [r4, #62]
1681:Drivers/STM32F7xx_HAL_Driver/Src/stm32f7xx_hal_tim_ex.c ****   TIM_CHANNEL_N_STATE_SET(htim, TIM_CHANNEL_1, HAL_TIM_CHANNEL_STATE_BUSY);
 4380              		.loc 1 1681 3 view .LVU1219
 4381 0042 84F83F30 		strb	r3, [r4, #63]
1682:Drivers/STM32F7xx_HAL_Driver/Src/stm32f7xx_hal_tim_ex.c ****   TIM_CHANNEL_N_STATE_SET(htim, TIM_CHANNEL_2, HAL_TIM_CHANNEL_STATE_BUSY);
 4382              		.loc 1 1682 3 view .LVU1220
 4383 0046 84F84430 		strb	r3, [r4, #68]
1683:Drivers/STM32F7xx_HAL_Driver/Src/stm32f7xx_hal_tim_ex.c **** 
 4384              		.loc 1 1683 3 view .LVU1221
 4385 004a 84F84530 		strb	r3, [r4, #69]
1686:Drivers/STM32F7xx_HAL_Driver/Src/stm32f7xx_hal_tim_ex.c **** 
 4386              		.loc 1 1686 3 view .LVU1222
 4387 004e 2268     		ldr	r2, [r4]
 4388              	.LVL306:
1686:Drivers/STM32F7xx_HAL_Driver/Src/stm32f7xx_hal_tim_ex.c **** 
 4389              		.loc 1 1686 3 is_stmt 0 view .LVU1223
 4390 0050 D368     		ldr	r3, [r2, #12]
 4391 0052 43F00203 		orr	r3, r3, #2
 4392 0056 D360     		str	r3, [r2, #12]
1689:Drivers/STM32F7xx_HAL_Driver/Src/stm32f7xx_hal_tim_ex.c **** 
 4393              		.loc 1 1689 3 is_stmt 1 view .LVU1224
 4394 0058 2268     		ldr	r2, [r4]
 4395 005a D368     		ldr	r3, [r2, #12]
 4396 005c 43F00403 		orr	r3, r3, #4
 4397 0060 D360     		str	r3, [r2, #12]
1692:Drivers/STM32F7xx_HAL_Driver/Src/stm32f7xx_hal_tim_ex.c ****   TIM_CCxChannelCmd(htim->Instance, input_channel, TIM_CCx_ENABLE);
 4398              		.loc 1 1692 3 view .LVU1225
 4399 0062 0422     		movs	r2, #4
 4400 0064 7146     		mov	r1, lr
 4401              	.LVL307:
1692:Drivers/STM32F7xx_HAL_Driver/Src/stm32f7xx_hal_tim_ex.c ****   TIM_CCxChannelCmd(htim->Instance, input_channel, TIM_CCx_ENABLE);
 4402              		.loc 1 1692 3 is_stmt 0 view .LVU1226
 4403 0066 2068     		ldr	r0, [r4]
 4404              	.LVL308:
1692:Drivers/STM32F7xx_HAL_Driver/Src/stm32f7xx_hal_tim_ex.c ****   TIM_CCxChannelCmd(htim->Instance, input_channel, TIM_CCx_ENABLE);
 4405              		.loc 1 1692 3 view .LVU1227
 4406 0068 FFF7FEFF 		bl	TIM_CCxNChannelCmd
 4407              	.LVL309:
1693:Drivers/STM32F7xx_HAL_Driver/Src/stm32f7xx_hal_tim_ex.c **** 
 4408              		.loc 1 1693 3 is_stmt 1 view .LVU1228
 4409 006c 0122     		movs	r2, #1
 4410 006e 2946     		mov	r1, r5
 4411 0070 2068     		ldr	r0, [r4]
 4412 0072 FFF7FEFF 		bl	TIM_CCxChannelCmd
 4413              	.LVL310:
1696:Drivers/STM32F7xx_HAL_Driver/Src/stm32f7xx_hal_tim_ex.c **** 
ARM GAS  /tmp/ccLIbKdJ.s 			page 144


 4414              		.loc 1 1696 3 view .LVU1229
 4415 0076 2268     		ldr	r2, [r4]
 4416 0078 536C     		ldr	r3, [r2, #68]
 4417 007a 43F40043 		orr	r3, r3, #32768
 4418 007e 5364     		str	r3, [r2, #68]
1699:Drivers/STM32F7xx_HAL_Driver/Src/stm32f7xx_hal_tim_ex.c **** }
 4419              		.loc 1 1699 3 view .LVU1230
1699:Drivers/STM32F7xx_HAL_Driver/Src/stm32f7xx_hal_tim_ex.c **** }
 4420              		.loc 1 1699 10 is_stmt 0 view .LVU1231
 4421 0080 0020     		movs	r0, #0
 4422 0082 02E0     		b	.L354
 4423              	.LVL311:
 4424              	.L355:
1661:Drivers/STM32F7xx_HAL_Driver/Src/stm32f7xx_hal_tim_ex.c ****   HAL_TIM_ChannelStateTypeDef channel_1_state = TIM_CHANNEL_STATE_GET(htim, TIM_CHANNEL_1);
 4425              		.loc 1 1661 77 discriminator 2 view .LVU1232
 4426 0084 0025     		movs	r5, #0
 4427 0086 C1E7     		b	.L353
 4428              	.LVL312:
 4429              	.L356:
1676:Drivers/STM32F7xx_HAL_Driver/Src/stm32f7xx_hal_tim_ex.c ****   }
 4430              		.loc 1 1676 12 view .LVU1233
 4431 0088 0120     		movs	r0, #1
 4432              	.LVL313:
 4433              	.L354:
1700:Drivers/STM32F7xx_HAL_Driver/Src/stm32f7xx_hal_tim_ex.c **** 
 4434              		.loc 1 1700 1 view .LVU1234
 4435 008a 38BD     		pop	{r3, r4, r5, pc}
 4436              	.LVL314:
 4437              	.L357:
1676:Drivers/STM32F7xx_HAL_Driver/Src/stm32f7xx_hal_tim_ex.c ****   }
 4438              		.loc 1 1676 12 view .LVU1235
 4439 008c 0120     		movs	r0, #1
 4440              	.LVL315:
1676:Drivers/STM32F7xx_HAL_Driver/Src/stm32f7xx_hal_tim_ex.c ****   }
 4441              		.loc 1 1676 12 view .LVU1236
 4442 008e FCE7     		b	.L354
 4443              		.cfi_endproc
 4444              	.LFE165:
 4446              		.section	.text.HAL_TIMEx_OnePulseN_Stop_IT,"ax",%progbits
 4447              		.align	1
 4448              		.global	HAL_TIMEx_OnePulseN_Stop_IT
 4449              		.syntax unified
 4450              		.thumb
 4451              		.thumb_func
 4453              	HAL_TIMEx_OnePulseN_Stop_IT:
 4454              	.LVL316:
 4455              	.LFB166:
1715:Drivers/STM32F7xx_HAL_Driver/Src/stm32f7xx_hal_tim_ex.c ****   uint32_t input_channel = (OutputChannel == TIM_CHANNEL_1) ? TIM_CHANNEL_2 : TIM_CHANNEL_1;
 4456              		.loc 1 1715 1 is_stmt 1 view -0
 4457              		.cfi_startproc
 4458              		@ args = 0, pretend = 0, frame = 0
 4459              		@ frame_needed = 0, uses_anonymous_args = 0
1715:Drivers/STM32F7xx_HAL_Driver/Src/stm32f7xx_hal_tim_ex.c ****   uint32_t input_channel = (OutputChannel == TIM_CHANNEL_1) ? TIM_CHANNEL_2 : TIM_CHANNEL_1;
 4460              		.loc 1 1715 1 is_stmt 0 view .LVU1238
 4461 0000 38B5     		push	{r3, r4, r5, lr}
 4462              	.LCFI29:
 4463              		.cfi_def_cfa_offset 16
ARM GAS  /tmp/ccLIbKdJ.s 			page 145


 4464              		.cfi_offset 3, -16
 4465              		.cfi_offset 4, -12
 4466              		.cfi_offset 5, -8
 4467              		.cfi_offset 14, -4
 4468 0002 0446     		mov	r4, r0
1716:Drivers/STM32F7xx_HAL_Driver/Src/stm32f7xx_hal_tim_ex.c **** 
 4469              		.loc 1 1716 3 is_stmt 1 view .LVU1239
1716:Drivers/STM32F7xx_HAL_Driver/Src/stm32f7xx_hal_tim_ex.c **** 
 4470              		.loc 1 1716 77 is_stmt 0 view .LVU1240
 4471 0004 0029     		cmp	r1, #0
 4472 0006 3AD1     		bne	.L363
1716:Drivers/STM32F7xx_HAL_Driver/Src/stm32f7xx_hal_tim_ex.c **** 
 4473              		.loc 1 1716 77 discriminator 1 view .LVU1241
 4474 0008 0425     		movs	r5, #4
 4475              	.L360:
 4476              	.LVL317:
1719:Drivers/STM32F7xx_HAL_Driver/Src/stm32f7xx_hal_tim_ex.c **** 
 4477              		.loc 1 1719 3 is_stmt 1 view .LVU1242
1722:Drivers/STM32F7xx_HAL_Driver/Src/stm32f7xx_hal_tim_ex.c **** 
 4478              		.loc 1 1722 3 view .LVU1243
 4479 000a 2268     		ldr	r2, [r4]
 4480 000c D368     		ldr	r3, [r2, #12]
 4481 000e 23F00203 		bic	r3, r3, #2
 4482 0012 D360     		str	r3, [r2, #12]
1725:Drivers/STM32F7xx_HAL_Driver/Src/stm32f7xx_hal_tim_ex.c **** 
 4483              		.loc 1 1725 3 view .LVU1244
 4484 0014 2268     		ldr	r2, [r4]
 4485 0016 D368     		ldr	r3, [r2, #12]
 4486 0018 23F00403 		bic	r3, r3, #4
 4487 001c D360     		str	r3, [r2, #12]
1728:Drivers/STM32F7xx_HAL_Driver/Src/stm32f7xx_hal_tim_ex.c ****   TIM_CCxChannelCmd(htim->Instance, input_channel, TIM_CCx_DISABLE);
 4488              		.loc 1 1728 3 view .LVU1245
 4489 001e 0022     		movs	r2, #0
 4490 0020 2068     		ldr	r0, [r4]
 4491              	.LVL318:
1728:Drivers/STM32F7xx_HAL_Driver/Src/stm32f7xx_hal_tim_ex.c ****   TIM_CCxChannelCmd(htim->Instance, input_channel, TIM_CCx_DISABLE);
 4492              		.loc 1 1728 3 is_stmt 0 view .LVU1246
 4493 0022 FFF7FEFF 		bl	TIM_CCxNChannelCmd
 4494              	.LVL319:
1729:Drivers/STM32F7xx_HAL_Driver/Src/stm32f7xx_hal_tim_ex.c **** 
 4495              		.loc 1 1729 3 is_stmt 1 view .LVU1247
 4496 0026 0022     		movs	r2, #0
 4497 0028 2946     		mov	r1, r5
 4498 002a 2068     		ldr	r0, [r4]
 4499 002c FFF7FEFF 		bl	TIM_CCxChannelCmd
 4500              	.LVL320:
1732:Drivers/STM32F7xx_HAL_Driver/Src/stm32f7xx_hal_tim_ex.c **** 
 4501              		.loc 1 1732 3 view .LVU1248
1732:Drivers/STM32F7xx_HAL_Driver/Src/stm32f7xx_hal_tim_ex.c **** 
 4502              		.loc 1 1732 3 view .LVU1249
 4503 0030 2268     		ldr	r2, [r4]
 4504 0032 116A     		ldr	r1, [r2, #32]
 4505 0034 134B     		ldr	r3, .L365
 4506 0036 0B40     		ands	r3, r3, r1
 4507 0038 43B9     		cbnz	r3, .L361
1732:Drivers/STM32F7xx_HAL_Driver/Src/stm32f7xx_hal_tim_ex.c **** 
 4508              		.loc 1 1732 3 discriminator 1 view .LVU1250
ARM GAS  /tmp/ccLIbKdJ.s 			page 146


 4509 003a 116A     		ldr	r1, [r2, #32]
 4510 003c 40F24443 		movw	r3, #1092
 4511 0040 1942     		tst	r1, r3
 4512 0042 03D1     		bne	.L361
1732:Drivers/STM32F7xx_HAL_Driver/Src/stm32f7xx_hal_tim_ex.c **** 
 4513              		.loc 1 1732 3 discriminator 3 view .LVU1251
 4514 0044 536C     		ldr	r3, [r2, #68]
 4515 0046 23F40043 		bic	r3, r3, #32768
 4516 004a 5364     		str	r3, [r2, #68]
 4517              	.L361:
1732:Drivers/STM32F7xx_HAL_Driver/Src/stm32f7xx_hal_tim_ex.c **** 
 4518              		.loc 1 1732 3 discriminator 5 view .LVU1252
1735:Drivers/STM32F7xx_HAL_Driver/Src/stm32f7xx_hal_tim_ex.c **** 
 4519              		.loc 1 1735 3 view .LVU1253
1735:Drivers/STM32F7xx_HAL_Driver/Src/stm32f7xx_hal_tim_ex.c **** 
 4520              		.loc 1 1735 3 view .LVU1254
 4521 004c 2268     		ldr	r2, [r4]
 4522 004e 116A     		ldr	r1, [r2, #32]
 4523 0050 0C4B     		ldr	r3, .L365
 4524 0052 0B40     		ands	r3, r3, r1
 4525 0054 43B9     		cbnz	r3, .L362
1735:Drivers/STM32F7xx_HAL_Driver/Src/stm32f7xx_hal_tim_ex.c **** 
 4526              		.loc 1 1735 3 discriminator 1 view .LVU1255
 4527 0056 116A     		ldr	r1, [r2, #32]
 4528 0058 40F24443 		movw	r3, #1092
 4529 005c 1942     		tst	r1, r3
 4530 005e 03D1     		bne	.L362
1735:Drivers/STM32F7xx_HAL_Driver/Src/stm32f7xx_hal_tim_ex.c **** 
 4531              		.loc 1 1735 3 discriminator 3 view .LVU1256
 4532 0060 1368     		ldr	r3, [r2]
 4533 0062 23F00103 		bic	r3, r3, #1
 4534 0066 1360     		str	r3, [r2]
 4535              	.L362:
1735:Drivers/STM32F7xx_HAL_Driver/Src/stm32f7xx_hal_tim_ex.c **** 
 4536              		.loc 1 1735 3 discriminator 5 view .LVU1257
1738:Drivers/STM32F7xx_HAL_Driver/Src/stm32f7xx_hal_tim_ex.c ****   TIM_CHANNEL_STATE_SET(htim, TIM_CHANNEL_2, HAL_TIM_CHANNEL_STATE_READY);
 4537              		.loc 1 1738 3 view .LVU1258
 4538 0068 0123     		movs	r3, #1
 4539 006a 84F83E30 		strb	r3, [r4, #62]
1739:Drivers/STM32F7xx_HAL_Driver/Src/stm32f7xx_hal_tim_ex.c ****   TIM_CHANNEL_N_STATE_SET(htim, TIM_CHANNEL_1, HAL_TIM_CHANNEL_STATE_READY);
 4540              		.loc 1 1739 3 view .LVU1259
 4541 006e 84F83F30 		strb	r3, [r4, #63]
1740:Drivers/STM32F7xx_HAL_Driver/Src/stm32f7xx_hal_tim_ex.c ****   TIM_CHANNEL_N_STATE_SET(htim, TIM_CHANNEL_2, HAL_TIM_CHANNEL_STATE_READY);
 4542              		.loc 1 1740 3 view .LVU1260
 4543 0072 84F84430 		strb	r3, [r4, #68]
1741:Drivers/STM32F7xx_HAL_Driver/Src/stm32f7xx_hal_tim_ex.c **** 
 4544              		.loc 1 1741 3 view .LVU1261
 4545 0076 84F84530 		strb	r3, [r4, #69]
1744:Drivers/STM32F7xx_HAL_Driver/Src/stm32f7xx_hal_tim_ex.c **** }
 4546              		.loc 1 1744 3 view .LVU1262
1745:Drivers/STM32F7xx_HAL_Driver/Src/stm32f7xx_hal_tim_ex.c **** 
 4547              		.loc 1 1745 1 is_stmt 0 view .LVU1263
 4548 007a 0020     		movs	r0, #0
 4549 007c 38BD     		pop	{r3, r4, r5, pc}
 4550              	.LVL321:
 4551              	.L363:
1716:Drivers/STM32F7xx_HAL_Driver/Src/stm32f7xx_hal_tim_ex.c **** 
ARM GAS  /tmp/ccLIbKdJ.s 			page 147


 4552              		.loc 1 1716 77 discriminator 2 view .LVU1264
 4553 007e 0025     		movs	r5, #0
 4554 0080 C3E7     		b	.L360
 4555              	.L366:
 4556 0082 00BF     		.align	2
 4557              	.L365:
 4558 0084 11111100 		.word	1118481
 4559              		.cfi_endproc
 4560              	.LFE166:
 4562              		.section	.text.HAL_TIMEx_ConfigCommutEvent,"ax",%progbits
 4563              		.align	1
 4564              		.global	HAL_TIMEx_ConfigCommutEvent
 4565              		.syntax unified
 4566              		.thumb
 4567              		.thumb_func
 4569              	HAL_TIMEx_ConfigCommutEvent:
 4570              	.LVL322:
 4571              	.LFB167:
1796:Drivers/STM32F7xx_HAL_Driver/Src/stm32f7xx_hal_tim_ex.c ****   /* Check the parameters */
 4572              		.loc 1 1796 1 is_stmt 1 view -0
 4573              		.cfi_startproc
 4574              		@ args = 0, pretend = 0, frame = 0
 4575              		@ frame_needed = 0, uses_anonymous_args = 0
 4576              		@ link register save eliminated.
1796:Drivers/STM32F7xx_HAL_Driver/Src/stm32f7xx_hal_tim_ex.c ****   /* Check the parameters */
 4577              		.loc 1 1796 1 is_stmt 0 view .LVU1266
 4578 0000 0346     		mov	r3, r0
1798:Drivers/STM32F7xx_HAL_Driver/Src/stm32f7xx_hal_tim_ex.c ****   assert_param(IS_TIM_INTERNAL_TRIGGEREVENT_SELECTION(InputTrigger));
 4579              		.loc 1 1798 3 is_stmt 1 view .LVU1267
1799:Drivers/STM32F7xx_HAL_Driver/Src/stm32f7xx_hal_tim_ex.c **** 
 4580              		.loc 1 1799 3 view .LVU1268
1801:Drivers/STM32F7xx_HAL_Driver/Src/stm32f7xx_hal_tim_ex.c **** 
 4581              		.loc 1 1801 3 view .LVU1269
1801:Drivers/STM32F7xx_HAL_Driver/Src/stm32f7xx_hal_tim_ex.c **** 
 4582              		.loc 1 1801 3 view .LVU1270
 4583 0002 90F83C00 		ldrb	r0, [r0, #60]	@ zero_extendqisi2
 4584              	.LVL323:
1801:Drivers/STM32F7xx_HAL_Driver/Src/stm32f7xx_hal_tim_ex.c **** 
 4585              		.loc 1 1801 3 is_stmt 0 view .LVU1271
 4586 0006 0128     		cmp	r0, #1
 4587 0008 33D0     		beq	.L372
1796:Drivers/STM32F7xx_HAL_Driver/Src/stm32f7xx_hal_tim_ex.c ****   /* Check the parameters */
 4588              		.loc 1 1796 1 view .LVU1272
 4589 000a 10B4     		push	{r4}
 4590              	.LCFI30:
 4591              		.cfi_def_cfa_offset 4
 4592              		.cfi_offset 4, -4
1801:Drivers/STM32F7xx_HAL_Driver/Src/stm32f7xx_hal_tim_ex.c **** 
 4593              		.loc 1 1801 3 is_stmt 1 discriminator 2 view .LVU1273
 4594 000c 0120     		movs	r0, #1
 4595 000e 83F83C00 		strb	r0, [r3, #60]
1801:Drivers/STM32F7xx_HAL_Driver/Src/stm32f7xx_hal_tim_ex.c **** 
 4596              		.loc 1 1801 3 discriminator 2 view .LVU1274
1803:Drivers/STM32F7xx_HAL_Driver/Src/stm32f7xx_hal_tim_ex.c ****       (InputTrigger == TIM_TS_ITR2) || (InputTrigger == TIM_TS_ITR3))
 4597              		.loc 1 1803 3 view .LVU1275
 4598 0012 2029     		cmp	r1, #32
 4599 0014 03D0     		beq	.L369
ARM GAS  /tmp/ccLIbKdJ.s 			page 148


 4600 0016 29D8     		bhi	.L370
 4601 0018 09B1     		cbz	r1, .L369
 4602 001a 1029     		cmp	r1, #16
 4603 001c 08D1     		bne	.L371
 4604              	.L369:
1807:Drivers/STM32F7xx_HAL_Driver/Src/stm32f7xx_hal_tim_ex.c ****     htim->Instance->SMCR |= InputTrigger;
 4605              		.loc 1 1807 5 view .LVU1276
1807:Drivers/STM32F7xx_HAL_Driver/Src/stm32f7xx_hal_tim_ex.c ****     htim->Instance->SMCR |= InputTrigger;
 4606              		.loc 1 1807 9 is_stmt 0 view .LVU1277
 4607 001e 1C68     		ldr	r4, [r3]
1807:Drivers/STM32F7xx_HAL_Driver/Src/stm32f7xx_hal_tim_ex.c ****     htim->Instance->SMCR |= InputTrigger;
 4608              		.loc 1 1807 19 view .LVU1278
 4609 0020 A068     		ldr	r0, [r4, #8]
1807:Drivers/STM32F7xx_HAL_Driver/Src/stm32f7xx_hal_tim_ex.c ****     htim->Instance->SMCR |= InputTrigger;
 4610              		.loc 1 1807 26 view .LVU1279
 4611 0022 20F07000 		bic	r0, r0, #112
 4612 0026 A060     		str	r0, [r4, #8]
1808:Drivers/STM32F7xx_HAL_Driver/Src/stm32f7xx_hal_tim_ex.c ****   }
 4613              		.loc 1 1808 5 is_stmt 1 view .LVU1280
1808:Drivers/STM32F7xx_HAL_Driver/Src/stm32f7xx_hal_tim_ex.c ****   }
 4614              		.loc 1 1808 9 is_stmt 0 view .LVU1281
 4615 0028 1C68     		ldr	r4, [r3]
1808:Drivers/STM32F7xx_HAL_Driver/Src/stm32f7xx_hal_tim_ex.c ****   }
 4616              		.loc 1 1808 19 view .LVU1282
 4617 002a A068     		ldr	r0, [r4, #8]
1808:Drivers/STM32F7xx_HAL_Driver/Src/stm32f7xx_hal_tim_ex.c ****   }
 4618              		.loc 1 1808 26 view .LVU1283
 4619 002c 0143     		orrs	r1, r1, r0
 4620              	.LVL324:
1808:Drivers/STM32F7xx_HAL_Driver/Src/stm32f7xx_hal_tim_ex.c ****   }
 4621              		.loc 1 1808 26 view .LVU1284
 4622 002e A160     		str	r1, [r4, #8]
 4623              	.L371:
1812:Drivers/STM32F7xx_HAL_Driver/Src/stm32f7xx_hal_tim_ex.c ****   /* Select the Commutation event source */
 4624              		.loc 1 1812 3 is_stmt 1 view .LVU1285
1812:Drivers/STM32F7xx_HAL_Driver/Src/stm32f7xx_hal_tim_ex.c ****   /* Select the Commutation event source */
 4625              		.loc 1 1812 7 is_stmt 0 view .LVU1286
 4626 0030 1868     		ldr	r0, [r3]
1812:Drivers/STM32F7xx_HAL_Driver/Src/stm32f7xx_hal_tim_ex.c ****   /* Select the Commutation event source */
 4627              		.loc 1 1812 17 view .LVU1287
 4628 0032 4168     		ldr	r1, [r0, #4]
1812:Drivers/STM32F7xx_HAL_Driver/Src/stm32f7xx_hal_tim_ex.c ****   /* Select the Commutation event source */
 4629              		.loc 1 1812 23 view .LVU1288
 4630 0034 41F00101 		orr	r1, r1, #1
 4631 0038 4160     		str	r1, [r0, #4]
1814:Drivers/STM32F7xx_HAL_Driver/Src/stm32f7xx_hal_tim_ex.c ****   htim->Instance->CR2 |= CommutationSource;
 4632              		.loc 1 1814 3 is_stmt 1 view .LVU1289
1814:Drivers/STM32F7xx_HAL_Driver/Src/stm32f7xx_hal_tim_ex.c ****   htim->Instance->CR2 |= CommutationSource;
 4633              		.loc 1 1814 7 is_stmt 0 view .LVU1290
 4634 003a 1868     		ldr	r0, [r3]
1814:Drivers/STM32F7xx_HAL_Driver/Src/stm32f7xx_hal_tim_ex.c ****   htim->Instance->CR2 |= CommutationSource;
 4635              		.loc 1 1814 17 view .LVU1291
 4636 003c 4168     		ldr	r1, [r0, #4]
1814:Drivers/STM32F7xx_HAL_Driver/Src/stm32f7xx_hal_tim_ex.c ****   htim->Instance->CR2 |= CommutationSource;
 4637              		.loc 1 1814 23 view .LVU1292
 4638 003e 21F00401 		bic	r1, r1, #4
 4639 0042 4160     		str	r1, [r0, #4]
ARM GAS  /tmp/ccLIbKdJ.s 			page 149


1815:Drivers/STM32F7xx_HAL_Driver/Src/stm32f7xx_hal_tim_ex.c **** 
 4640              		.loc 1 1815 3 is_stmt 1 view .LVU1293
1815:Drivers/STM32F7xx_HAL_Driver/Src/stm32f7xx_hal_tim_ex.c **** 
 4641              		.loc 1 1815 7 is_stmt 0 view .LVU1294
 4642 0044 1868     		ldr	r0, [r3]
1815:Drivers/STM32F7xx_HAL_Driver/Src/stm32f7xx_hal_tim_ex.c **** 
 4643              		.loc 1 1815 17 view .LVU1295
 4644 0046 4168     		ldr	r1, [r0, #4]
1815:Drivers/STM32F7xx_HAL_Driver/Src/stm32f7xx_hal_tim_ex.c **** 
 4645              		.loc 1 1815 23 view .LVU1296
 4646 0048 0A43     		orrs	r2, r2, r1
 4647              	.LVL325:
1815:Drivers/STM32F7xx_HAL_Driver/Src/stm32f7xx_hal_tim_ex.c **** 
 4648              		.loc 1 1815 23 view .LVU1297
 4649 004a 4260     		str	r2, [r0, #4]
1818:Drivers/STM32F7xx_HAL_Driver/Src/stm32f7xx_hal_tim_ex.c **** 
 4650              		.loc 1 1818 3 is_stmt 1 view .LVU1298
 4651 004c 1968     		ldr	r1, [r3]
 4652 004e CA68     		ldr	r2, [r1, #12]
 4653 0050 22F02002 		bic	r2, r2, #32
 4654 0054 CA60     		str	r2, [r1, #12]
1821:Drivers/STM32F7xx_HAL_Driver/Src/stm32f7xx_hal_tim_ex.c **** 
 4655              		.loc 1 1821 3 view .LVU1299
 4656 0056 1968     		ldr	r1, [r3]
 4657 0058 CA68     		ldr	r2, [r1, #12]
 4658 005a 22F40052 		bic	r2, r2, #8192
 4659 005e CA60     		str	r2, [r1, #12]
1823:Drivers/STM32F7xx_HAL_Driver/Src/stm32f7xx_hal_tim_ex.c **** 
 4660              		.loc 1 1823 3 view .LVU1300
1823:Drivers/STM32F7xx_HAL_Driver/Src/stm32f7xx_hal_tim_ex.c **** 
 4661              		.loc 1 1823 3 view .LVU1301
 4662 0060 0020     		movs	r0, #0
 4663 0062 83F83C00 		strb	r0, [r3, #60]
1823:Drivers/STM32F7xx_HAL_Driver/Src/stm32f7xx_hal_tim_ex.c **** 
 4664              		.loc 1 1823 3 view .LVU1302
1825:Drivers/STM32F7xx_HAL_Driver/Src/stm32f7xx_hal_tim_ex.c **** }
 4665              		.loc 1 1825 3 view .LVU1303
1826:Drivers/STM32F7xx_HAL_Driver/Src/stm32f7xx_hal_tim_ex.c **** 
 4666              		.loc 1 1826 1 is_stmt 0 view .LVU1304
 4667 0066 5DF8044B 		ldr	r4, [sp], #4
 4668              	.LCFI31:
 4669              		.cfi_remember_state
 4670              		.cfi_restore 4
 4671              		.cfi_def_cfa_offset 0
 4672 006a 7047     		bx	lr
 4673              	.LVL326:
 4674              	.L370:
 4675              	.LCFI32:
 4676              		.cfi_restore_state
1826:Drivers/STM32F7xx_HAL_Driver/Src/stm32f7xx_hal_tim_ex.c **** 
 4677              		.loc 1 1826 1 view .LVU1305
 4678 006c 3029     		cmp	r1, #48
 4679 006e DFD1     		bne	.L371
 4680 0070 D5E7     		b	.L369
 4681              	.L372:
 4682              	.LCFI33:
 4683              		.cfi_def_cfa_offset 0
ARM GAS  /tmp/ccLIbKdJ.s 			page 150


 4684              		.cfi_restore 4
1801:Drivers/STM32F7xx_HAL_Driver/Src/stm32f7xx_hal_tim_ex.c **** 
 4685              		.loc 1 1801 3 discriminator 1 view .LVU1306
 4686 0072 0220     		movs	r0, #2
1826:Drivers/STM32F7xx_HAL_Driver/Src/stm32f7xx_hal_tim_ex.c **** 
 4687              		.loc 1 1826 1 view .LVU1307
 4688 0074 7047     		bx	lr
 4689              		.cfi_endproc
 4690              	.LFE167:
 4692              		.section	.text.HAL_TIMEx_ConfigCommutEvent_IT,"ax",%progbits
 4693              		.align	1
 4694              		.global	HAL_TIMEx_ConfigCommutEvent_IT
 4695              		.syntax unified
 4696              		.thumb
 4697              		.thumb_func
 4699              	HAL_TIMEx_ConfigCommutEvent_IT:
 4700              	.LVL327:
 4701              	.LFB168:
1852:Drivers/STM32F7xx_HAL_Driver/Src/stm32f7xx_hal_tim_ex.c ****   /* Check the parameters */
 4702              		.loc 1 1852 1 is_stmt 1 view -0
 4703              		.cfi_startproc
 4704              		@ args = 0, pretend = 0, frame = 0
 4705              		@ frame_needed = 0, uses_anonymous_args = 0
 4706              		@ link register save eliminated.
1852:Drivers/STM32F7xx_HAL_Driver/Src/stm32f7xx_hal_tim_ex.c ****   /* Check the parameters */
 4707              		.loc 1 1852 1 is_stmt 0 view .LVU1309
 4708 0000 0346     		mov	r3, r0
1854:Drivers/STM32F7xx_HAL_Driver/Src/stm32f7xx_hal_tim_ex.c ****   assert_param(IS_TIM_INTERNAL_TRIGGEREVENT_SELECTION(InputTrigger));
 4709              		.loc 1 1854 3 is_stmt 1 view .LVU1310
1855:Drivers/STM32F7xx_HAL_Driver/Src/stm32f7xx_hal_tim_ex.c **** 
 4710              		.loc 1 1855 3 view .LVU1311
1857:Drivers/STM32F7xx_HAL_Driver/Src/stm32f7xx_hal_tim_ex.c **** 
 4711              		.loc 1 1857 3 view .LVU1312
1857:Drivers/STM32F7xx_HAL_Driver/Src/stm32f7xx_hal_tim_ex.c **** 
 4712              		.loc 1 1857 3 view .LVU1313
 4713 0002 90F83C00 		ldrb	r0, [r0, #60]	@ zero_extendqisi2
 4714              	.LVL328:
1857:Drivers/STM32F7xx_HAL_Driver/Src/stm32f7xx_hal_tim_ex.c **** 
 4715              		.loc 1 1857 3 is_stmt 0 view .LVU1314
 4716 0006 0128     		cmp	r0, #1
 4717 0008 33D0     		beq	.L382
1852:Drivers/STM32F7xx_HAL_Driver/Src/stm32f7xx_hal_tim_ex.c ****   /* Check the parameters */
 4718              		.loc 1 1852 1 view .LVU1315
 4719 000a 10B4     		push	{r4}
 4720              	.LCFI34:
 4721              		.cfi_def_cfa_offset 4
 4722              		.cfi_offset 4, -4
1857:Drivers/STM32F7xx_HAL_Driver/Src/stm32f7xx_hal_tim_ex.c **** 
 4723              		.loc 1 1857 3 is_stmt 1 discriminator 2 view .LVU1316
 4724 000c 0120     		movs	r0, #1
 4725 000e 83F83C00 		strb	r0, [r3, #60]
1857:Drivers/STM32F7xx_HAL_Driver/Src/stm32f7xx_hal_tim_ex.c **** 
 4726              		.loc 1 1857 3 discriminator 2 view .LVU1317
1859:Drivers/STM32F7xx_HAL_Driver/Src/stm32f7xx_hal_tim_ex.c ****       (InputTrigger == TIM_TS_ITR2) || (InputTrigger == TIM_TS_ITR3))
 4727              		.loc 1 1859 3 view .LVU1318
 4728 0012 2029     		cmp	r1, #32
 4729 0014 03D0     		beq	.L379
ARM GAS  /tmp/ccLIbKdJ.s 			page 151


 4730 0016 29D8     		bhi	.L380
 4731 0018 09B1     		cbz	r1, .L379
 4732 001a 1029     		cmp	r1, #16
 4733 001c 08D1     		bne	.L381
 4734              	.L379:
1863:Drivers/STM32F7xx_HAL_Driver/Src/stm32f7xx_hal_tim_ex.c ****     htim->Instance->SMCR |= InputTrigger;
 4735              		.loc 1 1863 5 view .LVU1319
1863:Drivers/STM32F7xx_HAL_Driver/Src/stm32f7xx_hal_tim_ex.c ****     htim->Instance->SMCR |= InputTrigger;
 4736              		.loc 1 1863 9 is_stmt 0 view .LVU1320
 4737 001e 1C68     		ldr	r4, [r3]
1863:Drivers/STM32F7xx_HAL_Driver/Src/stm32f7xx_hal_tim_ex.c ****     htim->Instance->SMCR |= InputTrigger;
 4738              		.loc 1 1863 19 view .LVU1321
 4739 0020 A068     		ldr	r0, [r4, #8]
1863:Drivers/STM32F7xx_HAL_Driver/Src/stm32f7xx_hal_tim_ex.c ****     htim->Instance->SMCR |= InputTrigger;
 4740              		.loc 1 1863 26 view .LVU1322
 4741 0022 20F07000 		bic	r0, r0, #112
 4742 0026 A060     		str	r0, [r4, #8]
1864:Drivers/STM32F7xx_HAL_Driver/Src/stm32f7xx_hal_tim_ex.c ****   }
 4743              		.loc 1 1864 5 is_stmt 1 view .LVU1323
1864:Drivers/STM32F7xx_HAL_Driver/Src/stm32f7xx_hal_tim_ex.c ****   }
 4744              		.loc 1 1864 9 is_stmt 0 view .LVU1324
 4745 0028 1C68     		ldr	r4, [r3]
1864:Drivers/STM32F7xx_HAL_Driver/Src/stm32f7xx_hal_tim_ex.c ****   }
 4746              		.loc 1 1864 19 view .LVU1325
 4747 002a A068     		ldr	r0, [r4, #8]
1864:Drivers/STM32F7xx_HAL_Driver/Src/stm32f7xx_hal_tim_ex.c ****   }
 4748              		.loc 1 1864 26 view .LVU1326
 4749 002c 0143     		orrs	r1, r1, r0
 4750              	.LVL329:
1864:Drivers/STM32F7xx_HAL_Driver/Src/stm32f7xx_hal_tim_ex.c ****   }
 4751              		.loc 1 1864 26 view .LVU1327
 4752 002e A160     		str	r1, [r4, #8]
 4753              	.L381:
1868:Drivers/STM32F7xx_HAL_Driver/Src/stm32f7xx_hal_tim_ex.c ****   /* Select the Commutation event source */
 4754              		.loc 1 1868 3 is_stmt 1 view .LVU1328
1868:Drivers/STM32F7xx_HAL_Driver/Src/stm32f7xx_hal_tim_ex.c ****   /* Select the Commutation event source */
 4755              		.loc 1 1868 7 is_stmt 0 view .LVU1329
 4756 0030 1868     		ldr	r0, [r3]
1868:Drivers/STM32F7xx_HAL_Driver/Src/stm32f7xx_hal_tim_ex.c ****   /* Select the Commutation event source */
 4757              		.loc 1 1868 17 view .LVU1330
 4758 0032 4168     		ldr	r1, [r0, #4]
1868:Drivers/STM32F7xx_HAL_Driver/Src/stm32f7xx_hal_tim_ex.c ****   /* Select the Commutation event source */
 4759              		.loc 1 1868 23 view .LVU1331
 4760 0034 41F00101 		orr	r1, r1, #1
 4761 0038 4160     		str	r1, [r0, #4]
1870:Drivers/STM32F7xx_HAL_Driver/Src/stm32f7xx_hal_tim_ex.c ****   htim->Instance->CR2 |= CommutationSource;
 4762              		.loc 1 1870 3 is_stmt 1 view .LVU1332
1870:Drivers/STM32F7xx_HAL_Driver/Src/stm32f7xx_hal_tim_ex.c ****   htim->Instance->CR2 |= CommutationSource;
 4763              		.loc 1 1870 7 is_stmt 0 view .LVU1333
 4764 003a 1868     		ldr	r0, [r3]
1870:Drivers/STM32F7xx_HAL_Driver/Src/stm32f7xx_hal_tim_ex.c ****   htim->Instance->CR2 |= CommutationSource;
 4765              		.loc 1 1870 17 view .LVU1334
 4766 003c 4168     		ldr	r1, [r0, #4]
1870:Drivers/STM32F7xx_HAL_Driver/Src/stm32f7xx_hal_tim_ex.c ****   htim->Instance->CR2 |= CommutationSource;
 4767              		.loc 1 1870 23 view .LVU1335
 4768 003e 21F00401 		bic	r1, r1, #4
 4769 0042 4160     		str	r1, [r0, #4]
ARM GAS  /tmp/ccLIbKdJ.s 			page 152


1871:Drivers/STM32F7xx_HAL_Driver/Src/stm32f7xx_hal_tim_ex.c **** 
 4770              		.loc 1 1871 3 is_stmt 1 view .LVU1336
1871:Drivers/STM32F7xx_HAL_Driver/Src/stm32f7xx_hal_tim_ex.c **** 
 4771              		.loc 1 1871 7 is_stmt 0 view .LVU1337
 4772 0044 1868     		ldr	r0, [r3]
1871:Drivers/STM32F7xx_HAL_Driver/Src/stm32f7xx_hal_tim_ex.c **** 
 4773              		.loc 1 1871 17 view .LVU1338
 4774 0046 4168     		ldr	r1, [r0, #4]
1871:Drivers/STM32F7xx_HAL_Driver/Src/stm32f7xx_hal_tim_ex.c **** 
 4775              		.loc 1 1871 23 view .LVU1339
 4776 0048 0A43     		orrs	r2, r2, r1
 4777              	.LVL330:
1871:Drivers/STM32F7xx_HAL_Driver/Src/stm32f7xx_hal_tim_ex.c **** 
 4778              		.loc 1 1871 23 view .LVU1340
 4779 004a 4260     		str	r2, [r0, #4]
1874:Drivers/STM32F7xx_HAL_Driver/Src/stm32f7xx_hal_tim_ex.c **** 
 4780              		.loc 1 1874 3 is_stmt 1 view .LVU1341
 4781 004c 1968     		ldr	r1, [r3]
 4782 004e CA68     		ldr	r2, [r1, #12]
 4783 0050 22F40052 		bic	r2, r2, #8192
 4784 0054 CA60     		str	r2, [r1, #12]
1877:Drivers/STM32F7xx_HAL_Driver/Src/stm32f7xx_hal_tim_ex.c **** 
 4785              		.loc 1 1877 3 view .LVU1342
 4786 0056 1968     		ldr	r1, [r3]
 4787 0058 CA68     		ldr	r2, [r1, #12]
 4788 005a 42F02002 		orr	r2, r2, #32
 4789 005e CA60     		str	r2, [r1, #12]
1879:Drivers/STM32F7xx_HAL_Driver/Src/stm32f7xx_hal_tim_ex.c **** 
 4790              		.loc 1 1879 3 view .LVU1343
1879:Drivers/STM32F7xx_HAL_Driver/Src/stm32f7xx_hal_tim_ex.c **** 
 4791              		.loc 1 1879 3 view .LVU1344
 4792 0060 0020     		movs	r0, #0
 4793 0062 83F83C00 		strb	r0, [r3, #60]
1879:Drivers/STM32F7xx_HAL_Driver/Src/stm32f7xx_hal_tim_ex.c **** 
 4794              		.loc 1 1879 3 view .LVU1345
1881:Drivers/STM32F7xx_HAL_Driver/Src/stm32f7xx_hal_tim_ex.c **** }
 4795              		.loc 1 1881 3 view .LVU1346
1882:Drivers/STM32F7xx_HAL_Driver/Src/stm32f7xx_hal_tim_ex.c **** 
 4796              		.loc 1 1882 1 is_stmt 0 view .LVU1347
 4797 0066 5DF8044B 		ldr	r4, [sp], #4
 4798              	.LCFI35:
 4799              		.cfi_remember_state
 4800              		.cfi_restore 4
 4801              		.cfi_def_cfa_offset 0
 4802 006a 7047     		bx	lr
 4803              	.LVL331:
 4804              	.L380:
 4805              	.LCFI36:
 4806              		.cfi_restore_state
1882:Drivers/STM32F7xx_HAL_Driver/Src/stm32f7xx_hal_tim_ex.c **** 
 4807              		.loc 1 1882 1 view .LVU1348
 4808 006c 3029     		cmp	r1, #48
 4809 006e DFD1     		bne	.L381
 4810 0070 D5E7     		b	.L379
 4811              	.L382:
 4812              	.LCFI37:
 4813              		.cfi_def_cfa_offset 0
ARM GAS  /tmp/ccLIbKdJ.s 			page 153


 4814              		.cfi_restore 4
1857:Drivers/STM32F7xx_HAL_Driver/Src/stm32f7xx_hal_tim_ex.c **** 
 4815              		.loc 1 1857 3 discriminator 1 view .LVU1349
 4816 0072 0220     		movs	r0, #2
1882:Drivers/STM32F7xx_HAL_Driver/Src/stm32f7xx_hal_tim_ex.c **** 
 4817              		.loc 1 1882 1 view .LVU1350
 4818 0074 7047     		bx	lr
 4819              		.cfi_endproc
 4820              	.LFE168:
 4822              		.section	.text.HAL_TIMEx_ConfigCommutEvent_DMA,"ax",%progbits
 4823              		.align	1
 4824              		.global	HAL_TIMEx_ConfigCommutEvent_DMA
 4825              		.syntax unified
 4826              		.thumb
 4827              		.thumb_func
 4829              	HAL_TIMEx_ConfigCommutEvent_DMA:
 4830              	.LVL332:
 4831              	.LFB169:
1909:Drivers/STM32F7xx_HAL_Driver/Src/stm32f7xx_hal_tim_ex.c ****   /* Check the parameters */
 4832              		.loc 1 1909 1 is_stmt 1 view -0
 4833              		.cfi_startproc
 4834              		@ args = 0, pretend = 0, frame = 0
 4835              		@ frame_needed = 0, uses_anonymous_args = 0
 4836              		@ link register save eliminated.
1909:Drivers/STM32F7xx_HAL_Driver/Src/stm32f7xx_hal_tim_ex.c ****   /* Check the parameters */
 4837              		.loc 1 1909 1 is_stmt 0 view .LVU1352
 4838 0000 0346     		mov	r3, r0
1911:Drivers/STM32F7xx_HAL_Driver/Src/stm32f7xx_hal_tim_ex.c ****   assert_param(IS_TIM_INTERNAL_TRIGGEREVENT_SELECTION(InputTrigger));
 4839              		.loc 1 1911 3 is_stmt 1 view .LVU1353
1912:Drivers/STM32F7xx_HAL_Driver/Src/stm32f7xx_hal_tim_ex.c **** 
 4840              		.loc 1 1912 3 view .LVU1354
1914:Drivers/STM32F7xx_HAL_Driver/Src/stm32f7xx_hal_tim_ex.c **** 
 4841              		.loc 1 1914 3 view .LVU1355
1914:Drivers/STM32F7xx_HAL_Driver/Src/stm32f7xx_hal_tim_ex.c **** 
 4842              		.loc 1 1914 3 view .LVU1356
 4843 0002 90F83C00 		ldrb	r0, [r0, #60]	@ zero_extendqisi2
 4844              	.LVL333:
1914:Drivers/STM32F7xx_HAL_Driver/Src/stm32f7xx_hal_tim_ex.c **** 
 4845              		.loc 1 1914 3 is_stmt 0 view .LVU1357
 4846 0006 0128     		cmp	r0, #1
 4847 0008 3CD0     		beq	.L392
1909:Drivers/STM32F7xx_HAL_Driver/Src/stm32f7xx_hal_tim_ex.c ****   /* Check the parameters */
 4848              		.loc 1 1909 1 view .LVU1358
 4849 000a 10B4     		push	{r4}
 4850              	.LCFI38:
 4851              		.cfi_def_cfa_offset 4
 4852              		.cfi_offset 4, -4
1914:Drivers/STM32F7xx_HAL_Driver/Src/stm32f7xx_hal_tim_ex.c **** 
 4853              		.loc 1 1914 3 is_stmt 1 discriminator 2 view .LVU1359
 4854 000c 0120     		movs	r0, #1
 4855 000e 83F83C00 		strb	r0, [r3, #60]
1914:Drivers/STM32F7xx_HAL_Driver/Src/stm32f7xx_hal_tim_ex.c **** 
 4856              		.loc 1 1914 3 discriminator 2 view .LVU1360
1916:Drivers/STM32F7xx_HAL_Driver/Src/stm32f7xx_hal_tim_ex.c ****       (InputTrigger == TIM_TS_ITR2) || (InputTrigger == TIM_TS_ITR3))
 4857              		.loc 1 1916 3 view .LVU1361
 4858 0012 2029     		cmp	r1, #32
 4859 0014 03D0     		beq	.L389
ARM GAS  /tmp/ccLIbKdJ.s 			page 154


 4860 0016 32D8     		bhi	.L390
 4861 0018 09B1     		cbz	r1, .L389
 4862 001a 1029     		cmp	r1, #16
 4863 001c 08D1     		bne	.L391
 4864              	.L389:
1920:Drivers/STM32F7xx_HAL_Driver/Src/stm32f7xx_hal_tim_ex.c ****     htim->Instance->SMCR |= InputTrigger;
 4865              		.loc 1 1920 5 view .LVU1362
1920:Drivers/STM32F7xx_HAL_Driver/Src/stm32f7xx_hal_tim_ex.c ****     htim->Instance->SMCR |= InputTrigger;
 4866              		.loc 1 1920 9 is_stmt 0 view .LVU1363
 4867 001e 1C68     		ldr	r4, [r3]
1920:Drivers/STM32F7xx_HAL_Driver/Src/stm32f7xx_hal_tim_ex.c ****     htim->Instance->SMCR |= InputTrigger;
 4868              		.loc 1 1920 19 view .LVU1364
 4869 0020 A068     		ldr	r0, [r4, #8]
1920:Drivers/STM32F7xx_HAL_Driver/Src/stm32f7xx_hal_tim_ex.c ****     htim->Instance->SMCR |= InputTrigger;
 4870              		.loc 1 1920 26 view .LVU1365
 4871 0022 20F07000 		bic	r0, r0, #112
 4872 0026 A060     		str	r0, [r4, #8]
1921:Drivers/STM32F7xx_HAL_Driver/Src/stm32f7xx_hal_tim_ex.c ****   }
 4873              		.loc 1 1921 5 is_stmt 1 view .LVU1366
1921:Drivers/STM32F7xx_HAL_Driver/Src/stm32f7xx_hal_tim_ex.c ****   }
 4874              		.loc 1 1921 9 is_stmt 0 view .LVU1367
 4875 0028 1C68     		ldr	r4, [r3]
1921:Drivers/STM32F7xx_HAL_Driver/Src/stm32f7xx_hal_tim_ex.c ****   }
 4876              		.loc 1 1921 19 view .LVU1368
 4877 002a A068     		ldr	r0, [r4, #8]
1921:Drivers/STM32F7xx_HAL_Driver/Src/stm32f7xx_hal_tim_ex.c ****   }
 4878              		.loc 1 1921 26 view .LVU1369
 4879 002c 0143     		orrs	r1, r1, r0
 4880              	.LVL334:
1921:Drivers/STM32F7xx_HAL_Driver/Src/stm32f7xx_hal_tim_ex.c ****   }
 4881              		.loc 1 1921 26 view .LVU1370
 4882 002e A160     		str	r1, [r4, #8]
 4883              	.L391:
1925:Drivers/STM32F7xx_HAL_Driver/Src/stm32f7xx_hal_tim_ex.c ****   /* Select the Commutation event source */
 4884              		.loc 1 1925 3 is_stmt 1 view .LVU1371
1925:Drivers/STM32F7xx_HAL_Driver/Src/stm32f7xx_hal_tim_ex.c ****   /* Select the Commutation event source */
 4885              		.loc 1 1925 7 is_stmt 0 view .LVU1372
 4886 0030 1868     		ldr	r0, [r3]
1925:Drivers/STM32F7xx_HAL_Driver/Src/stm32f7xx_hal_tim_ex.c ****   /* Select the Commutation event source */
 4887              		.loc 1 1925 17 view .LVU1373
 4888 0032 4168     		ldr	r1, [r0, #4]
1925:Drivers/STM32F7xx_HAL_Driver/Src/stm32f7xx_hal_tim_ex.c ****   /* Select the Commutation event source */
 4889              		.loc 1 1925 23 view .LVU1374
 4890 0034 41F00101 		orr	r1, r1, #1
 4891 0038 4160     		str	r1, [r0, #4]
1927:Drivers/STM32F7xx_HAL_Driver/Src/stm32f7xx_hal_tim_ex.c ****   htim->Instance->CR2 |= CommutationSource;
 4892              		.loc 1 1927 3 is_stmt 1 view .LVU1375
1927:Drivers/STM32F7xx_HAL_Driver/Src/stm32f7xx_hal_tim_ex.c ****   htim->Instance->CR2 |= CommutationSource;
 4893              		.loc 1 1927 7 is_stmt 0 view .LVU1376
 4894 003a 1868     		ldr	r0, [r3]
1927:Drivers/STM32F7xx_HAL_Driver/Src/stm32f7xx_hal_tim_ex.c ****   htim->Instance->CR2 |= CommutationSource;
 4895              		.loc 1 1927 17 view .LVU1377
 4896 003c 4168     		ldr	r1, [r0, #4]
1927:Drivers/STM32F7xx_HAL_Driver/Src/stm32f7xx_hal_tim_ex.c ****   htim->Instance->CR2 |= CommutationSource;
 4897              		.loc 1 1927 23 view .LVU1378
 4898 003e 21F00401 		bic	r1, r1, #4
 4899 0042 4160     		str	r1, [r0, #4]
ARM GAS  /tmp/ccLIbKdJ.s 			page 155


1928:Drivers/STM32F7xx_HAL_Driver/Src/stm32f7xx_hal_tim_ex.c **** 
 4900              		.loc 1 1928 3 is_stmt 1 view .LVU1379
1928:Drivers/STM32F7xx_HAL_Driver/Src/stm32f7xx_hal_tim_ex.c **** 
 4901              		.loc 1 1928 7 is_stmt 0 view .LVU1380
 4902 0044 1868     		ldr	r0, [r3]
1928:Drivers/STM32F7xx_HAL_Driver/Src/stm32f7xx_hal_tim_ex.c **** 
 4903              		.loc 1 1928 17 view .LVU1381
 4904 0046 4168     		ldr	r1, [r0, #4]
1928:Drivers/STM32F7xx_HAL_Driver/Src/stm32f7xx_hal_tim_ex.c **** 
 4905              		.loc 1 1928 23 view .LVU1382
 4906 0048 0A43     		orrs	r2, r2, r1
 4907              	.LVL335:
1928:Drivers/STM32F7xx_HAL_Driver/Src/stm32f7xx_hal_tim_ex.c **** 
 4908              		.loc 1 1928 23 view .LVU1383
 4909 004a 4260     		str	r2, [r0, #4]
1932:Drivers/STM32F7xx_HAL_Driver/Src/stm32f7xx_hal_tim_ex.c ****   htim->hdma[TIM_DMA_ID_COMMUTATION]->XferHalfCpltCallback = TIMEx_DMACommutationHalfCplt;
 4910              		.loc 1 1932 3 is_stmt 1 view .LVU1384
1932:Drivers/STM32F7xx_HAL_Driver/Src/stm32f7xx_hal_tim_ex.c ****   htim->hdma[TIM_DMA_ID_COMMUTATION]->XferHalfCpltCallback = TIMEx_DMACommutationHalfCplt;
 4911              		.loc 1 1932 13 is_stmt 0 view .LVU1385
 4912 004c 5A6B     		ldr	r2, [r3, #52]
1932:Drivers/STM32F7xx_HAL_Driver/Src/stm32f7xx_hal_tim_ex.c ****   htim->hdma[TIM_DMA_ID_COMMUTATION]->XferHalfCpltCallback = TIMEx_DMACommutationHalfCplt;
 4913              		.loc 1 1932 56 view .LVU1386
 4914 004e 0E49     		ldr	r1, .L397
 4915 0050 D163     		str	r1, [r2, #60]
1933:Drivers/STM32F7xx_HAL_Driver/Src/stm32f7xx_hal_tim_ex.c ****   /* Set the DMA error callback */
 4916              		.loc 1 1933 3 is_stmt 1 view .LVU1387
1933:Drivers/STM32F7xx_HAL_Driver/Src/stm32f7xx_hal_tim_ex.c ****   /* Set the DMA error callback */
 4917              		.loc 1 1933 13 is_stmt 0 view .LVU1388
 4918 0052 5A6B     		ldr	r2, [r3, #52]
1933:Drivers/STM32F7xx_HAL_Driver/Src/stm32f7xx_hal_tim_ex.c ****   /* Set the DMA error callback */
 4919              		.loc 1 1933 60 view .LVU1389
 4920 0054 0D49     		ldr	r1, .L397+4
 4921 0056 1164     		str	r1, [r2, #64]
1935:Drivers/STM32F7xx_HAL_Driver/Src/stm32f7xx_hal_tim_ex.c **** 
 4922              		.loc 1 1935 3 is_stmt 1 view .LVU1390
1935:Drivers/STM32F7xx_HAL_Driver/Src/stm32f7xx_hal_tim_ex.c **** 
 4923              		.loc 1 1935 13 is_stmt 0 view .LVU1391
 4924 0058 5A6B     		ldr	r2, [r3, #52]
1935:Drivers/STM32F7xx_HAL_Driver/Src/stm32f7xx_hal_tim_ex.c **** 
 4925              		.loc 1 1935 57 view .LVU1392
 4926 005a 0D49     		ldr	r1, .L397+8
 4927 005c D164     		str	r1, [r2, #76]
1938:Drivers/STM32F7xx_HAL_Driver/Src/stm32f7xx_hal_tim_ex.c **** 
 4928              		.loc 1 1938 3 is_stmt 1 view .LVU1393
 4929 005e 1968     		ldr	r1, [r3]
 4930 0060 CA68     		ldr	r2, [r1, #12]
 4931 0062 22F02002 		bic	r2, r2, #32
 4932 0066 CA60     		str	r2, [r1, #12]
1941:Drivers/STM32F7xx_HAL_Driver/Src/stm32f7xx_hal_tim_ex.c **** 
 4933              		.loc 1 1941 3 view .LVU1394
 4934 0068 1968     		ldr	r1, [r3]
 4935 006a CA68     		ldr	r2, [r1, #12]
 4936 006c 42F40052 		orr	r2, r2, #8192
 4937 0070 CA60     		str	r2, [r1, #12]
1943:Drivers/STM32F7xx_HAL_Driver/Src/stm32f7xx_hal_tim_ex.c **** 
 4938              		.loc 1 1943 3 view .LVU1395
1943:Drivers/STM32F7xx_HAL_Driver/Src/stm32f7xx_hal_tim_ex.c **** 
ARM GAS  /tmp/ccLIbKdJ.s 			page 156


 4939              		.loc 1 1943 3 view .LVU1396
 4940 0072 0020     		movs	r0, #0
 4941 0074 83F83C00 		strb	r0, [r3, #60]
1943:Drivers/STM32F7xx_HAL_Driver/Src/stm32f7xx_hal_tim_ex.c **** 
 4942              		.loc 1 1943 3 view .LVU1397
1945:Drivers/STM32F7xx_HAL_Driver/Src/stm32f7xx_hal_tim_ex.c **** }
 4943              		.loc 1 1945 3 view .LVU1398
1946:Drivers/STM32F7xx_HAL_Driver/Src/stm32f7xx_hal_tim_ex.c **** 
 4944              		.loc 1 1946 1 is_stmt 0 view .LVU1399
 4945 0078 5DF8044B 		ldr	r4, [sp], #4
 4946              	.LCFI39:
 4947              		.cfi_remember_state
 4948              		.cfi_restore 4
 4949              		.cfi_def_cfa_offset 0
 4950 007c 7047     		bx	lr
 4951              	.LVL336:
 4952              	.L390:
 4953              	.LCFI40:
 4954              		.cfi_restore_state
1946:Drivers/STM32F7xx_HAL_Driver/Src/stm32f7xx_hal_tim_ex.c **** 
 4955              		.loc 1 1946 1 view .LVU1400
 4956 007e 3029     		cmp	r1, #48
 4957 0080 D6D1     		bne	.L391
 4958 0082 CCE7     		b	.L389
 4959              	.L392:
 4960              	.LCFI41:
 4961              		.cfi_def_cfa_offset 0
 4962              		.cfi_restore 4
1914:Drivers/STM32F7xx_HAL_Driver/Src/stm32f7xx_hal_tim_ex.c **** 
 4963              		.loc 1 1914 3 discriminator 1 view .LVU1401
 4964 0084 0220     		movs	r0, #2
1946:Drivers/STM32F7xx_HAL_Driver/Src/stm32f7xx_hal_tim_ex.c **** 
 4965              		.loc 1 1946 1 view .LVU1402
 4966 0086 7047     		bx	lr
 4967              	.L398:
 4968              		.align	2
 4969              	.L397:
 4970 0088 00000000 		.word	TIMEx_DMACommutationCplt
 4971 008c 00000000 		.word	TIMEx_DMACommutationHalfCplt
 4972 0090 00000000 		.word	TIM_DMAError
 4973              		.cfi_endproc
 4974              	.LFE169:
 4976              		.section	.text.HAL_TIMEx_MasterConfigSynchronization,"ax",%progbits
 4977              		.align	1
 4978              		.global	HAL_TIMEx_MasterConfigSynchronization
 4979              		.syntax unified
 4980              		.thumb
 4981              		.thumb_func
 4983              	HAL_TIMEx_MasterConfigSynchronization:
 4984              	.LVL337:
 4985              	.LFB170:
1958:Drivers/STM32F7xx_HAL_Driver/Src/stm32f7xx_hal_tim_ex.c ****   uint32_t tmpcr2;
 4986              		.loc 1 1958 1 is_stmt 1 view -0
 4987              		.cfi_startproc
 4988              		@ args = 0, pretend = 0, frame = 0
 4989              		@ frame_needed = 0, uses_anonymous_args = 0
 4990              		@ link register save eliminated.
ARM GAS  /tmp/ccLIbKdJ.s 			page 157


1959:Drivers/STM32F7xx_HAL_Driver/Src/stm32f7xx_hal_tim_ex.c ****   uint32_t tmpsmcr;
 4991              		.loc 1 1959 3 view .LVU1404
1960:Drivers/STM32F7xx_HAL_Driver/Src/stm32f7xx_hal_tim_ex.c **** 
 4992              		.loc 1 1960 3 view .LVU1405
1963:Drivers/STM32F7xx_HAL_Driver/Src/stm32f7xx_hal_tim_ex.c ****   assert_param(IS_TIM_TRGO_SOURCE(sMasterConfig->MasterOutputTrigger));
 4993              		.loc 1 1963 3 view .LVU1406
1964:Drivers/STM32F7xx_HAL_Driver/Src/stm32f7xx_hal_tim_ex.c ****   assert_param(IS_TIM_MSM_STATE(sMasterConfig->MasterSlaveMode));
 4994              		.loc 1 1964 3 view .LVU1407
1965:Drivers/STM32F7xx_HAL_Driver/Src/stm32f7xx_hal_tim_ex.c **** 
 4995              		.loc 1 1965 3 view .LVU1408
1968:Drivers/STM32F7xx_HAL_Driver/Src/stm32f7xx_hal_tim_ex.c **** 
 4996              		.loc 1 1968 3 view .LVU1409
1968:Drivers/STM32F7xx_HAL_Driver/Src/stm32f7xx_hal_tim_ex.c **** 
 4997              		.loc 1 1968 3 view .LVU1410
 4998 0000 90F83C20 		ldrb	r2, [r0, #60]	@ zero_extendqisi2
 4999 0004 012A     		cmp	r2, #1
 5000 0006 45D0     		beq	.L404
1958:Drivers/STM32F7xx_HAL_Driver/Src/stm32f7xx_hal_tim_ex.c ****   uint32_t tmpcr2;
 5001              		.loc 1 1958 1 is_stmt 0 view .LVU1411
 5002 0008 70B4     		push	{r4, r5, r6}
 5003              	.LCFI42:
 5004              		.cfi_def_cfa_offset 12
 5005              		.cfi_offset 4, -12
 5006              		.cfi_offset 5, -8
 5007              		.cfi_offset 6, -4
 5008 000a 0346     		mov	r3, r0
1968:Drivers/STM32F7xx_HAL_Driver/Src/stm32f7xx_hal_tim_ex.c **** 
 5009              		.loc 1 1968 3 is_stmt 1 discriminator 2 view .LVU1412
 5010 000c 0122     		movs	r2, #1
 5011 000e 80F83C20 		strb	r2, [r0, #60]
1968:Drivers/STM32F7xx_HAL_Driver/Src/stm32f7xx_hal_tim_ex.c **** 
 5012              		.loc 1 1968 3 discriminator 2 view .LVU1413
1971:Drivers/STM32F7xx_HAL_Driver/Src/stm32f7xx_hal_tim_ex.c **** 
 5013              		.loc 1 1971 3 view .LVU1414
1971:Drivers/STM32F7xx_HAL_Driver/Src/stm32f7xx_hal_tim_ex.c **** 
 5014              		.loc 1 1971 15 is_stmt 0 view .LVU1415
 5015 0012 0222     		movs	r2, #2
 5016 0014 80F83D20 		strb	r2, [r0, #61]
1974:Drivers/STM32F7xx_HAL_Driver/Src/stm32f7xx_hal_tim_ex.c **** 
 5017              		.loc 1 1974 3 is_stmt 1 view .LVU1416
1974:Drivers/STM32F7xx_HAL_Driver/Src/stm32f7xx_hal_tim_ex.c **** 
 5018              		.loc 1 1974 16 is_stmt 0 view .LVU1417
 5019 0018 0268     		ldr	r2, [r0]
1974:Drivers/STM32F7xx_HAL_Driver/Src/stm32f7xx_hal_tim_ex.c **** 
 5020              		.loc 1 1974 10 view .LVU1418
 5021 001a 5068     		ldr	r0, [r2, #4]
 5022              	.LVL338:
1977:Drivers/STM32F7xx_HAL_Driver/Src/stm32f7xx_hal_tim_ex.c **** 
 5023              		.loc 1 1977 3 is_stmt 1 view .LVU1419
1977:Drivers/STM32F7xx_HAL_Driver/Src/stm32f7xx_hal_tim_ex.c **** 
 5024              		.loc 1 1977 11 is_stmt 0 view .LVU1420
 5025 001c 9468     		ldr	r4, [r2, #8]
 5026              	.LVL339:
1980:Drivers/STM32F7xx_HAL_Driver/Src/stm32f7xx_hal_tim_ex.c ****   {
 5027              		.loc 1 1980 3 is_stmt 1 view .LVU1421
1980:Drivers/STM32F7xx_HAL_Driver/Src/stm32f7xx_hal_tim_ex.c ****   {
 5028              		.loc 1 1980 6 is_stmt 0 view .LVU1422
ARM GAS  /tmp/ccLIbKdJ.s 			page 158


 5029 001e 1E4E     		ldr	r6, .L409
 5030 0020 1E4D     		ldr	r5, .L409+4
 5031 0022 AA42     		cmp	r2, r5
 5032 0024 18BF     		it	ne
 5033 0026 B242     		cmpne	r2, r6
 5034 0028 03D1     		bne	.L401
1983:Drivers/STM32F7xx_HAL_Driver/Src/stm32f7xx_hal_tim_ex.c **** 
 5035              		.loc 1 1983 5 is_stmt 1 view .LVU1423
1986:Drivers/STM32F7xx_HAL_Driver/Src/stm32f7xx_hal_tim_ex.c ****     /* Select the TRGO2 source*/
 5036              		.loc 1 1986 5 view .LVU1424
1986:Drivers/STM32F7xx_HAL_Driver/Src/stm32f7xx_hal_tim_ex.c ****     /* Select the TRGO2 source*/
 5037              		.loc 1 1986 12 is_stmt 0 view .LVU1425
 5038 002a 20F47000 		bic	r0, r0, #15728640
 5039              	.LVL340:
1988:Drivers/STM32F7xx_HAL_Driver/Src/stm32f7xx_hal_tim_ex.c ****   }
 5040              		.loc 1 1988 5 is_stmt 1 view .LVU1426
1988:Drivers/STM32F7xx_HAL_Driver/Src/stm32f7xx_hal_tim_ex.c ****   }
 5041              		.loc 1 1988 28 is_stmt 0 view .LVU1427
 5042 002e 4D68     		ldr	r5, [r1, #4]
1988:Drivers/STM32F7xx_HAL_Driver/Src/stm32f7xx_hal_tim_ex.c ****   }
 5043              		.loc 1 1988 12 view .LVU1428
 5044 0030 2843     		orrs	r0, r0, r5
 5045              	.LVL341:
 5046              	.L401:
1992:Drivers/STM32F7xx_HAL_Driver/Src/stm32f7xx_hal_tim_ex.c ****   /* Select the TRGO source */
 5047              		.loc 1 1992 3 is_stmt 1 view .LVU1429
1992:Drivers/STM32F7xx_HAL_Driver/Src/stm32f7xx_hal_tim_ex.c ****   /* Select the TRGO source */
 5048              		.loc 1 1992 10 is_stmt 0 view .LVU1430
 5049 0032 20F07000 		bic	r0, r0, #112
 5050              	.LVL342:
1994:Drivers/STM32F7xx_HAL_Driver/Src/stm32f7xx_hal_tim_ex.c **** 
 5051              		.loc 1 1994 3 is_stmt 1 view .LVU1431
1994:Drivers/STM32F7xx_HAL_Driver/Src/stm32f7xx_hal_tim_ex.c **** 
 5052              		.loc 1 1994 10 is_stmt 0 view .LVU1432
 5053 0036 0D68     		ldr	r5, [r1]
 5054 0038 2843     		orrs	r0, r0, r5
 5055              	.LVL343:
1997:Drivers/STM32F7xx_HAL_Driver/Src/stm32f7xx_hal_tim_ex.c **** 
 5056              		.loc 1 1997 3 is_stmt 1 view .LVU1433
1997:Drivers/STM32F7xx_HAL_Driver/Src/stm32f7xx_hal_tim_ex.c **** 
 5057              		.loc 1 1997 23 is_stmt 0 view .LVU1434
 5058 003a 5060     		str	r0, [r2, #4]
1999:Drivers/STM32F7xx_HAL_Driver/Src/stm32f7xx_hal_tim_ex.c ****   {
 5059              		.loc 1 1999 3 is_stmt 1 view .LVU1435
1999:Drivers/STM32F7xx_HAL_Driver/Src/stm32f7xx_hal_tim_ex.c ****   {
 5060              		.loc 1 1999 7 is_stmt 0 view .LVU1436
 5061 003c 1A68     		ldr	r2, [r3]
1999:Drivers/STM32F7xx_HAL_Driver/Src/stm32f7xx_hal_tim_ex.c ****   {
 5062              		.loc 1 1999 6 view .LVU1437
 5063 003e 1648     		ldr	r0, .L409
 5064              	.LVL344:
1999:Drivers/STM32F7xx_HAL_Driver/Src/stm32f7xx_hal_tim_ex.c ****   {
 5065              		.loc 1 1999 6 view .LVU1438
 5066 0040 B2F1804F 		cmp	r2, #1073741824
 5067 0044 18BF     		it	ne
 5068 0046 8242     		cmpne	r2, r0
 5069 0048 17D0     		beq	.L402
ARM GAS  /tmp/ccLIbKdJ.s 			page 159


1999:Drivers/STM32F7xx_HAL_Driver/Src/stm32f7xx_hal_tim_ex.c ****   {
 5070              		.loc 1 1999 7 discriminator 1 view .LVU1439
 5071 004a A0F57C40 		sub	r0, r0, #64512
 5072 004e 8242     		cmp	r2, r0
 5073 0050 13D0     		beq	.L402
1999:Drivers/STM32F7xx_HAL_Driver/Src/stm32f7xx_hal_tim_ex.c ****   {
 5074              		.loc 1 1999 7 discriminator 2 view .LVU1440
 5075 0052 00F58060 		add	r0, r0, #1024
 5076 0056 8242     		cmp	r2, r0
 5077 0058 0FD0     		beq	.L402
1999:Drivers/STM32F7xx_HAL_Driver/Src/stm32f7xx_hal_tim_ex.c ****   {
 5078              		.loc 1 1999 7 discriminator 3 view .LVU1441
 5079 005a 00F58060 		add	r0, r0, #1024
 5080 005e 8242     		cmp	r2, r0
 5081 0060 0BD0     		beq	.L402
1999:Drivers/STM32F7xx_HAL_Driver/Src/stm32f7xx_hal_tim_ex.c ****   {
 5082              		.loc 1 1999 7 discriminator 4 view .LVU1442
 5083 0062 00F57840 		add	r0, r0, #63488
 5084 0066 8242     		cmp	r2, r0
 5085 0068 07D0     		beq	.L402
1999:Drivers/STM32F7xx_HAL_Driver/Src/stm32f7xx_hal_tim_ex.c ****   {
 5086              		.loc 1 1999 7 discriminator 5 view .LVU1443
 5087 006a 00F57050 		add	r0, r0, #15360
 5088 006e 8242     		cmp	r2, r0
 5089 0070 03D0     		beq	.L402
1999:Drivers/STM32F7xx_HAL_Driver/Src/stm32f7xx_hal_tim_ex.c ****   {
 5090              		.loc 1 1999 7 discriminator 6 view .LVU1444
 5091 0072 A0F59430 		sub	r0, r0, #75776
 5092 0076 8242     		cmp	r2, r0
 5093 0078 04D1     		bne	.L403
 5094              	.L402:
2002:Drivers/STM32F7xx_HAL_Driver/Src/stm32f7xx_hal_tim_ex.c ****     /* Set master mode */
 5095              		.loc 1 2002 5 is_stmt 1 view .LVU1445
2002:Drivers/STM32F7xx_HAL_Driver/Src/stm32f7xx_hal_tim_ex.c ****     /* Set master mode */
 5096              		.loc 1 2002 13 is_stmt 0 view .LVU1446
 5097 007a 24F08004 		bic	r4, r4, #128
 5098              	.LVL345:
2004:Drivers/STM32F7xx_HAL_Driver/Src/stm32f7xx_hal_tim_ex.c **** 
 5099              		.loc 1 2004 5 is_stmt 1 view .LVU1447
2004:Drivers/STM32F7xx_HAL_Driver/Src/stm32f7xx_hal_tim_ex.c **** 
 5100              		.loc 1 2004 29 is_stmt 0 view .LVU1448
 5101 007e 8968     		ldr	r1, [r1, #8]
 5102              	.LVL346:
2004:Drivers/STM32F7xx_HAL_Driver/Src/stm32f7xx_hal_tim_ex.c **** 
 5103              		.loc 1 2004 13 view .LVU1449
 5104 0080 2143     		orrs	r1, r1, r4
 5105              	.LVL347:
2007:Drivers/STM32F7xx_HAL_Driver/Src/stm32f7xx_hal_tim_ex.c ****   }
 5106              		.loc 1 2007 5 is_stmt 1 view .LVU1450
2007:Drivers/STM32F7xx_HAL_Driver/Src/stm32f7xx_hal_tim_ex.c ****   }
 5107              		.loc 1 2007 26 is_stmt 0 view .LVU1451
 5108 0082 9160     		str	r1, [r2, #8]
 5109              	.LVL348:
 5110              	.L403:
2011:Drivers/STM32F7xx_HAL_Driver/Src/stm32f7xx_hal_tim_ex.c **** 
 5111              		.loc 1 2011 3 is_stmt 1 view .LVU1452
2011:Drivers/STM32F7xx_HAL_Driver/Src/stm32f7xx_hal_tim_ex.c **** 
ARM GAS  /tmp/ccLIbKdJ.s 			page 160


 5112              		.loc 1 2011 15 is_stmt 0 view .LVU1453
 5113 0084 0122     		movs	r2, #1
 5114 0086 83F83D20 		strb	r2, [r3, #61]
2013:Drivers/STM32F7xx_HAL_Driver/Src/stm32f7xx_hal_tim_ex.c **** 
 5115              		.loc 1 2013 3 is_stmt 1 view .LVU1454
2013:Drivers/STM32F7xx_HAL_Driver/Src/stm32f7xx_hal_tim_ex.c **** 
 5116              		.loc 1 2013 3 view .LVU1455
 5117 008a 0020     		movs	r0, #0
 5118 008c 83F83C00 		strb	r0, [r3, #60]
2013:Drivers/STM32F7xx_HAL_Driver/Src/stm32f7xx_hal_tim_ex.c **** 
 5119              		.loc 1 2013 3 view .LVU1456
2015:Drivers/STM32F7xx_HAL_Driver/Src/stm32f7xx_hal_tim_ex.c **** }
 5120              		.loc 1 2015 3 view .LVU1457
2016:Drivers/STM32F7xx_HAL_Driver/Src/stm32f7xx_hal_tim_ex.c **** 
 5121              		.loc 1 2016 1 is_stmt 0 view .LVU1458
 5122 0090 70BC     		pop	{r4, r5, r6}
 5123              	.LCFI43:
 5124              		.cfi_restore 6
 5125              		.cfi_restore 5
 5126              		.cfi_restore 4
 5127              		.cfi_def_cfa_offset 0
 5128 0092 7047     		bx	lr
 5129              	.LVL349:
 5130              	.L404:
1968:Drivers/STM32F7xx_HAL_Driver/Src/stm32f7xx_hal_tim_ex.c **** 
 5131              		.loc 1 1968 3 discriminator 1 view .LVU1459
 5132 0094 0220     		movs	r0, #2
 5133              	.LVL350:
2016:Drivers/STM32F7xx_HAL_Driver/Src/stm32f7xx_hal_tim_ex.c **** 
 5134              		.loc 1 2016 1 view .LVU1460
 5135 0096 7047     		bx	lr
 5136              	.L410:
 5137              		.align	2
 5138              	.L409:
 5139 0098 00000140 		.word	1073807360
 5140 009c 00040140 		.word	1073808384
 5141              		.cfi_endproc
 5142              	.LFE170:
 5144              		.section	.text.HAL_TIMEx_ConfigBreakDeadTime,"ax",%progbits
 5145              		.align	1
 5146              		.global	HAL_TIMEx_ConfigBreakDeadTime
 5147              		.syntax unified
 5148              		.thumb
 5149              		.thumb_func
 5151              	HAL_TIMEx_ConfigBreakDeadTime:
 5152              	.LVL351:
 5153              	.LFB171:
2031:Drivers/STM32F7xx_HAL_Driver/Src/stm32f7xx_hal_tim_ex.c ****   /* Keep this variable initialized to 0 as it is used to configure BDTR register */
 5154              		.loc 1 2031 1 is_stmt 1 view -0
 5155              		.cfi_startproc
 5156              		@ args = 0, pretend = 0, frame = 0
 5157              		@ frame_needed = 0, uses_anonymous_args = 0
 5158              		@ link register save eliminated.
2033:Drivers/STM32F7xx_HAL_Driver/Src/stm32f7xx_hal_tim_ex.c **** 
 5159              		.loc 1 2033 3 view .LVU1462
2036:Drivers/STM32F7xx_HAL_Driver/Src/stm32f7xx_hal_tim_ex.c ****   assert_param(IS_TIM_OSSR_STATE(sBreakDeadTimeConfig->OffStateRunMode));
 5160              		.loc 1 2036 3 view .LVU1463
ARM GAS  /tmp/ccLIbKdJ.s 			page 161


2037:Drivers/STM32F7xx_HAL_Driver/Src/stm32f7xx_hal_tim_ex.c ****   assert_param(IS_TIM_OSSI_STATE(sBreakDeadTimeConfig->OffStateIDLEMode));
 5161              		.loc 1 2037 3 view .LVU1464
2038:Drivers/STM32F7xx_HAL_Driver/Src/stm32f7xx_hal_tim_ex.c ****   assert_param(IS_TIM_LOCK_LEVEL(sBreakDeadTimeConfig->LockLevel));
 5162              		.loc 1 2038 3 view .LVU1465
2039:Drivers/STM32F7xx_HAL_Driver/Src/stm32f7xx_hal_tim_ex.c ****   assert_param(IS_TIM_DEADTIME(sBreakDeadTimeConfig->DeadTime));
 5163              		.loc 1 2039 3 view .LVU1466
2040:Drivers/STM32F7xx_HAL_Driver/Src/stm32f7xx_hal_tim_ex.c ****   assert_param(IS_TIM_BREAK_STATE(sBreakDeadTimeConfig->BreakState));
 5164              		.loc 1 2040 3 view .LVU1467
2041:Drivers/STM32F7xx_HAL_Driver/Src/stm32f7xx_hal_tim_ex.c ****   assert_param(IS_TIM_BREAK_POLARITY(sBreakDeadTimeConfig->BreakPolarity));
 5165              		.loc 1 2041 3 view .LVU1468
2042:Drivers/STM32F7xx_HAL_Driver/Src/stm32f7xx_hal_tim_ex.c ****   assert_param(IS_TIM_BREAK_FILTER(sBreakDeadTimeConfig->BreakFilter));
 5166              		.loc 1 2042 3 view .LVU1469
2043:Drivers/STM32F7xx_HAL_Driver/Src/stm32f7xx_hal_tim_ex.c ****   assert_param(IS_TIM_AUTOMATIC_OUTPUT_STATE(sBreakDeadTimeConfig->AutomaticOutput));
 5167              		.loc 1 2043 3 view .LVU1470
2044:Drivers/STM32F7xx_HAL_Driver/Src/stm32f7xx_hal_tim_ex.c **** 
 5168              		.loc 1 2044 3 view .LVU1471
2047:Drivers/STM32F7xx_HAL_Driver/Src/stm32f7xx_hal_tim_ex.c **** 
 5169              		.loc 1 2047 3 view .LVU1472
2047:Drivers/STM32F7xx_HAL_Driver/Src/stm32f7xx_hal_tim_ex.c **** 
 5170              		.loc 1 2047 3 view .LVU1473
 5171 0000 90F83C30 		ldrb	r3, [r0, #60]	@ zero_extendqisi2
 5172 0004 012B     		cmp	r3, #1
 5173 0006 3CD0     		beq	.L414
2031:Drivers/STM32F7xx_HAL_Driver/Src/stm32f7xx_hal_tim_ex.c ****   /* Keep this variable initialized to 0 as it is used to configure BDTR register */
 5174              		.loc 1 2031 1 is_stmt 0 view .LVU1474
 5175 0008 30B4     		push	{r4, r5}
 5176              	.LCFI44:
 5177              		.cfi_def_cfa_offset 8
 5178              		.cfi_offset 4, -8
 5179              		.cfi_offset 5, -4
 5180 000a 0246     		mov	r2, r0
2047:Drivers/STM32F7xx_HAL_Driver/Src/stm32f7xx_hal_tim_ex.c **** 
 5181              		.loc 1 2047 3 is_stmt 1 discriminator 2 view .LVU1475
 5182 000c 0123     		movs	r3, #1
 5183 000e 80F83C30 		strb	r3, [r0, #60]
2047:Drivers/STM32F7xx_HAL_Driver/Src/stm32f7xx_hal_tim_ex.c **** 
 5184              		.loc 1 2047 3 discriminator 2 view .LVU1476
2053:Drivers/STM32F7xx_HAL_Driver/Src/stm32f7xx_hal_tim_ex.c ****   MODIFY_REG(tmpbdtr, TIM_BDTR_LOCK, sBreakDeadTimeConfig->LockLevel);
 5185              		.loc 1 2053 3 view .LVU1477
 5186 0012 CB68     		ldr	r3, [r1, #12]
 5187              	.LVL352:
2054:Drivers/STM32F7xx_HAL_Driver/Src/stm32f7xx_hal_tim_ex.c ****   MODIFY_REG(tmpbdtr, TIM_BDTR_OSSI, sBreakDeadTimeConfig->OffStateIDLEMode);
 5188              		.loc 1 2054 3 view .LVU1478
 5189 0014 23F44073 		bic	r3, r3, #768
 5190              	.LVL353:
2054:Drivers/STM32F7xx_HAL_Driver/Src/stm32f7xx_hal_tim_ex.c ****   MODIFY_REG(tmpbdtr, TIM_BDTR_OSSI, sBreakDeadTimeConfig->OffStateIDLEMode);
 5191              		.loc 1 2054 3 is_stmt 0 view .LVU1479
 5192 0018 8868     		ldr	r0, [r1, #8]
 5193              	.LVL354:
2054:Drivers/STM32F7xx_HAL_Driver/Src/stm32f7xx_hal_tim_ex.c ****   MODIFY_REG(tmpbdtr, TIM_BDTR_OSSI, sBreakDeadTimeConfig->OffStateIDLEMode);
 5194              		.loc 1 2054 3 view .LVU1480
 5195 001a 0343     		orrs	r3, r3, r0
 5196              	.LVL355:
2055:Drivers/STM32F7xx_HAL_Driver/Src/stm32f7xx_hal_tim_ex.c ****   MODIFY_REG(tmpbdtr, TIM_BDTR_OSSR, sBreakDeadTimeConfig->OffStateRunMode);
 5197              		.loc 1 2055 3 is_stmt 1 view .LVU1481
 5198 001c 23F48063 		bic	r3, r3, #1024
 5199              	.LVL356:
ARM GAS  /tmp/ccLIbKdJ.s 			page 162


2055:Drivers/STM32F7xx_HAL_Driver/Src/stm32f7xx_hal_tim_ex.c ****   MODIFY_REG(tmpbdtr, TIM_BDTR_OSSR, sBreakDeadTimeConfig->OffStateRunMode);
 5200              		.loc 1 2055 3 is_stmt 0 view .LVU1482
 5201 0020 4868     		ldr	r0, [r1, #4]
 5202              	.LVL357:
2055:Drivers/STM32F7xx_HAL_Driver/Src/stm32f7xx_hal_tim_ex.c ****   MODIFY_REG(tmpbdtr, TIM_BDTR_OSSR, sBreakDeadTimeConfig->OffStateRunMode);
 5203              		.loc 1 2055 3 view .LVU1483
 5204 0022 0343     		orrs	r3, r3, r0
 5205              	.LVL358:
2056:Drivers/STM32F7xx_HAL_Driver/Src/stm32f7xx_hal_tim_ex.c ****   MODIFY_REG(tmpbdtr, TIM_BDTR_BKE, sBreakDeadTimeConfig->BreakState);
 5206              		.loc 1 2056 3 is_stmt 1 view .LVU1484
 5207 0024 23F40063 		bic	r3, r3, #2048
 5208              	.LVL359:
2056:Drivers/STM32F7xx_HAL_Driver/Src/stm32f7xx_hal_tim_ex.c ****   MODIFY_REG(tmpbdtr, TIM_BDTR_BKE, sBreakDeadTimeConfig->BreakState);
 5209              		.loc 1 2056 3 is_stmt 0 view .LVU1485
 5210 0028 0868     		ldr	r0, [r1]
 5211              	.LVL360:
2056:Drivers/STM32F7xx_HAL_Driver/Src/stm32f7xx_hal_tim_ex.c ****   MODIFY_REG(tmpbdtr, TIM_BDTR_BKE, sBreakDeadTimeConfig->BreakState);
 5212              		.loc 1 2056 3 view .LVU1486
 5213 002a 0343     		orrs	r3, r3, r0
 5214              	.LVL361:
2057:Drivers/STM32F7xx_HAL_Driver/Src/stm32f7xx_hal_tim_ex.c ****   MODIFY_REG(tmpbdtr, TIM_BDTR_BKP, sBreakDeadTimeConfig->BreakPolarity);
 5215              		.loc 1 2057 3 is_stmt 1 view .LVU1487
 5216 002c 23F48053 		bic	r3, r3, #4096
 5217              	.LVL362:
2057:Drivers/STM32F7xx_HAL_Driver/Src/stm32f7xx_hal_tim_ex.c ****   MODIFY_REG(tmpbdtr, TIM_BDTR_BKP, sBreakDeadTimeConfig->BreakPolarity);
 5218              		.loc 1 2057 3 is_stmt 0 view .LVU1488
 5219 0030 0869     		ldr	r0, [r1, #16]
 5220              	.LVL363:
2057:Drivers/STM32F7xx_HAL_Driver/Src/stm32f7xx_hal_tim_ex.c ****   MODIFY_REG(tmpbdtr, TIM_BDTR_BKP, sBreakDeadTimeConfig->BreakPolarity);
 5221              		.loc 1 2057 3 view .LVU1489
 5222 0032 0343     		orrs	r3, r3, r0
 5223              	.LVL364:
2058:Drivers/STM32F7xx_HAL_Driver/Src/stm32f7xx_hal_tim_ex.c ****   MODIFY_REG(tmpbdtr, TIM_BDTR_AOE, sBreakDeadTimeConfig->AutomaticOutput);
 5224              		.loc 1 2058 3 is_stmt 1 view .LVU1490
 5225 0034 23F40053 		bic	r3, r3, #8192
 5226              	.LVL365:
2058:Drivers/STM32F7xx_HAL_Driver/Src/stm32f7xx_hal_tim_ex.c ****   MODIFY_REG(tmpbdtr, TIM_BDTR_AOE, sBreakDeadTimeConfig->AutomaticOutput);
 5227              		.loc 1 2058 3 is_stmt 0 view .LVU1491
 5228 0038 4869     		ldr	r0, [r1, #20]
 5229              	.LVL366:
2058:Drivers/STM32F7xx_HAL_Driver/Src/stm32f7xx_hal_tim_ex.c ****   MODIFY_REG(tmpbdtr, TIM_BDTR_AOE, sBreakDeadTimeConfig->AutomaticOutput);
 5230              		.loc 1 2058 3 view .LVU1492
 5231 003a 0343     		orrs	r3, r3, r0
 5232              	.LVL367:
2059:Drivers/STM32F7xx_HAL_Driver/Src/stm32f7xx_hal_tim_ex.c ****   MODIFY_REG(tmpbdtr, TIM_BDTR_BKF, (sBreakDeadTimeConfig->BreakFilter << TIM_BDTR_BKF_Pos));
 5233              		.loc 1 2059 3 is_stmt 1 view .LVU1493
 5234 003c 23F48043 		bic	r3, r3, #16384
 5235              	.LVL368:
2059:Drivers/STM32F7xx_HAL_Driver/Src/stm32f7xx_hal_tim_ex.c ****   MODIFY_REG(tmpbdtr, TIM_BDTR_BKF, (sBreakDeadTimeConfig->BreakFilter << TIM_BDTR_BKF_Pos));
 5236              		.loc 1 2059 3 is_stmt 0 view .LVU1494
 5237 0040 886A     		ldr	r0, [r1, #40]
 5238              	.LVL369:
2059:Drivers/STM32F7xx_HAL_Driver/Src/stm32f7xx_hal_tim_ex.c ****   MODIFY_REG(tmpbdtr, TIM_BDTR_BKF, (sBreakDeadTimeConfig->BreakFilter << TIM_BDTR_BKF_Pos));
 5239              		.loc 1 2059 3 view .LVU1495
 5240 0042 0343     		orrs	r3, r3, r0
 5241              	.LVL370:
2060:Drivers/STM32F7xx_HAL_Driver/Src/stm32f7xx_hal_tim_ex.c **** 
ARM GAS  /tmp/ccLIbKdJ.s 			page 163


 5242              		.loc 1 2060 3 is_stmt 1 view .LVU1496
 5243 0044 23F47023 		bic	r3, r3, #983040
 5244              	.LVL371:
2060:Drivers/STM32F7xx_HAL_Driver/Src/stm32f7xx_hal_tim_ex.c **** 
 5245              		.loc 1 2060 3 is_stmt 0 view .LVU1497
 5246 0048 8869     		ldr	r0, [r1, #24]
 5247              	.LVL372:
2060:Drivers/STM32F7xx_HAL_Driver/Src/stm32f7xx_hal_tim_ex.c **** 
 5248              		.loc 1 2060 3 view .LVU1498
 5249 004a 43EA0043 		orr	r3, r3, r0, lsl #16
 5250              	.LVL373:
2062:Drivers/STM32F7xx_HAL_Driver/Src/stm32f7xx_hal_tim_ex.c ****   {
 5251              		.loc 1 2062 3 is_stmt 1 view .LVU1499
2062:Drivers/STM32F7xx_HAL_Driver/Src/stm32f7xx_hal_tim_ex.c ****   {
 5252              		.loc 1 2062 7 is_stmt 0 view .LVU1500
 5253 004e 1068     		ldr	r0, [r2]
2062:Drivers/STM32F7xx_HAL_Driver/Src/stm32f7xx_hal_tim_ex.c ****   {
 5254              		.loc 1 2062 6 view .LVU1501
 5255 0050 0D4D     		ldr	r5, .L419
 5256 0052 0E4C     		ldr	r4, .L419+4
 5257 0054 A042     		cmp	r0, r4
 5258 0056 18BF     		it	ne
 5259 0058 A842     		cmpne	r0, r5
 5260 005a 0CD1     		bne	.L413
2065:Drivers/STM32F7xx_HAL_Driver/Src/stm32f7xx_hal_tim_ex.c ****     assert_param(IS_TIM_BREAK2_POLARITY(sBreakDeadTimeConfig->Break2Polarity));
 5261              		.loc 1 2065 5 is_stmt 1 view .LVU1502
2066:Drivers/STM32F7xx_HAL_Driver/Src/stm32f7xx_hal_tim_ex.c ****     assert_param(IS_TIM_BREAK_FILTER(sBreakDeadTimeConfig->Break2Filter));
 5262              		.loc 1 2066 5 view .LVU1503
2067:Drivers/STM32F7xx_HAL_Driver/Src/stm32f7xx_hal_tim_ex.c **** 
 5263              		.loc 1 2067 5 view .LVU1504
2070:Drivers/STM32F7xx_HAL_Driver/Src/stm32f7xx_hal_tim_ex.c ****     MODIFY_REG(tmpbdtr, TIM_BDTR_BK2E, sBreakDeadTimeConfig->Break2State);
 5264              		.loc 1 2070 5 view .LVU1505
 5265 005c 23F47003 		bic	r3, r3, #15728640
 5266              	.LVL374:
2070:Drivers/STM32F7xx_HAL_Driver/Src/stm32f7xx_hal_tim_ex.c ****     MODIFY_REG(tmpbdtr, TIM_BDTR_BK2E, sBreakDeadTimeConfig->Break2State);
 5267              		.loc 1 2070 5 is_stmt 0 view .LVU1506
 5268 0060 4C6A     		ldr	r4, [r1, #36]
 5269 0062 43EA0453 		orr	r3, r3, r4, lsl #20
 5270              	.LVL375:
2071:Drivers/STM32F7xx_HAL_Driver/Src/stm32f7xx_hal_tim_ex.c ****     MODIFY_REG(tmpbdtr, TIM_BDTR_BK2P, sBreakDeadTimeConfig->Break2Polarity);
 5271              		.loc 1 2071 5 is_stmt 1 view .LVU1507
 5272 0066 23F08073 		bic	r3, r3, #16777216
 5273              	.LVL376:
2071:Drivers/STM32F7xx_HAL_Driver/Src/stm32f7xx_hal_tim_ex.c ****     MODIFY_REG(tmpbdtr, TIM_BDTR_BK2P, sBreakDeadTimeConfig->Break2Polarity);
 5274              		.loc 1 2071 5 is_stmt 0 view .LVU1508
 5275 006a CC69     		ldr	r4, [r1, #28]
 5276              	.LVL377:
2071:Drivers/STM32F7xx_HAL_Driver/Src/stm32f7xx_hal_tim_ex.c ****     MODIFY_REG(tmpbdtr, TIM_BDTR_BK2P, sBreakDeadTimeConfig->Break2Polarity);
 5277              		.loc 1 2071 5 view .LVU1509
 5278 006c 2343     		orrs	r3, r3, r4
 5279              	.LVL378:
2072:Drivers/STM32F7xx_HAL_Driver/Src/stm32f7xx_hal_tim_ex.c ****   }
 5280              		.loc 1 2072 5 is_stmt 1 view .LVU1510
 5281 006e 23F00073 		bic	r3, r3, #33554432
 5282              	.LVL379:
2072:Drivers/STM32F7xx_HAL_Driver/Src/stm32f7xx_hal_tim_ex.c ****   }
 5283              		.loc 1 2072 5 is_stmt 0 view .LVU1511
ARM GAS  /tmp/ccLIbKdJ.s 			page 164


 5284 0072 096A     		ldr	r1, [r1, #32]
 5285              	.LVL380:
2072:Drivers/STM32F7xx_HAL_Driver/Src/stm32f7xx_hal_tim_ex.c ****   }
 5286              		.loc 1 2072 5 view .LVU1512
 5287 0074 0B43     		orrs	r3, r3, r1
 5288              	.LVL381:
 5289              	.L413:
2076:Drivers/STM32F7xx_HAL_Driver/Src/stm32f7xx_hal_tim_ex.c **** 
 5290              		.loc 1 2076 3 is_stmt 1 view .LVU1513
2076:Drivers/STM32F7xx_HAL_Driver/Src/stm32f7xx_hal_tim_ex.c **** 
 5291              		.loc 1 2076 24 is_stmt 0 view .LVU1514
 5292 0076 4364     		str	r3, [r0, #68]
2078:Drivers/STM32F7xx_HAL_Driver/Src/stm32f7xx_hal_tim_ex.c **** 
 5293              		.loc 1 2078 3 is_stmt 1 view .LVU1515
2078:Drivers/STM32F7xx_HAL_Driver/Src/stm32f7xx_hal_tim_ex.c **** 
 5294              		.loc 1 2078 3 view .LVU1516
 5295 0078 0020     		movs	r0, #0
 5296 007a 82F83C00 		strb	r0, [r2, #60]
2078:Drivers/STM32F7xx_HAL_Driver/Src/stm32f7xx_hal_tim_ex.c **** 
 5297              		.loc 1 2078 3 view .LVU1517
2080:Drivers/STM32F7xx_HAL_Driver/Src/stm32f7xx_hal_tim_ex.c **** }
 5298              		.loc 1 2080 3 view .LVU1518
2081:Drivers/STM32F7xx_HAL_Driver/Src/stm32f7xx_hal_tim_ex.c **** #if defined(TIM_BREAK_INPUT_SUPPORT)
 5299              		.loc 1 2081 1 is_stmt 0 view .LVU1519
 5300 007e 30BC     		pop	{r4, r5}
 5301              	.LCFI45:
 5302              		.cfi_restore 5
 5303              		.cfi_restore 4
 5304              		.cfi_def_cfa_offset 0
 5305 0080 7047     		bx	lr
 5306              	.LVL382:
 5307              	.L414:
2047:Drivers/STM32F7xx_HAL_Driver/Src/stm32f7xx_hal_tim_ex.c **** 
 5308              		.loc 1 2047 3 discriminator 1 view .LVU1520
 5309 0082 0220     		movs	r0, #2
 5310              	.LVL383:
2081:Drivers/STM32F7xx_HAL_Driver/Src/stm32f7xx_hal_tim_ex.c **** #if defined(TIM_BREAK_INPUT_SUPPORT)
 5311              		.loc 1 2081 1 view .LVU1521
 5312 0084 7047     		bx	lr
 5313              	.L420:
 5314 0086 00BF     		.align	2
 5315              	.L419:
 5316 0088 00000140 		.word	1073807360
 5317 008c 00040140 		.word	1073808384
 5318              		.cfi_endproc
 5319              	.LFE171:
 5321              		.section	.text.HAL_TIMEx_ConfigBreakInput,"ax",%progbits
 5322              		.align	1
 5323              		.global	HAL_TIMEx_ConfigBreakInput
 5324              		.syntax unified
 5325              		.thumb
 5326              		.thumb_func
 5328              	HAL_TIMEx_ConfigBreakInput:
 5329              	.LVL384:
 5330              	.LFB172:
2097:Drivers/STM32F7xx_HAL_Driver/Src/stm32f7xx_hal_tim_ex.c ****   HAL_StatusTypeDef status = HAL_OK;
 5331              		.loc 1 2097 1 is_stmt 1 view -0
ARM GAS  /tmp/ccLIbKdJ.s 			page 165


 5332              		.cfi_startproc
 5333              		@ args = 0, pretend = 0, frame = 0
 5334              		@ frame_needed = 0, uses_anonymous_args = 0
2097:Drivers/STM32F7xx_HAL_Driver/Src/stm32f7xx_hal_tim_ex.c ****   HAL_StatusTypeDef status = HAL_OK;
 5335              		.loc 1 2097 1 is_stmt 0 view .LVU1523
 5336 0000 0346     		mov	r3, r0
2098:Drivers/STM32F7xx_HAL_Driver/Src/stm32f7xx_hal_tim_ex.c ****   uint32_t tmporx;
 5337              		.loc 1 2098 3 is_stmt 1 view .LVU1524
 5338              	.LVL385:
2099:Drivers/STM32F7xx_HAL_Driver/Src/stm32f7xx_hal_tim_ex.c ****   uint32_t bkin_enable_mask;
 5339              		.loc 1 2099 3 view .LVU1525
2100:Drivers/STM32F7xx_HAL_Driver/Src/stm32f7xx_hal_tim_ex.c ****   uint32_t bkin_polarity_mask;
 5340              		.loc 1 2100 3 view .LVU1526
2101:Drivers/STM32F7xx_HAL_Driver/Src/stm32f7xx_hal_tim_ex.c ****   uint32_t bkin_enable_bitpos;
 5341              		.loc 1 2101 3 view .LVU1527
2102:Drivers/STM32F7xx_HAL_Driver/Src/stm32f7xx_hal_tim_ex.c ****   uint32_t bkin_polarity_bitpos;
 5342              		.loc 1 2102 3 view .LVU1528
2103:Drivers/STM32F7xx_HAL_Driver/Src/stm32f7xx_hal_tim_ex.c **** 
 5343              		.loc 1 2103 3 view .LVU1529
2106:Drivers/STM32F7xx_HAL_Driver/Src/stm32f7xx_hal_tim_ex.c ****   assert_param(IS_TIM_BREAKINPUT(BreakInput));
 5344              		.loc 1 2106 3 view .LVU1530
2107:Drivers/STM32F7xx_HAL_Driver/Src/stm32f7xx_hal_tim_ex.c ****   assert_param(IS_TIM_BREAKINPUTSOURCE(sBreakInputConfig->Source));
 5345              		.loc 1 2107 3 view .LVU1531
2108:Drivers/STM32F7xx_HAL_Driver/Src/stm32f7xx_hal_tim_ex.c ****   assert_param(IS_TIM_BREAKINPUTSOURCE_STATE(sBreakInputConfig->Enable));
 5346              		.loc 1 2108 3 view .LVU1532
2109:Drivers/STM32F7xx_HAL_Driver/Src/stm32f7xx_hal_tim_ex.c **** #if defined(DFSDM1_Channel0)
 5347              		.loc 1 2109 3 view .LVU1533
2111:Drivers/STM32F7xx_HAL_Driver/Src/stm32f7xx_hal_tim_ex.c ****   {
 5348              		.loc 1 2111 3 view .LVU1534
2113:Drivers/STM32F7xx_HAL_Driver/Src/stm32f7xx_hal_tim_ex.c ****   }
 5349              		.loc 1 2113 5 view .LVU1535
2120:Drivers/STM32F7xx_HAL_Driver/Src/stm32f7xx_hal_tim_ex.c **** 
 5350              		.loc 1 2120 3 view .LVU1536
2120:Drivers/STM32F7xx_HAL_Driver/Src/stm32f7xx_hal_tim_ex.c **** 
 5351              		.loc 1 2120 3 view .LVU1537
 5352 0002 90F83C00 		ldrb	r0, [r0, #60]	@ zero_extendqisi2
 5353              	.LVL386:
2120:Drivers/STM32F7xx_HAL_Driver/Src/stm32f7xx_hal_tim_ex.c **** 
 5354              		.loc 1 2120 3 is_stmt 0 view .LVU1538
 5355 0006 0128     		cmp	r0, #1
 5356 0008 4AD0     		beq	.L429
2097:Drivers/STM32F7xx_HAL_Driver/Src/stm32f7xx_hal_tim_ex.c ****   HAL_StatusTypeDef status = HAL_OK;
 5357              		.loc 1 2097 1 view .LVU1539
 5358 000a F0B5     		push	{r4, r5, r6, r7, lr}
 5359              	.LCFI46:
 5360              		.cfi_def_cfa_offset 20
 5361              		.cfi_offset 4, -20
 5362              		.cfi_offset 5, -16
 5363              		.cfi_offset 6, -12
 5364              		.cfi_offset 7, -8
 5365              		.cfi_offset 14, -4
2120:Drivers/STM32F7xx_HAL_Driver/Src/stm32f7xx_hal_tim_ex.c **** 
 5366              		.loc 1 2120 3 is_stmt 1 discriminator 2 view .LVU1540
 5367 000c 0120     		movs	r0, #1
 5368 000e 83F83C00 		strb	r0, [r3, #60]
2120:Drivers/STM32F7xx_HAL_Driver/Src/stm32f7xx_hal_tim_ex.c **** 
 5369              		.loc 1 2120 3 discriminator 2 view .LVU1541
ARM GAS  /tmp/ccLIbKdJ.s 			page 166


2122:Drivers/STM32F7xx_HAL_Driver/Src/stm32f7xx_hal_tim_ex.c ****   {
 5370              		.loc 1 2122 3 view .LVU1542
2122:Drivers/STM32F7xx_HAL_Driver/Src/stm32f7xx_hal_tim_ex.c ****   {
 5371              		.loc 1 2122 28 is_stmt 0 view .LVU1543
 5372 0012 1068     		ldr	r0, [r2]
2122:Drivers/STM32F7xx_HAL_Driver/Src/stm32f7xx_hal_tim_ex.c ****   {
 5373              		.loc 1 2122 3 view .LVU1544
 5374 0014 0128     		cmp	r0, #1
 5375 0016 08D0     		beq	.L430
 5376 0018 0828     		cmp	r0, #8
 5377 001a 12D1     		bne	.L431
2136:Drivers/STM32F7xx_HAL_Driver/Src/stm32f7xx_hal_tim_ex.c ****       bkin_polarity_mask = 0U;
 5378              		.loc 1 2136 26 view .LVU1545
 5379 001c 0646     		mov	r6, r0
2138:Drivers/STM32F7xx_HAL_Driver/Src/stm32f7xx_hal_tim_ex.c ****       break;
 5380              		.loc 1 2138 28 view .LVU1546
 5381 001e 4FF0000C 		mov	ip, #0
2137:Drivers/STM32F7xx_HAL_Driver/Src/stm32f7xx_hal_tim_ex.c ****       bkin_polarity_bitpos = 0U;
 5382              		.loc 1 2137 26 view .LVU1547
 5383 0022 E646     		mov	lr, ip
2135:Drivers/STM32F7xx_HAL_Driver/Src/stm32f7xx_hal_tim_ex.c ****       bkin_enable_bitpos = TIM1_AF1_BKDF1BKE_Pos;
 5384              		.loc 1 2135 24 view .LVU1548
 5385 0024 4FF48075 		mov	r5, #256
 5386 0028 05E0     		b	.L423
 5387              	.L430:
2122:Drivers/STM32F7xx_HAL_Driver/Src/stm32f7xx_hal_tim_ex.c ****   {
 5388              		.loc 1 2122 3 view .LVU1549
 5389 002a 0546     		mov	r5, r0
 5390 002c 4FF0090C 		mov	ip, #9
 5391 0030 0026     		movs	r6, #0
 5392 0032 4FF4007E 		mov	lr, #512
 5393              	.L423:
 5394              	.LVL387:
2153:Drivers/STM32F7xx_HAL_Driver/Src/stm32f7xx_hal_tim_ex.c ****   {
 5395              		.loc 1 2153 3 is_stmt 1 view .LVU1550
 5396 0036 0129     		cmp	r1, #1
 5397 0038 09D0     		beq	.L424
 5398 003a 0229     		cmp	r1, #2
 5399 003c 1DD0     		beq	.L425
 5400 003e 0120     		movs	r0, #1
 5401 0040 17E0     		b	.L426
 5402              	.LVL388:
 5403              	.L431:
2148:Drivers/STM32F7xx_HAL_Driver/Src/stm32f7xx_hal_tim_ex.c ****       break;
 5404              		.loc 1 2148 28 is_stmt 0 view .LVU1551
 5405 0042 4FF0000C 		mov	ip, #0
2147:Drivers/STM32F7xx_HAL_Driver/Src/stm32f7xx_hal_tim_ex.c ****       bkin_polarity_bitpos = 0U;
 5406              		.loc 1 2147 26 view .LVU1552
 5407 0046 6646     		mov	r6, ip
2146:Drivers/STM32F7xx_HAL_Driver/Src/stm32f7xx_hal_tim_ex.c ****       bkin_enable_bitpos = 0U;
 5408              		.loc 1 2146 26 view .LVU1553
 5409 0048 E646     		mov	lr, ip
2145:Drivers/STM32F7xx_HAL_Driver/Src/stm32f7xx_hal_tim_ex.c ****       bkin_polarity_mask = 0U;
 5410              		.loc 1 2145 24 view .LVU1554
 5411 004a 6546     		mov	r5, ip
 5412 004c F3E7     		b	.L423
 5413              	.LVL389:
ARM GAS  /tmp/ccLIbKdJ.s 			page 167


 5414              	.L424:
2158:Drivers/STM32F7xx_HAL_Driver/Src/stm32f7xx_hal_tim_ex.c **** 
 5415              		.loc 1 2158 7 is_stmt 1 view .LVU1555
2158:Drivers/STM32F7xx_HAL_Driver/Src/stm32f7xx_hal_tim_ex.c **** 
 5416              		.loc 1 2158 20 is_stmt 0 view .LVU1556
 5417 004e 1C68     		ldr	r4, [r3]
2158:Drivers/STM32F7xx_HAL_Driver/Src/stm32f7xx_hal_tim_ex.c **** 
 5418              		.loc 1 2158 14 view .LVU1557
 5419 0050 276E     		ldr	r7, [r4, #96]
 5420              	.LVL390:
2161:Drivers/STM32F7xx_HAL_Driver/Src/stm32f7xx_hal_tim_ex.c ****       tmporx |= (sBreakInputConfig->Enable << bkin_enable_bitpos) & bkin_enable_mask;
 5421              		.loc 1 2161 7 is_stmt 1 view .LVU1558
2162:Drivers/STM32F7xx_HAL_Driver/Src/stm32f7xx_hal_tim_ex.c **** 
 5422              		.loc 1 2162 7 view .LVU1559
2162:Drivers/STM32F7xx_HAL_Driver/Src/stm32f7xx_hal_tim_ex.c **** 
 5423              		.loc 1 2162 35 is_stmt 0 view .LVU1560
 5424 0052 5168     		ldr	r1, [r2, #4]
 5425              	.LVL391:
2162:Drivers/STM32F7xx_HAL_Driver/Src/stm32f7xx_hal_tim_ex.c **** 
 5426              		.loc 1 2162 44 view .LVU1561
 5427 0054 B140     		lsls	r1, r1, r6
 5428 0056 7940     		eors	r1, r1, r7
 5429 0058 2940     		ands	r1, r1, r5
2162:Drivers/STM32F7xx_HAL_Driver/Src/stm32f7xx_hal_tim_ex.c **** 
 5430              		.loc 1 2162 14 view .LVU1562
 5431 005a 7940     		eors	r1, r1, r7
 5432              	.LVL392:
2166:Drivers/STM32F7xx_HAL_Driver/Src/stm32f7xx_hal_tim_ex.c **** #endif /* DFSDM1_Channel0 */
 5433              		.loc 1 2166 7 is_stmt 1 view .LVU1563
2166:Drivers/STM32F7xx_HAL_Driver/Src/stm32f7xx_hal_tim_ex.c **** #endif /* DFSDM1_Channel0 */
 5434              		.loc 1 2166 10 is_stmt 0 view .LVU1564
 5435 005c 0828     		cmp	r0, #8
 5436 005e 06D0     		beq	.L427
2169:Drivers/STM32F7xx_HAL_Driver/Src/stm32f7xx_hal_tim_ex.c ****         tmporx |= (sBreakInputConfig->Polarity << bkin_polarity_bitpos) & bkin_polarity_mask;
 5437              		.loc 1 2169 9 is_stmt 1 view .LVU1565
 5438              	.LVL393:
2170:Drivers/STM32F7xx_HAL_Driver/Src/stm32f7xx_hal_tim_ex.c ****       }
 5439              		.loc 1 2170 9 view .LVU1566
2170:Drivers/STM32F7xx_HAL_Driver/Src/stm32f7xx_hal_tim_ex.c ****       }
 5440              		.loc 1 2170 37 is_stmt 0 view .LVU1567
 5441 0060 9268     		ldr	r2, [r2, #8]
 5442              	.LVL394:
2170:Drivers/STM32F7xx_HAL_Driver/Src/stm32f7xx_hal_tim_ex.c ****       }
 5443              		.loc 1 2170 48 view .LVU1568
 5444 0062 02FA0CF2 		lsl	r2, r2, ip
 5445 0066 4A40     		eors	r2, r2, r1
 5446 0068 02EA0E02 		and	r2, r2, lr
2170:Drivers/STM32F7xx_HAL_Driver/Src/stm32f7xx_hal_tim_ex.c ****       }
 5447              		.loc 1 2170 16 view .LVU1569
 5448 006c 5140     		eors	r1, r1, r2
 5449              	.LVL395:
 5450              	.L427:
2174:Drivers/STM32F7xx_HAL_Driver/Src/stm32f7xx_hal_tim_ex.c ****       break;
 5451              		.loc 1 2174 7 is_stmt 1 view .LVU1570
2174:Drivers/STM32F7xx_HAL_Driver/Src/stm32f7xx_hal_tim_ex.c ****       break;
 5452              		.loc 1 2174 27 is_stmt 0 view .LVU1571
 5453 006e 2166     		str	r1, [r4, #96]
ARM GAS  /tmp/ccLIbKdJ.s 			page 168


2175:Drivers/STM32F7xx_HAL_Driver/Src/stm32f7xx_hal_tim_ex.c ****     }
 5454              		.loc 1 2175 7 is_stmt 1 view .LVU1572
2098:Drivers/STM32F7xx_HAL_Driver/Src/stm32f7xx_hal_tim_ex.c ****   uint32_t tmporx;
 5455              		.loc 1 2098 21 is_stmt 0 view .LVU1573
 5456 0070 0020     		movs	r0, #0
 5457              	.LVL396:
 5458              	.L426:
2204:Drivers/STM32F7xx_HAL_Driver/Src/stm32f7xx_hal_tim_ex.c **** 
 5459              		.loc 1 2204 3 is_stmt 1 view .LVU1574
2204:Drivers/STM32F7xx_HAL_Driver/Src/stm32f7xx_hal_tim_ex.c **** 
 5460              		.loc 1 2204 3 view .LVU1575
 5461 0072 0022     		movs	r2, #0
 5462 0074 83F83C20 		strb	r2, [r3, #60]
2204:Drivers/STM32F7xx_HAL_Driver/Src/stm32f7xx_hal_tim_ex.c **** 
 5463              		.loc 1 2204 3 view .LVU1576
2206:Drivers/STM32F7xx_HAL_Driver/Src/stm32f7xx_hal_tim_ex.c **** }
 5464              		.loc 1 2206 3 view .LVU1577
2207:Drivers/STM32F7xx_HAL_Driver/Src/stm32f7xx_hal_tim_ex.c **** #endif /*TIM_BREAK_INPUT_SUPPORT */
 5465              		.loc 1 2207 1 is_stmt 0 view .LVU1578
 5466 0078 F0BD     		pop	{r4, r5, r6, r7, pc}
 5467              	.LVL397:
 5468              	.L425:
2180:Drivers/STM32F7xx_HAL_Driver/Src/stm32f7xx_hal_tim_ex.c **** 
 5469              		.loc 1 2180 7 is_stmt 1 view .LVU1579
2180:Drivers/STM32F7xx_HAL_Driver/Src/stm32f7xx_hal_tim_ex.c **** 
 5470              		.loc 1 2180 20 is_stmt 0 view .LVU1580
 5471 007a 1C68     		ldr	r4, [r3]
2180:Drivers/STM32F7xx_HAL_Driver/Src/stm32f7xx_hal_tim_ex.c **** 
 5472              		.loc 1 2180 14 view .LVU1581
 5473 007c 676E     		ldr	r7, [r4, #100]
 5474              	.LVL398:
2183:Drivers/STM32F7xx_HAL_Driver/Src/stm32f7xx_hal_tim_ex.c ****       tmporx |= (sBreakInputConfig->Enable << bkin_enable_bitpos) & bkin_enable_mask;
 5475              		.loc 1 2183 7 is_stmt 1 view .LVU1582
2184:Drivers/STM32F7xx_HAL_Driver/Src/stm32f7xx_hal_tim_ex.c **** 
 5476              		.loc 1 2184 7 view .LVU1583
2184:Drivers/STM32F7xx_HAL_Driver/Src/stm32f7xx_hal_tim_ex.c **** 
 5477              		.loc 1 2184 35 is_stmt 0 view .LVU1584
 5478 007e 5168     		ldr	r1, [r2, #4]
 5479              	.LVL399:
2184:Drivers/STM32F7xx_HAL_Driver/Src/stm32f7xx_hal_tim_ex.c **** 
 5480              		.loc 1 2184 44 view .LVU1585
 5481 0080 B140     		lsls	r1, r1, r6
 5482 0082 7940     		eors	r1, r1, r7
 5483 0084 2940     		ands	r1, r1, r5
2184:Drivers/STM32F7xx_HAL_Driver/Src/stm32f7xx_hal_tim_ex.c **** 
 5484              		.loc 1 2184 14 view .LVU1586
 5485 0086 7940     		eors	r1, r1, r7
 5486              	.LVL400:
2188:Drivers/STM32F7xx_HAL_Driver/Src/stm32f7xx_hal_tim_ex.c **** #endif /* DFSDM1_Channel0 */
 5487              		.loc 1 2188 7 is_stmt 1 view .LVU1587
2188:Drivers/STM32F7xx_HAL_Driver/Src/stm32f7xx_hal_tim_ex.c **** #endif /* DFSDM1_Channel0 */
 5488              		.loc 1 2188 10 is_stmt 0 view .LVU1588
 5489 0088 0828     		cmp	r0, #8
 5490 008a 06D0     		beq	.L428
2191:Drivers/STM32F7xx_HAL_Driver/Src/stm32f7xx_hal_tim_ex.c ****         tmporx |= (sBreakInputConfig->Polarity << bkin_polarity_bitpos) & bkin_polarity_mask;
 5491              		.loc 1 2191 9 is_stmt 1 view .LVU1589
 5492              	.LVL401:
ARM GAS  /tmp/ccLIbKdJ.s 			page 169


2192:Drivers/STM32F7xx_HAL_Driver/Src/stm32f7xx_hal_tim_ex.c ****       }
 5493              		.loc 1 2192 9 view .LVU1590
2192:Drivers/STM32F7xx_HAL_Driver/Src/stm32f7xx_hal_tim_ex.c ****       }
 5494              		.loc 1 2192 37 is_stmt 0 view .LVU1591
 5495 008c 9268     		ldr	r2, [r2, #8]
 5496              	.LVL402:
2192:Drivers/STM32F7xx_HAL_Driver/Src/stm32f7xx_hal_tim_ex.c ****       }
 5497              		.loc 1 2192 48 view .LVU1592
 5498 008e 02FA0CF2 		lsl	r2, r2, ip
 5499 0092 4A40     		eors	r2, r2, r1
 5500 0094 02EA0E02 		and	r2, r2, lr
2192:Drivers/STM32F7xx_HAL_Driver/Src/stm32f7xx_hal_tim_ex.c ****       }
 5501              		.loc 1 2192 16 view .LVU1593
 5502 0098 5140     		eors	r1, r1, r2
 5503              	.LVL403:
 5504              	.L428:
2196:Drivers/STM32F7xx_HAL_Driver/Src/stm32f7xx_hal_tim_ex.c ****       break;
 5505              		.loc 1 2196 7 is_stmt 1 view .LVU1594
2196:Drivers/STM32F7xx_HAL_Driver/Src/stm32f7xx_hal_tim_ex.c ****       break;
 5506              		.loc 1 2196 27 is_stmt 0 view .LVU1595
 5507 009a 6166     		str	r1, [r4, #100]
2197:Drivers/STM32F7xx_HAL_Driver/Src/stm32f7xx_hal_tim_ex.c ****     }
 5508              		.loc 1 2197 7 is_stmt 1 view .LVU1596
2098:Drivers/STM32F7xx_HAL_Driver/Src/stm32f7xx_hal_tim_ex.c ****   uint32_t tmporx;
 5509              		.loc 1 2098 21 is_stmt 0 view .LVU1597
 5510 009c 0020     		movs	r0, #0
2197:Drivers/STM32F7xx_HAL_Driver/Src/stm32f7xx_hal_tim_ex.c ****     }
 5511              		.loc 1 2197 7 view .LVU1598
 5512 009e E8E7     		b	.L426
 5513              	.LVL404:
 5514              	.L429:
 5515              	.LCFI47:
 5516              		.cfi_def_cfa_offset 0
 5517              		.cfi_restore 4
 5518              		.cfi_restore 5
 5519              		.cfi_restore 6
 5520              		.cfi_restore 7
 5521              		.cfi_restore 14
2120:Drivers/STM32F7xx_HAL_Driver/Src/stm32f7xx_hal_tim_ex.c **** 
 5522              		.loc 1 2120 3 discriminator 1 view .LVU1599
 5523 00a0 0220     		movs	r0, #2
2207:Drivers/STM32F7xx_HAL_Driver/Src/stm32f7xx_hal_tim_ex.c **** #endif /*TIM_BREAK_INPUT_SUPPORT */
 5524              		.loc 1 2207 1 view .LVU1600
 5525 00a2 7047     		bx	lr
 5526              		.cfi_endproc
 5527              	.LFE172:
 5529              		.section	.text.HAL_TIMEx_RemapConfig,"ax",%progbits
 5530              		.align	1
 5531              		.global	HAL_TIMEx_RemapConfig
 5532              		.syntax unified
 5533              		.thumb
 5534              		.thumb_func
 5536              	HAL_TIMEx_RemapConfig:
 5537              	.LVL405:
 5538              	.LFB173:
2232:Drivers/STM32F7xx_HAL_Driver/Src/stm32f7xx_hal_tim_ex.c ****   /* Check parameters */
 5539              		.loc 1 2232 1 is_stmt 1 view -0
ARM GAS  /tmp/ccLIbKdJ.s 			page 170


 5540              		.cfi_startproc
 5541              		@ args = 0, pretend = 0, frame = 0
 5542              		@ frame_needed = 0, uses_anonymous_args = 0
 5543              		@ link register save eliminated.
2234:Drivers/STM32F7xx_HAL_Driver/Src/stm32f7xx_hal_tim_ex.c ****   assert_param(IS_TIM_REMAP(Remap));
 5544              		.loc 1 2234 3 view .LVU1602
2235:Drivers/STM32F7xx_HAL_Driver/Src/stm32f7xx_hal_tim_ex.c **** 
 5545              		.loc 1 2235 3 view .LVU1603
2237:Drivers/STM32F7xx_HAL_Driver/Src/stm32f7xx_hal_tim_ex.c **** 
 5546              		.loc 1 2237 3 view .LVU1604
2237:Drivers/STM32F7xx_HAL_Driver/Src/stm32f7xx_hal_tim_ex.c **** 
 5547              		.loc 1 2237 3 view .LVU1605
 5548 0000 90F83C30 		ldrb	r3, [r0, #60]	@ zero_extendqisi2
 5549 0004 012B     		cmp	r3, #1
 5550 0006 0BD0     		beq	.L438
2237:Drivers/STM32F7xx_HAL_Driver/Src/stm32f7xx_hal_tim_ex.c **** 
 5551              		.loc 1 2237 3 discriminator 2 view .LVU1606
 5552 0008 0123     		movs	r3, #1
 5553 000a 80F83C30 		strb	r3, [r0, #60]
2237:Drivers/STM32F7xx_HAL_Driver/Src/stm32f7xx_hal_tim_ex.c **** 
 5554              		.loc 1 2237 3 discriminator 2 view .LVU1607
2240:Drivers/STM32F7xx_HAL_Driver/Src/stm32f7xx_hal_tim_ex.c **** 
 5555              		.loc 1 2240 3 view .LVU1608
2240:Drivers/STM32F7xx_HAL_Driver/Src/stm32f7xx_hal_tim_ex.c **** 
 5556              		.loc 1 2240 7 is_stmt 0 view .LVU1609
 5557 000e 0268     		ldr	r2, [r0]
2240:Drivers/STM32F7xx_HAL_Driver/Src/stm32f7xx_hal_tim_ex.c **** 
 5558              		.loc 1 2240 22 view .LVU1610
 5559 0010 1165     		str	r1, [r2, #80]
2242:Drivers/STM32F7xx_HAL_Driver/Src/stm32f7xx_hal_tim_ex.c **** 
 5560              		.loc 1 2242 3 is_stmt 1 view .LVU1611
2242:Drivers/STM32F7xx_HAL_Driver/Src/stm32f7xx_hal_tim_ex.c **** 
 5561              		.loc 1 2242 15 is_stmt 0 view .LVU1612
 5562 0012 80F83D30 		strb	r3, [r0, #61]
2244:Drivers/STM32F7xx_HAL_Driver/Src/stm32f7xx_hal_tim_ex.c **** 
 5563              		.loc 1 2244 3 is_stmt 1 view .LVU1613
2244:Drivers/STM32F7xx_HAL_Driver/Src/stm32f7xx_hal_tim_ex.c **** 
 5564              		.loc 1 2244 3 view .LVU1614
 5565 0016 0023     		movs	r3, #0
 5566 0018 80F83C30 		strb	r3, [r0, #60]
2244:Drivers/STM32F7xx_HAL_Driver/Src/stm32f7xx_hal_tim_ex.c **** 
 5567              		.loc 1 2244 3 view .LVU1615
2246:Drivers/STM32F7xx_HAL_Driver/Src/stm32f7xx_hal_tim_ex.c **** }
 5568              		.loc 1 2246 3 view .LVU1616
2246:Drivers/STM32F7xx_HAL_Driver/Src/stm32f7xx_hal_tim_ex.c **** }
 5569              		.loc 1 2246 10 is_stmt 0 view .LVU1617
 5570 001c 1846     		mov	r0, r3
 5571              	.LVL406:
2246:Drivers/STM32F7xx_HAL_Driver/Src/stm32f7xx_hal_tim_ex.c **** }
 5572              		.loc 1 2246 10 view .LVU1618
 5573 001e 7047     		bx	lr
 5574              	.LVL407:
 5575              	.L438:
2237:Drivers/STM32F7xx_HAL_Driver/Src/stm32f7xx_hal_tim_ex.c **** 
 5576              		.loc 1 2237 3 discriminator 1 view .LVU1619
 5577 0020 0220     		movs	r0, #2
 5578              	.LVL408:
ARM GAS  /tmp/ccLIbKdJ.s 			page 171


2247:Drivers/STM32F7xx_HAL_Driver/Src/stm32f7xx_hal_tim_ex.c **** 
 5579              		.loc 1 2247 1 view .LVU1620
 5580 0022 7047     		bx	lr
 5581              		.cfi_endproc
 5582              	.LFE173:
 5584              		.section	.text.HAL_TIMEx_GroupChannel5,"ax",%progbits
 5585              		.align	1
 5586              		.global	HAL_TIMEx_GroupChannel5
 5587              		.syntax unified
 5588              		.thumb
 5589              		.thumb_func
 5591              	HAL_TIMEx_GroupChannel5:
 5592              	.LVL409:
 5593              	.LFB174:
2261:Drivers/STM32F7xx_HAL_Driver/Src/stm32f7xx_hal_tim_ex.c ****   /* Check parameters */
 5594              		.loc 1 2261 1 is_stmt 1 view -0
 5595              		.cfi_startproc
 5596              		@ args = 0, pretend = 0, frame = 0
 5597              		@ frame_needed = 0, uses_anonymous_args = 0
 5598              		@ link register save eliminated.
2263:Drivers/STM32F7xx_HAL_Driver/Src/stm32f7xx_hal_tim_ex.c ****   assert_param(IS_TIM_GROUPCH5(Channels));
 5599              		.loc 1 2263 3 view .LVU1622
2264:Drivers/STM32F7xx_HAL_Driver/Src/stm32f7xx_hal_tim_ex.c **** 
 5600              		.loc 1 2264 3 view .LVU1623
2267:Drivers/STM32F7xx_HAL_Driver/Src/stm32f7xx_hal_tim_ex.c **** 
 5601              		.loc 1 2267 3 view .LVU1624
2267:Drivers/STM32F7xx_HAL_Driver/Src/stm32f7xx_hal_tim_ex.c **** 
 5602              		.loc 1 2267 3 view .LVU1625
 5603 0000 90F83C30 		ldrb	r3, [r0, #60]	@ zero_extendqisi2
 5604 0004 012B     		cmp	r3, #1
 5605 0006 18D0     		beq	.L441
2261:Drivers/STM32F7xx_HAL_Driver/Src/stm32f7xx_hal_tim_ex.c ****   /* Check parameters */
 5606              		.loc 1 2261 1 is_stmt 0 view .LVU1626
 5607 0008 10B4     		push	{r4}
 5608              	.LCFI48:
 5609              		.cfi_def_cfa_offset 4
 5610              		.cfi_offset 4, -4
2267:Drivers/STM32F7xx_HAL_Driver/Src/stm32f7xx_hal_tim_ex.c **** 
 5611              		.loc 1 2267 3 is_stmt 1 discriminator 2 view .LVU1627
 5612 000a 0122     		movs	r2, #1
 5613 000c 80F83C20 		strb	r2, [r0, #60]
2267:Drivers/STM32F7xx_HAL_Driver/Src/stm32f7xx_hal_tim_ex.c **** 
 5614              		.loc 1 2267 3 discriminator 2 view .LVU1628
2269:Drivers/STM32F7xx_HAL_Driver/Src/stm32f7xx_hal_tim_ex.c **** 
 5615              		.loc 1 2269 3 view .LVU1629
2269:Drivers/STM32F7xx_HAL_Driver/Src/stm32f7xx_hal_tim_ex.c **** 
 5616              		.loc 1 2269 15 is_stmt 0 view .LVU1630
 5617 0010 0223     		movs	r3, #2
 5618 0012 80F83D30 		strb	r3, [r0, #61]
2272:Drivers/STM32F7xx_HAL_Driver/Src/stm32f7xx_hal_tim_ex.c **** 
 5619              		.loc 1 2272 3 is_stmt 1 view .LVU1631
2272:Drivers/STM32F7xx_HAL_Driver/Src/stm32f7xx_hal_tim_ex.c **** 
 5620              		.loc 1 2272 7 is_stmt 0 view .LVU1632
 5621 0016 0468     		ldr	r4, [r0]
2272:Drivers/STM32F7xx_HAL_Driver/Src/stm32f7xx_hal_tim_ex.c **** 
 5622              		.loc 1 2272 17 view .LVU1633
 5623 0018 A36D     		ldr	r3, [r4, #88]
ARM GAS  /tmp/ccLIbKdJ.s 			page 172


2272:Drivers/STM32F7xx_HAL_Driver/Src/stm32f7xx_hal_tim_ex.c **** 
 5624              		.loc 1 2272 24 view .LVU1634
 5625 001a 23F06043 		bic	r3, r3, #-536870912
 5626 001e A365     		str	r3, [r4, #88]
2275:Drivers/STM32F7xx_HAL_Driver/Src/stm32f7xx_hal_tim_ex.c **** 
 5627              		.loc 1 2275 3 is_stmt 1 view .LVU1635
2275:Drivers/STM32F7xx_HAL_Driver/Src/stm32f7xx_hal_tim_ex.c **** 
 5628              		.loc 1 2275 7 is_stmt 0 view .LVU1636
 5629 0020 0468     		ldr	r4, [r0]
2275:Drivers/STM32F7xx_HAL_Driver/Src/stm32f7xx_hal_tim_ex.c **** 
 5630              		.loc 1 2275 17 view .LVU1637
 5631 0022 A36D     		ldr	r3, [r4, #88]
2275:Drivers/STM32F7xx_HAL_Driver/Src/stm32f7xx_hal_tim_ex.c **** 
 5632              		.loc 1 2275 24 view .LVU1638
 5633 0024 0B43     		orrs	r3, r3, r1
 5634 0026 A365     		str	r3, [r4, #88]
2278:Drivers/STM32F7xx_HAL_Driver/Src/stm32f7xx_hal_tim_ex.c **** 
 5635              		.loc 1 2278 3 is_stmt 1 view .LVU1639
2278:Drivers/STM32F7xx_HAL_Driver/Src/stm32f7xx_hal_tim_ex.c **** 
 5636              		.loc 1 2278 15 is_stmt 0 view .LVU1640
 5637 0028 80F83D20 		strb	r2, [r0, #61]
2280:Drivers/STM32F7xx_HAL_Driver/Src/stm32f7xx_hal_tim_ex.c **** 
 5638              		.loc 1 2280 3 is_stmt 1 view .LVU1641
2280:Drivers/STM32F7xx_HAL_Driver/Src/stm32f7xx_hal_tim_ex.c **** 
 5639              		.loc 1 2280 3 view .LVU1642
 5640 002c 0023     		movs	r3, #0
 5641 002e 80F83C30 		strb	r3, [r0, #60]
2280:Drivers/STM32F7xx_HAL_Driver/Src/stm32f7xx_hal_tim_ex.c **** 
 5642              		.loc 1 2280 3 view .LVU1643
2282:Drivers/STM32F7xx_HAL_Driver/Src/stm32f7xx_hal_tim_ex.c **** }
 5643              		.loc 1 2282 3 view .LVU1644
2282:Drivers/STM32F7xx_HAL_Driver/Src/stm32f7xx_hal_tim_ex.c **** }
 5644              		.loc 1 2282 10 is_stmt 0 view .LVU1645
 5645 0032 1846     		mov	r0, r3
 5646              	.LVL410:
2283:Drivers/STM32F7xx_HAL_Driver/Src/stm32f7xx_hal_tim_ex.c **** 
 5647              		.loc 1 2283 1 view .LVU1646
 5648 0034 5DF8044B 		ldr	r4, [sp], #4
 5649              	.LCFI49:
 5650              		.cfi_restore 4
 5651              		.cfi_def_cfa_offset 0
 5652 0038 7047     		bx	lr
 5653              	.LVL411:
 5654              	.L441:
2267:Drivers/STM32F7xx_HAL_Driver/Src/stm32f7xx_hal_tim_ex.c **** 
 5655              		.loc 1 2267 3 discriminator 1 view .LVU1647
 5656 003a 0220     		movs	r0, #2
 5657              	.LVL412:
2283:Drivers/STM32F7xx_HAL_Driver/Src/stm32f7xx_hal_tim_ex.c **** 
 5658              		.loc 1 2283 1 view .LVU1648
 5659 003c 7047     		bx	lr
 5660              		.cfi_endproc
 5661              	.LFE174:
 5663              		.section	.text.HAL_TIMEx_CommutCallback,"ax",%progbits
 5664              		.align	1
 5665              		.weak	HAL_TIMEx_CommutCallback
 5666              		.syntax unified
ARM GAS  /tmp/ccLIbKdJ.s 			page 173


 5667              		.thumb
 5668              		.thumb_func
 5670              	HAL_TIMEx_CommutCallback:
 5671              	.LVL413:
 5672              	.LFB175:
2311:Drivers/STM32F7xx_HAL_Driver/Src/stm32f7xx_hal_tim_ex.c ****   /* Prevent unused argument(s) compilation warning */
 5673              		.loc 1 2311 1 is_stmt 1 view -0
 5674              		.cfi_startproc
 5675              		@ args = 0, pretend = 0, frame = 0
 5676              		@ frame_needed = 0, uses_anonymous_args = 0
 5677              		@ link register save eliminated.
2313:Drivers/STM32F7xx_HAL_Driver/Src/stm32f7xx_hal_tim_ex.c **** 
 5678              		.loc 1 2313 3 view .LVU1650
2318:Drivers/STM32F7xx_HAL_Driver/Src/stm32f7xx_hal_tim_ex.c **** /**
 5679              		.loc 1 2318 1 is_stmt 0 view .LVU1651
 5680 0000 7047     		bx	lr
 5681              		.cfi_endproc
 5682              	.LFE175:
 5684              		.section	.text.TIMEx_DMACommutationCplt,"ax",%progbits
 5685              		.align	1
 5686              		.global	TIMEx_DMACommutationCplt
 5687              		.syntax unified
 5688              		.thumb
 5689              		.thumb_func
 5691              	TIMEx_DMACommutationCplt:
 5692              	.LVL414:
 5693              	.LFB181:
2432:Drivers/STM32F7xx_HAL_Driver/Src/stm32f7xx_hal_tim_ex.c ****   TIM_HandleTypeDef *htim = (TIM_HandleTypeDef *)((DMA_HandleTypeDef *)hdma)->Parent;
 5694              		.loc 1 2432 1 is_stmt 1 view -0
 5695              		.cfi_startproc
 5696              		@ args = 0, pretend = 0, frame = 0
 5697              		@ frame_needed = 0, uses_anonymous_args = 0
2432:Drivers/STM32F7xx_HAL_Driver/Src/stm32f7xx_hal_tim_ex.c ****   TIM_HandleTypeDef *htim = (TIM_HandleTypeDef *)((DMA_HandleTypeDef *)hdma)->Parent;
 5698              		.loc 1 2432 1 is_stmt 0 view .LVU1653
 5699 0000 08B5     		push	{r3, lr}
 5700              	.LCFI50:
 5701              		.cfi_def_cfa_offset 8
 5702              		.cfi_offset 3, -8
 5703              		.cfi_offset 14, -4
2433:Drivers/STM32F7xx_HAL_Driver/Src/stm32f7xx_hal_tim_ex.c **** 
 5704              		.loc 1 2433 3 is_stmt 1 view .LVU1654
2433:Drivers/STM32F7xx_HAL_Driver/Src/stm32f7xx_hal_tim_ex.c **** 
 5705              		.loc 1 2433 22 is_stmt 0 view .LVU1655
 5706 0002 806B     		ldr	r0, [r0, #56]
 5707              	.LVL415:
2436:Drivers/STM32F7xx_HAL_Driver/Src/stm32f7xx_hal_tim_ex.c **** 
 5708              		.loc 1 2436 3 is_stmt 1 view .LVU1656
2436:Drivers/STM32F7xx_HAL_Driver/Src/stm32f7xx_hal_tim_ex.c **** 
 5709              		.loc 1 2436 15 is_stmt 0 view .LVU1657
 5710 0004 0123     		movs	r3, #1
 5711 0006 80F83D30 		strb	r3, [r0, #61]
2441:Drivers/STM32F7xx_HAL_Driver/Src/stm32f7xx_hal_tim_ex.c **** #endif /* USE_HAL_TIM_REGISTER_CALLBACKS */
 5712              		.loc 1 2441 3 is_stmt 1 view .LVU1658
 5713 000a FFF7FEFF 		bl	HAL_TIMEx_CommutCallback
 5714              	.LVL416:
2443:Drivers/STM32F7xx_HAL_Driver/Src/stm32f7xx_hal_tim_ex.c **** 
 5715              		.loc 1 2443 1 is_stmt 0 view .LVU1659
ARM GAS  /tmp/ccLIbKdJ.s 			page 174


 5716 000e 08BD     		pop	{r3, pc}
 5717              		.cfi_endproc
 5718              	.LFE181:
 5720              		.section	.text.HAL_TIMEx_CommutHalfCpltCallback,"ax",%progbits
 5721              		.align	1
 5722              		.weak	HAL_TIMEx_CommutHalfCpltCallback
 5723              		.syntax unified
 5724              		.thumb
 5725              		.thumb_func
 5727              	HAL_TIMEx_CommutHalfCpltCallback:
 5728              	.LVL417:
 5729              	.LFB176:
2325:Drivers/STM32F7xx_HAL_Driver/Src/stm32f7xx_hal_tim_ex.c ****   /* Prevent unused argument(s) compilation warning */
 5730              		.loc 1 2325 1 is_stmt 1 view -0
 5731              		.cfi_startproc
 5732              		@ args = 0, pretend = 0, frame = 0
 5733              		@ frame_needed = 0, uses_anonymous_args = 0
 5734              		@ link register save eliminated.
2327:Drivers/STM32F7xx_HAL_Driver/Src/stm32f7xx_hal_tim_ex.c **** 
 5735              		.loc 1 2327 3 view .LVU1661
2332:Drivers/STM32F7xx_HAL_Driver/Src/stm32f7xx_hal_tim_ex.c **** 
 5736              		.loc 1 2332 1 is_stmt 0 view .LVU1662
 5737 0000 7047     		bx	lr
 5738              		.cfi_endproc
 5739              	.LFE176:
 5741              		.section	.text.TIMEx_DMACommutationHalfCplt,"ax",%progbits
 5742              		.align	1
 5743              		.global	TIMEx_DMACommutationHalfCplt
 5744              		.syntax unified
 5745              		.thumb
 5746              		.thumb_func
 5748              	TIMEx_DMACommutationHalfCplt:
 5749              	.LVL418:
 5750              	.LFB182:
2451:Drivers/STM32F7xx_HAL_Driver/Src/stm32f7xx_hal_tim_ex.c ****   TIM_HandleTypeDef *htim = (TIM_HandleTypeDef *)((DMA_HandleTypeDef *)hdma)->Parent;
 5751              		.loc 1 2451 1 is_stmt 1 view -0
 5752              		.cfi_startproc
 5753              		@ args = 0, pretend = 0, frame = 0
 5754              		@ frame_needed = 0, uses_anonymous_args = 0
2451:Drivers/STM32F7xx_HAL_Driver/Src/stm32f7xx_hal_tim_ex.c ****   TIM_HandleTypeDef *htim = (TIM_HandleTypeDef *)((DMA_HandleTypeDef *)hdma)->Parent;
 5755              		.loc 1 2451 1 is_stmt 0 view .LVU1664
 5756 0000 08B5     		push	{r3, lr}
 5757              	.LCFI51:
 5758              		.cfi_def_cfa_offset 8
 5759              		.cfi_offset 3, -8
 5760              		.cfi_offset 14, -4
2452:Drivers/STM32F7xx_HAL_Driver/Src/stm32f7xx_hal_tim_ex.c **** 
 5761              		.loc 1 2452 3 is_stmt 1 view .LVU1665
2452:Drivers/STM32F7xx_HAL_Driver/Src/stm32f7xx_hal_tim_ex.c **** 
 5762              		.loc 1 2452 22 is_stmt 0 view .LVU1666
 5763 0002 806B     		ldr	r0, [r0, #56]
 5764              	.LVL419:
2455:Drivers/STM32F7xx_HAL_Driver/Src/stm32f7xx_hal_tim_ex.c **** 
 5765              		.loc 1 2455 3 is_stmt 1 view .LVU1667
2455:Drivers/STM32F7xx_HAL_Driver/Src/stm32f7xx_hal_tim_ex.c **** 
 5766              		.loc 1 2455 15 is_stmt 0 view .LVU1668
 5767 0004 0123     		movs	r3, #1
ARM GAS  /tmp/ccLIbKdJ.s 			page 175


 5768 0006 80F83D30 		strb	r3, [r0, #61]
2460:Drivers/STM32F7xx_HAL_Driver/Src/stm32f7xx_hal_tim_ex.c **** #endif /* USE_HAL_TIM_REGISTER_CALLBACKS */
 5769              		.loc 1 2460 3 is_stmt 1 view .LVU1669
 5770 000a FFF7FEFF 		bl	HAL_TIMEx_CommutHalfCpltCallback
 5771              	.LVL420:
2462:Drivers/STM32F7xx_HAL_Driver/Src/stm32f7xx_hal_tim_ex.c **** 
 5772              		.loc 1 2462 1 is_stmt 0 view .LVU1670
 5773 000e 08BD     		pop	{r3, pc}
 5774              		.cfi_endproc
 5775              	.LFE182:
 5777              		.section	.text.HAL_TIMEx_BreakCallback,"ax",%progbits
 5778              		.align	1
 5779              		.weak	HAL_TIMEx_BreakCallback
 5780              		.syntax unified
 5781              		.thumb
 5782              		.thumb_func
 5784              	HAL_TIMEx_BreakCallback:
 5785              	.LVL421:
 5786              	.LFB177:
2340:Drivers/STM32F7xx_HAL_Driver/Src/stm32f7xx_hal_tim_ex.c ****   /* Prevent unused argument(s) compilation warning */
 5787              		.loc 1 2340 1 is_stmt 1 view -0
 5788              		.cfi_startproc
 5789              		@ args = 0, pretend = 0, frame = 0
 5790              		@ frame_needed = 0, uses_anonymous_args = 0
 5791              		@ link register save eliminated.
2342:Drivers/STM32F7xx_HAL_Driver/Src/stm32f7xx_hal_tim_ex.c **** 
 5792              		.loc 1 2342 3 view .LVU1672
2347:Drivers/STM32F7xx_HAL_Driver/Src/stm32f7xx_hal_tim_ex.c **** 
 5793              		.loc 1 2347 1 is_stmt 0 view .LVU1673
 5794 0000 7047     		bx	lr
 5795              		.cfi_endproc
 5796              	.LFE177:
 5798              		.section	.text.HAL_TIMEx_Break2Callback,"ax",%progbits
 5799              		.align	1
 5800              		.weak	HAL_TIMEx_Break2Callback
 5801              		.syntax unified
 5802              		.thumb
 5803              		.thumb_func
 5805              	HAL_TIMEx_Break2Callback:
 5806              	.LVL422:
 5807              	.LFB178:
2355:Drivers/STM32F7xx_HAL_Driver/Src/stm32f7xx_hal_tim_ex.c ****   /* Prevent unused argument(s) compilation warning */
 5808              		.loc 1 2355 1 is_stmt 1 view -0
 5809              		.cfi_startproc
 5810              		@ args = 0, pretend = 0, frame = 0
 5811              		@ frame_needed = 0, uses_anonymous_args = 0
 5812              		@ link register save eliminated.
2357:Drivers/STM32F7xx_HAL_Driver/Src/stm32f7xx_hal_tim_ex.c **** 
 5813              		.loc 1 2357 3 view .LVU1675
2362:Drivers/STM32F7xx_HAL_Driver/Src/stm32f7xx_hal_tim_ex.c **** /**
 5814              		.loc 1 2362 1 is_stmt 0 view .LVU1676
 5815 0000 7047     		bx	lr
 5816              		.cfi_endproc
 5817              	.LFE178:
 5819              		.section	.text.HAL_TIMEx_HallSensor_GetState,"ax",%progbits
 5820              		.align	1
 5821              		.global	HAL_TIMEx_HallSensor_GetState
ARM GAS  /tmp/ccLIbKdJ.s 			page 176


 5822              		.syntax unified
 5823              		.thumb
 5824              		.thumb_func
 5826              	HAL_TIMEx_HallSensor_GetState:
 5827              	.LVL423:
 5828              	.LFB179:
2388:Drivers/STM32F7xx_HAL_Driver/Src/stm32f7xx_hal_tim_ex.c ****   return htim->State;
 5829              		.loc 1 2388 1 is_stmt 1 view -0
 5830              		.cfi_startproc
 5831              		@ args = 0, pretend = 0, frame = 0
 5832              		@ frame_needed = 0, uses_anonymous_args = 0
 5833              		@ link register save eliminated.
2389:Drivers/STM32F7xx_HAL_Driver/Src/stm32f7xx_hal_tim_ex.c **** }
 5834              		.loc 1 2389 3 view .LVU1678
2389:Drivers/STM32F7xx_HAL_Driver/Src/stm32f7xx_hal_tim_ex.c **** }
 5835              		.loc 1 2389 14 is_stmt 0 view .LVU1679
 5836 0000 90F83D00 		ldrb	r0, [r0, #61]	@ zero_extendqisi2
 5837              	.LVL424:
2390:Drivers/STM32F7xx_HAL_Driver/Src/stm32f7xx_hal_tim_ex.c **** 
 5838              		.loc 1 2390 1 view .LVU1680
 5839 0004 7047     		bx	lr
 5840              		.cfi_endproc
 5841              	.LFE179:
 5843              		.section	.text.HAL_TIMEx_GetChannelNState,"ax",%progbits
 5844              		.align	1
 5845              		.global	HAL_TIMEx_GetChannelNState
 5846              		.syntax unified
 5847              		.thumb
 5848              		.thumb_func
 5850              	HAL_TIMEx_GetChannelNState:
 5851              	.LVL425:
 5852              	.LFB180:
2403:Drivers/STM32F7xx_HAL_Driver/Src/stm32f7xx_hal_tim_ex.c ****   HAL_TIM_ChannelStateTypeDef channel_state;
 5853              		.loc 1 2403 1 is_stmt 1 view -0
 5854              		.cfi_startproc
 5855              		@ args = 0, pretend = 0, frame = 0
 5856              		@ frame_needed = 0, uses_anonymous_args = 0
 5857              		@ link register save eliminated.
2404:Drivers/STM32F7xx_HAL_Driver/Src/stm32f7xx_hal_tim_ex.c **** 
 5858              		.loc 1 2404 3 view .LVU1682
2407:Drivers/STM32F7xx_HAL_Driver/Src/stm32f7xx_hal_tim_ex.c **** 
 5859              		.loc 1 2407 3 view .LVU1683
2409:Drivers/STM32F7xx_HAL_Driver/Src/stm32f7xx_hal_tim_ex.c **** 
 5860              		.loc 1 2409 3 view .LVU1684
2409:Drivers/STM32F7xx_HAL_Driver/Src/stm32f7xx_hal_tim_ex.c **** 
 5861              		.loc 1 2409 19 is_stmt 0 view .LVU1685
 5862 0000 19B9     		cbnz	r1, .L456
2409:Drivers/STM32F7xx_HAL_Driver/Src/stm32f7xx_hal_tim_ex.c **** 
 5863              		.loc 1 2409 19 discriminator 1 view .LVU1686
 5864 0002 90F84400 		ldrb	r0, [r0, #68]	@ zero_extendqisi2
 5865              	.LVL426:
2409:Drivers/STM32F7xx_HAL_Driver/Src/stm32f7xx_hal_tim_ex.c **** 
 5866              		.loc 1 2409 19 discriminator 1 view .LVU1687
 5867 0006 C0B2     		uxtb	r0, r0
 5868 0008 7047     		bx	lr
 5869              	.LVL427:
 5870              	.L456:
ARM GAS  /tmp/ccLIbKdJ.s 			page 177


2409:Drivers/STM32F7xx_HAL_Driver/Src/stm32f7xx_hal_tim_ex.c **** 
 5871              		.loc 1 2409 19 discriminator 2 view .LVU1688
 5872 000a 0429     		cmp	r1, #4
 5873 000c 05D0     		beq	.L460
2409:Drivers/STM32F7xx_HAL_Driver/Src/stm32f7xx_hal_tim_ex.c **** 
 5874              		.loc 1 2409 19 discriminator 5 view .LVU1689
 5875 000e 0829     		cmp	r1, #8
 5876 0010 07D0     		beq	.L461
2409:Drivers/STM32F7xx_HAL_Driver/Src/stm32f7xx_hal_tim_ex.c **** 
 5877              		.loc 1 2409 19 discriminator 8 view .LVU1690
 5878 0012 90F84700 		ldrb	r0, [r0, #71]	@ zero_extendqisi2
 5879              	.LVL428:
2409:Drivers/STM32F7xx_HAL_Driver/Src/stm32f7xx_hal_tim_ex.c **** 
 5880              		.loc 1 2409 19 discriminator 8 view .LVU1691
 5881 0016 C0B2     		uxtb	r0, r0
 5882              	.LVL429:
2411:Drivers/STM32F7xx_HAL_Driver/Src/stm32f7xx_hal_tim_ex.c **** }
 5883              		.loc 1 2411 3 is_stmt 1 view .LVU1692
2412:Drivers/STM32F7xx_HAL_Driver/Src/stm32f7xx_hal_tim_ex.c **** /**
 5884              		.loc 1 2412 1 is_stmt 0 view .LVU1693
 5885 0018 7047     		bx	lr
 5886              	.LVL430:
 5887              	.L460:
2409:Drivers/STM32F7xx_HAL_Driver/Src/stm32f7xx_hal_tim_ex.c **** 
 5888              		.loc 1 2409 19 discriminator 4 view .LVU1694
 5889 001a 90F84500 		ldrb	r0, [r0, #69]	@ zero_extendqisi2
 5890              	.LVL431:
2409:Drivers/STM32F7xx_HAL_Driver/Src/stm32f7xx_hal_tim_ex.c **** 
 5891              		.loc 1 2409 19 discriminator 4 view .LVU1695
 5892 001e C0B2     		uxtb	r0, r0
 5893 0020 7047     		bx	lr
 5894              	.LVL432:
 5895              	.L461:
2409:Drivers/STM32F7xx_HAL_Driver/Src/stm32f7xx_hal_tim_ex.c **** 
 5896              		.loc 1 2409 19 discriminator 7 view .LVU1696
 5897 0022 90F84600 		ldrb	r0, [r0, #70]	@ zero_extendqisi2
 5898              	.LVL433:
2409:Drivers/STM32F7xx_HAL_Driver/Src/stm32f7xx_hal_tim_ex.c **** 
 5899              		.loc 1 2409 19 discriminator 7 view .LVU1697
 5900 0026 C0B2     		uxtb	r0, r0
 5901 0028 7047     		bx	lr
 5902              		.cfi_endproc
 5903              	.LFE180:
 5905              		.text
 5906              	.Letext0:
 5907              		.file 2 "/usr/lib/gcc/arm-none-eabi/13.2.1/include/stdint.h"
 5908              		.file 3 "Drivers/CMSIS/Device/ST/STM32F7xx/Include/stm32f765xx.h"
 5909              		.file 4 "Drivers/CMSIS/Device/ST/STM32F7xx/Include/stm32f7xx.h"
 5910              		.file 5 "Drivers/STM32F7xx_HAL_Driver/Inc/stm32f7xx_hal_def.h"
 5911              		.file 6 "Drivers/STM32F7xx_HAL_Driver/Inc/stm32f7xx_hal_dma.h"
 5912              		.file 7 "Drivers/STM32F7xx_HAL_Driver/Inc/stm32f7xx_hal_tim.h"
 5913              		.file 8 "Drivers/STM32F7xx_HAL_Driver/Inc/stm32f7xx_hal_tim_ex.h"
ARM GAS  /tmp/ccLIbKdJ.s 			page 178


DEFINED SYMBOLS
                            *ABS*:00000000 stm32f7xx_hal_tim_ex.c
     /tmp/ccLIbKdJ.s:20     .text.TIM_CCxNChannelCmd:00000000 $t
     /tmp/ccLIbKdJ.s:25     .text.TIM_CCxNChannelCmd:00000000 TIM_CCxNChannelCmd
     /tmp/ccLIbKdJ.s:63     .text.TIM_DMAErrorCCxN:00000000 $t
     /tmp/ccLIbKdJ.s:68     .text.TIM_DMAErrorCCxN:00000000 TIM_DMAErrorCCxN
     /tmp/ccLIbKdJ.s:148    .text.TIM_DMADelayPulseNCplt:00000000 $t
     /tmp/ccLIbKdJ.s:153    .text.TIM_DMADelayPulseNCplt:00000000 TIM_DMADelayPulseNCplt
     /tmp/ccLIbKdJ.s:252    .text.HAL_TIMEx_HallSensor_MspInit:00000000 $t
     /tmp/ccLIbKdJ.s:258    .text.HAL_TIMEx_HallSensor_MspInit:00000000 HAL_TIMEx_HallSensor_MspInit
     /tmp/ccLIbKdJ.s:273    .text.HAL_TIMEx_HallSensor_Init:00000000 $t
     /tmp/ccLIbKdJ.s:279    .text.HAL_TIMEx_HallSensor_Init:00000000 HAL_TIMEx_HallSensor_Init
     /tmp/ccLIbKdJ.s:496    .text.HAL_TIMEx_HallSensor_Init:000000d4 $d
     /tmp/ccLIbKdJ.s:501    .text.HAL_TIMEx_HallSensor_MspDeInit:00000000 $t
     /tmp/ccLIbKdJ.s:507    .text.HAL_TIMEx_HallSensor_MspDeInit:00000000 HAL_TIMEx_HallSensor_MspDeInit
     /tmp/ccLIbKdJ.s:522    .text.HAL_TIMEx_HallSensor_DeInit:00000000 $t
     /tmp/ccLIbKdJ.s:528    .text.HAL_TIMEx_HallSensor_DeInit:00000000 HAL_TIMEx_HallSensor_DeInit
     /tmp/ccLIbKdJ.s:598    .text.HAL_TIMEx_HallSensor_DeInit:0000004c $d
     /tmp/ccLIbKdJ.s:603    .text.HAL_TIMEx_HallSensor_Start:00000000 $t
     /tmp/ccLIbKdJ.s:609    .text.HAL_TIMEx_HallSensor_Start:00000000 HAL_TIMEx_HallSensor_Start
     /tmp/ccLIbKdJ.s:770    .text.HAL_TIMEx_HallSensor_Start:000000c0 $d
     /tmp/ccLIbKdJ.s:776    .text.HAL_TIMEx_HallSensor_Stop:00000000 $t
     /tmp/ccLIbKdJ.s:782    .text.HAL_TIMEx_HallSensor_Stop:00000000 HAL_TIMEx_HallSensor_Stop
     /tmp/ccLIbKdJ.s:841    .text.HAL_TIMEx_HallSensor_Stop:00000040 $d
     /tmp/ccLIbKdJ.s:846    .text.HAL_TIMEx_HallSensor_Start_IT:00000000 $t
     /tmp/ccLIbKdJ.s:852    .text.HAL_TIMEx_HallSensor_Start_IT:00000000 HAL_TIMEx_HallSensor_Start_IT
     /tmp/ccLIbKdJ.s:1018   .text.HAL_TIMEx_HallSensor_Start_IT:000000cc $d
     /tmp/ccLIbKdJ.s:1024   .text.HAL_TIMEx_HallSensor_Stop_IT:00000000 $t
     /tmp/ccLIbKdJ.s:1030   .text.HAL_TIMEx_HallSensor_Stop_IT:00000000 HAL_TIMEx_HallSensor_Stop_IT
     /tmp/ccLIbKdJ.s:1094   .text.HAL_TIMEx_HallSensor_Stop_IT:0000004c $d
     /tmp/ccLIbKdJ.s:1099   .text.HAL_TIMEx_HallSensor_Start_DMA:00000000 $t
     /tmp/ccLIbKdJ.s:1105   .text.HAL_TIMEx_HallSensor_Start_DMA:00000000 HAL_TIMEx_HallSensor_Start_DMA
     /tmp/ccLIbKdJ.s:1297   .text.HAL_TIMEx_HallSensor_Start_DMA:000000e8 $d
     /tmp/ccLIbKdJ.s:1306   .text.HAL_TIMEx_HallSensor_Stop_DMA:00000000 $t
     /tmp/ccLIbKdJ.s:1312   .text.HAL_TIMEx_HallSensor_Stop_DMA:00000000 HAL_TIMEx_HallSensor_Stop_DMA
     /tmp/ccLIbKdJ.s:1377   .text.HAL_TIMEx_HallSensor_Stop_DMA:00000048 $d
     /tmp/ccLIbKdJ.s:1382   .text.HAL_TIMEx_OCN_Start:00000000 $t
     /tmp/ccLIbKdJ.s:1388   .text.HAL_TIMEx_OCN_Start:00000000 HAL_TIMEx_OCN_Start
     /tmp/ccLIbKdJ.s:1579   .text.HAL_TIMEx_OCN_Start:000000f8 $d
     /tmp/ccLIbKdJ.s:1585   .text.HAL_TIMEx_OCN_Stop:00000000 $t
     /tmp/ccLIbKdJ.s:1591   .text.HAL_TIMEx_OCN_Stop:00000000 HAL_TIMEx_OCN_Stop
     /tmp/ccLIbKdJ.s:1687   .text.HAL_TIMEx_OCN_Stop:00000074 $d
     /tmp/ccLIbKdJ.s:1692   .text.HAL_TIMEx_OCN_Start_IT:00000000 $t
     /tmp/ccLIbKdJ.s:1698   .text.HAL_TIMEx_OCN_Start_IT:00000000 HAL_TIMEx_OCN_Start_IT
     /tmp/ccLIbKdJ.s:1932   .text.HAL_TIMEx_OCN_Start_IT:00000130 $d
     /tmp/ccLIbKdJ.s:1938   .text.HAL_TIMEx_OCN_Stop_IT:00000000 $t
     /tmp/ccLIbKdJ.s:1944   .text.HAL_TIMEx_OCN_Stop_IT:00000000 HAL_TIMEx_OCN_Stop_IT
     /tmp/ccLIbKdJ.s:2109   .text.HAL_TIMEx_OCN_Stop_IT:000000c0 $d
     /tmp/ccLIbKdJ.s:2114   .text.HAL_TIMEx_OCN_Start_DMA:00000000 $t
     /tmp/ccLIbKdJ.s:2120   .text.HAL_TIMEx_OCN_Start_DMA:00000000 HAL_TIMEx_OCN_Start_DMA
     /tmp/ccLIbKdJ.s:2543   .text.HAL_TIMEx_OCN_Start_DMA:00000218 $d
     /tmp/ccLIbKdJ.s:2552   .text.HAL_TIMEx_OCN_Stop_DMA:00000000 $t
     /tmp/ccLIbKdJ.s:2558   .text.HAL_TIMEx_OCN_Stop_DMA:00000000 HAL_TIMEx_OCN_Stop_DMA
     /tmp/ccLIbKdJ.s:2721   .text.HAL_TIMEx_OCN_Stop_DMA:000000c0 $d
     /tmp/ccLIbKdJ.s:2726   .text.HAL_TIMEx_PWMN_Start:00000000 $t
     /tmp/ccLIbKdJ.s:2732   .text.HAL_TIMEx_PWMN_Start:00000000 HAL_TIMEx_PWMN_Start
     /tmp/ccLIbKdJ.s:2923   .text.HAL_TIMEx_PWMN_Start:000000f8 $d
ARM GAS  /tmp/ccLIbKdJ.s 			page 179


     /tmp/ccLIbKdJ.s:2929   .text.HAL_TIMEx_PWMN_Stop:00000000 $t
     /tmp/ccLIbKdJ.s:2935   .text.HAL_TIMEx_PWMN_Stop:00000000 HAL_TIMEx_PWMN_Stop
     /tmp/ccLIbKdJ.s:3031   .text.HAL_TIMEx_PWMN_Stop:00000074 $d
     /tmp/ccLIbKdJ.s:3036   .text.HAL_TIMEx_PWMN_Start_IT:00000000 $t
     /tmp/ccLIbKdJ.s:3042   .text.HAL_TIMEx_PWMN_Start_IT:00000000 HAL_TIMEx_PWMN_Start_IT
     /tmp/ccLIbKdJ.s:3276   .text.HAL_TIMEx_PWMN_Start_IT:00000130 $d
     /tmp/ccLIbKdJ.s:3282   .text.HAL_TIMEx_PWMN_Stop_IT:00000000 $t
     /tmp/ccLIbKdJ.s:3288   .text.HAL_TIMEx_PWMN_Stop_IT:00000000 HAL_TIMEx_PWMN_Stop_IT
     /tmp/ccLIbKdJ.s:3453   .text.HAL_TIMEx_PWMN_Stop_IT:000000c0 $d
     /tmp/ccLIbKdJ.s:3458   .text.HAL_TIMEx_PWMN_Start_DMA:00000000 $t
     /tmp/ccLIbKdJ.s:3464   .text.HAL_TIMEx_PWMN_Start_DMA:00000000 HAL_TIMEx_PWMN_Start_DMA
     /tmp/ccLIbKdJ.s:3887   .text.HAL_TIMEx_PWMN_Start_DMA:00000218 $d
     /tmp/ccLIbKdJ.s:3896   .text.HAL_TIMEx_PWMN_Stop_DMA:00000000 $t
     /tmp/ccLIbKdJ.s:3902   .text.HAL_TIMEx_PWMN_Stop_DMA:00000000 HAL_TIMEx_PWMN_Stop_DMA
     /tmp/ccLIbKdJ.s:4065   .text.HAL_TIMEx_PWMN_Stop_DMA:000000c0 $d
     /tmp/ccLIbKdJ.s:4070   .text.HAL_TIMEx_OnePulseN_Start:00000000 $t
     /tmp/ccLIbKdJ.s:4076   .text.HAL_TIMEx_OnePulseN_Start:00000000 HAL_TIMEx_OnePulseN_Start
     /tmp/ccLIbKdJ.s:4200   .text.HAL_TIMEx_OnePulseN_Stop:00000000 $t
     /tmp/ccLIbKdJ.s:4206   .text.HAL_TIMEx_OnePulseN_Stop:00000000 HAL_TIMEx_OnePulseN_Stop
     /tmp/ccLIbKdJ.s:4301   .text.HAL_TIMEx_OnePulseN_Stop:00000070 $d
     /tmp/ccLIbKdJ.s:4306   .text.HAL_TIMEx_OnePulseN_Start_IT:00000000 $t
     /tmp/ccLIbKdJ.s:4312   .text.HAL_TIMEx_OnePulseN_Start_IT:00000000 HAL_TIMEx_OnePulseN_Start_IT
     /tmp/ccLIbKdJ.s:4447   .text.HAL_TIMEx_OnePulseN_Stop_IT:00000000 $t
     /tmp/ccLIbKdJ.s:4453   .text.HAL_TIMEx_OnePulseN_Stop_IT:00000000 HAL_TIMEx_OnePulseN_Stop_IT
     /tmp/ccLIbKdJ.s:4558   .text.HAL_TIMEx_OnePulseN_Stop_IT:00000084 $d
     /tmp/ccLIbKdJ.s:4563   .text.HAL_TIMEx_ConfigCommutEvent:00000000 $t
     /tmp/ccLIbKdJ.s:4569   .text.HAL_TIMEx_ConfigCommutEvent:00000000 HAL_TIMEx_ConfigCommutEvent
     /tmp/ccLIbKdJ.s:4693   .text.HAL_TIMEx_ConfigCommutEvent_IT:00000000 $t
     /tmp/ccLIbKdJ.s:4699   .text.HAL_TIMEx_ConfigCommutEvent_IT:00000000 HAL_TIMEx_ConfigCommutEvent_IT
     /tmp/ccLIbKdJ.s:4823   .text.HAL_TIMEx_ConfigCommutEvent_DMA:00000000 $t
     /tmp/ccLIbKdJ.s:4829   .text.HAL_TIMEx_ConfigCommutEvent_DMA:00000000 HAL_TIMEx_ConfigCommutEvent_DMA
     /tmp/ccLIbKdJ.s:4970   .text.HAL_TIMEx_ConfigCommutEvent_DMA:00000088 $d
     /tmp/ccLIbKdJ.s:5691   .text.TIMEx_DMACommutationCplt:00000000 TIMEx_DMACommutationCplt
     /tmp/ccLIbKdJ.s:5748   .text.TIMEx_DMACommutationHalfCplt:00000000 TIMEx_DMACommutationHalfCplt
     /tmp/ccLIbKdJ.s:4977   .text.HAL_TIMEx_MasterConfigSynchronization:00000000 $t
     /tmp/ccLIbKdJ.s:4983   .text.HAL_TIMEx_MasterConfigSynchronization:00000000 HAL_TIMEx_MasterConfigSynchronization
     /tmp/ccLIbKdJ.s:5139   .text.HAL_TIMEx_MasterConfigSynchronization:00000098 $d
     /tmp/ccLIbKdJ.s:5145   .text.HAL_TIMEx_ConfigBreakDeadTime:00000000 $t
     /tmp/ccLIbKdJ.s:5151   .text.HAL_TIMEx_ConfigBreakDeadTime:00000000 HAL_TIMEx_ConfigBreakDeadTime
     /tmp/ccLIbKdJ.s:5316   .text.HAL_TIMEx_ConfigBreakDeadTime:00000088 $d
     /tmp/ccLIbKdJ.s:5322   .text.HAL_TIMEx_ConfigBreakInput:00000000 $t
     /tmp/ccLIbKdJ.s:5328   .text.HAL_TIMEx_ConfigBreakInput:00000000 HAL_TIMEx_ConfigBreakInput
     /tmp/ccLIbKdJ.s:5530   .text.HAL_TIMEx_RemapConfig:00000000 $t
     /tmp/ccLIbKdJ.s:5536   .text.HAL_TIMEx_RemapConfig:00000000 HAL_TIMEx_RemapConfig
     /tmp/ccLIbKdJ.s:5585   .text.HAL_TIMEx_GroupChannel5:00000000 $t
     /tmp/ccLIbKdJ.s:5591   .text.HAL_TIMEx_GroupChannel5:00000000 HAL_TIMEx_GroupChannel5
     /tmp/ccLIbKdJ.s:5664   .text.HAL_TIMEx_CommutCallback:00000000 $t
     /tmp/ccLIbKdJ.s:5670   .text.HAL_TIMEx_CommutCallback:00000000 HAL_TIMEx_CommutCallback
     /tmp/ccLIbKdJ.s:5685   .text.TIMEx_DMACommutationCplt:00000000 $t
     /tmp/ccLIbKdJ.s:5721   .text.HAL_TIMEx_CommutHalfCpltCallback:00000000 $t
     /tmp/ccLIbKdJ.s:5727   .text.HAL_TIMEx_CommutHalfCpltCallback:00000000 HAL_TIMEx_CommutHalfCpltCallback
     /tmp/ccLIbKdJ.s:5742   .text.TIMEx_DMACommutationHalfCplt:00000000 $t
     /tmp/ccLIbKdJ.s:5778   .text.HAL_TIMEx_BreakCallback:00000000 $t
     /tmp/ccLIbKdJ.s:5784   .text.HAL_TIMEx_BreakCallback:00000000 HAL_TIMEx_BreakCallback
     /tmp/ccLIbKdJ.s:5799   .text.HAL_TIMEx_Break2Callback:00000000 $t
     /tmp/ccLIbKdJ.s:5805   .text.HAL_TIMEx_Break2Callback:00000000 HAL_TIMEx_Break2Callback
     /tmp/ccLIbKdJ.s:5820   .text.HAL_TIMEx_HallSensor_GetState:00000000 $t
ARM GAS  /tmp/ccLIbKdJ.s 			page 180


     /tmp/ccLIbKdJ.s:5826   .text.HAL_TIMEx_HallSensor_GetState:00000000 HAL_TIMEx_HallSensor_GetState
     /tmp/ccLIbKdJ.s:5844   .text.HAL_TIMEx_GetChannelNState:00000000 $t
     /tmp/ccLIbKdJ.s:5850   .text.HAL_TIMEx_GetChannelNState:00000000 HAL_TIMEx_GetChannelNState

UNDEFINED SYMBOLS
HAL_TIM_ErrorCallback
HAL_TIM_PWM_PulseFinishedCallback
TIM_Base_SetConfig
TIM_TI1_SetConfig
TIM_OC2_SetConfig
TIM_CCxChannelCmd
HAL_DMA_Start_IT
TIM_DMACaptureCplt
TIM_DMACaptureHalfCplt
TIM_DMAError
HAL_DMA_Abort_IT
TIM_DMADelayPulseHalfCplt
