ARM GAS  /tmp/ccPsWM5l.s 			page 1


   1              		.cpu cortex-m7
   2              		.arch armv7e-m
   3              		.fpu fpv5-d16
   4              		.eabi_attribute 28, 1
   5              		.eabi_attribute 20, 1
   6              		.eabi_attribute 21, 1
   7              		.eabi_attribute 23, 3
   8              		.eabi_attribute 24, 1
   9              		.eabi_attribute 25, 1
  10              		.eabi_attribute 26, 1
  11              		.eabi_attribute 30, 1
  12              		.eabi_attribute 34, 1
  13              		.eabi_attribute 18, 4
  14              		.file	"tx_byte_pool_delete.c"
  15              		.text
  16              	.Ltext0:
  17              		.cfi_sections	.debug_frame
  18              		.file 1 "Middlewares/ST/threadx/common/src/tx_byte_pool_delete.c"
  19              		.section	.text._tx_byte_pool_delete,"ax",%progbits
  20              		.align	1
  21              		.global	_tx_byte_pool_delete
  22              		.syntax unified
  23              		.thumb
  24              		.thumb_func
  26              	_tx_byte_pool_delete:
  27              	.LVL0:
  28              	.LFB8:
   1:Middlewares/ST/threadx/common/src/tx_byte_pool_delete.c **** /**************************************************************************/
   2:Middlewares/ST/threadx/common/src/tx_byte_pool_delete.c **** /*                                                                        */
   3:Middlewares/ST/threadx/common/src/tx_byte_pool_delete.c **** /*       Copyright (c) Microsoft Corporation. All rights reserved.        */
   4:Middlewares/ST/threadx/common/src/tx_byte_pool_delete.c **** /*                                                                        */
   5:Middlewares/ST/threadx/common/src/tx_byte_pool_delete.c **** /*       This software is licensed under the Microsoft Software License   */
   6:Middlewares/ST/threadx/common/src/tx_byte_pool_delete.c **** /*       Terms for Microsoft Azure RTOS. Full text of the license can be  */
   7:Middlewares/ST/threadx/common/src/tx_byte_pool_delete.c **** /*       found in the LICENSE file at https://aka.ms/AzureRTOS_EULA       */
   8:Middlewares/ST/threadx/common/src/tx_byte_pool_delete.c **** /*       and in the root directory of this software.                      */
   9:Middlewares/ST/threadx/common/src/tx_byte_pool_delete.c **** /*                                                                        */
  10:Middlewares/ST/threadx/common/src/tx_byte_pool_delete.c **** /**************************************************************************/
  11:Middlewares/ST/threadx/common/src/tx_byte_pool_delete.c **** 
  12:Middlewares/ST/threadx/common/src/tx_byte_pool_delete.c **** 
  13:Middlewares/ST/threadx/common/src/tx_byte_pool_delete.c **** /**************************************************************************/
  14:Middlewares/ST/threadx/common/src/tx_byte_pool_delete.c **** /**************************************************************************/
  15:Middlewares/ST/threadx/common/src/tx_byte_pool_delete.c **** /**                                                                       */
  16:Middlewares/ST/threadx/common/src/tx_byte_pool_delete.c **** /** ThreadX Component                                                     */
  17:Middlewares/ST/threadx/common/src/tx_byte_pool_delete.c **** /**                                                                       */
  18:Middlewares/ST/threadx/common/src/tx_byte_pool_delete.c **** /**   Byte Pool                                                           */
  19:Middlewares/ST/threadx/common/src/tx_byte_pool_delete.c **** /**                                                                       */
  20:Middlewares/ST/threadx/common/src/tx_byte_pool_delete.c **** /**************************************************************************/
  21:Middlewares/ST/threadx/common/src/tx_byte_pool_delete.c **** /**************************************************************************/
  22:Middlewares/ST/threadx/common/src/tx_byte_pool_delete.c **** 
  23:Middlewares/ST/threadx/common/src/tx_byte_pool_delete.c **** #define TX_SOURCE_CODE
  24:Middlewares/ST/threadx/common/src/tx_byte_pool_delete.c **** 
  25:Middlewares/ST/threadx/common/src/tx_byte_pool_delete.c **** 
  26:Middlewares/ST/threadx/common/src/tx_byte_pool_delete.c **** /* Include necessary system files.  */
  27:Middlewares/ST/threadx/common/src/tx_byte_pool_delete.c **** 
  28:Middlewares/ST/threadx/common/src/tx_byte_pool_delete.c **** #include "tx_api.h"
  29:Middlewares/ST/threadx/common/src/tx_byte_pool_delete.c **** #include "tx_trace.h"
  30:Middlewares/ST/threadx/common/src/tx_byte_pool_delete.c **** #include "tx_thread.h"
ARM GAS  /tmp/ccPsWM5l.s 			page 2


  31:Middlewares/ST/threadx/common/src/tx_byte_pool_delete.c **** #include "tx_byte_pool.h"
  32:Middlewares/ST/threadx/common/src/tx_byte_pool_delete.c **** 
  33:Middlewares/ST/threadx/common/src/tx_byte_pool_delete.c **** 
  34:Middlewares/ST/threadx/common/src/tx_byte_pool_delete.c **** /**************************************************************************/
  35:Middlewares/ST/threadx/common/src/tx_byte_pool_delete.c **** /*                                                                        */
  36:Middlewares/ST/threadx/common/src/tx_byte_pool_delete.c **** /*  FUNCTION                                               RELEASE        */
  37:Middlewares/ST/threadx/common/src/tx_byte_pool_delete.c **** /*                                                                        */
  38:Middlewares/ST/threadx/common/src/tx_byte_pool_delete.c **** /*    _tx_byte_pool_delete                                PORTABLE C      */
  39:Middlewares/ST/threadx/common/src/tx_byte_pool_delete.c **** /*                                                           6.1          */
  40:Middlewares/ST/threadx/common/src/tx_byte_pool_delete.c **** /*  AUTHOR                                                                */
  41:Middlewares/ST/threadx/common/src/tx_byte_pool_delete.c **** /*                                                                        */
  42:Middlewares/ST/threadx/common/src/tx_byte_pool_delete.c **** /*    William E. Lamie, Microsoft Corporation                             */
  43:Middlewares/ST/threadx/common/src/tx_byte_pool_delete.c **** /*                                                                        */
  44:Middlewares/ST/threadx/common/src/tx_byte_pool_delete.c **** /*  DESCRIPTION                                                           */
  45:Middlewares/ST/threadx/common/src/tx_byte_pool_delete.c **** /*                                                                        */
  46:Middlewares/ST/threadx/common/src/tx_byte_pool_delete.c **** /*    This function deletes the specified byte pool.  All threads         */
  47:Middlewares/ST/threadx/common/src/tx_byte_pool_delete.c **** /*    suspended on the byte pool are resumed with the TX_DELETED status   */
  48:Middlewares/ST/threadx/common/src/tx_byte_pool_delete.c **** /*    code.                                                               */
  49:Middlewares/ST/threadx/common/src/tx_byte_pool_delete.c **** /*                                                                        */
  50:Middlewares/ST/threadx/common/src/tx_byte_pool_delete.c **** /*    It is important to note that the byte pool being deleted, or the    */
  51:Middlewares/ST/threadx/common/src/tx_byte_pool_delete.c **** /*    memory associated with it should not be in use when this function   */
  52:Middlewares/ST/threadx/common/src/tx_byte_pool_delete.c **** /*    is called.                                                          */
  53:Middlewares/ST/threadx/common/src/tx_byte_pool_delete.c **** /*                                                                        */
  54:Middlewares/ST/threadx/common/src/tx_byte_pool_delete.c **** /*  INPUT                                                                 */
  55:Middlewares/ST/threadx/common/src/tx_byte_pool_delete.c **** /*                                                                        */
  56:Middlewares/ST/threadx/common/src/tx_byte_pool_delete.c **** /*    pool_ptr                          Pointer to pool control block     */
  57:Middlewares/ST/threadx/common/src/tx_byte_pool_delete.c **** /*                                                                        */
  58:Middlewares/ST/threadx/common/src/tx_byte_pool_delete.c **** /*  OUTPUT                                                                */
  59:Middlewares/ST/threadx/common/src/tx_byte_pool_delete.c **** /*                                                                        */
  60:Middlewares/ST/threadx/common/src/tx_byte_pool_delete.c **** /*    TX_SUCCESS                        Successful completion status      */
  61:Middlewares/ST/threadx/common/src/tx_byte_pool_delete.c **** /*                                                                        */
  62:Middlewares/ST/threadx/common/src/tx_byte_pool_delete.c **** /*  CALLS                                                                 */
  63:Middlewares/ST/threadx/common/src/tx_byte_pool_delete.c **** /*                                                                        */
  64:Middlewares/ST/threadx/common/src/tx_byte_pool_delete.c **** /*    _tx_thread_system_preempt_check   Check for preemption              */
  65:Middlewares/ST/threadx/common/src/tx_byte_pool_delete.c **** /*    _tx_thread_system_resume          Resume thread service             */
  66:Middlewares/ST/threadx/common/src/tx_byte_pool_delete.c **** /*    _tx_thread_system_ni_resume       Non-interruptable resume thread   */
  67:Middlewares/ST/threadx/common/src/tx_byte_pool_delete.c **** /*                                                                        */
  68:Middlewares/ST/threadx/common/src/tx_byte_pool_delete.c **** /*  CALLED BY                                                             */
  69:Middlewares/ST/threadx/common/src/tx_byte_pool_delete.c **** /*                                                                        */
  70:Middlewares/ST/threadx/common/src/tx_byte_pool_delete.c **** /*    Application Code                                                    */
  71:Middlewares/ST/threadx/common/src/tx_byte_pool_delete.c **** /*                                                                        */
  72:Middlewares/ST/threadx/common/src/tx_byte_pool_delete.c **** /*  RELEASE HISTORY                                                       */
  73:Middlewares/ST/threadx/common/src/tx_byte_pool_delete.c **** /*                                                                        */
  74:Middlewares/ST/threadx/common/src/tx_byte_pool_delete.c **** /*    DATE              NAME                      DESCRIPTION             */
  75:Middlewares/ST/threadx/common/src/tx_byte_pool_delete.c **** /*                                                                        */
  76:Middlewares/ST/threadx/common/src/tx_byte_pool_delete.c **** /*  05-19-2020     William E. Lamie         Initial Version 6.0           */
  77:Middlewares/ST/threadx/common/src/tx_byte_pool_delete.c **** /*  09-30-2020     Yuxin Zhou               Modified comment(s),          */
  78:Middlewares/ST/threadx/common/src/tx_byte_pool_delete.c **** /*                                            resulting in version 6.1    */
  79:Middlewares/ST/threadx/common/src/tx_byte_pool_delete.c **** /*                                                                        */
  80:Middlewares/ST/threadx/common/src/tx_byte_pool_delete.c **** /**************************************************************************/
  81:Middlewares/ST/threadx/common/src/tx_byte_pool_delete.c **** UINT  _tx_byte_pool_delete(TX_BYTE_POOL *pool_ptr)
  82:Middlewares/ST/threadx/common/src/tx_byte_pool_delete.c **** {
  29              		.loc 1 82 1 view -0
  30              		.cfi_startproc
  31              		@ args = 0, pretend = 0, frame = 8
  32              		@ frame_needed = 0, uses_anonymous_args = 0
  33              		.loc 1 82 1 is_stmt 0 view .LVU1
ARM GAS  /tmp/ccPsWM5l.s 			page 3


  34 0000 70B5     		push	{r4, r5, r6, lr}
  35              	.LCFI0:
  36              		.cfi_def_cfa_offset 16
  37              		.cfi_offset 4, -16
  38              		.cfi_offset 5, -12
  39              		.cfi_offset 6, -8
  40              		.cfi_offset 14, -4
  41 0002 82B0     		sub	sp, sp, #8
  42              	.LCFI1:
  43              		.cfi_def_cfa_offset 24
  44 0004 0546     		mov	r5, r0
  83:Middlewares/ST/threadx/common/src/tx_byte_pool_delete.c **** 
  84:Middlewares/ST/threadx/common/src/tx_byte_pool_delete.c **** TX_INTERRUPT_SAVE_AREA
  45              		.loc 1 84 1 is_stmt 1 view .LVU2
  85:Middlewares/ST/threadx/common/src/tx_byte_pool_delete.c **** 
  86:Middlewares/ST/threadx/common/src/tx_byte_pool_delete.c **** TX_THREAD       *thread_ptr;
  46              		.loc 1 86 1 view .LVU3
  87:Middlewares/ST/threadx/common/src/tx_byte_pool_delete.c **** TX_THREAD       *next_thread;
  47              		.loc 1 87 1 view .LVU4
  88:Middlewares/ST/threadx/common/src/tx_byte_pool_delete.c **** UINT            suspended_count;
  48              		.loc 1 88 1 view .LVU5
  89:Middlewares/ST/threadx/common/src/tx_byte_pool_delete.c **** TX_BYTE_POOL    *next_pool;
  49              		.loc 1 89 1 view .LVU6
  90:Middlewares/ST/threadx/common/src/tx_byte_pool_delete.c **** TX_BYTE_POOL    *previous_pool;
  50              		.loc 1 90 1 view .LVU7
  91:Middlewares/ST/threadx/common/src/tx_byte_pool_delete.c **** 
  92:Middlewares/ST/threadx/common/src/tx_byte_pool_delete.c **** 
  93:Middlewares/ST/threadx/common/src/tx_byte_pool_delete.c ****     /* Disable interrupts to remove the byte pool from the created list.  */
  94:Middlewares/ST/threadx/common/src/tx_byte_pool_delete.c ****     TX_DISABLE
  51              		.loc 1 94 5 view .LVU8
  52              	.LBB25:
  53              	.LBI25:
  54              		.file 2 "Middlewares/ST/threadx/ports/cortex_m7/gnu/inc/tx_port.h"
   1:Middlewares/ST/threadx/ports/cortex_m7/gnu/inc/tx_port.h **** /**************************************************************************/
   2:Middlewares/ST/threadx/ports/cortex_m7/gnu/inc/tx_port.h **** /*                                                                        */
   3:Middlewares/ST/threadx/ports/cortex_m7/gnu/inc/tx_port.h **** /*       Copyright (c) Microsoft Corporation. All rights reserved.        */
   4:Middlewares/ST/threadx/ports/cortex_m7/gnu/inc/tx_port.h **** /*                                                                        */
   5:Middlewares/ST/threadx/ports/cortex_m7/gnu/inc/tx_port.h **** /*       This software is licensed under the Microsoft Software License   */
   6:Middlewares/ST/threadx/ports/cortex_m7/gnu/inc/tx_port.h **** /*       Terms for Microsoft Azure RTOS. Full text of the license can be  */
   7:Middlewares/ST/threadx/ports/cortex_m7/gnu/inc/tx_port.h **** /*       found in the LICENSE file at https://aka.ms/AzureRTOS_EULA       */
   8:Middlewares/ST/threadx/ports/cortex_m7/gnu/inc/tx_port.h **** /*       and in the root directory of this software.                      */
   9:Middlewares/ST/threadx/ports/cortex_m7/gnu/inc/tx_port.h **** /*                                                                        */
  10:Middlewares/ST/threadx/ports/cortex_m7/gnu/inc/tx_port.h **** /**************************************************************************/
  11:Middlewares/ST/threadx/ports/cortex_m7/gnu/inc/tx_port.h **** 
  12:Middlewares/ST/threadx/ports/cortex_m7/gnu/inc/tx_port.h **** 
  13:Middlewares/ST/threadx/ports/cortex_m7/gnu/inc/tx_port.h **** /**************************************************************************/
  14:Middlewares/ST/threadx/ports/cortex_m7/gnu/inc/tx_port.h **** /**************************************************************************/
  15:Middlewares/ST/threadx/ports/cortex_m7/gnu/inc/tx_port.h **** /**                                                                       */
  16:Middlewares/ST/threadx/ports/cortex_m7/gnu/inc/tx_port.h **** /** ThreadX Component                                                     */
  17:Middlewares/ST/threadx/ports/cortex_m7/gnu/inc/tx_port.h **** /**                                                                       */
  18:Middlewares/ST/threadx/ports/cortex_m7/gnu/inc/tx_port.h **** /**   Port Specific                                                       */
  19:Middlewares/ST/threadx/ports/cortex_m7/gnu/inc/tx_port.h **** /**                                                                       */
  20:Middlewares/ST/threadx/ports/cortex_m7/gnu/inc/tx_port.h **** /**************************************************************************/
  21:Middlewares/ST/threadx/ports/cortex_m7/gnu/inc/tx_port.h **** /**************************************************************************/
  22:Middlewares/ST/threadx/ports/cortex_m7/gnu/inc/tx_port.h **** 
  23:Middlewares/ST/threadx/ports/cortex_m7/gnu/inc/tx_port.h **** 
  24:Middlewares/ST/threadx/ports/cortex_m7/gnu/inc/tx_port.h **** /**************************************************************************/
ARM GAS  /tmp/ccPsWM5l.s 			page 4


  25:Middlewares/ST/threadx/ports/cortex_m7/gnu/inc/tx_port.h **** /*                                                                        */
  26:Middlewares/ST/threadx/ports/cortex_m7/gnu/inc/tx_port.h **** /*  PORT SPECIFIC C INFORMATION                            RELEASE        */
  27:Middlewares/ST/threadx/ports/cortex_m7/gnu/inc/tx_port.h **** /*                                                                        */
  28:Middlewares/ST/threadx/ports/cortex_m7/gnu/inc/tx_port.h **** /*    tx_port.h                                         Cortex-M7/GNU     */
  29:Middlewares/ST/threadx/ports/cortex_m7/gnu/inc/tx_port.h **** /*                                                           6.1.10       */
  30:Middlewares/ST/threadx/ports/cortex_m7/gnu/inc/tx_port.h **** /*                                                                        */
  31:Middlewares/ST/threadx/ports/cortex_m7/gnu/inc/tx_port.h **** /*  AUTHOR                                                                */
  32:Middlewares/ST/threadx/ports/cortex_m7/gnu/inc/tx_port.h **** /*                                                                        */
  33:Middlewares/ST/threadx/ports/cortex_m7/gnu/inc/tx_port.h **** /*    Scott Larson, Microsoft Corporation                                 */
  34:Middlewares/ST/threadx/ports/cortex_m7/gnu/inc/tx_port.h **** /*                                                                        */
  35:Middlewares/ST/threadx/ports/cortex_m7/gnu/inc/tx_port.h **** /*  DESCRIPTION                                                           */
  36:Middlewares/ST/threadx/ports/cortex_m7/gnu/inc/tx_port.h **** /*                                                                        */
  37:Middlewares/ST/threadx/ports/cortex_m7/gnu/inc/tx_port.h **** /*    This file contains data type definitions that make the ThreadX      */
  38:Middlewares/ST/threadx/ports/cortex_m7/gnu/inc/tx_port.h **** /*    real-time kernel function identically on a variety of different     */
  39:Middlewares/ST/threadx/ports/cortex_m7/gnu/inc/tx_port.h **** /*    processor architectures.  For example, the size or number of bits   */
  40:Middlewares/ST/threadx/ports/cortex_m7/gnu/inc/tx_port.h **** /*    in an "int" data type vary between microprocessor architectures and */
  41:Middlewares/ST/threadx/ports/cortex_m7/gnu/inc/tx_port.h **** /*    even C compilers for the same microprocessor.  ThreadX does not     */
  42:Middlewares/ST/threadx/ports/cortex_m7/gnu/inc/tx_port.h **** /*    directly use native C data types.  Instead, ThreadX creates its     */
  43:Middlewares/ST/threadx/ports/cortex_m7/gnu/inc/tx_port.h **** /*    own special types that can be mapped to actual data types by this   */
  44:Middlewares/ST/threadx/ports/cortex_m7/gnu/inc/tx_port.h **** /*    file to guarantee consistency in the interface and functionality.   */
  45:Middlewares/ST/threadx/ports/cortex_m7/gnu/inc/tx_port.h **** /*                                                                        */
  46:Middlewares/ST/threadx/ports/cortex_m7/gnu/inc/tx_port.h **** /*    This file replaces the previous Cortex-M3/M4/M7 files. It unifies   */
  47:Middlewares/ST/threadx/ports/cortex_m7/gnu/inc/tx_port.h **** /*    the ARMv7-M architecture and compilers into one common file.        */
  48:Middlewares/ST/threadx/ports/cortex_m7/gnu/inc/tx_port.h **** /*                                                                        */
  49:Middlewares/ST/threadx/ports/cortex_m7/gnu/inc/tx_port.h **** /*  RELEASE HISTORY                                                       */
  50:Middlewares/ST/threadx/ports/cortex_m7/gnu/inc/tx_port.h **** /*                                                                        */
  51:Middlewares/ST/threadx/ports/cortex_m7/gnu/inc/tx_port.h **** /*    DATE              NAME                      DESCRIPTION             */
  52:Middlewares/ST/threadx/ports/cortex_m7/gnu/inc/tx_port.h **** /*                                                                        */
  53:Middlewares/ST/threadx/ports/cortex_m7/gnu/inc/tx_port.h **** /*  06-02-2021      Scott Larson            Initial Version 6.1.7         */
  54:Middlewares/ST/threadx/ports/cortex_m7/gnu/inc/tx_port.h **** /*  01-31-2022      Scott Larson            Modified comments, updated    */
  55:Middlewares/ST/threadx/ports/cortex_m7/gnu/inc/tx_port.h **** /*                                            typedef to fix misra        */
  56:Middlewares/ST/threadx/ports/cortex_m7/gnu/inc/tx_port.h **** /*                                            violation,                  */
  57:Middlewares/ST/threadx/ports/cortex_m7/gnu/inc/tx_port.h **** /*                                            fixed predefined macro,     */
  58:Middlewares/ST/threadx/ports/cortex_m7/gnu/inc/tx_port.h **** /*                                            resulting in version 6.1.10 */
  59:Middlewares/ST/threadx/ports/cortex_m7/gnu/inc/tx_port.h **** /*                                                                        */
  60:Middlewares/ST/threadx/ports/cortex_m7/gnu/inc/tx_port.h **** /**************************************************************************/
  61:Middlewares/ST/threadx/ports/cortex_m7/gnu/inc/tx_port.h **** 
  62:Middlewares/ST/threadx/ports/cortex_m7/gnu/inc/tx_port.h **** #ifndef TX_PORT_H
  63:Middlewares/ST/threadx/ports/cortex_m7/gnu/inc/tx_port.h **** #define TX_PORT_H
  64:Middlewares/ST/threadx/ports/cortex_m7/gnu/inc/tx_port.h **** 
  65:Middlewares/ST/threadx/ports/cortex_m7/gnu/inc/tx_port.h **** 
  66:Middlewares/ST/threadx/ports/cortex_m7/gnu/inc/tx_port.h **** /* Determine if the optional ThreadX user define file should be used.  */
  67:Middlewares/ST/threadx/ports/cortex_m7/gnu/inc/tx_port.h **** 
  68:Middlewares/ST/threadx/ports/cortex_m7/gnu/inc/tx_port.h **** #ifdef TX_INCLUDE_USER_DEFINE_FILE
  69:Middlewares/ST/threadx/ports/cortex_m7/gnu/inc/tx_port.h **** 
  70:Middlewares/ST/threadx/ports/cortex_m7/gnu/inc/tx_port.h **** /* Yes, include the user defines in tx_user.h. The defines in this file may
  71:Middlewares/ST/threadx/ports/cortex_m7/gnu/inc/tx_port.h ****    alternately be defined on the command line.  */
  72:Middlewares/ST/threadx/ports/cortex_m7/gnu/inc/tx_port.h **** 
  73:Middlewares/ST/threadx/ports/cortex_m7/gnu/inc/tx_port.h **** #include "tx_user.h"
  74:Middlewares/ST/threadx/ports/cortex_m7/gnu/inc/tx_port.h **** #endif
  75:Middlewares/ST/threadx/ports/cortex_m7/gnu/inc/tx_port.h **** 
  76:Middlewares/ST/threadx/ports/cortex_m7/gnu/inc/tx_port.h **** 
  77:Middlewares/ST/threadx/ports/cortex_m7/gnu/inc/tx_port.h **** /* Define compiler library include files.  */
  78:Middlewares/ST/threadx/ports/cortex_m7/gnu/inc/tx_port.h **** 
  79:Middlewares/ST/threadx/ports/cortex_m7/gnu/inc/tx_port.h **** #include <stdlib.h>
  80:Middlewares/ST/threadx/ports/cortex_m7/gnu/inc/tx_port.h **** #include <string.h>
  81:Middlewares/ST/threadx/ports/cortex_m7/gnu/inc/tx_port.h **** 
ARM GAS  /tmp/ccPsWM5l.s 			page 5


  82:Middlewares/ST/threadx/ports/cortex_m7/gnu/inc/tx_port.h **** #ifdef __ICCARM__
  83:Middlewares/ST/threadx/ports/cortex_m7/gnu/inc/tx_port.h **** #include <intrinsics.h>                     /* IAR Intrinsics */
  84:Middlewares/ST/threadx/ports/cortex_m7/gnu/inc/tx_port.h **** #define __asm__ __asm                       /* Define to make all inline asm look similar */
  85:Middlewares/ST/threadx/ports/cortex_m7/gnu/inc/tx_port.h **** #ifdef  TX_ENABLE_IAR_LIBRARY_SUPPORT
  86:Middlewares/ST/threadx/ports/cortex_m7/gnu/inc/tx_port.h **** #include <yvals.h>
  87:Middlewares/ST/threadx/ports/cortex_m7/gnu/inc/tx_port.h **** #endif
  88:Middlewares/ST/threadx/ports/cortex_m7/gnu/inc/tx_port.h **** #endif /* __ICCARM__ */
  89:Middlewares/ST/threadx/ports/cortex_m7/gnu/inc/tx_port.h **** 
  90:Middlewares/ST/threadx/ports/cortex_m7/gnu/inc/tx_port.h **** #ifdef __ghs__
  91:Middlewares/ST/threadx/ports/cortex_m7/gnu/inc/tx_port.h **** #include <arm_ghs.h>
  92:Middlewares/ST/threadx/ports/cortex_m7/gnu/inc/tx_port.h **** #include "tx_ghs.h"
  93:Middlewares/ST/threadx/ports/cortex_m7/gnu/inc/tx_port.h **** #endif  /* __ghs__ */
  94:Middlewares/ST/threadx/ports/cortex_m7/gnu/inc/tx_port.h **** 
  95:Middlewares/ST/threadx/ports/cortex_m7/gnu/inc/tx_port.h **** 
  96:Middlewares/ST/threadx/ports/cortex_m7/gnu/inc/tx_port.h **** #if !defined(__GNUC__) && !defined(__CC_ARM)
  97:Middlewares/ST/threadx/ports/cortex_m7/gnu/inc/tx_port.h **** #define __get_control_value __get_CONTROL
  98:Middlewares/ST/threadx/ports/cortex_m7/gnu/inc/tx_port.h **** #define __set_control_value __set_CONTROL
  99:Middlewares/ST/threadx/ports/cortex_m7/gnu/inc/tx_port.h **** #endif
 100:Middlewares/ST/threadx/ports/cortex_m7/gnu/inc/tx_port.h **** 
 101:Middlewares/ST/threadx/ports/cortex_m7/gnu/inc/tx_port.h **** #ifndef __GNUC__
 102:Middlewares/ST/threadx/ports/cortex_m7/gnu/inc/tx_port.h **** #define __get_ipsr_value __get_IPSR
 103:Middlewares/ST/threadx/ports/cortex_m7/gnu/inc/tx_port.h **** #endif
 104:Middlewares/ST/threadx/ports/cortex_m7/gnu/inc/tx_port.h **** 
 105:Middlewares/ST/threadx/ports/cortex_m7/gnu/inc/tx_port.h **** /* Define ThreadX basic types for this port.  */
 106:Middlewares/ST/threadx/ports/cortex_m7/gnu/inc/tx_port.h **** 
 107:Middlewares/ST/threadx/ports/cortex_m7/gnu/inc/tx_port.h **** #define VOID                                    void
 108:Middlewares/ST/threadx/ports/cortex_m7/gnu/inc/tx_port.h **** typedef char                                    CHAR;
 109:Middlewares/ST/threadx/ports/cortex_m7/gnu/inc/tx_port.h **** typedef unsigned char                           UCHAR;
 110:Middlewares/ST/threadx/ports/cortex_m7/gnu/inc/tx_port.h **** typedef int                                     INT;
 111:Middlewares/ST/threadx/ports/cortex_m7/gnu/inc/tx_port.h **** typedef unsigned int                            UINT;
 112:Middlewares/ST/threadx/ports/cortex_m7/gnu/inc/tx_port.h **** typedef long                                    LONG;
 113:Middlewares/ST/threadx/ports/cortex_m7/gnu/inc/tx_port.h **** typedef unsigned long                           ULONG;
 114:Middlewares/ST/threadx/ports/cortex_m7/gnu/inc/tx_port.h **** typedef unsigned long long                      ULONG64;
 115:Middlewares/ST/threadx/ports/cortex_m7/gnu/inc/tx_port.h **** typedef short                                   SHORT;
 116:Middlewares/ST/threadx/ports/cortex_m7/gnu/inc/tx_port.h **** typedef unsigned short                          USHORT;
 117:Middlewares/ST/threadx/ports/cortex_m7/gnu/inc/tx_port.h **** #define ULONG64_DEFINED
 118:Middlewares/ST/threadx/ports/cortex_m7/gnu/inc/tx_port.h **** 
 119:Middlewares/ST/threadx/ports/cortex_m7/gnu/inc/tx_port.h **** /* Define the priority levels for ThreadX.  Legal values range
 120:Middlewares/ST/threadx/ports/cortex_m7/gnu/inc/tx_port.h ****    from 32 to 1024 and MUST be evenly divisible by 32.  */
 121:Middlewares/ST/threadx/ports/cortex_m7/gnu/inc/tx_port.h **** 
 122:Middlewares/ST/threadx/ports/cortex_m7/gnu/inc/tx_port.h **** #ifndef TX_MAX_PRIORITIES
 123:Middlewares/ST/threadx/ports/cortex_m7/gnu/inc/tx_port.h **** #define TX_MAX_PRIORITIES                       32
 124:Middlewares/ST/threadx/ports/cortex_m7/gnu/inc/tx_port.h **** #endif
 125:Middlewares/ST/threadx/ports/cortex_m7/gnu/inc/tx_port.h **** 
 126:Middlewares/ST/threadx/ports/cortex_m7/gnu/inc/tx_port.h **** 
 127:Middlewares/ST/threadx/ports/cortex_m7/gnu/inc/tx_port.h **** /* Define the minimum stack for a ThreadX thread on this processor. If the size supplied during
 128:Middlewares/ST/threadx/ports/cortex_m7/gnu/inc/tx_port.h ****    thread creation is less than this value, the thread create call will return an error.  */
 129:Middlewares/ST/threadx/ports/cortex_m7/gnu/inc/tx_port.h **** 
 130:Middlewares/ST/threadx/ports/cortex_m7/gnu/inc/tx_port.h **** #ifndef TX_MINIMUM_STACK
 131:Middlewares/ST/threadx/ports/cortex_m7/gnu/inc/tx_port.h **** #define TX_MINIMUM_STACK                        200         /* Minimum stack size for this port  */
 132:Middlewares/ST/threadx/ports/cortex_m7/gnu/inc/tx_port.h **** #endif
 133:Middlewares/ST/threadx/ports/cortex_m7/gnu/inc/tx_port.h **** 
 134:Middlewares/ST/threadx/ports/cortex_m7/gnu/inc/tx_port.h **** 
 135:Middlewares/ST/threadx/ports/cortex_m7/gnu/inc/tx_port.h **** /* Define the system timer thread's default stack size and priority.  These are only applicable
 136:Middlewares/ST/threadx/ports/cortex_m7/gnu/inc/tx_port.h ****    if TX_TIMER_PROCESS_IN_ISR is not defined.  */
 137:Middlewares/ST/threadx/ports/cortex_m7/gnu/inc/tx_port.h **** 
 138:Middlewares/ST/threadx/ports/cortex_m7/gnu/inc/tx_port.h **** #ifndef TX_TIMER_THREAD_STACK_SIZE
ARM GAS  /tmp/ccPsWM5l.s 			page 6


 139:Middlewares/ST/threadx/ports/cortex_m7/gnu/inc/tx_port.h **** #define TX_TIMER_THREAD_STACK_SIZE              1024        /* Default timer thread stack size  */
 140:Middlewares/ST/threadx/ports/cortex_m7/gnu/inc/tx_port.h **** #endif
 141:Middlewares/ST/threadx/ports/cortex_m7/gnu/inc/tx_port.h **** 
 142:Middlewares/ST/threadx/ports/cortex_m7/gnu/inc/tx_port.h **** #ifndef TX_TIMER_THREAD_PRIORITY
 143:Middlewares/ST/threadx/ports/cortex_m7/gnu/inc/tx_port.h **** #define TX_TIMER_THREAD_PRIORITY                0           /* Default timer thread priority    */
 144:Middlewares/ST/threadx/ports/cortex_m7/gnu/inc/tx_port.h **** #endif
 145:Middlewares/ST/threadx/ports/cortex_m7/gnu/inc/tx_port.h **** 
 146:Middlewares/ST/threadx/ports/cortex_m7/gnu/inc/tx_port.h **** 
 147:Middlewares/ST/threadx/ports/cortex_m7/gnu/inc/tx_port.h **** /* Define various constants for the ThreadX Cortex-M port.  */
 148:Middlewares/ST/threadx/ports/cortex_m7/gnu/inc/tx_port.h **** 
 149:Middlewares/ST/threadx/ports/cortex_m7/gnu/inc/tx_port.h **** #define TX_INT_DISABLE                          1           /* Disable interrupts               */
 150:Middlewares/ST/threadx/ports/cortex_m7/gnu/inc/tx_port.h **** #define TX_INT_ENABLE                           0           /* Enable interrupts                */
 151:Middlewares/ST/threadx/ports/cortex_m7/gnu/inc/tx_port.h **** 
 152:Middlewares/ST/threadx/ports/cortex_m7/gnu/inc/tx_port.h **** 
 153:Middlewares/ST/threadx/ports/cortex_m7/gnu/inc/tx_port.h **** /* Define the clock source for trace event entry time stamp. The following two item are port specif
 154:Middlewares/ST/threadx/ports/cortex_m7/gnu/inc/tx_port.h ****    For example, if the time source is at the address 0x0a800024 and is 16-bits in size, the clock
 155:Middlewares/ST/threadx/ports/cortex_m7/gnu/inc/tx_port.h ****    source constants would be:
 156:Middlewares/ST/threadx/ports/cortex_m7/gnu/inc/tx_port.h **** 
 157:Middlewares/ST/threadx/ports/cortex_m7/gnu/inc/tx_port.h **** #define TX_TRACE_TIME_SOURCE                    *((ULONG *) 0x0a800024)
 158:Middlewares/ST/threadx/ports/cortex_m7/gnu/inc/tx_port.h **** #define TX_TRACE_TIME_MASK                      0x0000FFFFUL
 159:Middlewares/ST/threadx/ports/cortex_m7/gnu/inc/tx_port.h **** 
 160:Middlewares/ST/threadx/ports/cortex_m7/gnu/inc/tx_port.h **** */
 161:Middlewares/ST/threadx/ports/cortex_m7/gnu/inc/tx_port.h **** 
 162:Middlewares/ST/threadx/ports/cortex_m7/gnu/inc/tx_port.h **** #ifndef TX_MISRA_ENABLE
 163:Middlewares/ST/threadx/ports/cortex_m7/gnu/inc/tx_port.h **** #ifndef TX_TRACE_TIME_SOURCE
 164:Middlewares/ST/threadx/ports/cortex_m7/gnu/inc/tx_port.h **** #define TX_TRACE_TIME_SOURCE                    *((ULONG *) 0xE0001004)
 165:Middlewares/ST/threadx/ports/cortex_m7/gnu/inc/tx_port.h **** #endif
 166:Middlewares/ST/threadx/ports/cortex_m7/gnu/inc/tx_port.h **** #else
 167:Middlewares/ST/threadx/ports/cortex_m7/gnu/inc/tx_port.h **** ULONG   _tx_misra_time_stamp_get(VOID);
 168:Middlewares/ST/threadx/ports/cortex_m7/gnu/inc/tx_port.h **** #define TX_TRACE_TIME_SOURCE                    _tx_misra_time_stamp_get()
 169:Middlewares/ST/threadx/ports/cortex_m7/gnu/inc/tx_port.h **** #endif
 170:Middlewares/ST/threadx/ports/cortex_m7/gnu/inc/tx_port.h **** 
 171:Middlewares/ST/threadx/ports/cortex_m7/gnu/inc/tx_port.h **** #ifndef TX_TRACE_TIME_MASK
 172:Middlewares/ST/threadx/ports/cortex_m7/gnu/inc/tx_port.h **** #define TX_TRACE_TIME_MASK                      0xFFFFFFFFUL
 173:Middlewares/ST/threadx/ports/cortex_m7/gnu/inc/tx_port.h **** #endif
 174:Middlewares/ST/threadx/ports/cortex_m7/gnu/inc/tx_port.h **** 
 175:Middlewares/ST/threadx/ports/cortex_m7/gnu/inc/tx_port.h **** #ifdef __ghs__
 176:Middlewares/ST/threadx/ports/cortex_m7/gnu/inc/tx_port.h **** /* Define constants for Green Hills EventAnalyzer.  */
 177:Middlewares/ST/threadx/ports/cortex_m7/gnu/inc/tx_port.h **** 
 178:Middlewares/ST/threadx/ports/cortex_m7/gnu/inc/tx_port.h **** /* Define the number of ticks per second. This informs the EventAnalyzer what the timestamps
 179:Middlewares/ST/threadx/ports/cortex_m7/gnu/inc/tx_port.h ****    represent.  By default, this is set to 1,000,000 i.e., one tick every microsecond. */
 180:Middlewares/ST/threadx/ports/cortex_m7/gnu/inc/tx_port.h **** 
 181:Middlewares/ST/threadx/ports/cortex_m7/gnu/inc/tx_port.h **** #define TX_EL_TICKS_PER_SECOND                  1000000
 182:Middlewares/ST/threadx/ports/cortex_m7/gnu/inc/tx_port.h **** 
 183:Middlewares/ST/threadx/ports/cortex_m7/gnu/inc/tx_port.h **** /* Define the method of how to get the upper and lower 32-bits of the time stamp. By default, simpl
 184:Middlewares/ST/threadx/ports/cortex_m7/gnu/inc/tx_port.h ****    simulate the time-stamp source with a counter.  */
 185:Middlewares/ST/threadx/ports/cortex_m7/gnu/inc/tx_port.h **** 
 186:Middlewares/ST/threadx/ports/cortex_m7/gnu/inc/tx_port.h **** #define read_tbu()                              _tx_el_time_base_upper
 187:Middlewares/ST/threadx/ports/cortex_m7/gnu/inc/tx_port.h **** #define read_tbl()                              ++_tx_el_time_base_lower
 188:Middlewares/ST/threadx/ports/cortex_m7/gnu/inc/tx_port.h **** #endif  /* __ghs__ */
 189:Middlewares/ST/threadx/ports/cortex_m7/gnu/inc/tx_port.h **** 
 190:Middlewares/ST/threadx/ports/cortex_m7/gnu/inc/tx_port.h **** /* Define the port specific options for the _tx_build_options variable. This variable indicates
 191:Middlewares/ST/threadx/ports/cortex_m7/gnu/inc/tx_port.h ****    how the ThreadX library was built.  */
 192:Middlewares/ST/threadx/ports/cortex_m7/gnu/inc/tx_port.h **** 
 193:Middlewares/ST/threadx/ports/cortex_m7/gnu/inc/tx_port.h **** #define TX_PORT_SPECIFIC_BUILD_OPTIONS          (0)
 194:Middlewares/ST/threadx/ports/cortex_m7/gnu/inc/tx_port.h **** 
 195:Middlewares/ST/threadx/ports/cortex_m7/gnu/inc/tx_port.h **** 
ARM GAS  /tmp/ccPsWM5l.s 			page 7


 196:Middlewares/ST/threadx/ports/cortex_m7/gnu/inc/tx_port.h **** /* Define the in-line initialization constant so that modules with in-line
 197:Middlewares/ST/threadx/ports/cortex_m7/gnu/inc/tx_port.h ****    initialization capabilities can prevent their initialization from being
 198:Middlewares/ST/threadx/ports/cortex_m7/gnu/inc/tx_port.h ****    a function call.  */
 199:Middlewares/ST/threadx/ports/cortex_m7/gnu/inc/tx_port.h **** 
 200:Middlewares/ST/threadx/ports/cortex_m7/gnu/inc/tx_port.h **** #ifdef TX_MISRA_ENABLE
 201:Middlewares/ST/threadx/ports/cortex_m7/gnu/inc/tx_port.h **** #define TX_DISABLE_INLINE
 202:Middlewares/ST/threadx/ports/cortex_m7/gnu/inc/tx_port.h **** #else
 203:Middlewares/ST/threadx/ports/cortex_m7/gnu/inc/tx_port.h **** #define TX_INLINE_INITIALIZATION
 204:Middlewares/ST/threadx/ports/cortex_m7/gnu/inc/tx_port.h **** #endif
 205:Middlewares/ST/threadx/ports/cortex_m7/gnu/inc/tx_port.h **** 
 206:Middlewares/ST/threadx/ports/cortex_m7/gnu/inc/tx_port.h **** 
 207:Middlewares/ST/threadx/ports/cortex_m7/gnu/inc/tx_port.h **** /* Determine whether or not stack checking is enabled. By default, ThreadX stack checking is
 208:Middlewares/ST/threadx/ports/cortex_m7/gnu/inc/tx_port.h ****    disabled. When the following is defined, ThreadX thread stack checking is enabled.  If stack
 209:Middlewares/ST/threadx/ports/cortex_m7/gnu/inc/tx_port.h ****    checking is enabled (TX_ENABLE_STACK_CHECKING is defined), the TX_DISABLE_STACK_FILLING
 210:Middlewares/ST/threadx/ports/cortex_m7/gnu/inc/tx_port.h ****    define is negated, thereby forcing the stack fill which is necessary for the stack checking
 211:Middlewares/ST/threadx/ports/cortex_m7/gnu/inc/tx_port.h ****    logic.  */
 212:Middlewares/ST/threadx/ports/cortex_m7/gnu/inc/tx_port.h **** 
 213:Middlewares/ST/threadx/ports/cortex_m7/gnu/inc/tx_port.h **** #ifndef TX_MISRA_ENABLE
 214:Middlewares/ST/threadx/ports/cortex_m7/gnu/inc/tx_port.h **** #ifdef TX_ENABLE_STACK_CHECKING
 215:Middlewares/ST/threadx/ports/cortex_m7/gnu/inc/tx_port.h **** #undef TX_DISABLE_STACK_FILLING
 216:Middlewares/ST/threadx/ports/cortex_m7/gnu/inc/tx_port.h **** #endif
 217:Middlewares/ST/threadx/ports/cortex_m7/gnu/inc/tx_port.h **** #endif
 218:Middlewares/ST/threadx/ports/cortex_m7/gnu/inc/tx_port.h **** 
 219:Middlewares/ST/threadx/ports/cortex_m7/gnu/inc/tx_port.h **** 
 220:Middlewares/ST/threadx/ports/cortex_m7/gnu/inc/tx_port.h **** /* Define the TX_THREAD control block extensions for this port. The main reason
 221:Middlewares/ST/threadx/ports/cortex_m7/gnu/inc/tx_port.h ****    for the multiple macros is so that backward compatibility can be maintained with
 222:Middlewares/ST/threadx/ports/cortex_m7/gnu/inc/tx_port.h ****    existing ThreadX kernel awareness modules.  */
 223:Middlewares/ST/threadx/ports/cortex_m7/gnu/inc/tx_port.h **** 
 224:Middlewares/ST/threadx/ports/cortex_m7/gnu/inc/tx_port.h **** #define TX_THREAD_EXTENSION_0
 225:Middlewares/ST/threadx/ports/cortex_m7/gnu/inc/tx_port.h **** #define TX_THREAD_EXTENSION_1
 226:Middlewares/ST/threadx/ports/cortex_m7/gnu/inc/tx_port.h **** #ifdef  TX_ENABLE_IAR_LIBRARY_SUPPORT
 227:Middlewares/ST/threadx/ports/cortex_m7/gnu/inc/tx_port.h **** #define TX_THREAD_EXTENSION_2           VOID    *tx_thread_iar_tls_pointer;
 228:Middlewares/ST/threadx/ports/cortex_m7/gnu/inc/tx_port.h **** #elif defined(__ghs__)
 229:Middlewares/ST/threadx/ports/cortex_m7/gnu/inc/tx_port.h **** #define TX_THREAD_EXTENSION_2           VOID *  tx_thread_eh_globals;                           \
 230:Middlewares/ST/threadx/ports/cortex_m7/gnu/inc/tx_port.h ****                                         int     Errno;             /* errno.  */                \
 231:Middlewares/ST/threadx/ports/cortex_m7/gnu/inc/tx_port.h ****                                         char *  strtok_saved_pos;  /* strtok() position.  */
 232:Middlewares/ST/threadx/ports/cortex_m7/gnu/inc/tx_port.h **** #else
 233:Middlewares/ST/threadx/ports/cortex_m7/gnu/inc/tx_port.h **** #define TX_THREAD_EXTENSION_2
 234:Middlewares/ST/threadx/ports/cortex_m7/gnu/inc/tx_port.h **** #endif
 235:Middlewares/ST/threadx/ports/cortex_m7/gnu/inc/tx_port.h **** 
 236:Middlewares/ST/threadx/ports/cortex_m7/gnu/inc/tx_port.h **** 
 237:Middlewares/ST/threadx/ports/cortex_m7/gnu/inc/tx_port.h **** #define TX_THREAD_EXTENSION_3
 238:Middlewares/ST/threadx/ports/cortex_m7/gnu/inc/tx_port.h **** 
 239:Middlewares/ST/threadx/ports/cortex_m7/gnu/inc/tx_port.h **** 
 240:Middlewares/ST/threadx/ports/cortex_m7/gnu/inc/tx_port.h **** 
 241:Middlewares/ST/threadx/ports/cortex_m7/gnu/inc/tx_port.h **** /* Define the port extensions of the remaining ThreadX objects.  */
 242:Middlewares/ST/threadx/ports/cortex_m7/gnu/inc/tx_port.h **** 
 243:Middlewares/ST/threadx/ports/cortex_m7/gnu/inc/tx_port.h **** #define TX_BLOCK_POOL_EXTENSION
 244:Middlewares/ST/threadx/ports/cortex_m7/gnu/inc/tx_port.h **** #define TX_BYTE_POOL_EXTENSION
 245:Middlewares/ST/threadx/ports/cortex_m7/gnu/inc/tx_port.h **** #define TX_EVENT_FLAGS_GROUP_EXTENSION
 246:Middlewares/ST/threadx/ports/cortex_m7/gnu/inc/tx_port.h **** #define TX_MUTEX_EXTENSION
 247:Middlewares/ST/threadx/ports/cortex_m7/gnu/inc/tx_port.h **** #define TX_QUEUE_EXTENSION
 248:Middlewares/ST/threadx/ports/cortex_m7/gnu/inc/tx_port.h **** #define TX_SEMAPHORE_EXTENSION
 249:Middlewares/ST/threadx/ports/cortex_m7/gnu/inc/tx_port.h **** #define TX_TIMER_EXTENSION
 250:Middlewares/ST/threadx/ports/cortex_m7/gnu/inc/tx_port.h **** 
 251:Middlewares/ST/threadx/ports/cortex_m7/gnu/inc/tx_port.h **** 
 252:Middlewares/ST/threadx/ports/cortex_m7/gnu/inc/tx_port.h **** /* Define the user extension field of the thread control block.  Nothing
ARM GAS  /tmp/ccPsWM5l.s 			page 8


 253:Middlewares/ST/threadx/ports/cortex_m7/gnu/inc/tx_port.h ****    additional is needed for this port so it is defined as white space.  */
 254:Middlewares/ST/threadx/ports/cortex_m7/gnu/inc/tx_port.h **** 
 255:Middlewares/ST/threadx/ports/cortex_m7/gnu/inc/tx_port.h **** #ifndef TX_THREAD_USER_EXTENSION
 256:Middlewares/ST/threadx/ports/cortex_m7/gnu/inc/tx_port.h **** #define TX_THREAD_USER_EXTENSION
 257:Middlewares/ST/threadx/ports/cortex_m7/gnu/inc/tx_port.h **** #endif
 258:Middlewares/ST/threadx/ports/cortex_m7/gnu/inc/tx_port.h **** 
 259:Middlewares/ST/threadx/ports/cortex_m7/gnu/inc/tx_port.h **** 
 260:Middlewares/ST/threadx/ports/cortex_m7/gnu/inc/tx_port.h **** /* Define the macros for processing extensions in tx_thread_create, tx_thread_delete,
 261:Middlewares/ST/threadx/ports/cortex_m7/gnu/inc/tx_port.h ****    tx_thread_shell_entry, and tx_thread_terminate.  */
 262:Middlewares/ST/threadx/ports/cortex_m7/gnu/inc/tx_port.h **** 
 263:Middlewares/ST/threadx/ports/cortex_m7/gnu/inc/tx_port.h **** 
 264:Middlewares/ST/threadx/ports/cortex_m7/gnu/inc/tx_port.h **** #ifdef  TX_ENABLE_IAR_LIBRARY_SUPPORT
 265:Middlewares/ST/threadx/ports/cortex_m7/gnu/inc/tx_port.h **** #if (__VER__ < 8000000)
 266:Middlewares/ST/threadx/ports/cortex_m7/gnu/inc/tx_port.h **** #define TX_THREAD_CREATE_EXTENSION(thread_ptr)                      thread_ptr -> tx_thread_iar_tls
 267:Middlewares/ST/threadx/ports/cortex_m7/gnu/inc/tx_port.h **** #define TX_THREAD_DELETE_EXTENSION(thread_ptr)                      __iar_dlib_perthread_deallocate
 268:Middlewares/ST/threadx/ports/cortex_m7/gnu/inc/tx_port.h ****                                                                     thread_ptr -> tx_thread_iar_tls
 269:Middlewares/ST/threadx/ports/cortex_m7/gnu/inc/tx_port.h **** #define TX_PORT_SPECIFIC_PRE_SCHEDULER_INITIALIZATION               __iar_dlib_perthread_access(0);
 270:Middlewares/ST/threadx/ports/cortex_m7/gnu/inc/tx_port.h **** #else
 271:Middlewares/ST/threadx/ports/cortex_m7/gnu/inc/tx_port.h **** void    *_tx_iar_create_per_thread_tls_area(void);
 272:Middlewares/ST/threadx/ports/cortex_m7/gnu/inc/tx_port.h **** void    _tx_iar_destroy_per_thread_tls_area(void *tls_ptr);
 273:Middlewares/ST/threadx/ports/cortex_m7/gnu/inc/tx_port.h **** void    __iar_Initlocks(void);
 274:Middlewares/ST/threadx/ports/cortex_m7/gnu/inc/tx_port.h **** 
 275:Middlewares/ST/threadx/ports/cortex_m7/gnu/inc/tx_port.h **** #define TX_THREAD_CREATE_EXTENSION(thread_ptr)                      thread_ptr -> tx_thread_iar_tls
 276:Middlewares/ST/threadx/ports/cortex_m7/gnu/inc/tx_port.h **** #define TX_THREAD_DELETE_EXTENSION(thread_ptr)                      do {_tx_iar_destroy_per_thread_
 277:Middlewares/ST/threadx/ports/cortex_m7/gnu/inc/tx_port.h ****                                                                         thread_ptr -> tx_thread_iar
 278:Middlewares/ST/threadx/ports/cortex_m7/gnu/inc/tx_port.h **** #define TX_PORT_SPECIFIC_PRE_SCHEDULER_INITIALIZATION               do {__iar_Initlocks();} while(0
 279:Middlewares/ST/threadx/ports/cortex_m7/gnu/inc/tx_port.h **** #endif
 280:Middlewares/ST/threadx/ports/cortex_m7/gnu/inc/tx_port.h **** #else
 281:Middlewares/ST/threadx/ports/cortex_m7/gnu/inc/tx_port.h **** #define TX_THREAD_CREATE_EXTENSION(thread_ptr)
 282:Middlewares/ST/threadx/ports/cortex_m7/gnu/inc/tx_port.h **** #define TX_THREAD_DELETE_EXTENSION(thread_ptr)
 283:Middlewares/ST/threadx/ports/cortex_m7/gnu/inc/tx_port.h **** #endif
 284:Middlewares/ST/threadx/ports/cortex_m7/gnu/inc/tx_port.h **** 
 285:Middlewares/ST/threadx/ports/cortex_m7/gnu/inc/tx_port.h **** #if defined(__ARMVFP__) || defined(__ARM_PCS_VFP) || defined(__ARM_FP) || defined(__TARGET_FPU_VFP)
 286:Middlewares/ST/threadx/ports/cortex_m7/gnu/inc/tx_port.h **** 
 287:Middlewares/ST/threadx/ports/cortex_m7/gnu/inc/tx_port.h **** #ifdef TX_MISRA_ENABLE
 288:Middlewares/ST/threadx/ports/cortex_m7/gnu/inc/tx_port.h **** 
 289:Middlewares/ST/threadx/ports/cortex_m7/gnu/inc/tx_port.h **** ULONG  _tx_misra_control_get(void);
 290:Middlewares/ST/threadx/ports/cortex_m7/gnu/inc/tx_port.h **** void   _tx_misra_control_set(ULONG value);
 291:Middlewares/ST/threadx/ports/cortex_m7/gnu/inc/tx_port.h **** ULONG  _tx_misra_fpccr_get(void);
 292:Middlewares/ST/threadx/ports/cortex_m7/gnu/inc/tx_port.h **** void   _tx_misra_vfp_touch(void);
 293:Middlewares/ST/threadx/ports/cortex_m7/gnu/inc/tx_port.h **** 
 294:Middlewares/ST/threadx/ports/cortex_m7/gnu/inc/tx_port.h **** #else   /* TX_MISRA_ENABLE not defined */
 295:Middlewares/ST/threadx/ports/cortex_m7/gnu/inc/tx_port.h **** 
 296:Middlewares/ST/threadx/ports/cortex_m7/gnu/inc/tx_port.h **** /* Define some helper functions (these are intrinsics in some compilers). */
 297:Middlewares/ST/threadx/ports/cortex_m7/gnu/inc/tx_port.h **** #ifdef __GNUC__ /* GCC and ARM Compiler 6 */
 298:Middlewares/ST/threadx/ports/cortex_m7/gnu/inc/tx_port.h **** 
 299:Middlewares/ST/threadx/ports/cortex_m7/gnu/inc/tx_port.h **** __attribute__( ( always_inline ) ) static inline ULONG __get_control_value(void)
 300:Middlewares/ST/threadx/ports/cortex_m7/gnu/inc/tx_port.h **** {
 301:Middlewares/ST/threadx/ports/cortex_m7/gnu/inc/tx_port.h **** ULONG  control_value;
 302:Middlewares/ST/threadx/ports/cortex_m7/gnu/inc/tx_port.h **** 
 303:Middlewares/ST/threadx/ports/cortex_m7/gnu/inc/tx_port.h ****     __asm__ volatile (" MRS  %0,CONTROL ": "=r" (control_value) );
 304:Middlewares/ST/threadx/ports/cortex_m7/gnu/inc/tx_port.h ****     return(control_value);
 305:Middlewares/ST/threadx/ports/cortex_m7/gnu/inc/tx_port.h **** }
 306:Middlewares/ST/threadx/ports/cortex_m7/gnu/inc/tx_port.h **** 
 307:Middlewares/ST/threadx/ports/cortex_m7/gnu/inc/tx_port.h **** __attribute__( ( always_inline ) ) static inline void __set_control_value(ULONG control_value)
 308:Middlewares/ST/threadx/ports/cortex_m7/gnu/inc/tx_port.h **** {
 309:Middlewares/ST/threadx/ports/cortex_m7/gnu/inc/tx_port.h ****     __asm__ volatile (" MSR  CONTROL,%0": : "r" (control_value): "memory" );
ARM GAS  /tmp/ccPsWM5l.s 			page 9


 310:Middlewares/ST/threadx/ports/cortex_m7/gnu/inc/tx_port.h **** }
 311:Middlewares/ST/threadx/ports/cortex_m7/gnu/inc/tx_port.h **** 
 312:Middlewares/ST/threadx/ports/cortex_m7/gnu/inc/tx_port.h **** #define TX_VFP_TOUCH()  __asm__ volatile ("VMOV.F32 s0, s0");
 313:Middlewares/ST/threadx/ports/cortex_m7/gnu/inc/tx_port.h **** 
 314:Middlewares/ST/threadx/ports/cortex_m7/gnu/inc/tx_port.h **** #elif defined(__CC_ARM) /* ARM Compiler 5 */
 315:Middlewares/ST/threadx/ports/cortex_m7/gnu/inc/tx_port.h **** 
 316:Middlewares/ST/threadx/ports/cortex_m7/gnu/inc/tx_port.h **** __attribute__( ( always_inline ) ) ULONG __get_control_value(void)
 317:Middlewares/ST/threadx/ports/cortex_m7/gnu/inc/tx_port.h **** {
 318:Middlewares/ST/threadx/ports/cortex_m7/gnu/inc/tx_port.h **** ULONG  control_value;
 319:Middlewares/ST/threadx/ports/cortex_m7/gnu/inc/tx_port.h **** 
 320:Middlewares/ST/threadx/ports/cortex_m7/gnu/inc/tx_port.h ****     __asm volatile ("MRS control_value,CONTROL");
 321:Middlewares/ST/threadx/ports/cortex_m7/gnu/inc/tx_port.h ****     return(control_value);
 322:Middlewares/ST/threadx/ports/cortex_m7/gnu/inc/tx_port.h **** }
 323:Middlewares/ST/threadx/ports/cortex_m7/gnu/inc/tx_port.h **** 
 324:Middlewares/ST/threadx/ports/cortex_m7/gnu/inc/tx_port.h **** __attribute__( ( always_inline ) ) void __set_control_value(ULONG control_value)
 325:Middlewares/ST/threadx/ports/cortex_m7/gnu/inc/tx_port.h **** {
 326:Middlewares/ST/threadx/ports/cortex_m7/gnu/inc/tx_port.h ****     __asm__ volatile ("MSR CONTROL,control_value");
 327:Middlewares/ST/threadx/ports/cortex_m7/gnu/inc/tx_port.h **** }
 328:Middlewares/ST/threadx/ports/cortex_m7/gnu/inc/tx_port.h **** /* Can't access VFP registers with inline asm, so define this in tx_thread_schedule.  */
 329:Middlewares/ST/threadx/ports/cortex_m7/gnu/inc/tx_port.h **** void _tx_vfp_access(void);
 330:Middlewares/ST/threadx/ports/cortex_m7/gnu/inc/tx_port.h **** #define TX_VFP_TOUCH()  _tx_vfp_access();
 331:Middlewares/ST/threadx/ports/cortex_m7/gnu/inc/tx_port.h **** 
 332:Middlewares/ST/threadx/ports/cortex_m7/gnu/inc/tx_port.h **** #elif defined(__ICCARM__)  /* IAR */
 333:Middlewares/ST/threadx/ports/cortex_m7/gnu/inc/tx_port.h **** #define TX_VFP_TOUCH()  __asm__ volatile ("VMOV.F32 s0, s0");
 334:Middlewares/ST/threadx/ports/cortex_m7/gnu/inc/tx_port.h **** #endif  /* Helper functions for different compilers */
 335:Middlewares/ST/threadx/ports/cortex_m7/gnu/inc/tx_port.h **** 
 336:Middlewares/ST/threadx/ports/cortex_m7/gnu/inc/tx_port.h **** #endif  /* TX_MISRA_ENABLE */
 337:Middlewares/ST/threadx/ports/cortex_m7/gnu/inc/tx_port.h **** 
 338:Middlewares/ST/threadx/ports/cortex_m7/gnu/inc/tx_port.h **** 
 339:Middlewares/ST/threadx/ports/cortex_m7/gnu/inc/tx_port.h **** /* A completed thread falls into _thread_shell_entry and we can simply deactivate the FPU via CONTR
 340:Middlewares/ST/threadx/ports/cortex_m7/gnu/inc/tx_port.h ****    in order to ensure no lazy stacking will occur. */
 341:Middlewares/ST/threadx/ports/cortex_m7/gnu/inc/tx_port.h **** 
 342:Middlewares/ST/threadx/ports/cortex_m7/gnu/inc/tx_port.h **** #ifndef TX_MISRA_ENABLE
 343:Middlewares/ST/threadx/ports/cortex_m7/gnu/inc/tx_port.h **** 
 344:Middlewares/ST/threadx/ports/cortex_m7/gnu/inc/tx_port.h **** #define TX_THREAD_COMPLETED_EXTENSION(thread_ptr)   {                                              
 345:Middlewares/ST/threadx/ports/cortex_m7/gnu/inc/tx_port.h ****                                                     ULONG  _tx_vfp_state;                          
 346:Middlewares/ST/threadx/ports/cortex_m7/gnu/inc/tx_port.h ****                                                         _tx_vfp_state =  __get_control_value();    
 347:Middlewares/ST/threadx/ports/cortex_m7/gnu/inc/tx_port.h ****                                                         _tx_vfp_state =  _tx_vfp_state & ~((ULONG) 
 348:Middlewares/ST/threadx/ports/cortex_m7/gnu/inc/tx_port.h ****                                                         __set_control_value(_tx_vfp_state);        
 349:Middlewares/ST/threadx/ports/cortex_m7/gnu/inc/tx_port.h ****                                                     }
 350:Middlewares/ST/threadx/ports/cortex_m7/gnu/inc/tx_port.h **** #else
 351:Middlewares/ST/threadx/ports/cortex_m7/gnu/inc/tx_port.h **** 
 352:Middlewares/ST/threadx/ports/cortex_m7/gnu/inc/tx_port.h **** #define TX_THREAD_COMPLETED_EXTENSION(thread_ptr)   {                                              
 353:Middlewares/ST/threadx/ports/cortex_m7/gnu/inc/tx_port.h ****                                                     ULONG  _tx_vfp_state;                          
 354:Middlewares/ST/threadx/ports/cortex_m7/gnu/inc/tx_port.h ****                                                         _tx_vfp_state =  _tx_misra_control_get();  
 355:Middlewares/ST/threadx/ports/cortex_m7/gnu/inc/tx_port.h ****                                                         _tx_vfp_state =  _tx_vfp_state & ~((ULONG) 
 356:Middlewares/ST/threadx/ports/cortex_m7/gnu/inc/tx_port.h ****                                                         _tx_misra_control_set(_tx_vfp_state);      
 357:Middlewares/ST/threadx/ports/cortex_m7/gnu/inc/tx_port.h ****                                                     }
 358:Middlewares/ST/threadx/ports/cortex_m7/gnu/inc/tx_port.h **** 
 359:Middlewares/ST/threadx/ports/cortex_m7/gnu/inc/tx_port.h **** #endif
 360:Middlewares/ST/threadx/ports/cortex_m7/gnu/inc/tx_port.h **** 
 361:Middlewares/ST/threadx/ports/cortex_m7/gnu/inc/tx_port.h **** /* A thread can be terminated by another thread, so we first check if it's self-terminating and not
 362:Middlewares/ST/threadx/ports/cortex_m7/gnu/inc/tx_port.h ****    If so, deactivate the FPU via CONTROL.FPCA. Otherwise we are in an interrupt or another thread i
 363:Middlewares/ST/threadx/ports/cortex_m7/gnu/inc/tx_port.h ****    this one, so if the FPCCR.LSPACT bit is set, we need to save the CONTROL.FPCA state, touch the F
 364:Middlewares/ST/threadx/ports/cortex_m7/gnu/inc/tx_port.h ****    the lazy FPU save, then restore the CONTROL.FPCA state. */
 365:Middlewares/ST/threadx/ports/cortex_m7/gnu/inc/tx_port.h **** 
 366:Middlewares/ST/threadx/ports/cortex_m7/gnu/inc/tx_port.h **** #ifndef TX_MISRA_ENABLE
ARM GAS  /tmp/ccPsWM5l.s 			page 10


 367:Middlewares/ST/threadx/ports/cortex_m7/gnu/inc/tx_port.h **** 
 368:Middlewares/ST/threadx/ports/cortex_m7/gnu/inc/tx_port.h **** #define TX_THREAD_TERMINATED_EXTENSION(thread_ptr)  {                                              
 369:Middlewares/ST/threadx/ports/cortex_m7/gnu/inc/tx_port.h ****                                                     ULONG  _tx_system_state;                       
 370:Middlewares/ST/threadx/ports/cortex_m7/gnu/inc/tx_port.h ****                                                         _tx_system_state =  TX_THREAD_GET_SYSTEM_ST
 371:Middlewares/ST/threadx/ports/cortex_m7/gnu/inc/tx_port.h ****                                                         if ((_tx_system_state == ((ULONG) 0)) && ((
 372:Middlewares/ST/threadx/ports/cortex_m7/gnu/inc/tx_port.h ****                                                         {                                          
 373:Middlewares/ST/threadx/ports/cortex_m7/gnu/inc/tx_port.h ****                                                         ULONG  _tx_vfp_state;                      
 374:Middlewares/ST/threadx/ports/cortex_m7/gnu/inc/tx_port.h ****                                                             _tx_vfp_state =  __get_control_value();
 375:Middlewares/ST/threadx/ports/cortex_m7/gnu/inc/tx_port.h ****                                                             _tx_vfp_state =  _tx_vfp_state & ~((ULO
 376:Middlewares/ST/threadx/ports/cortex_m7/gnu/inc/tx_port.h ****                                                             __set_control_value(_tx_vfp_state);    
 377:Middlewares/ST/threadx/ports/cortex_m7/gnu/inc/tx_port.h ****                                                         }                                          
 378:Middlewares/ST/threadx/ports/cortex_m7/gnu/inc/tx_port.h ****                                                         else                                       
 379:Middlewares/ST/threadx/ports/cortex_m7/gnu/inc/tx_port.h ****                                                         {                                          
 380:Middlewares/ST/threadx/ports/cortex_m7/gnu/inc/tx_port.h ****                                                         ULONG  _tx_fpccr;                          
 381:Middlewares/ST/threadx/ports/cortex_m7/gnu/inc/tx_port.h ****                                                             _tx_fpccr =  *((ULONG *) 0xE000EF34);  
 382:Middlewares/ST/threadx/ports/cortex_m7/gnu/inc/tx_port.h ****                                                             _tx_fpccr =  _tx_fpccr & ((ULONG) 0x01)
 383:Middlewares/ST/threadx/ports/cortex_m7/gnu/inc/tx_port.h ****                                                             if (_tx_fpccr == ((ULONG) 0x01))       
 384:Middlewares/ST/threadx/ports/cortex_m7/gnu/inc/tx_port.h ****                                                             {                                      
 385:Middlewares/ST/threadx/ports/cortex_m7/gnu/inc/tx_port.h ****                                                             ULONG _tx_vfp_state;                   
 386:Middlewares/ST/threadx/ports/cortex_m7/gnu/inc/tx_port.h ****                                                                 _tx_vfp_state = __get_control_value
 387:Middlewares/ST/threadx/ports/cortex_m7/gnu/inc/tx_port.h ****                                                                 _tx_vfp_state =  _tx_vfp_state & ((
 388:Middlewares/ST/threadx/ports/cortex_m7/gnu/inc/tx_port.h ****                                                                 TX_VFP_TOUCH();                    
 389:Middlewares/ST/threadx/ports/cortex_m7/gnu/inc/tx_port.h ****                                                                 if (_tx_vfp_state == ((ULONG) 0))  
 390:Middlewares/ST/threadx/ports/cortex_m7/gnu/inc/tx_port.h ****                                                                 {                                  
 391:Middlewares/ST/threadx/ports/cortex_m7/gnu/inc/tx_port.h ****                                                                     _tx_vfp_state =  __get_control_
 392:Middlewares/ST/threadx/ports/cortex_m7/gnu/inc/tx_port.h ****                                                                     _tx_vfp_state =  _tx_vfp_state 
 393:Middlewares/ST/threadx/ports/cortex_m7/gnu/inc/tx_port.h ****                                                                     __set_control_value(_tx_vfp_sta
 394:Middlewares/ST/threadx/ports/cortex_m7/gnu/inc/tx_port.h ****                                                                 }                                  
 395:Middlewares/ST/threadx/ports/cortex_m7/gnu/inc/tx_port.h ****                                                             }                                      
 396:Middlewares/ST/threadx/ports/cortex_m7/gnu/inc/tx_port.h ****                                                         }                                          
 397:Middlewares/ST/threadx/ports/cortex_m7/gnu/inc/tx_port.h ****                                                     }
 398:Middlewares/ST/threadx/ports/cortex_m7/gnu/inc/tx_port.h **** #else
 399:Middlewares/ST/threadx/ports/cortex_m7/gnu/inc/tx_port.h **** 
 400:Middlewares/ST/threadx/ports/cortex_m7/gnu/inc/tx_port.h **** #define TX_THREAD_TERMINATED_EXTENSION(thread_ptr)  {                                              
 401:Middlewares/ST/threadx/ports/cortex_m7/gnu/inc/tx_port.h ****                                                     ULONG  _tx_system_state;                       
 402:Middlewares/ST/threadx/ports/cortex_m7/gnu/inc/tx_port.h ****                                                         _tx_system_state =  TX_THREAD_GET_SYSTEM_ST
 403:Middlewares/ST/threadx/ports/cortex_m7/gnu/inc/tx_port.h ****                                                         if ((_tx_system_state == ((ULONG) 0)) && ((
 404:Middlewares/ST/threadx/ports/cortex_m7/gnu/inc/tx_port.h ****                                                         {                                          
 405:Middlewares/ST/threadx/ports/cortex_m7/gnu/inc/tx_port.h ****                                                         ULONG  _tx_vfp_state;                      
 406:Middlewares/ST/threadx/ports/cortex_m7/gnu/inc/tx_port.h ****                                                             _tx_vfp_state =  _tx_misra_control_get(
 407:Middlewares/ST/threadx/ports/cortex_m7/gnu/inc/tx_port.h ****                                                             _tx_vfp_state =  _tx_vfp_state & ~((ULO
 408:Middlewares/ST/threadx/ports/cortex_m7/gnu/inc/tx_port.h ****                                                             _tx_misra_control_set(_tx_vfp_state);  
 409:Middlewares/ST/threadx/ports/cortex_m7/gnu/inc/tx_port.h ****                                                         }                                          
 410:Middlewares/ST/threadx/ports/cortex_m7/gnu/inc/tx_port.h ****                                                         else                                       
 411:Middlewares/ST/threadx/ports/cortex_m7/gnu/inc/tx_port.h ****                                                         {                                          
 412:Middlewares/ST/threadx/ports/cortex_m7/gnu/inc/tx_port.h ****                                                         ULONG  _tx_fpccr;                          
 413:Middlewares/ST/threadx/ports/cortex_m7/gnu/inc/tx_port.h ****                                                             _tx_fpccr =  _tx_misra_fpccr_get();    
 414:Middlewares/ST/threadx/ports/cortex_m7/gnu/inc/tx_port.h ****                                                             _tx_fpccr =  _tx_fpccr & ((ULONG) 0x01)
 415:Middlewares/ST/threadx/ports/cortex_m7/gnu/inc/tx_port.h ****                                                             if (_tx_fpccr == ((ULONG) 0x01))       
 416:Middlewares/ST/threadx/ports/cortex_m7/gnu/inc/tx_port.h ****                                                             {                                      
 417:Middlewares/ST/threadx/ports/cortex_m7/gnu/inc/tx_port.h ****                                                             ULONG _tx_vfp_state;                   
 418:Middlewares/ST/threadx/ports/cortex_m7/gnu/inc/tx_port.h ****                                                                 _tx_vfp_state = _tx_misra_control_g
 419:Middlewares/ST/threadx/ports/cortex_m7/gnu/inc/tx_port.h ****                                                                 _tx_vfp_state =  _tx_vfp_state & ((
 420:Middlewares/ST/threadx/ports/cortex_m7/gnu/inc/tx_port.h ****                                                                 _tx_misra_vfp_touch();             
 421:Middlewares/ST/threadx/ports/cortex_m7/gnu/inc/tx_port.h ****                                                                 if (_tx_vfp_state == ((ULONG) 0))  
 422:Middlewares/ST/threadx/ports/cortex_m7/gnu/inc/tx_port.h ****                                                                 {                                  
 423:Middlewares/ST/threadx/ports/cortex_m7/gnu/inc/tx_port.h ****                                                                     _tx_vfp_state =  _tx_misra_cont
ARM GAS  /tmp/ccPsWM5l.s 			page 11


 424:Middlewares/ST/threadx/ports/cortex_m7/gnu/inc/tx_port.h ****                                                                     _tx_vfp_state =  _tx_vfp_state 
 425:Middlewares/ST/threadx/ports/cortex_m7/gnu/inc/tx_port.h ****                                                                     _tx_misra_control_set(_tx_vfp_s
 426:Middlewares/ST/threadx/ports/cortex_m7/gnu/inc/tx_port.h ****                                                                 }                                  
 427:Middlewares/ST/threadx/ports/cortex_m7/gnu/inc/tx_port.h ****                                                             }                                      
 428:Middlewares/ST/threadx/ports/cortex_m7/gnu/inc/tx_port.h ****                                                         }                                          
 429:Middlewares/ST/threadx/ports/cortex_m7/gnu/inc/tx_port.h ****                                                     }
 430:Middlewares/ST/threadx/ports/cortex_m7/gnu/inc/tx_port.h **** #endif
 431:Middlewares/ST/threadx/ports/cortex_m7/gnu/inc/tx_port.h **** 
 432:Middlewares/ST/threadx/ports/cortex_m7/gnu/inc/tx_port.h **** #else   /* No VFP in use */
 433:Middlewares/ST/threadx/ports/cortex_m7/gnu/inc/tx_port.h **** 
 434:Middlewares/ST/threadx/ports/cortex_m7/gnu/inc/tx_port.h **** #define TX_THREAD_COMPLETED_EXTENSION(thread_ptr)
 435:Middlewares/ST/threadx/ports/cortex_m7/gnu/inc/tx_port.h **** #define TX_THREAD_TERMINATED_EXTENSION(thread_ptr)
 436:Middlewares/ST/threadx/ports/cortex_m7/gnu/inc/tx_port.h **** 
 437:Middlewares/ST/threadx/ports/cortex_m7/gnu/inc/tx_port.h **** #endif  /* defined(__ARMVFP__) || defined(__ARM_PCS_VFP) || defined(__ARM_FP) || defined(__TARGET_F
 438:Middlewares/ST/threadx/ports/cortex_m7/gnu/inc/tx_port.h **** 
 439:Middlewares/ST/threadx/ports/cortex_m7/gnu/inc/tx_port.h **** 
 440:Middlewares/ST/threadx/ports/cortex_m7/gnu/inc/tx_port.h **** /* Define the ThreadX object creation extensions for the remaining objects.  */
 441:Middlewares/ST/threadx/ports/cortex_m7/gnu/inc/tx_port.h **** 
 442:Middlewares/ST/threadx/ports/cortex_m7/gnu/inc/tx_port.h **** #define TX_BLOCK_POOL_CREATE_EXTENSION(pool_ptr)
 443:Middlewares/ST/threadx/ports/cortex_m7/gnu/inc/tx_port.h **** #define TX_BYTE_POOL_CREATE_EXTENSION(pool_ptr)
 444:Middlewares/ST/threadx/ports/cortex_m7/gnu/inc/tx_port.h **** #define TX_EVENT_FLAGS_GROUP_CREATE_EXTENSION(group_ptr)
 445:Middlewares/ST/threadx/ports/cortex_m7/gnu/inc/tx_port.h **** #define TX_MUTEX_CREATE_EXTENSION(mutex_ptr)
 446:Middlewares/ST/threadx/ports/cortex_m7/gnu/inc/tx_port.h **** #define TX_QUEUE_CREATE_EXTENSION(queue_ptr)
 447:Middlewares/ST/threadx/ports/cortex_m7/gnu/inc/tx_port.h **** #define TX_SEMAPHORE_CREATE_EXTENSION(semaphore_ptr)
 448:Middlewares/ST/threadx/ports/cortex_m7/gnu/inc/tx_port.h **** #define TX_TIMER_CREATE_EXTENSION(timer_ptr)
 449:Middlewares/ST/threadx/ports/cortex_m7/gnu/inc/tx_port.h **** 
 450:Middlewares/ST/threadx/ports/cortex_m7/gnu/inc/tx_port.h **** 
 451:Middlewares/ST/threadx/ports/cortex_m7/gnu/inc/tx_port.h **** /* Define the ThreadX object deletion extensions for the remaining objects.  */
 452:Middlewares/ST/threadx/ports/cortex_m7/gnu/inc/tx_port.h **** 
 453:Middlewares/ST/threadx/ports/cortex_m7/gnu/inc/tx_port.h **** #define TX_BLOCK_POOL_DELETE_EXTENSION(pool_ptr)
 454:Middlewares/ST/threadx/ports/cortex_m7/gnu/inc/tx_port.h **** #define TX_BYTE_POOL_DELETE_EXTENSION(pool_ptr)
 455:Middlewares/ST/threadx/ports/cortex_m7/gnu/inc/tx_port.h **** #define TX_EVENT_FLAGS_GROUP_DELETE_EXTENSION(group_ptr)
 456:Middlewares/ST/threadx/ports/cortex_m7/gnu/inc/tx_port.h **** #define TX_MUTEX_DELETE_EXTENSION(mutex_ptr)
 457:Middlewares/ST/threadx/ports/cortex_m7/gnu/inc/tx_port.h **** #define TX_QUEUE_DELETE_EXTENSION(queue_ptr)
 458:Middlewares/ST/threadx/ports/cortex_m7/gnu/inc/tx_port.h **** #define TX_SEMAPHORE_DELETE_EXTENSION(semaphore_ptr)
 459:Middlewares/ST/threadx/ports/cortex_m7/gnu/inc/tx_port.h **** #define TX_TIMER_DELETE_EXTENSION(timer_ptr)
 460:Middlewares/ST/threadx/ports/cortex_m7/gnu/inc/tx_port.h **** 
 461:Middlewares/ST/threadx/ports/cortex_m7/gnu/inc/tx_port.h **** 
 462:Middlewares/ST/threadx/ports/cortex_m7/gnu/inc/tx_port.h **** /* Define the get system state macro.  */
 463:Middlewares/ST/threadx/ports/cortex_m7/gnu/inc/tx_port.h **** 
 464:Middlewares/ST/threadx/ports/cortex_m7/gnu/inc/tx_port.h **** #ifndef TX_THREAD_GET_SYSTEM_STATE
 465:Middlewares/ST/threadx/ports/cortex_m7/gnu/inc/tx_port.h **** #ifndef TX_MISRA_ENABLE
 466:Middlewares/ST/threadx/ports/cortex_m7/gnu/inc/tx_port.h **** 
 467:Middlewares/ST/threadx/ports/cortex_m7/gnu/inc/tx_port.h **** #ifdef __CC_ARM /* ARM Compiler 5 */
 468:Middlewares/ST/threadx/ports/cortex_m7/gnu/inc/tx_port.h **** 
 469:Middlewares/ST/threadx/ports/cortex_m7/gnu/inc/tx_port.h **** register unsigned int _ipsr __asm("ipsr");
 470:Middlewares/ST/threadx/ports/cortex_m7/gnu/inc/tx_port.h **** #define TX_THREAD_GET_SYSTEM_STATE()        (_tx_thread_system_state | _ipsr)
 471:Middlewares/ST/threadx/ports/cortex_m7/gnu/inc/tx_port.h **** 
 472:Middlewares/ST/threadx/ports/cortex_m7/gnu/inc/tx_port.h **** #elif defined(__GNUC__) /* GCC and ARM Compiler 6 */
 473:Middlewares/ST/threadx/ports/cortex_m7/gnu/inc/tx_port.h **** 
 474:Middlewares/ST/threadx/ports/cortex_m7/gnu/inc/tx_port.h **** __attribute__( ( always_inline ) ) static inline unsigned int __get_ipsr_value(void)
 475:Middlewares/ST/threadx/ports/cortex_m7/gnu/inc/tx_port.h **** {
 476:Middlewares/ST/threadx/ports/cortex_m7/gnu/inc/tx_port.h **** unsigned int  ipsr_value;
 477:Middlewares/ST/threadx/ports/cortex_m7/gnu/inc/tx_port.h ****     __asm__ volatile (" MRS  %0,IPSR ": "=r" (ipsr_value) );
 478:Middlewares/ST/threadx/ports/cortex_m7/gnu/inc/tx_port.h ****     return(ipsr_value);
 479:Middlewares/ST/threadx/ports/cortex_m7/gnu/inc/tx_port.h **** }
 480:Middlewares/ST/threadx/ports/cortex_m7/gnu/inc/tx_port.h **** 
ARM GAS  /tmp/ccPsWM5l.s 			page 12


 481:Middlewares/ST/threadx/ports/cortex_m7/gnu/inc/tx_port.h **** #define TX_THREAD_GET_SYSTEM_STATE()        (_tx_thread_system_state | __get_ipsr_value())
 482:Middlewares/ST/threadx/ports/cortex_m7/gnu/inc/tx_port.h **** 
 483:Middlewares/ST/threadx/ports/cortex_m7/gnu/inc/tx_port.h **** #elif defined(__ICCARM__)   /* IAR */
 484:Middlewares/ST/threadx/ports/cortex_m7/gnu/inc/tx_port.h **** 
 485:Middlewares/ST/threadx/ports/cortex_m7/gnu/inc/tx_port.h **** #define TX_THREAD_GET_SYSTEM_STATE()        (_tx_thread_system_state | __get_IPSR())
 486:Middlewares/ST/threadx/ports/cortex_m7/gnu/inc/tx_port.h **** 
 487:Middlewares/ST/threadx/ports/cortex_m7/gnu/inc/tx_port.h **** #endif  /* TX_THREAD_GET_SYSTEM_STATE for different compilers */
 488:Middlewares/ST/threadx/ports/cortex_m7/gnu/inc/tx_port.h **** 
 489:Middlewares/ST/threadx/ports/cortex_m7/gnu/inc/tx_port.h **** #else   /* TX_MISRA_ENABLE is defined, use MISRA function. */
 490:Middlewares/ST/threadx/ports/cortex_m7/gnu/inc/tx_port.h **** ULONG   _tx_misra_ipsr_get(VOID);
 491:Middlewares/ST/threadx/ports/cortex_m7/gnu/inc/tx_port.h **** #define TX_THREAD_GET_SYSTEM_STATE()        (_tx_thread_system_state | _tx_misra_ipsr_get())
 492:Middlewares/ST/threadx/ports/cortex_m7/gnu/inc/tx_port.h **** #endif  /* TX_MISRA_ENABLE */
 493:Middlewares/ST/threadx/ports/cortex_m7/gnu/inc/tx_port.h **** #endif  /* TX_THREAD_GET_SYSTEM_STATE */
 494:Middlewares/ST/threadx/ports/cortex_m7/gnu/inc/tx_port.h **** 
 495:Middlewares/ST/threadx/ports/cortex_m7/gnu/inc/tx_port.h **** 
 496:Middlewares/ST/threadx/ports/cortex_m7/gnu/inc/tx_port.h **** /* Define the check for whether or not to call the _tx_thread_system_return function.  A non-zero v
 497:Middlewares/ST/threadx/ports/cortex_m7/gnu/inc/tx_port.h ****    indicates that _tx_thread_system_return should not be called. This overrides the definition in t
 498:Middlewares/ST/threadx/ports/cortex_m7/gnu/inc/tx_port.h ****    for Cortex-M since so we don't waste time checking the _tx_thread_system_state variable that is 
 499:Middlewares/ST/threadx/ports/cortex_m7/gnu/inc/tx_port.h ****    zero after initialization for Cortex-M ports. */
 500:Middlewares/ST/threadx/ports/cortex_m7/gnu/inc/tx_port.h **** 
 501:Middlewares/ST/threadx/ports/cortex_m7/gnu/inc/tx_port.h **** #ifndef TX_THREAD_SYSTEM_RETURN_CHECK
 502:Middlewares/ST/threadx/ports/cortex_m7/gnu/inc/tx_port.h **** #define TX_THREAD_SYSTEM_RETURN_CHECK(c)    (c) = ((ULONG) _tx_thread_preempt_disable);
 503:Middlewares/ST/threadx/ports/cortex_m7/gnu/inc/tx_port.h **** #endif
 504:Middlewares/ST/threadx/ports/cortex_m7/gnu/inc/tx_port.h **** 
 505:Middlewares/ST/threadx/ports/cortex_m7/gnu/inc/tx_port.h **** /* Define the macro to ensure _tx_thread_preempt_disable is set early in initialization in order to
 506:Middlewares/ST/threadx/ports/cortex_m7/gnu/inc/tx_port.h ****    prevent early scheduling on Cortex-M parts.  */
 507:Middlewares/ST/threadx/ports/cortex_m7/gnu/inc/tx_port.h **** 
 508:Middlewares/ST/threadx/ports/cortex_m7/gnu/inc/tx_port.h **** #define TX_PORT_SPECIFIC_POST_INITIALIZATION    _tx_thread_preempt_disable++;
 509:Middlewares/ST/threadx/ports/cortex_m7/gnu/inc/tx_port.h **** 
 510:Middlewares/ST/threadx/ports/cortex_m7/gnu/inc/tx_port.h **** 
 511:Middlewares/ST/threadx/ports/cortex_m7/gnu/inc/tx_port.h **** 
 512:Middlewares/ST/threadx/ports/cortex_m7/gnu/inc/tx_port.h **** 
 513:Middlewares/ST/threadx/ports/cortex_m7/gnu/inc/tx_port.h **** #ifndef TX_DISABLE_INLINE
 514:Middlewares/ST/threadx/ports/cortex_m7/gnu/inc/tx_port.h **** 
 515:Middlewares/ST/threadx/ports/cortex_m7/gnu/inc/tx_port.h **** /* Define the TX_LOWEST_SET_BIT_CALCULATE macro for each compiler. */
 516:Middlewares/ST/threadx/ports/cortex_m7/gnu/inc/tx_port.h **** #ifdef __ICCARM__       /* IAR Compiler */
 517:Middlewares/ST/threadx/ports/cortex_m7/gnu/inc/tx_port.h **** #define TX_LOWEST_SET_BIT_CALCULATE(m, b)       (b) = (UINT) __CLZ(__RBIT((m)));
 518:Middlewares/ST/threadx/ports/cortex_m7/gnu/inc/tx_port.h **** #elif defined(__CC_ARM) /* AC5 Compiler */
 519:Middlewares/ST/threadx/ports/cortex_m7/gnu/inc/tx_port.h **** #define TX_LOWEST_SET_BIT_CALCULATE(m, b)       (b) = (UINT) __clz(__rbit((m)));
 520:Middlewares/ST/threadx/ports/cortex_m7/gnu/inc/tx_port.h **** #elif defined(__GNUC__) /* GCC and AC6 Compiler */
 521:Middlewares/ST/threadx/ports/cortex_m7/gnu/inc/tx_port.h **** #define TX_LOWEST_SET_BIT_CALCULATE(m, b)       __asm__ volatile (" RBIT %0,%1 ": "=r" (m) : "r" (m
 522:Middlewares/ST/threadx/ports/cortex_m7/gnu/inc/tx_port.h ****                                                 __asm__ volatile (" CLZ  %0,%1 ": "=r" (b) : "r" (m
 523:Middlewares/ST/threadx/ports/cortex_m7/gnu/inc/tx_port.h **** #endif
 524:Middlewares/ST/threadx/ports/cortex_m7/gnu/inc/tx_port.h **** 
 525:Middlewares/ST/threadx/ports/cortex_m7/gnu/inc/tx_port.h **** 
 526:Middlewares/ST/threadx/ports/cortex_m7/gnu/inc/tx_port.h **** 
 527:Middlewares/ST/threadx/ports/cortex_m7/gnu/inc/tx_port.h **** /* Define the interrupt disable/restore macros for each compiler. */
 528:Middlewares/ST/threadx/ports/cortex_m7/gnu/inc/tx_port.h **** 
 529:Middlewares/ST/threadx/ports/cortex_m7/gnu/inc/tx_port.h **** #if defined(__GNUC__) || defined(__ICCARM__)
 530:Middlewares/ST/threadx/ports/cortex_m7/gnu/inc/tx_port.h **** 
 531:Middlewares/ST/threadx/ports/cortex_m7/gnu/inc/tx_port.h **** /*** GCC/AC6 and IAR ***/
 532:Middlewares/ST/threadx/ports/cortex_m7/gnu/inc/tx_port.h **** 
 533:Middlewares/ST/threadx/ports/cortex_m7/gnu/inc/tx_port.h **** __attribute__( ( always_inline ) ) static inline unsigned int __get_interrupt_posture(void)
 534:Middlewares/ST/threadx/ports/cortex_m7/gnu/inc/tx_port.h **** {
 535:Middlewares/ST/threadx/ports/cortex_m7/gnu/inc/tx_port.h **** unsigned int posture;
 536:Middlewares/ST/threadx/ports/cortex_m7/gnu/inc/tx_port.h **** #ifdef TX_PORT_USE_BASEPRI
 537:Middlewares/ST/threadx/ports/cortex_m7/gnu/inc/tx_port.h ****     __asm__ volatile ("MRS  %0, BASEPRI ": "=r" (posture));
ARM GAS  /tmp/ccPsWM5l.s 			page 13


 538:Middlewares/ST/threadx/ports/cortex_m7/gnu/inc/tx_port.h **** #else
 539:Middlewares/ST/threadx/ports/cortex_m7/gnu/inc/tx_port.h ****     __asm__ volatile ("MRS  %0, PRIMASK ": "=r" (posture));
 540:Middlewares/ST/threadx/ports/cortex_m7/gnu/inc/tx_port.h **** #endif
 541:Middlewares/ST/threadx/ports/cortex_m7/gnu/inc/tx_port.h ****     return(posture);
 542:Middlewares/ST/threadx/ports/cortex_m7/gnu/inc/tx_port.h **** }
 543:Middlewares/ST/threadx/ports/cortex_m7/gnu/inc/tx_port.h **** 
 544:Middlewares/ST/threadx/ports/cortex_m7/gnu/inc/tx_port.h **** #ifdef TX_PORT_USE_BASEPRI
 545:Middlewares/ST/threadx/ports/cortex_m7/gnu/inc/tx_port.h **** __attribute__( ( always_inline ) ) static inline void __set_basepri_value(unsigned int basepri_valu
 546:Middlewares/ST/threadx/ports/cortex_m7/gnu/inc/tx_port.h **** {
 547:Middlewares/ST/threadx/ports/cortex_m7/gnu/inc/tx_port.h ****     __asm__ volatile ("MSR  BASEPRI,%0 ": : "r" (basepri_value));
 548:Middlewares/ST/threadx/ports/cortex_m7/gnu/inc/tx_port.h **** }
 549:Middlewares/ST/threadx/ports/cortex_m7/gnu/inc/tx_port.h **** #else
 550:Middlewares/ST/threadx/ports/cortex_m7/gnu/inc/tx_port.h **** __attribute__( ( always_inline ) ) static inline void __enable_interrupts(void)
 551:Middlewares/ST/threadx/ports/cortex_m7/gnu/inc/tx_port.h **** {
 552:Middlewares/ST/threadx/ports/cortex_m7/gnu/inc/tx_port.h ****     __asm__ volatile ("CPSIE  i": : : "memory");
 553:Middlewares/ST/threadx/ports/cortex_m7/gnu/inc/tx_port.h **** }
 554:Middlewares/ST/threadx/ports/cortex_m7/gnu/inc/tx_port.h **** #endif
 555:Middlewares/ST/threadx/ports/cortex_m7/gnu/inc/tx_port.h **** 
 556:Middlewares/ST/threadx/ports/cortex_m7/gnu/inc/tx_port.h **** __attribute__( ( always_inline ) ) static inline void __restore_interrupt(unsigned int int_posture)
 557:Middlewares/ST/threadx/ports/cortex_m7/gnu/inc/tx_port.h **** {
 558:Middlewares/ST/threadx/ports/cortex_m7/gnu/inc/tx_port.h **** #ifdef TX_PORT_USE_BASEPRI
 559:Middlewares/ST/threadx/ports/cortex_m7/gnu/inc/tx_port.h ****     __set_basepri_value(int_posture);
 560:Middlewares/ST/threadx/ports/cortex_m7/gnu/inc/tx_port.h ****     //__asm__ volatile ("MSR  BASEPRI,%0": : "r" (int_posture): "memory");
 561:Middlewares/ST/threadx/ports/cortex_m7/gnu/inc/tx_port.h **** #else
 562:Middlewares/ST/threadx/ports/cortex_m7/gnu/inc/tx_port.h ****     __asm__ volatile ("MSR  PRIMASK,%0": : "r" (int_posture): "memory");
 563:Middlewares/ST/threadx/ports/cortex_m7/gnu/inc/tx_port.h **** #endif
 564:Middlewares/ST/threadx/ports/cortex_m7/gnu/inc/tx_port.h **** }
 565:Middlewares/ST/threadx/ports/cortex_m7/gnu/inc/tx_port.h **** 
 566:Middlewares/ST/threadx/ports/cortex_m7/gnu/inc/tx_port.h **** __attribute__( ( always_inline ) ) static inline unsigned int __disable_interrupts(void)
  55              		.loc 2 566 63 view .LVU9
  56              	.LBB26:
 567:Middlewares/ST/threadx/ports/cortex_m7/gnu/inc/tx_port.h **** {
 568:Middlewares/ST/threadx/ports/cortex_m7/gnu/inc/tx_port.h **** unsigned int int_posture;
  57              		.loc 2 568 1 view .LVU10
 569:Middlewares/ST/threadx/ports/cortex_m7/gnu/inc/tx_port.h **** 
 570:Middlewares/ST/threadx/ports/cortex_m7/gnu/inc/tx_port.h ****     int_posture = __get_interrupt_posture();
  58              		.loc 2 570 5 view .LVU11
  59              	.LBB27:
  60              	.LBI27:
 533:Middlewares/ST/threadx/ports/cortex_m7/gnu/inc/tx_port.h **** {
  61              		.loc 2 533 63 view .LVU12
  62              	.LBB28:
 535:Middlewares/ST/threadx/ports/cortex_m7/gnu/inc/tx_port.h **** #ifdef TX_PORT_USE_BASEPRI
  63              		.loc 2 535 1 view .LVU13
 539:Middlewares/ST/threadx/ports/cortex_m7/gnu/inc/tx_port.h **** #endif
  64              		.loc 2 539 5 view .LVU14
  65              		.syntax unified
  66              	@ 539 "Middlewares/ST/threadx/ports/cortex_m7/gnu/inc/tx_port.h" 1
  67 0006 EFF31086 		MRS  r6, PRIMASK 
  68              	@ 0 "" 2
  69              	.LVL1:
 541:Middlewares/ST/threadx/ports/cortex_m7/gnu/inc/tx_port.h **** }
  70              		.loc 2 541 5 view .LVU15
 541:Middlewares/ST/threadx/ports/cortex_m7/gnu/inc/tx_port.h **** }
  71              		.loc 2 541 5 is_stmt 0 view .LVU16
  72              		.thumb
  73              		.syntax unified
ARM GAS  /tmp/ccPsWM5l.s 			page 14


  74              	.LBE28:
  75              	.LBE27:
 571:Middlewares/ST/threadx/ports/cortex_m7/gnu/inc/tx_port.h **** 
 572:Middlewares/ST/threadx/ports/cortex_m7/gnu/inc/tx_port.h **** #ifdef TX_PORT_USE_BASEPRI
 573:Middlewares/ST/threadx/ports/cortex_m7/gnu/inc/tx_port.h ****     __set_basepri_value(TX_PORT_BASEPRI);
 574:Middlewares/ST/threadx/ports/cortex_m7/gnu/inc/tx_port.h **** #else
 575:Middlewares/ST/threadx/ports/cortex_m7/gnu/inc/tx_port.h ****     __asm__ volatile ("CPSID i" : : : "memory");
  76              		.loc 2 575 5 is_stmt 1 view .LVU17
  77              		.syntax unified
  78              	@ 575 "Middlewares/ST/threadx/ports/cortex_m7/gnu/inc/tx_port.h" 1
  79 000a 72B6     		CPSID i
  80              	@ 0 "" 2
 576:Middlewares/ST/threadx/ports/cortex_m7/gnu/inc/tx_port.h **** #endif
 577:Middlewares/ST/threadx/ports/cortex_m7/gnu/inc/tx_port.h ****     return(int_posture);
  81              		.loc 2 577 5 view .LVU18
  82              	.LVL2:
  83              		.loc 2 577 5 is_stmt 0 view .LVU19
  84              		.thumb
  85              		.syntax unified
  86              	.LBE26:
  87              	.LBE25:
  88              	.LBB29:
  95:Middlewares/ST/threadx/common/src/tx_byte_pool_delete.c **** 
  96:Middlewares/ST/threadx/common/src/tx_byte_pool_delete.c ****     /* If trace is enabled, insert this event into the trace buffer.  */
  97:Middlewares/ST/threadx/common/src/tx_byte_pool_delete.c ****     TX_TRACE_IN_LINE_INSERT(TX_TRACE_BYTE_POOL_DELETE, pool_ptr, TX_POINTER_TO_ULONG_CONVERT(&threa
  89              		.loc 1 97 5 is_stmt 1 view .LVU20
  90              		.loc 1 97 5 view .LVU21
  91              		.loc 1 97 5 view .LVU22
  92              		.loc 1 97 5 view .LVU23
  93              		.loc 1 97 5 view .LVU24
  94 000c 474B     		ldr	r3, .L12
  95 000e 1B68     		ldr	r3, [r3]
  96              	.LVL3:
  97              		.loc 1 97 5 view .LVU25
  98 0010 002B     		cmp	r3, #0
  99 0012 40D0     		beq	.L2
 100              		.loc 1 97 5 is_stmt 0 discriminator 1 view .LVU26
 101 0014 464A     		ldr	r2, .L12+4
 102 0016 1268     		ldr	r2, [r2]
 103 0018 12F0040F 		tst	r2, #4
 104 001c 3BD0     		beq	.L2
 105              		.loc 1 97 5 is_stmt 1 discriminator 2 view .LVU27
 106              	.LBB30:
 107              	.LBI30:
 474:Middlewares/ST/threadx/ports/cortex_m7/gnu/inc/tx_port.h **** {
 108              		.loc 2 474 63 view .LVU28
 109              	.LBB31:
 476:Middlewares/ST/threadx/ports/cortex_m7/gnu/inc/tx_port.h ****     __asm__ volatile (" MRS  %0,IPSR ": "=r" (ipsr_value) );
 110              		.loc 2 476 1 view .LVU29
 477:Middlewares/ST/threadx/ports/cortex_m7/gnu/inc/tx_port.h ****     return(ipsr_value);
 111              		.loc 2 477 5 view .LVU30
 112              		.syntax unified
 113              	@ 477 "Middlewares/ST/threadx/ports/cortex_m7/gnu/inc/tx_port.h" 1
 114 001e EFF30580 		 MRS  r0,IPSR 
 115              	@ 0 "" 2
 116              	.LVL4:
 478:Middlewares/ST/threadx/ports/cortex_m7/gnu/inc/tx_port.h **** }
ARM GAS  /tmp/ccPsWM5l.s 			page 15


 117              		.loc 2 478 5 view .LVU31
 478:Middlewares/ST/threadx/ports/cortex_m7/gnu/inc/tx_port.h **** }
 118              		.loc 2 478 5 is_stmt 0 view .LVU32
 119              		.thumb
 120              		.syntax unified
 121              	.LBE31:
 122              	.LBE30:
 123              		.loc 1 97 5 discriminator 1 view .LVU33
 124 0022 444A     		ldr	r2, .L12+8
 125 0024 1268     		ldr	r2, [r2]
 126              	.LVL5:
 127              		.loc 1 97 5 is_stmt 1 discriminator 1 view .LVU34
 128 0026 4449     		ldr	r1, .L12+12
 129 0028 0968     		ldr	r1, [r1]
 130              	.LVL6:
 131              		.loc 1 97 5 discriminator 1 view .LVU35
 132 002a 0243     		orrs	r2, r2, r0
 133              	.LVL7:
 134              		.loc 1 97 5 is_stmt 0 discriminator 1 view .LVU36
 135 002c 23D1     		bne	.L3
 136              		.loc 1 97 5 is_stmt 1 discriminator 3 view .LVU37
 137 002e CA6A     		ldr	r2, [r1, #44]
 138              	.LVL8:
 139              		.loc 1 97 5 discriminator 3 view .LVU38
 140 0030 C86B     		ldr	r0, [r1, #60]
 141 0032 42EA0042 		orr	r2, r2, r0, lsl #16
 142              	.LVL9:
 143              		.loc 1 97 5 is_stmt 0 discriminator 3 view .LVU39
 144 0036 42F00042 		orr	r2, r2, #-2147483648
 145              	.LVL10:
 146              	.L4:
 147              		.loc 1 97 5 is_stmt 1 discriminator 9 view .LVU40
 148 003a 1960     		str	r1, [r3]
 149              		.loc 1 97 5 discriminator 9 view .LVU41
 150 003c 5A60     		str	r2, [r3, #4]
 151              		.loc 1 97 5 discriminator 9 view .LVU42
 152 003e 1622     		movs	r2, #22
 153              	.LVL11:
 154              		.loc 1 97 5 is_stmt 0 discriminator 9 view .LVU43
 155 0040 9A60     		str	r2, [r3, #8]
 156              		.loc 1 97 5 is_stmt 1 discriminator 9 view .LVU44
 157 0042 3E4A     		ldr	r2, .L12+16
 158 0044 5268     		ldr	r2, [r2, #4]
 159 0046 DA60     		str	r2, [r3, #12]
 160              		.loc 1 97 5 discriminator 9 view .LVU45
 161 0048 1D61     		str	r5, [r3, #16]
 162              		.loc 1 97 5 discriminator 9 view .LVU46
 163 004a 01AA     		add	r2, sp, #4
 164 004c 5A61     		str	r2, [r3, #20]
 165              		.loc 1 97 5 discriminator 9 view .LVU47
 166 004e 0022     		movs	r2, #0
 167 0050 9A61     		str	r2, [r3, #24]
 168              		.loc 1 97 5 discriminator 9 view .LVU48
 169 0052 DA61     		str	r2, [r3, #28]
 170              		.loc 1 97 5 discriminator 9 view .LVU49
 171 0054 2033     		adds	r3, r3, #32
 172              	.LVL12:
ARM GAS  /tmp/ccPsWM5l.s 			page 16


 173              		.loc 1 97 5 discriminator 9 view .LVU50
 174 0056 3A4A     		ldr	r2, .L12+20
 175 0058 1268     		ldr	r2, [r2]
 176 005a 9A42     		cmp	r2, r3
 177 005c 16D8     		bhi	.L5
 178              		.loc 1 97 5 discriminator 10 view .LVU51
 179 005e 394B     		ldr	r3, .L12+24
 180              	.LVL13:
 181              		.loc 1 97 5 is_stmt 0 discriminator 10 view .LVU52
 182 0060 1B68     		ldr	r3, [r3]
 183              	.LVL14:
 184              		.loc 1 97 5 is_stmt 1 discriminator 10 view .LVU53
 185 0062 324A     		ldr	r2, .L12
 186 0064 1360     		str	r3, [r2]
 187              		.loc 1 97 5 discriminator 10 view .LVU54
 188 0066 384A     		ldr	r2, .L12+28
 189 0068 1068     		ldr	r0, [r2]
 190 006a 0362     		str	r3, [r0, #32]
 191              		.loc 1 97 5 discriminator 10 view .LVU55
 192 006c 374B     		ldr	r3, .L12+32
 193              	.LVL15:
 194              		.loc 1 97 5 is_stmt 0 discriminator 10 view .LVU56
 195 006e 1B68     		ldr	r3, [r3]
 196 0070 8BB1     		cbz	r3, .L2
 197              		.loc 1 97 5 is_stmt 1 discriminator 12 view .LVU57
 198 0072 9847     		blx	r3
 199              	.LVL16:
 200              		.loc 1 97 5 is_stmt 0 discriminator 12 view .LVU58
 201 0074 0FE0     		b	.L2
 202              	.LVL17:
 203              	.L3:
 204              		.loc 1 97 5 is_stmt 1 discriminator 4 view .LVU59
 205 0076 B2F1F03F 		cmp	r2, #-252645136
 206 007a 03D2     		bcs	.L10
 207              		.loc 1 97 5 discriminator 6 view .LVU60
 208 007c 0A46     		mov	r2, r1
 209              	.LVL18:
 210              		.loc 1 97 5 discriminator 6 view .LVU61
 211              		.loc 1 97 5 is_stmt 0 discriminator 6 view .LVU62
 212 007e 4FF0FF31 		mov	r1, #-1
 213 0082 DAE7     		b	.L4
 214              	.LVL19:
 215              	.L10:
 216              		.loc 1 97 5 discriminator 7 view .LVU63
 217 0084 4FF0F031 		mov	r1, #-252645136
 218              	.LVL20:
 219              		.loc 1 97 5 discriminator 7 view .LVU64
 220 0088 0022     		movs	r2, #0
 221              	.LVL21:
 222              		.loc 1 97 5 discriminator 7 view .LVU65
 223 008a D6E7     		b	.L4
 224              	.LVL22:
 225              	.L5:
 226              		.loc 1 97 5 is_stmt 1 discriminator 11 view .LVU66
 227 008c 274A     		ldr	r2, .L12
 228 008e 1360     		str	r3, [r2]
 229              		.loc 1 97 5 discriminator 11 view .LVU67
ARM GAS  /tmp/ccPsWM5l.s 			page 17


 230 0090 2D4A     		ldr	r2, .L12+28
 231 0092 1268     		ldr	r2, [r2]
 232 0094 1362     		str	r3, [r2, #32]
 233              	.LVL23:
 234              	.L2:
 235              		.loc 1 97 5 is_stmt 0 discriminator 11 view .LVU68
 236              	.LBE29:
  98:Middlewares/ST/threadx/common/src/tx_byte_pool_delete.c **** 
  99:Middlewares/ST/threadx/common/src/tx_byte_pool_delete.c ****     /* Optional byte pool delete extended processing.  */
 100:Middlewares/ST/threadx/common/src/tx_byte_pool_delete.c ****     TX_BYTE_POOL_DELETE_EXTENSION(pool_ptr)
 101:Middlewares/ST/threadx/common/src/tx_byte_pool_delete.c **** 
 102:Middlewares/ST/threadx/common/src/tx_byte_pool_delete.c ****     /* If trace is enabled, unregister this object.  */
 103:Middlewares/ST/threadx/common/src/tx_byte_pool_delete.c ****     TX_TRACE_OBJECT_UNREGISTER(pool_ptr)
 237              		.loc 1 103 5 is_stmt 1 view .LVU69
 238 0096 2846     		mov	r0, r5
 239 0098 FFF7FEFF 		bl	_tx_trace_object_unregister
 240              	.LVL24:
 104:Middlewares/ST/threadx/common/src/tx_byte_pool_delete.c **** 
 105:Middlewares/ST/threadx/common/src/tx_byte_pool_delete.c ****     /* Log this kernel call.  */
 106:Middlewares/ST/threadx/common/src/tx_byte_pool_delete.c ****     TX_EL_BYTE_POOL_DELETE_INSERT
 107:Middlewares/ST/threadx/common/src/tx_byte_pool_delete.c **** 
 108:Middlewares/ST/threadx/common/src/tx_byte_pool_delete.c ****     /* Clear the byte pool ID to make it invalid.  */
 109:Middlewares/ST/threadx/common/src/tx_byte_pool_delete.c ****     pool_ptr -> tx_byte_pool_id =  TX_CLEAR_ID;
 241              		.loc 1 109 5 view .LVU70
 242              		.loc 1 109 33 is_stmt 0 view .LVU71
 243 009c 0023     		movs	r3, #0
 244 009e 2B60     		str	r3, [r5]
 110:Middlewares/ST/threadx/common/src/tx_byte_pool_delete.c **** 
 111:Middlewares/ST/threadx/common/src/tx_byte_pool_delete.c ****     /* Decrement the number of byte pools created.  */
 112:Middlewares/ST/threadx/common/src/tx_byte_pool_delete.c ****     _tx_byte_pool_created_count--;
 245              		.loc 1 112 5 is_stmt 1 view .LVU72
 246              		.loc 1 112 32 is_stmt 0 view .LVU73
 247 00a0 2B4A     		ldr	r2, .L12+36
 248 00a2 1368     		ldr	r3, [r2]
 249 00a4 013B     		subs	r3, r3, #1
 250 00a6 1360     		str	r3, [r2]
 113:Middlewares/ST/threadx/common/src/tx_byte_pool_delete.c **** 
 114:Middlewares/ST/threadx/common/src/tx_byte_pool_delete.c ****     /* See if the byte pool is the only one on the list.  */
 115:Middlewares/ST/threadx/common/src/tx_byte_pool_delete.c ****     if (_tx_byte_pool_created_count == TX_EMPTY)
 251              		.loc 1 115 5 is_stmt 1 view .LVU74
 252              		.loc 1 115 8 is_stmt 0 view .LVU75
 253 00a8 7BB9     		cbnz	r3, .L6
 116:Middlewares/ST/threadx/common/src/tx_byte_pool_delete.c ****     {
 117:Middlewares/ST/threadx/common/src/tx_byte_pool_delete.c **** 
 118:Middlewares/ST/threadx/common/src/tx_byte_pool_delete.c ****         /* Only created byte pool, just set the created list to NULL.  */
 119:Middlewares/ST/threadx/common/src/tx_byte_pool_delete.c ****         _tx_byte_pool_created_ptr =  TX_NULL;
 254              		.loc 1 119 9 is_stmt 1 view .LVU76
 255              		.loc 1 119 35 is_stmt 0 view .LVU77
 256 00aa 2A4B     		ldr	r3, .L12+40
 257 00ac 0022     		movs	r2, #0
 258 00ae 1A60     		str	r2, [r3]
 259              	.L7:
 120:Middlewares/ST/threadx/common/src/tx_byte_pool_delete.c ****     }
 121:Middlewares/ST/threadx/common/src/tx_byte_pool_delete.c ****     else
 122:Middlewares/ST/threadx/common/src/tx_byte_pool_delete.c ****     {
 123:Middlewares/ST/threadx/common/src/tx_byte_pool_delete.c **** 
 124:Middlewares/ST/threadx/common/src/tx_byte_pool_delete.c ****         /* Link-up the neighbors.  */
ARM GAS  /tmp/ccPsWM5l.s 			page 18


 125:Middlewares/ST/threadx/common/src/tx_byte_pool_delete.c ****         next_pool =                                   pool_ptr -> tx_byte_pool_created_next;
 126:Middlewares/ST/threadx/common/src/tx_byte_pool_delete.c ****         previous_pool =                               pool_ptr -> tx_byte_pool_created_previous;
 127:Middlewares/ST/threadx/common/src/tx_byte_pool_delete.c ****         next_pool -> tx_byte_pool_created_previous =  previous_pool;
 128:Middlewares/ST/threadx/common/src/tx_byte_pool_delete.c ****         previous_pool -> tx_byte_pool_created_next =  next_pool;
 129:Middlewares/ST/threadx/common/src/tx_byte_pool_delete.c **** 
 130:Middlewares/ST/threadx/common/src/tx_byte_pool_delete.c ****         /* See if we have to update the created list head pointer.  */
 131:Middlewares/ST/threadx/common/src/tx_byte_pool_delete.c ****         if (_tx_byte_pool_created_ptr == pool_ptr)
 132:Middlewares/ST/threadx/common/src/tx_byte_pool_delete.c ****         {
 133:Middlewares/ST/threadx/common/src/tx_byte_pool_delete.c **** 
 134:Middlewares/ST/threadx/common/src/tx_byte_pool_delete.c ****             /* Yes, move the head pointer to the next link. */
 135:Middlewares/ST/threadx/common/src/tx_byte_pool_delete.c ****             _tx_byte_pool_created_ptr =  next_pool;
 136:Middlewares/ST/threadx/common/src/tx_byte_pool_delete.c ****         }
 137:Middlewares/ST/threadx/common/src/tx_byte_pool_delete.c ****     }
 138:Middlewares/ST/threadx/common/src/tx_byte_pool_delete.c **** 
 139:Middlewares/ST/threadx/common/src/tx_byte_pool_delete.c ****     /* Temporarily disable preemption.  */
 140:Middlewares/ST/threadx/common/src/tx_byte_pool_delete.c ****     _tx_thread_preempt_disable++;
 260              		.loc 1 140 5 is_stmt 1 view .LVU78
 261              		.loc 1 140 31 is_stmt 0 view .LVU79
 262 00b0 294A     		ldr	r2, .L12+44
 263 00b2 1368     		ldr	r3, [r2]
 264 00b4 0133     		adds	r3, r3, #1
 265 00b6 1360     		str	r3, [r2]
 141:Middlewares/ST/threadx/common/src/tx_byte_pool_delete.c **** 
 142:Middlewares/ST/threadx/common/src/tx_byte_pool_delete.c ****     /* Pickup the suspension information.  */
 143:Middlewares/ST/threadx/common/src/tx_byte_pool_delete.c ****     thread_ptr =                                pool_ptr -> tx_byte_pool_suspension_list;
 266              		.loc 1 143 5 is_stmt 1 view .LVU80
 267              		.loc 1 143 58 is_stmt 0 view .LVU81
 268 00b8 6B6A     		ldr	r3, [r5, #36]
 269              		.loc 1 143 16 view .LVU82
 270 00ba 0193     		str	r3, [sp, #4]
 144:Middlewares/ST/threadx/common/src/tx_byte_pool_delete.c ****     pool_ptr -> tx_byte_pool_suspension_list =  TX_NULL;
 271              		.loc 1 144 5 is_stmt 1 view .LVU83
 272              		.loc 1 144 46 is_stmt 0 view .LVU84
 273 00bc 0023     		movs	r3, #0
 274 00be 6B62     		str	r3, [r5, #36]
 145:Middlewares/ST/threadx/common/src/tx_byte_pool_delete.c ****     suspended_count =                           pool_ptr -> tx_byte_pool_suspended_count;
 275              		.loc 1 145 5 is_stmt 1 view .LVU85
 276              		.loc 1 145 21 is_stmt 0 view .LVU86
 277 00c0 AC6A     		ldr	r4, [r5, #40]
 278              	.LVL25:
 146:Middlewares/ST/threadx/common/src/tx_byte_pool_delete.c ****     pool_ptr -> tx_byte_pool_suspended_count =  TX_NO_SUSPENSIONS;
 279              		.loc 1 146 5 is_stmt 1 view .LVU87
 280              		.loc 1 146 46 is_stmt 0 view .LVU88
 281 00c2 AB62     		str	r3, [r5, #40]
 147:Middlewares/ST/threadx/common/src/tx_byte_pool_delete.c **** 
 148:Middlewares/ST/threadx/common/src/tx_byte_pool_delete.c ****     /* Restore interrupts.  */
 149:Middlewares/ST/threadx/common/src/tx_byte_pool_delete.c ****     TX_RESTORE
 282              		.loc 1 149 5 is_stmt 1 view .LVU89
 283              	.LVL26:
 284              	.LBB32:
 285              	.LBI32:
 556:Middlewares/ST/threadx/ports/cortex_m7/gnu/inc/tx_port.h **** {
 286              		.loc 2 556 55 view .LVU90
 287              	.LBB33:
 562:Middlewares/ST/threadx/ports/cortex_m7/gnu/inc/tx_port.h **** #endif
 288              		.loc 2 562 5 view .LVU91
 289              		.syntax unified
ARM GAS  /tmp/ccPsWM5l.s 			page 19


 290              	@ 562 "Middlewares/ST/threadx/ports/cortex_m7/gnu/inc/tx_port.h" 1
 291 00c4 86F31088 		MSR  PRIMASK,r6
 292              	@ 0 "" 2
 293              	.LVL27:
 562:Middlewares/ST/threadx/ports/cortex_m7/gnu/inc/tx_port.h **** #endif
 294              		.loc 2 562 5 is_stmt 0 view .LVU92
 295              		.thumb
 296              		.syntax unified
 297              	.LBE33:
 298              	.LBE32:
 150:Middlewares/ST/threadx/common/src/tx_byte_pool_delete.c **** 
 151:Middlewares/ST/threadx/common/src/tx_byte_pool_delete.c ****     /* Walk through the byte pool list to resume any and all threads suspended
 152:Middlewares/ST/threadx/common/src/tx_byte_pool_delete.c ****        on this byte pool.  */
 153:Middlewares/ST/threadx/common/src/tx_byte_pool_delete.c ****     while (suspended_count != TX_NO_SUSPENSIONS)
 299              		.loc 1 153 5 is_stmt 1 view .LVU93
 300              	.LBB35:
 301              	.LBB34:
 564:Middlewares/ST/threadx/ports/cortex_m7/gnu/inc/tx_port.h **** 
 302              		.loc 2 564 1 is_stmt 0 view .LVU94
 303 00c8 1FE0     		b	.L8
 304              	.LVL28:
 305              	.L6:
 564:Middlewares/ST/threadx/ports/cortex_m7/gnu/inc/tx_port.h **** 
 306              		.loc 2 564 1 view .LVU95
 307              	.LBE34:
 308              	.LBE35:
 125:Middlewares/ST/threadx/common/src/tx_byte_pool_delete.c ****         previous_pool =                               pool_ptr -> tx_byte_pool_created_previous;
 309              		.loc 1 125 9 is_stmt 1 view .LVU96
 125:Middlewares/ST/threadx/common/src/tx_byte_pool_delete.c ****         previous_pool =                               pool_ptr -> tx_byte_pool_created_previous;
 310              		.loc 1 125 19 is_stmt 0 view .LVU97
 311 00ca EB6A     		ldr	r3, [r5, #44]
 312              	.LVL29:
 126:Middlewares/ST/threadx/common/src/tx_byte_pool_delete.c ****         next_pool -> tx_byte_pool_created_previous =  previous_pool;
 313              		.loc 1 126 9 is_stmt 1 view .LVU98
 126:Middlewares/ST/threadx/common/src/tx_byte_pool_delete.c ****         next_pool -> tx_byte_pool_created_previous =  previous_pool;
 314              		.loc 1 126 23 is_stmt 0 view .LVU99
 315 00cc 2A6B     		ldr	r2, [r5, #48]
 316              	.LVL30:
 127:Middlewares/ST/threadx/common/src/tx_byte_pool_delete.c ****         previous_pool -> tx_byte_pool_created_next =  next_pool;
 317              		.loc 1 127 9 is_stmt 1 view .LVU100
 127:Middlewares/ST/threadx/common/src/tx_byte_pool_delete.c ****         previous_pool -> tx_byte_pool_created_next =  next_pool;
 318              		.loc 1 127 52 is_stmt 0 view .LVU101
 319 00ce 1A63     		str	r2, [r3, #48]
 128:Middlewares/ST/threadx/common/src/tx_byte_pool_delete.c **** 
 320              		.loc 1 128 9 is_stmt 1 view .LVU102
 128:Middlewares/ST/threadx/common/src/tx_byte_pool_delete.c **** 
 321              		.loc 1 128 52 is_stmt 0 view .LVU103
 322 00d0 D362     		str	r3, [r2, #44]
 131:Middlewares/ST/threadx/common/src/tx_byte_pool_delete.c ****         {
 323              		.loc 1 131 9 is_stmt 1 view .LVU104
 131:Middlewares/ST/threadx/common/src/tx_byte_pool_delete.c ****         {
 324              		.loc 1 131 39 is_stmt 0 view .LVU105
 325 00d2 204A     		ldr	r2, .L12+40
 326              	.LVL31:
 131:Middlewares/ST/threadx/common/src/tx_byte_pool_delete.c ****         {
 327              		.loc 1 131 39 view .LVU106
 328 00d4 1268     		ldr	r2, [r2]
ARM GAS  /tmp/ccPsWM5l.s 			page 20


 131:Middlewares/ST/threadx/common/src/tx_byte_pool_delete.c ****         {
 329              		.loc 1 131 12 view .LVU107
 330 00d6 AA42     		cmp	r2, r5
 331 00d8 EAD1     		bne	.L7
 135:Middlewares/ST/threadx/common/src/tx_byte_pool_delete.c ****         }
 332              		.loc 1 135 13 is_stmt 1 view .LVU108
 135:Middlewares/ST/threadx/common/src/tx_byte_pool_delete.c ****         }
 333              		.loc 1 135 39 is_stmt 0 view .LVU109
 334 00da 1E4A     		ldr	r2, .L12+40
 335 00dc 1360     		str	r3, [r2]
 336 00de E7E7     		b	.L7
 337              	.LVL32:
 338              	.L9:
 154:Middlewares/ST/threadx/common/src/tx_byte_pool_delete.c ****     {
 155:Middlewares/ST/threadx/common/src/tx_byte_pool_delete.c **** 
 156:Middlewares/ST/threadx/common/src/tx_byte_pool_delete.c ****         /* Decrement the suspension count.  */
 157:Middlewares/ST/threadx/common/src/tx_byte_pool_delete.c ****         suspended_count--;
 339              		.loc 1 157 9 is_stmt 1 view .LVU110
 340              		.loc 1 157 24 is_stmt 0 view .LVU111
 341 00e0 013C     		subs	r4, r4, #1
 342              	.LVL33:
 158:Middlewares/ST/threadx/common/src/tx_byte_pool_delete.c **** 
 159:Middlewares/ST/threadx/common/src/tx_byte_pool_delete.c ****         /* Lockout interrupts.  */
 160:Middlewares/ST/threadx/common/src/tx_byte_pool_delete.c ****         TX_DISABLE
 343              		.loc 1 160 9 is_stmt 1 view .LVU112
 344              	.LBB36:
 345              	.LBI36:
 566:Middlewares/ST/threadx/ports/cortex_m7/gnu/inc/tx_port.h **** {
 346              		.loc 2 566 63 view .LVU113
 347              	.LBB37:
 568:Middlewares/ST/threadx/ports/cortex_m7/gnu/inc/tx_port.h **** 
 348              		.loc 2 568 1 view .LVU114
 570:Middlewares/ST/threadx/ports/cortex_m7/gnu/inc/tx_port.h **** 
 349              		.loc 2 570 5 view .LVU115
 350              	.LBB38:
 351              	.LBI38:
 533:Middlewares/ST/threadx/ports/cortex_m7/gnu/inc/tx_port.h **** {
 352              		.loc 2 533 63 view .LVU116
 353              	.LBB39:
 535:Middlewares/ST/threadx/ports/cortex_m7/gnu/inc/tx_port.h **** #ifdef TX_PORT_USE_BASEPRI
 354              		.loc 2 535 1 view .LVU117
 539:Middlewares/ST/threadx/ports/cortex_m7/gnu/inc/tx_port.h **** #endif
 355              		.loc 2 539 5 view .LVU118
 356              		.syntax unified
 357              	@ 539 "Middlewares/ST/threadx/ports/cortex_m7/gnu/inc/tx_port.h" 1
 358 00e2 EFF31081 		MRS  r1, PRIMASK 
 359              	@ 0 "" 2
 360              	.LVL34:
 541:Middlewares/ST/threadx/ports/cortex_m7/gnu/inc/tx_port.h **** }
 361              		.loc 2 541 5 view .LVU119
 541:Middlewares/ST/threadx/ports/cortex_m7/gnu/inc/tx_port.h **** }
 362              		.loc 2 541 5 is_stmt 0 view .LVU120
 363              		.thumb
 364              		.syntax unified
 365              	.LBE39:
 366              	.LBE38:
 575:Middlewares/ST/threadx/ports/cortex_m7/gnu/inc/tx_port.h **** #endif
ARM GAS  /tmp/ccPsWM5l.s 			page 21


 367              		.loc 2 575 5 is_stmt 1 view .LVU121
 368              		.syntax unified
 369              	@ 575 "Middlewares/ST/threadx/ports/cortex_m7/gnu/inc/tx_port.h" 1
 370 00e6 72B6     		CPSID i
 371              	@ 0 "" 2
 372              		.loc 2 577 5 view .LVU122
 373              	.LVL35:
 374              		.loc 2 577 5 is_stmt 0 view .LVU123
 375              		.thumb
 376              		.syntax unified
 377              	.LBE37:
 378              	.LBE36:
 161:Middlewares/ST/threadx/common/src/tx_byte_pool_delete.c **** 
 162:Middlewares/ST/threadx/common/src/tx_byte_pool_delete.c ****         /* Clear the cleanup pointer, this prevents the timeout from doing
 163:Middlewares/ST/threadx/common/src/tx_byte_pool_delete.c ****            anything.  */
 164:Middlewares/ST/threadx/common/src/tx_byte_pool_delete.c ****         thread_ptr -> tx_thread_suspend_cleanup =  TX_NULL;
 379              		.loc 1 164 9 is_stmt 1 view .LVU124
 380              		.loc 1 164 20 is_stmt 0 view .LVU125
 381 00e8 019B     		ldr	r3, [sp, #4]
 382              		.loc 1 164 49 view .LVU126
 383 00ea 0022     		movs	r2, #0
 384 00ec 9A66     		str	r2, [r3, #104]
 165:Middlewares/ST/threadx/common/src/tx_byte_pool_delete.c **** 
 166:Middlewares/ST/threadx/common/src/tx_byte_pool_delete.c ****         /* Set the return status in the thread to TX_DELETED.  */
 167:Middlewares/ST/threadx/common/src/tx_byte_pool_delete.c ****         thread_ptr -> tx_thread_suspend_status =  TX_DELETED;
 385              		.loc 1 167 9 is_stmt 1 view .LVU127
 386              		.loc 1 167 48 is_stmt 0 view .LVU128
 387 00ee 0122     		movs	r2, #1
 388 00f0 C3F88420 		str	r2, [r3, #132]
 168:Middlewares/ST/threadx/common/src/tx_byte_pool_delete.c **** 
 169:Middlewares/ST/threadx/common/src/tx_byte_pool_delete.c ****         /* Move the thread pointer ahead.  */
 170:Middlewares/ST/threadx/common/src/tx_byte_pool_delete.c ****         next_thread =  thread_ptr -> tx_thread_suspended_next;
 389              		.loc 1 170 9 is_stmt 1 view .LVU129
 390              		.loc 1 170 21 is_stmt 0 view .LVU130
 391 00f4 1D6F     		ldr	r5, [r3, #112]
 392              	.LVL36:
 171:Middlewares/ST/threadx/common/src/tx_byte_pool_delete.c **** 
 172:Middlewares/ST/threadx/common/src/tx_byte_pool_delete.c **** #ifdef TX_NOT_INTERRUPTABLE
 173:Middlewares/ST/threadx/common/src/tx_byte_pool_delete.c **** 
 174:Middlewares/ST/threadx/common/src/tx_byte_pool_delete.c ****         /* Resume the thread!  */
 175:Middlewares/ST/threadx/common/src/tx_byte_pool_delete.c ****         _tx_thread_system_ni_resume(thread_ptr);
 176:Middlewares/ST/threadx/common/src/tx_byte_pool_delete.c **** 
 177:Middlewares/ST/threadx/common/src/tx_byte_pool_delete.c ****         /* Restore interrupts.  */
 178:Middlewares/ST/threadx/common/src/tx_byte_pool_delete.c ****         TX_RESTORE
 179:Middlewares/ST/threadx/common/src/tx_byte_pool_delete.c **** #else
 180:Middlewares/ST/threadx/common/src/tx_byte_pool_delete.c **** 
 181:Middlewares/ST/threadx/common/src/tx_byte_pool_delete.c ****         /* Temporarily disable preemption again.  */
 182:Middlewares/ST/threadx/common/src/tx_byte_pool_delete.c ****         _tx_thread_preempt_disable++;
 393              		.loc 1 182 9 is_stmt 1 view .LVU131
 394              		.loc 1 182 35 is_stmt 0 view .LVU132
 395 00f6 184A     		ldr	r2, .L12+44
 396 00f8 1368     		ldr	r3, [r2]
 397 00fa 0133     		adds	r3, r3, #1
 398 00fc 1360     		str	r3, [r2]
 183:Middlewares/ST/threadx/common/src/tx_byte_pool_delete.c **** 
 184:Middlewares/ST/threadx/common/src/tx_byte_pool_delete.c ****         /* Restore interrupts.  */
 185:Middlewares/ST/threadx/common/src/tx_byte_pool_delete.c ****         TX_RESTORE
ARM GAS  /tmp/ccPsWM5l.s 			page 22


 399              		.loc 1 185 9 is_stmt 1 view .LVU133
 400              	.LVL37:
 401              	.LBB40:
 402              	.LBI40:
 556:Middlewares/ST/threadx/ports/cortex_m7/gnu/inc/tx_port.h **** {
 403              		.loc 2 556 55 view .LVU134
 404              	.LBB41:
 562:Middlewares/ST/threadx/ports/cortex_m7/gnu/inc/tx_port.h **** #endif
 405              		.loc 2 562 5 view .LVU135
 406              		.syntax unified
 407              	@ 562 "Middlewares/ST/threadx/ports/cortex_m7/gnu/inc/tx_port.h" 1
 408 00fe 81F31088 		MSR  PRIMASK,r1
 409              	@ 0 "" 2
 410              	.LVL38:
 562:Middlewares/ST/threadx/ports/cortex_m7/gnu/inc/tx_port.h **** #endif
 411              		.loc 2 562 5 is_stmt 0 view .LVU136
 412              		.thumb
 413              		.syntax unified
 414              	.LBE41:
 415              	.LBE40:
 186:Middlewares/ST/threadx/common/src/tx_byte_pool_delete.c **** 
 187:Middlewares/ST/threadx/common/src/tx_byte_pool_delete.c ****         /* Resume the thread.  */
 188:Middlewares/ST/threadx/common/src/tx_byte_pool_delete.c ****         _tx_thread_system_resume(thread_ptr);
 416              		.loc 1 188 9 is_stmt 1 view .LVU137
 417 0102 0198     		ldr	r0, [sp, #4]
 418 0104 FFF7FEFF 		bl	_tx_thread_system_resume
 419              	.LVL39:
 189:Middlewares/ST/threadx/common/src/tx_byte_pool_delete.c **** #endif
 190:Middlewares/ST/threadx/common/src/tx_byte_pool_delete.c **** 
 191:Middlewares/ST/threadx/common/src/tx_byte_pool_delete.c ****         /* Move to next thread.  */
 192:Middlewares/ST/threadx/common/src/tx_byte_pool_delete.c ****         thread_ptr =  next_thread;
 420              		.loc 1 192 9 view .LVU138
 421              		.loc 1 192 20 is_stmt 0 view .LVU139
 422 0108 0195     		str	r5, [sp, #4]
 423              	.LVL40:
 424              	.L8:
 153:Middlewares/ST/threadx/common/src/tx_byte_pool_delete.c ****     {
 425              		.loc 1 153 28 is_stmt 1 view .LVU140
 426 010a 002C     		cmp	r4, #0
 427 010c E8D1     		bne	.L9
 193:Middlewares/ST/threadx/common/src/tx_byte_pool_delete.c ****     }
 194:Middlewares/ST/threadx/common/src/tx_byte_pool_delete.c **** 
 195:Middlewares/ST/threadx/common/src/tx_byte_pool_delete.c ****     /* Execute Port-Specific completion processing. If needed, it is typically defined in tx_port.h
 196:Middlewares/ST/threadx/common/src/tx_byte_pool_delete.c ****     TX_BYTE_POOL_DELETE_PORT_COMPLETION(pool_ptr)
 197:Middlewares/ST/threadx/common/src/tx_byte_pool_delete.c **** 
 198:Middlewares/ST/threadx/common/src/tx_byte_pool_delete.c ****     /* Disable interrupts.  */
 199:Middlewares/ST/threadx/common/src/tx_byte_pool_delete.c ****     TX_DISABLE
 428              		.loc 1 199 5 view .LVU141
 429              	.LBB42:
 430              	.LBI42:
 566:Middlewares/ST/threadx/ports/cortex_m7/gnu/inc/tx_port.h **** {
 431              		.loc 2 566 63 view .LVU142
 432              	.LBB43:
 568:Middlewares/ST/threadx/ports/cortex_m7/gnu/inc/tx_port.h **** 
 433              		.loc 2 568 1 view .LVU143
 570:Middlewares/ST/threadx/ports/cortex_m7/gnu/inc/tx_port.h **** 
 434              		.loc 2 570 5 view .LVU144
ARM GAS  /tmp/ccPsWM5l.s 			page 23


 435              	.LBB44:
 436              	.LBI44:
 533:Middlewares/ST/threadx/ports/cortex_m7/gnu/inc/tx_port.h **** {
 437              		.loc 2 533 63 view .LVU145
 438              	.LBB45:
 535:Middlewares/ST/threadx/ports/cortex_m7/gnu/inc/tx_port.h **** #ifdef TX_PORT_USE_BASEPRI
 439              		.loc 2 535 1 view .LVU146
 539:Middlewares/ST/threadx/ports/cortex_m7/gnu/inc/tx_port.h **** #endif
 440              		.loc 2 539 5 view .LVU147
 441              		.syntax unified
 442              	@ 539 "Middlewares/ST/threadx/ports/cortex_m7/gnu/inc/tx_port.h" 1
 443 010e EFF31081 		MRS  r1, PRIMASK 
 444              	@ 0 "" 2
 445              	.LVL41:
 541:Middlewares/ST/threadx/ports/cortex_m7/gnu/inc/tx_port.h **** }
 446              		.loc 2 541 5 view .LVU148
 541:Middlewares/ST/threadx/ports/cortex_m7/gnu/inc/tx_port.h **** }
 447              		.loc 2 541 5 is_stmt 0 view .LVU149
 448              		.thumb
 449              		.syntax unified
 450              	.LBE45:
 451              	.LBE44:
 575:Middlewares/ST/threadx/ports/cortex_m7/gnu/inc/tx_port.h **** #endif
 452              		.loc 2 575 5 is_stmt 1 view .LVU150
 453              		.syntax unified
 454              	@ 575 "Middlewares/ST/threadx/ports/cortex_m7/gnu/inc/tx_port.h" 1
 455 0112 72B6     		CPSID i
 456              	@ 0 "" 2
 457              		.loc 2 577 5 view .LVU151
 458              	.LVL42:
 459              		.loc 2 577 5 is_stmt 0 view .LVU152
 460              		.thumb
 461              		.syntax unified
 462              	.LBE43:
 463              	.LBE42:
 200:Middlewares/ST/threadx/common/src/tx_byte_pool_delete.c **** 
 201:Middlewares/ST/threadx/common/src/tx_byte_pool_delete.c ****     /* Release previous preempt disable.  */
 202:Middlewares/ST/threadx/common/src/tx_byte_pool_delete.c ****     _tx_thread_preempt_disable--;
 464              		.loc 1 202 5 is_stmt 1 view .LVU153
 465              		.loc 1 202 31 is_stmt 0 view .LVU154
 466 0114 104A     		ldr	r2, .L12+44
 467 0116 1368     		ldr	r3, [r2]
 468 0118 013B     		subs	r3, r3, #1
 469 011a 1360     		str	r3, [r2]
 203:Middlewares/ST/threadx/common/src/tx_byte_pool_delete.c **** 
 204:Middlewares/ST/threadx/common/src/tx_byte_pool_delete.c ****     /* Restore interrupts.  */
 205:Middlewares/ST/threadx/common/src/tx_byte_pool_delete.c ****     TX_RESTORE
 470              		.loc 1 205 5 is_stmt 1 view .LVU155
 471              	.LVL43:
 472              	.LBB46:
 473              	.LBI46:
 556:Middlewares/ST/threadx/ports/cortex_m7/gnu/inc/tx_port.h **** {
 474              		.loc 2 556 55 view .LVU156
 475              	.LBB47:
 562:Middlewares/ST/threadx/ports/cortex_m7/gnu/inc/tx_port.h **** #endif
 476              		.loc 2 562 5 view .LVU157
 477              		.syntax unified
ARM GAS  /tmp/ccPsWM5l.s 			page 24


 478              	@ 562 "Middlewares/ST/threadx/ports/cortex_m7/gnu/inc/tx_port.h" 1
 479 011c 81F31088 		MSR  PRIMASK,r1
 480              	@ 0 "" 2
 481              	.LVL44:
 562:Middlewares/ST/threadx/ports/cortex_m7/gnu/inc/tx_port.h **** #endif
 482              		.loc 2 562 5 is_stmt 0 view .LVU158
 483              		.thumb
 484              		.syntax unified
 485              	.LBE47:
 486              	.LBE46:
 206:Middlewares/ST/threadx/common/src/tx_byte_pool_delete.c **** 
 207:Middlewares/ST/threadx/common/src/tx_byte_pool_delete.c ****     /* Check for preemption.  */
 208:Middlewares/ST/threadx/common/src/tx_byte_pool_delete.c ****     _tx_thread_system_preempt_check();
 487              		.loc 1 208 5 is_stmt 1 view .LVU159
 488 0120 FFF7FEFF 		bl	_tx_thread_system_preempt_check
 489              	.LVL45:
 209:Middlewares/ST/threadx/common/src/tx_byte_pool_delete.c **** 
 210:Middlewares/ST/threadx/common/src/tx_byte_pool_delete.c ****     /* Return TX_SUCCESS.  */
 211:Middlewares/ST/threadx/common/src/tx_byte_pool_delete.c ****     return(TX_SUCCESS);
 490              		.loc 1 211 5 view .LVU160
 212:Middlewares/ST/threadx/common/src/tx_byte_pool_delete.c **** }
 491              		.loc 1 212 1 is_stmt 0 view .LVU161
 492 0124 0020     		movs	r0, #0
 493 0126 02B0     		add	sp, sp, #8
 494              	.LCFI2:
 495              		.cfi_def_cfa_offset 16
 496              		@ sp needed
 497 0128 70BD     		pop	{r4, r5, r6, pc}
 498              	.LVL46:
 499              	.L13:
 500              		.loc 1 212 1 view .LVU162
 501 012a 00BF     		.align	2
 502              	.L12:
 503 012c 00000000 		.word	_tx_trace_buffer_current_ptr
 504 0130 00000000 		.word	_tx_trace_event_enable_bits
 505 0134 00000000 		.word	_tx_thread_system_state
 506 0138 00000000 		.word	_tx_thread_current_ptr
 507 013c 001000E0 		.word	-536866816
 508 0140 00000000 		.word	_tx_trace_buffer_end_ptr
 509 0144 00000000 		.word	_tx_trace_buffer_start_ptr
 510 0148 00000000 		.word	_tx_trace_header_ptr
 511 014c 00000000 		.word	_tx_trace_full_notify_function
 512 0150 00000000 		.word	_tx_byte_pool_created_count
 513 0154 00000000 		.word	_tx_byte_pool_created_ptr
 514 0158 00000000 		.word	_tx_thread_preempt_disable
 515              		.cfi_endproc
 516              	.LFE8:
 518              		.text
 519              	.Letext0:
 520              		.file 3 "Middlewares/ST/threadx/common/inc/tx_api.h"
 521              		.file 4 "Middlewares/ST/threadx/common/inc/tx_thread.h"
 522              		.file 5 "Middlewares/ST/threadx/common/inc/tx_trace.h"
 523              		.file 6 "Middlewares/ST/threadx/common/inc/tx_byte_pool.h"
ARM GAS  /tmp/ccPsWM5l.s 			page 25


DEFINED SYMBOLS
                            *ABS*:00000000 tx_byte_pool_delete.c
     /tmp/ccPsWM5l.s:20     .text._tx_byte_pool_delete:00000000 $t
     /tmp/ccPsWM5l.s:26     .text._tx_byte_pool_delete:00000000 _tx_byte_pool_delete
     /tmp/ccPsWM5l.s:503    .text._tx_byte_pool_delete:0000012c $d

UNDEFINED SYMBOLS
_tx_trace_object_unregister
_tx_thread_system_resume
_tx_thread_system_preempt_check
_tx_trace_buffer_current_ptr
_tx_trace_event_enable_bits
_tx_thread_system_state
_tx_thread_current_ptr
_tx_trace_buffer_end_ptr
_tx_trace_buffer_start_ptr
_tx_trace_header_ptr
_tx_trace_full_notify_function
_tx_byte_pool_created_count
_tx_byte_pool_created_ptr
_tx_thread_preempt_disable
