ARM GAS  /tmp/ccHRZZOW.s 			page 1


   1              		.cpu cortex-m7
   2              		.arch armv7e-m
   3              		.fpu fpv5-d16
   4              		.eabi_attribute 28, 1
   5              		.eabi_attribute 20, 1
   6              		.eabi_attribute 21, 1
   7              		.eabi_attribute 23, 3
   8              		.eabi_attribute 24, 1
   9              		.eabi_attribute 25, 1
  10              		.eabi_attribute 26, 1
  11              		.eabi_attribute 30, 1
  12              		.eabi_attribute 34, 1
  13              		.eabi_attribute 18, 4
  14              		.file	"tx_event_flags_get.c"
  15              		.text
  16              	.Ltext0:
  17              		.cfi_sections	.debug_frame
  18              		.file 1 "Middlewares/ST/threadx/common/src/tx_event_flags_get.c"
  19              		.section	.text._tx_event_flags_get,"ax",%progbits
  20              		.align	1
  21              		.global	_tx_event_flags_get
  22              		.syntax unified
  23              		.thumb
  24              		.thumb_func
  26              	_tx_event_flags_get:
  27              	.LVL0:
  28              	.LFB8:
   1:Middlewares/ST/threadx/common/src/tx_event_flags_get.c **** /**************************************************************************/
   2:Middlewares/ST/threadx/common/src/tx_event_flags_get.c **** /*                                                                        */
   3:Middlewares/ST/threadx/common/src/tx_event_flags_get.c **** /*       Copyright (c) Microsoft Corporation. All rights reserved.        */
   4:Middlewares/ST/threadx/common/src/tx_event_flags_get.c **** /*                                                                        */
   5:Middlewares/ST/threadx/common/src/tx_event_flags_get.c **** /*       This software is licensed under the Microsoft Software License   */
   6:Middlewares/ST/threadx/common/src/tx_event_flags_get.c **** /*       Terms for Microsoft Azure RTOS. Full text of the license can be  */
   7:Middlewares/ST/threadx/common/src/tx_event_flags_get.c **** /*       found in the LICENSE file at https://aka.ms/AzureRTOS_EULA       */
   8:Middlewares/ST/threadx/common/src/tx_event_flags_get.c **** /*       and in the root directory of this software.                      */
   9:Middlewares/ST/threadx/common/src/tx_event_flags_get.c **** /*                                                                        */
  10:Middlewares/ST/threadx/common/src/tx_event_flags_get.c **** /**************************************************************************/
  11:Middlewares/ST/threadx/common/src/tx_event_flags_get.c **** 
  12:Middlewares/ST/threadx/common/src/tx_event_flags_get.c **** 
  13:Middlewares/ST/threadx/common/src/tx_event_flags_get.c **** /**************************************************************************/
  14:Middlewares/ST/threadx/common/src/tx_event_flags_get.c **** /**************************************************************************/
  15:Middlewares/ST/threadx/common/src/tx_event_flags_get.c **** /**                                                                       */
  16:Middlewares/ST/threadx/common/src/tx_event_flags_get.c **** /** ThreadX Component                                                     */
  17:Middlewares/ST/threadx/common/src/tx_event_flags_get.c **** /**                                                                       */
  18:Middlewares/ST/threadx/common/src/tx_event_flags_get.c **** /**   Event Flags                                                         */
  19:Middlewares/ST/threadx/common/src/tx_event_flags_get.c **** /**                                                                       */
  20:Middlewares/ST/threadx/common/src/tx_event_flags_get.c **** /**************************************************************************/
  21:Middlewares/ST/threadx/common/src/tx_event_flags_get.c **** /**************************************************************************/
  22:Middlewares/ST/threadx/common/src/tx_event_flags_get.c **** 
  23:Middlewares/ST/threadx/common/src/tx_event_flags_get.c **** #define TX_SOURCE_CODE
  24:Middlewares/ST/threadx/common/src/tx_event_flags_get.c **** 
  25:Middlewares/ST/threadx/common/src/tx_event_flags_get.c **** 
  26:Middlewares/ST/threadx/common/src/tx_event_flags_get.c **** /* Include necessary system files.  */
  27:Middlewares/ST/threadx/common/src/tx_event_flags_get.c **** 
  28:Middlewares/ST/threadx/common/src/tx_event_flags_get.c **** #include "tx_api.h"
  29:Middlewares/ST/threadx/common/src/tx_event_flags_get.c **** #include "tx_trace.h"
  30:Middlewares/ST/threadx/common/src/tx_event_flags_get.c **** #include "tx_thread.h"
ARM GAS  /tmp/ccHRZZOW.s 			page 2


  31:Middlewares/ST/threadx/common/src/tx_event_flags_get.c **** #include "tx_event_flags.h"
  32:Middlewares/ST/threadx/common/src/tx_event_flags_get.c **** 
  33:Middlewares/ST/threadx/common/src/tx_event_flags_get.c **** 
  34:Middlewares/ST/threadx/common/src/tx_event_flags_get.c **** /**************************************************************************/
  35:Middlewares/ST/threadx/common/src/tx_event_flags_get.c **** /*                                                                        */
  36:Middlewares/ST/threadx/common/src/tx_event_flags_get.c **** /*  FUNCTION                                               RELEASE        */
  37:Middlewares/ST/threadx/common/src/tx_event_flags_get.c **** /*                                                                        */
  38:Middlewares/ST/threadx/common/src/tx_event_flags_get.c **** /*    _tx_event_flags_get                                 PORTABLE C      */
  39:Middlewares/ST/threadx/common/src/tx_event_flags_get.c **** /*                                                           6.1          */
  40:Middlewares/ST/threadx/common/src/tx_event_flags_get.c **** /*  AUTHOR                                                                */
  41:Middlewares/ST/threadx/common/src/tx_event_flags_get.c **** /*                                                                        */
  42:Middlewares/ST/threadx/common/src/tx_event_flags_get.c **** /*    William E. Lamie, Microsoft Corporation                             */
  43:Middlewares/ST/threadx/common/src/tx_event_flags_get.c **** /*                                                                        */
  44:Middlewares/ST/threadx/common/src/tx_event_flags_get.c **** /*  DESCRIPTION                                                           */
  45:Middlewares/ST/threadx/common/src/tx_event_flags_get.c **** /*                                                                        */
  46:Middlewares/ST/threadx/common/src/tx_event_flags_get.c **** /*    This function gets the specified event flags from the group,        */
  47:Middlewares/ST/threadx/common/src/tx_event_flags_get.c **** /*    according to the get option.  The get option also specifies whether */
  48:Middlewares/ST/threadx/common/src/tx_event_flags_get.c **** /*    or not the retrieved flags are cleared.                             */
  49:Middlewares/ST/threadx/common/src/tx_event_flags_get.c **** /*                                                                        */
  50:Middlewares/ST/threadx/common/src/tx_event_flags_get.c **** /*  INPUT                                                                 */
  51:Middlewares/ST/threadx/common/src/tx_event_flags_get.c **** /*                                                                        */
  52:Middlewares/ST/threadx/common/src/tx_event_flags_get.c **** /*    group_ptr                         Pointer to group control block    */
  53:Middlewares/ST/threadx/common/src/tx_event_flags_get.c **** /*    requested_event_flags             Event flags requested             */
  54:Middlewares/ST/threadx/common/src/tx_event_flags_get.c **** /*    get_option                        Specifies and/or and clear options*/
  55:Middlewares/ST/threadx/common/src/tx_event_flags_get.c **** /*    actual_flags_ptr                  Pointer to place the actual flags */
  56:Middlewares/ST/threadx/common/src/tx_event_flags_get.c **** /*                                        the service retrieved           */
  57:Middlewares/ST/threadx/common/src/tx_event_flags_get.c **** /*    wait_option                       Suspension option                 */
  58:Middlewares/ST/threadx/common/src/tx_event_flags_get.c **** /*                                                                        */
  59:Middlewares/ST/threadx/common/src/tx_event_flags_get.c **** /*  OUTPUT                                                                */
  60:Middlewares/ST/threadx/common/src/tx_event_flags_get.c **** /*                                                                        */
  61:Middlewares/ST/threadx/common/src/tx_event_flags_get.c **** /*    status                            Completion status                 */
  62:Middlewares/ST/threadx/common/src/tx_event_flags_get.c **** /*                                                                        */
  63:Middlewares/ST/threadx/common/src/tx_event_flags_get.c **** /*  CALLS                                                                 */
  64:Middlewares/ST/threadx/common/src/tx_event_flags_get.c **** /*                                                                        */
  65:Middlewares/ST/threadx/common/src/tx_event_flags_get.c **** /*    _tx_thread_system_suspend         Suspend thread service            */
  66:Middlewares/ST/threadx/common/src/tx_event_flags_get.c **** /*    _tx_thread_system_ni_suspend      Non-interruptable suspend thread  */
  67:Middlewares/ST/threadx/common/src/tx_event_flags_get.c **** /*                                                                        */
  68:Middlewares/ST/threadx/common/src/tx_event_flags_get.c **** /*  CALLED BY                                                             */
  69:Middlewares/ST/threadx/common/src/tx_event_flags_get.c **** /*                                                                        */
  70:Middlewares/ST/threadx/common/src/tx_event_flags_get.c **** /*    Application Code                                                    */
  71:Middlewares/ST/threadx/common/src/tx_event_flags_get.c **** /*                                                                        */
  72:Middlewares/ST/threadx/common/src/tx_event_flags_get.c **** /*  RELEASE HISTORY                                                       */
  73:Middlewares/ST/threadx/common/src/tx_event_flags_get.c **** /*                                                                        */
  74:Middlewares/ST/threadx/common/src/tx_event_flags_get.c **** /*    DATE              NAME                      DESCRIPTION             */
  75:Middlewares/ST/threadx/common/src/tx_event_flags_get.c **** /*                                                                        */
  76:Middlewares/ST/threadx/common/src/tx_event_flags_get.c **** /*  05-19-2020     William E. Lamie         Initial Version 6.0           */
  77:Middlewares/ST/threadx/common/src/tx_event_flags_get.c **** /*  09-30-2020     Yuxin Zhou               Modified comment(s),          */
  78:Middlewares/ST/threadx/common/src/tx_event_flags_get.c **** /*                                            resulting in version 6.1    */
  79:Middlewares/ST/threadx/common/src/tx_event_flags_get.c **** /*                                                                        */
  80:Middlewares/ST/threadx/common/src/tx_event_flags_get.c **** /**************************************************************************/
  81:Middlewares/ST/threadx/common/src/tx_event_flags_get.c **** UINT  _tx_event_flags_get(TX_EVENT_FLAGS_GROUP *group_ptr, ULONG requested_flags,
  82:Middlewares/ST/threadx/common/src/tx_event_flags_get.c ****                     UINT get_option, ULONG *actual_flags_ptr, ULONG wait_option)
  83:Middlewares/ST/threadx/common/src/tx_event_flags_get.c **** {
  29              		.loc 1 83 1 view -0
  30              		.cfi_startproc
  31              		@ args = 4, pretend = 0, frame = 0
  32              		@ frame_needed = 0, uses_anonymous_args = 0
ARM GAS  /tmp/ccHRZZOW.s 			page 3


  33              		.loc 1 83 1 is_stmt 0 view .LVU1
  34 0000 2DE9F843 		push	{r3, r4, r5, r6, r7, r8, r9, lr}
  35              	.LCFI0:
  36              		.cfi_def_cfa_offset 32
  37              		.cfi_offset 3, -32
  38              		.cfi_offset 4, -28
  39              		.cfi_offset 5, -24
  40              		.cfi_offset 6, -20
  41              		.cfi_offset 7, -16
  42              		.cfi_offset 8, -12
  43              		.cfi_offset 9, -8
  44              		.cfi_offset 14, -4
  45 0004 0446     		mov	r4, r0
  46 0006 0E46     		mov	r6, r1
  47 0008 1546     		mov	r5, r2
  48 000a 9946     		mov	r9, r3
  84:Middlewares/ST/threadx/common/src/tx_event_flags_get.c **** 
  85:Middlewares/ST/threadx/common/src/tx_event_flags_get.c **** TX_INTERRUPT_SAVE_AREA
  49              		.loc 1 85 1 is_stmt 1 view .LVU2
  86:Middlewares/ST/threadx/common/src/tx_event_flags_get.c **** 
  87:Middlewares/ST/threadx/common/src/tx_event_flags_get.c **** UINT            status;
  50              		.loc 1 87 1 view .LVU3
  88:Middlewares/ST/threadx/common/src/tx_event_flags_get.c **** UINT            and_request;
  51              		.loc 1 88 1 view .LVU4
  89:Middlewares/ST/threadx/common/src/tx_event_flags_get.c **** UINT            clear_request;
  52              		.loc 1 89 1 view .LVU5
  90:Middlewares/ST/threadx/common/src/tx_event_flags_get.c **** ULONG           current_flags;
  53              		.loc 1 90 1 view .LVU6
  91:Middlewares/ST/threadx/common/src/tx_event_flags_get.c **** ULONG           flags_satisfied;
  54              		.loc 1 91 1 view .LVU7
  92:Middlewares/ST/threadx/common/src/tx_event_flags_get.c **** #ifndef TX_NOT_INTERRUPTABLE
  93:Middlewares/ST/threadx/common/src/tx_event_flags_get.c **** ULONG           delayed_clear_flags;
  55              		.loc 1 93 1 view .LVU8
  94:Middlewares/ST/threadx/common/src/tx_event_flags_get.c **** #endif
  95:Middlewares/ST/threadx/common/src/tx_event_flags_get.c **** UINT            suspended_count;
  56              		.loc 1 95 1 view .LVU9
  96:Middlewares/ST/threadx/common/src/tx_event_flags_get.c **** TX_THREAD       *thread_ptr;
  57              		.loc 1 96 1 view .LVU10
  97:Middlewares/ST/threadx/common/src/tx_event_flags_get.c **** TX_THREAD       *next_thread;
  58              		.loc 1 97 1 view .LVU11
  98:Middlewares/ST/threadx/common/src/tx_event_flags_get.c **** TX_THREAD       *previous_thread;
  59              		.loc 1 98 1 view .LVU12
  99:Middlewares/ST/threadx/common/src/tx_event_flags_get.c **** #ifndef TX_NOT_INTERRUPTABLE
 100:Middlewares/ST/threadx/common/src/tx_event_flags_get.c **** UINT            interrupted_set_request;
  60              		.loc 1 100 1 view .LVU13
 101:Middlewares/ST/threadx/common/src/tx_event_flags_get.c **** #endif
 102:Middlewares/ST/threadx/common/src/tx_event_flags_get.c **** 
 103:Middlewares/ST/threadx/common/src/tx_event_flags_get.c **** 
 104:Middlewares/ST/threadx/common/src/tx_event_flags_get.c ****     /* Disable interrupts to examine the event flags group.  */
 105:Middlewares/ST/threadx/common/src/tx_event_flags_get.c ****     TX_DISABLE
  61              		.loc 1 105 5 view .LVU14
  62              	.LBB19:
  63              	.LBI19:
  64              		.file 2 "Middlewares/ST/threadx/ports/cortex_m7/gnu/inc/tx_port.h"
   1:Middlewares/ST/threadx/ports/cortex_m7/gnu/inc/tx_port.h **** /**************************************************************************/
   2:Middlewares/ST/threadx/ports/cortex_m7/gnu/inc/tx_port.h **** /*                                                                        */
   3:Middlewares/ST/threadx/ports/cortex_m7/gnu/inc/tx_port.h **** /*       Copyright (c) Microsoft Corporation. All rights reserved.        */
ARM GAS  /tmp/ccHRZZOW.s 			page 4


   4:Middlewares/ST/threadx/ports/cortex_m7/gnu/inc/tx_port.h **** /*                                                                        */
   5:Middlewares/ST/threadx/ports/cortex_m7/gnu/inc/tx_port.h **** /*       This software is licensed under the Microsoft Software License   */
   6:Middlewares/ST/threadx/ports/cortex_m7/gnu/inc/tx_port.h **** /*       Terms for Microsoft Azure RTOS. Full text of the license can be  */
   7:Middlewares/ST/threadx/ports/cortex_m7/gnu/inc/tx_port.h **** /*       found in the LICENSE file at https://aka.ms/AzureRTOS_EULA       */
   8:Middlewares/ST/threadx/ports/cortex_m7/gnu/inc/tx_port.h **** /*       and in the root directory of this software.                      */
   9:Middlewares/ST/threadx/ports/cortex_m7/gnu/inc/tx_port.h **** /*                                                                        */
  10:Middlewares/ST/threadx/ports/cortex_m7/gnu/inc/tx_port.h **** /**************************************************************************/
  11:Middlewares/ST/threadx/ports/cortex_m7/gnu/inc/tx_port.h **** 
  12:Middlewares/ST/threadx/ports/cortex_m7/gnu/inc/tx_port.h **** 
  13:Middlewares/ST/threadx/ports/cortex_m7/gnu/inc/tx_port.h **** /**************************************************************************/
  14:Middlewares/ST/threadx/ports/cortex_m7/gnu/inc/tx_port.h **** /**************************************************************************/
  15:Middlewares/ST/threadx/ports/cortex_m7/gnu/inc/tx_port.h **** /**                                                                       */
  16:Middlewares/ST/threadx/ports/cortex_m7/gnu/inc/tx_port.h **** /** ThreadX Component                                                     */
  17:Middlewares/ST/threadx/ports/cortex_m7/gnu/inc/tx_port.h **** /**                                                                       */
  18:Middlewares/ST/threadx/ports/cortex_m7/gnu/inc/tx_port.h **** /**   Port Specific                                                       */
  19:Middlewares/ST/threadx/ports/cortex_m7/gnu/inc/tx_port.h **** /**                                                                       */
  20:Middlewares/ST/threadx/ports/cortex_m7/gnu/inc/tx_port.h **** /**************************************************************************/
  21:Middlewares/ST/threadx/ports/cortex_m7/gnu/inc/tx_port.h **** /**************************************************************************/
  22:Middlewares/ST/threadx/ports/cortex_m7/gnu/inc/tx_port.h **** 
  23:Middlewares/ST/threadx/ports/cortex_m7/gnu/inc/tx_port.h **** 
  24:Middlewares/ST/threadx/ports/cortex_m7/gnu/inc/tx_port.h **** /**************************************************************************/
  25:Middlewares/ST/threadx/ports/cortex_m7/gnu/inc/tx_port.h **** /*                                                                        */
  26:Middlewares/ST/threadx/ports/cortex_m7/gnu/inc/tx_port.h **** /*  PORT SPECIFIC C INFORMATION                            RELEASE        */
  27:Middlewares/ST/threadx/ports/cortex_m7/gnu/inc/tx_port.h **** /*                                                                        */
  28:Middlewares/ST/threadx/ports/cortex_m7/gnu/inc/tx_port.h **** /*    tx_port.h                                         Cortex-M7/GNU     */
  29:Middlewares/ST/threadx/ports/cortex_m7/gnu/inc/tx_port.h **** /*                                                           6.1.10       */
  30:Middlewares/ST/threadx/ports/cortex_m7/gnu/inc/tx_port.h **** /*                                                                        */
  31:Middlewares/ST/threadx/ports/cortex_m7/gnu/inc/tx_port.h **** /*  AUTHOR                                                                */
  32:Middlewares/ST/threadx/ports/cortex_m7/gnu/inc/tx_port.h **** /*                                                                        */
  33:Middlewares/ST/threadx/ports/cortex_m7/gnu/inc/tx_port.h **** /*    Scott Larson, Microsoft Corporation                                 */
  34:Middlewares/ST/threadx/ports/cortex_m7/gnu/inc/tx_port.h **** /*                                                                        */
  35:Middlewares/ST/threadx/ports/cortex_m7/gnu/inc/tx_port.h **** /*  DESCRIPTION                                                           */
  36:Middlewares/ST/threadx/ports/cortex_m7/gnu/inc/tx_port.h **** /*                                                                        */
  37:Middlewares/ST/threadx/ports/cortex_m7/gnu/inc/tx_port.h **** /*    This file contains data type definitions that make the ThreadX      */
  38:Middlewares/ST/threadx/ports/cortex_m7/gnu/inc/tx_port.h **** /*    real-time kernel function identically on a variety of different     */
  39:Middlewares/ST/threadx/ports/cortex_m7/gnu/inc/tx_port.h **** /*    processor architectures.  For example, the size or number of bits   */
  40:Middlewares/ST/threadx/ports/cortex_m7/gnu/inc/tx_port.h **** /*    in an "int" data type vary between microprocessor architectures and */
  41:Middlewares/ST/threadx/ports/cortex_m7/gnu/inc/tx_port.h **** /*    even C compilers for the same microprocessor.  ThreadX does not     */
  42:Middlewares/ST/threadx/ports/cortex_m7/gnu/inc/tx_port.h **** /*    directly use native C data types.  Instead, ThreadX creates its     */
  43:Middlewares/ST/threadx/ports/cortex_m7/gnu/inc/tx_port.h **** /*    own special types that can be mapped to actual data types by this   */
  44:Middlewares/ST/threadx/ports/cortex_m7/gnu/inc/tx_port.h **** /*    file to guarantee consistency in the interface and functionality.   */
  45:Middlewares/ST/threadx/ports/cortex_m7/gnu/inc/tx_port.h **** /*                                                                        */
  46:Middlewares/ST/threadx/ports/cortex_m7/gnu/inc/tx_port.h **** /*    This file replaces the previous Cortex-M3/M4/M7 files. It unifies   */
  47:Middlewares/ST/threadx/ports/cortex_m7/gnu/inc/tx_port.h **** /*    the ARMv7-M architecture and compilers into one common file.        */
  48:Middlewares/ST/threadx/ports/cortex_m7/gnu/inc/tx_port.h **** /*                                                                        */
  49:Middlewares/ST/threadx/ports/cortex_m7/gnu/inc/tx_port.h **** /*  RELEASE HISTORY                                                       */
  50:Middlewares/ST/threadx/ports/cortex_m7/gnu/inc/tx_port.h **** /*                                                                        */
  51:Middlewares/ST/threadx/ports/cortex_m7/gnu/inc/tx_port.h **** /*    DATE              NAME                      DESCRIPTION             */
  52:Middlewares/ST/threadx/ports/cortex_m7/gnu/inc/tx_port.h **** /*                                                                        */
  53:Middlewares/ST/threadx/ports/cortex_m7/gnu/inc/tx_port.h **** /*  06-02-2021      Scott Larson            Initial Version 6.1.7         */
  54:Middlewares/ST/threadx/ports/cortex_m7/gnu/inc/tx_port.h **** /*  01-31-2022      Scott Larson            Modified comments, updated    */
  55:Middlewares/ST/threadx/ports/cortex_m7/gnu/inc/tx_port.h **** /*                                            typedef to fix misra        */
  56:Middlewares/ST/threadx/ports/cortex_m7/gnu/inc/tx_port.h **** /*                                            violation,                  */
  57:Middlewares/ST/threadx/ports/cortex_m7/gnu/inc/tx_port.h **** /*                                            fixed predefined macro,     */
  58:Middlewares/ST/threadx/ports/cortex_m7/gnu/inc/tx_port.h **** /*                                            resulting in version 6.1.10 */
  59:Middlewares/ST/threadx/ports/cortex_m7/gnu/inc/tx_port.h **** /*                                                                        */
  60:Middlewares/ST/threadx/ports/cortex_m7/gnu/inc/tx_port.h **** /**************************************************************************/
ARM GAS  /tmp/ccHRZZOW.s 			page 5


  61:Middlewares/ST/threadx/ports/cortex_m7/gnu/inc/tx_port.h **** 
  62:Middlewares/ST/threadx/ports/cortex_m7/gnu/inc/tx_port.h **** #ifndef TX_PORT_H
  63:Middlewares/ST/threadx/ports/cortex_m7/gnu/inc/tx_port.h **** #define TX_PORT_H
  64:Middlewares/ST/threadx/ports/cortex_m7/gnu/inc/tx_port.h **** 
  65:Middlewares/ST/threadx/ports/cortex_m7/gnu/inc/tx_port.h **** 
  66:Middlewares/ST/threadx/ports/cortex_m7/gnu/inc/tx_port.h **** /* Determine if the optional ThreadX user define file should be used.  */
  67:Middlewares/ST/threadx/ports/cortex_m7/gnu/inc/tx_port.h **** 
  68:Middlewares/ST/threadx/ports/cortex_m7/gnu/inc/tx_port.h **** #ifdef TX_INCLUDE_USER_DEFINE_FILE
  69:Middlewares/ST/threadx/ports/cortex_m7/gnu/inc/tx_port.h **** 
  70:Middlewares/ST/threadx/ports/cortex_m7/gnu/inc/tx_port.h **** /* Yes, include the user defines in tx_user.h. The defines in this file may
  71:Middlewares/ST/threadx/ports/cortex_m7/gnu/inc/tx_port.h ****    alternately be defined on the command line.  */
  72:Middlewares/ST/threadx/ports/cortex_m7/gnu/inc/tx_port.h **** 
  73:Middlewares/ST/threadx/ports/cortex_m7/gnu/inc/tx_port.h **** #include "tx_user.h"
  74:Middlewares/ST/threadx/ports/cortex_m7/gnu/inc/tx_port.h **** #endif
  75:Middlewares/ST/threadx/ports/cortex_m7/gnu/inc/tx_port.h **** 
  76:Middlewares/ST/threadx/ports/cortex_m7/gnu/inc/tx_port.h **** 
  77:Middlewares/ST/threadx/ports/cortex_m7/gnu/inc/tx_port.h **** /* Define compiler library include files.  */
  78:Middlewares/ST/threadx/ports/cortex_m7/gnu/inc/tx_port.h **** 
  79:Middlewares/ST/threadx/ports/cortex_m7/gnu/inc/tx_port.h **** #include <stdlib.h>
  80:Middlewares/ST/threadx/ports/cortex_m7/gnu/inc/tx_port.h **** #include <string.h>
  81:Middlewares/ST/threadx/ports/cortex_m7/gnu/inc/tx_port.h **** 
  82:Middlewares/ST/threadx/ports/cortex_m7/gnu/inc/tx_port.h **** #ifdef __ICCARM__
  83:Middlewares/ST/threadx/ports/cortex_m7/gnu/inc/tx_port.h **** #include <intrinsics.h>                     /* IAR Intrinsics */
  84:Middlewares/ST/threadx/ports/cortex_m7/gnu/inc/tx_port.h **** #define __asm__ __asm                       /* Define to make all inline asm look similar */
  85:Middlewares/ST/threadx/ports/cortex_m7/gnu/inc/tx_port.h **** #ifdef  TX_ENABLE_IAR_LIBRARY_SUPPORT
  86:Middlewares/ST/threadx/ports/cortex_m7/gnu/inc/tx_port.h **** #include <yvals.h>
  87:Middlewares/ST/threadx/ports/cortex_m7/gnu/inc/tx_port.h **** #endif
  88:Middlewares/ST/threadx/ports/cortex_m7/gnu/inc/tx_port.h **** #endif /* __ICCARM__ */
  89:Middlewares/ST/threadx/ports/cortex_m7/gnu/inc/tx_port.h **** 
  90:Middlewares/ST/threadx/ports/cortex_m7/gnu/inc/tx_port.h **** #ifdef __ghs__
  91:Middlewares/ST/threadx/ports/cortex_m7/gnu/inc/tx_port.h **** #include <arm_ghs.h>
  92:Middlewares/ST/threadx/ports/cortex_m7/gnu/inc/tx_port.h **** #include "tx_ghs.h"
  93:Middlewares/ST/threadx/ports/cortex_m7/gnu/inc/tx_port.h **** #endif  /* __ghs__ */
  94:Middlewares/ST/threadx/ports/cortex_m7/gnu/inc/tx_port.h **** 
  95:Middlewares/ST/threadx/ports/cortex_m7/gnu/inc/tx_port.h **** 
  96:Middlewares/ST/threadx/ports/cortex_m7/gnu/inc/tx_port.h **** #if !defined(__GNUC__) && !defined(__CC_ARM)
  97:Middlewares/ST/threadx/ports/cortex_m7/gnu/inc/tx_port.h **** #define __get_control_value __get_CONTROL
  98:Middlewares/ST/threadx/ports/cortex_m7/gnu/inc/tx_port.h **** #define __set_control_value __set_CONTROL
  99:Middlewares/ST/threadx/ports/cortex_m7/gnu/inc/tx_port.h **** #endif
 100:Middlewares/ST/threadx/ports/cortex_m7/gnu/inc/tx_port.h **** 
 101:Middlewares/ST/threadx/ports/cortex_m7/gnu/inc/tx_port.h **** #ifndef __GNUC__
 102:Middlewares/ST/threadx/ports/cortex_m7/gnu/inc/tx_port.h **** #define __get_ipsr_value __get_IPSR
 103:Middlewares/ST/threadx/ports/cortex_m7/gnu/inc/tx_port.h **** #endif
 104:Middlewares/ST/threadx/ports/cortex_m7/gnu/inc/tx_port.h **** 
 105:Middlewares/ST/threadx/ports/cortex_m7/gnu/inc/tx_port.h **** /* Define ThreadX basic types for this port.  */
 106:Middlewares/ST/threadx/ports/cortex_m7/gnu/inc/tx_port.h **** 
 107:Middlewares/ST/threadx/ports/cortex_m7/gnu/inc/tx_port.h **** #define VOID                                    void
 108:Middlewares/ST/threadx/ports/cortex_m7/gnu/inc/tx_port.h **** typedef char                                    CHAR;
 109:Middlewares/ST/threadx/ports/cortex_m7/gnu/inc/tx_port.h **** typedef unsigned char                           UCHAR;
 110:Middlewares/ST/threadx/ports/cortex_m7/gnu/inc/tx_port.h **** typedef int                                     INT;
 111:Middlewares/ST/threadx/ports/cortex_m7/gnu/inc/tx_port.h **** typedef unsigned int                            UINT;
 112:Middlewares/ST/threadx/ports/cortex_m7/gnu/inc/tx_port.h **** typedef long                                    LONG;
 113:Middlewares/ST/threadx/ports/cortex_m7/gnu/inc/tx_port.h **** typedef unsigned long                           ULONG;
 114:Middlewares/ST/threadx/ports/cortex_m7/gnu/inc/tx_port.h **** typedef unsigned long long                      ULONG64;
 115:Middlewares/ST/threadx/ports/cortex_m7/gnu/inc/tx_port.h **** typedef short                                   SHORT;
 116:Middlewares/ST/threadx/ports/cortex_m7/gnu/inc/tx_port.h **** typedef unsigned short                          USHORT;
 117:Middlewares/ST/threadx/ports/cortex_m7/gnu/inc/tx_port.h **** #define ULONG64_DEFINED
ARM GAS  /tmp/ccHRZZOW.s 			page 6


 118:Middlewares/ST/threadx/ports/cortex_m7/gnu/inc/tx_port.h **** 
 119:Middlewares/ST/threadx/ports/cortex_m7/gnu/inc/tx_port.h **** /* Define the priority levels for ThreadX.  Legal values range
 120:Middlewares/ST/threadx/ports/cortex_m7/gnu/inc/tx_port.h ****    from 32 to 1024 and MUST be evenly divisible by 32.  */
 121:Middlewares/ST/threadx/ports/cortex_m7/gnu/inc/tx_port.h **** 
 122:Middlewares/ST/threadx/ports/cortex_m7/gnu/inc/tx_port.h **** #ifndef TX_MAX_PRIORITIES
 123:Middlewares/ST/threadx/ports/cortex_m7/gnu/inc/tx_port.h **** #define TX_MAX_PRIORITIES                       32
 124:Middlewares/ST/threadx/ports/cortex_m7/gnu/inc/tx_port.h **** #endif
 125:Middlewares/ST/threadx/ports/cortex_m7/gnu/inc/tx_port.h **** 
 126:Middlewares/ST/threadx/ports/cortex_m7/gnu/inc/tx_port.h **** 
 127:Middlewares/ST/threadx/ports/cortex_m7/gnu/inc/tx_port.h **** /* Define the minimum stack for a ThreadX thread on this processor. If the size supplied during
 128:Middlewares/ST/threadx/ports/cortex_m7/gnu/inc/tx_port.h ****    thread creation is less than this value, the thread create call will return an error.  */
 129:Middlewares/ST/threadx/ports/cortex_m7/gnu/inc/tx_port.h **** 
 130:Middlewares/ST/threadx/ports/cortex_m7/gnu/inc/tx_port.h **** #ifndef TX_MINIMUM_STACK
 131:Middlewares/ST/threadx/ports/cortex_m7/gnu/inc/tx_port.h **** #define TX_MINIMUM_STACK                        200         /* Minimum stack size for this port  */
 132:Middlewares/ST/threadx/ports/cortex_m7/gnu/inc/tx_port.h **** #endif
 133:Middlewares/ST/threadx/ports/cortex_m7/gnu/inc/tx_port.h **** 
 134:Middlewares/ST/threadx/ports/cortex_m7/gnu/inc/tx_port.h **** 
 135:Middlewares/ST/threadx/ports/cortex_m7/gnu/inc/tx_port.h **** /* Define the system timer thread's default stack size and priority.  These are only applicable
 136:Middlewares/ST/threadx/ports/cortex_m7/gnu/inc/tx_port.h ****    if TX_TIMER_PROCESS_IN_ISR is not defined.  */
 137:Middlewares/ST/threadx/ports/cortex_m7/gnu/inc/tx_port.h **** 
 138:Middlewares/ST/threadx/ports/cortex_m7/gnu/inc/tx_port.h **** #ifndef TX_TIMER_THREAD_STACK_SIZE
 139:Middlewares/ST/threadx/ports/cortex_m7/gnu/inc/tx_port.h **** #define TX_TIMER_THREAD_STACK_SIZE              1024        /* Default timer thread stack size  */
 140:Middlewares/ST/threadx/ports/cortex_m7/gnu/inc/tx_port.h **** #endif
 141:Middlewares/ST/threadx/ports/cortex_m7/gnu/inc/tx_port.h **** 
 142:Middlewares/ST/threadx/ports/cortex_m7/gnu/inc/tx_port.h **** #ifndef TX_TIMER_THREAD_PRIORITY
 143:Middlewares/ST/threadx/ports/cortex_m7/gnu/inc/tx_port.h **** #define TX_TIMER_THREAD_PRIORITY                0           /* Default timer thread priority    */
 144:Middlewares/ST/threadx/ports/cortex_m7/gnu/inc/tx_port.h **** #endif
 145:Middlewares/ST/threadx/ports/cortex_m7/gnu/inc/tx_port.h **** 
 146:Middlewares/ST/threadx/ports/cortex_m7/gnu/inc/tx_port.h **** 
 147:Middlewares/ST/threadx/ports/cortex_m7/gnu/inc/tx_port.h **** /* Define various constants for the ThreadX Cortex-M port.  */
 148:Middlewares/ST/threadx/ports/cortex_m7/gnu/inc/tx_port.h **** 
 149:Middlewares/ST/threadx/ports/cortex_m7/gnu/inc/tx_port.h **** #define TX_INT_DISABLE                          1           /* Disable interrupts               */
 150:Middlewares/ST/threadx/ports/cortex_m7/gnu/inc/tx_port.h **** #define TX_INT_ENABLE                           0           /* Enable interrupts                */
 151:Middlewares/ST/threadx/ports/cortex_m7/gnu/inc/tx_port.h **** 
 152:Middlewares/ST/threadx/ports/cortex_m7/gnu/inc/tx_port.h **** 
 153:Middlewares/ST/threadx/ports/cortex_m7/gnu/inc/tx_port.h **** /* Define the clock source for trace event entry time stamp. The following two item are port specif
 154:Middlewares/ST/threadx/ports/cortex_m7/gnu/inc/tx_port.h ****    For example, if the time source is at the address 0x0a800024 and is 16-bits in size, the clock
 155:Middlewares/ST/threadx/ports/cortex_m7/gnu/inc/tx_port.h ****    source constants would be:
 156:Middlewares/ST/threadx/ports/cortex_m7/gnu/inc/tx_port.h **** 
 157:Middlewares/ST/threadx/ports/cortex_m7/gnu/inc/tx_port.h **** #define TX_TRACE_TIME_SOURCE                    *((ULONG *) 0x0a800024)
 158:Middlewares/ST/threadx/ports/cortex_m7/gnu/inc/tx_port.h **** #define TX_TRACE_TIME_MASK                      0x0000FFFFUL
 159:Middlewares/ST/threadx/ports/cortex_m7/gnu/inc/tx_port.h **** 
 160:Middlewares/ST/threadx/ports/cortex_m7/gnu/inc/tx_port.h **** */
 161:Middlewares/ST/threadx/ports/cortex_m7/gnu/inc/tx_port.h **** 
 162:Middlewares/ST/threadx/ports/cortex_m7/gnu/inc/tx_port.h **** #ifndef TX_MISRA_ENABLE
 163:Middlewares/ST/threadx/ports/cortex_m7/gnu/inc/tx_port.h **** #ifndef TX_TRACE_TIME_SOURCE
 164:Middlewares/ST/threadx/ports/cortex_m7/gnu/inc/tx_port.h **** #define TX_TRACE_TIME_SOURCE                    *((ULONG *) 0xE0001004)
 165:Middlewares/ST/threadx/ports/cortex_m7/gnu/inc/tx_port.h **** #endif
 166:Middlewares/ST/threadx/ports/cortex_m7/gnu/inc/tx_port.h **** #else
 167:Middlewares/ST/threadx/ports/cortex_m7/gnu/inc/tx_port.h **** ULONG   _tx_misra_time_stamp_get(VOID);
 168:Middlewares/ST/threadx/ports/cortex_m7/gnu/inc/tx_port.h **** #define TX_TRACE_TIME_SOURCE                    _tx_misra_time_stamp_get()
 169:Middlewares/ST/threadx/ports/cortex_m7/gnu/inc/tx_port.h **** #endif
 170:Middlewares/ST/threadx/ports/cortex_m7/gnu/inc/tx_port.h **** 
 171:Middlewares/ST/threadx/ports/cortex_m7/gnu/inc/tx_port.h **** #ifndef TX_TRACE_TIME_MASK
 172:Middlewares/ST/threadx/ports/cortex_m7/gnu/inc/tx_port.h **** #define TX_TRACE_TIME_MASK                      0xFFFFFFFFUL
 173:Middlewares/ST/threadx/ports/cortex_m7/gnu/inc/tx_port.h **** #endif
 174:Middlewares/ST/threadx/ports/cortex_m7/gnu/inc/tx_port.h **** 
ARM GAS  /tmp/ccHRZZOW.s 			page 7


 175:Middlewares/ST/threadx/ports/cortex_m7/gnu/inc/tx_port.h **** #ifdef __ghs__
 176:Middlewares/ST/threadx/ports/cortex_m7/gnu/inc/tx_port.h **** /* Define constants for Green Hills EventAnalyzer.  */
 177:Middlewares/ST/threadx/ports/cortex_m7/gnu/inc/tx_port.h **** 
 178:Middlewares/ST/threadx/ports/cortex_m7/gnu/inc/tx_port.h **** /* Define the number of ticks per second. This informs the EventAnalyzer what the timestamps
 179:Middlewares/ST/threadx/ports/cortex_m7/gnu/inc/tx_port.h ****    represent.  By default, this is set to 1,000,000 i.e., one tick every microsecond. */
 180:Middlewares/ST/threadx/ports/cortex_m7/gnu/inc/tx_port.h **** 
 181:Middlewares/ST/threadx/ports/cortex_m7/gnu/inc/tx_port.h **** #define TX_EL_TICKS_PER_SECOND                  1000000
 182:Middlewares/ST/threadx/ports/cortex_m7/gnu/inc/tx_port.h **** 
 183:Middlewares/ST/threadx/ports/cortex_m7/gnu/inc/tx_port.h **** /* Define the method of how to get the upper and lower 32-bits of the time stamp. By default, simpl
 184:Middlewares/ST/threadx/ports/cortex_m7/gnu/inc/tx_port.h ****    simulate the time-stamp source with a counter.  */
 185:Middlewares/ST/threadx/ports/cortex_m7/gnu/inc/tx_port.h **** 
 186:Middlewares/ST/threadx/ports/cortex_m7/gnu/inc/tx_port.h **** #define read_tbu()                              _tx_el_time_base_upper
 187:Middlewares/ST/threadx/ports/cortex_m7/gnu/inc/tx_port.h **** #define read_tbl()                              ++_tx_el_time_base_lower
 188:Middlewares/ST/threadx/ports/cortex_m7/gnu/inc/tx_port.h **** #endif  /* __ghs__ */
 189:Middlewares/ST/threadx/ports/cortex_m7/gnu/inc/tx_port.h **** 
 190:Middlewares/ST/threadx/ports/cortex_m7/gnu/inc/tx_port.h **** /* Define the port specific options for the _tx_build_options variable. This variable indicates
 191:Middlewares/ST/threadx/ports/cortex_m7/gnu/inc/tx_port.h ****    how the ThreadX library was built.  */
 192:Middlewares/ST/threadx/ports/cortex_m7/gnu/inc/tx_port.h **** 
 193:Middlewares/ST/threadx/ports/cortex_m7/gnu/inc/tx_port.h **** #define TX_PORT_SPECIFIC_BUILD_OPTIONS          (0)
 194:Middlewares/ST/threadx/ports/cortex_m7/gnu/inc/tx_port.h **** 
 195:Middlewares/ST/threadx/ports/cortex_m7/gnu/inc/tx_port.h **** 
 196:Middlewares/ST/threadx/ports/cortex_m7/gnu/inc/tx_port.h **** /* Define the in-line initialization constant so that modules with in-line
 197:Middlewares/ST/threadx/ports/cortex_m7/gnu/inc/tx_port.h ****    initialization capabilities can prevent their initialization from being
 198:Middlewares/ST/threadx/ports/cortex_m7/gnu/inc/tx_port.h ****    a function call.  */
 199:Middlewares/ST/threadx/ports/cortex_m7/gnu/inc/tx_port.h **** 
 200:Middlewares/ST/threadx/ports/cortex_m7/gnu/inc/tx_port.h **** #ifdef TX_MISRA_ENABLE
 201:Middlewares/ST/threadx/ports/cortex_m7/gnu/inc/tx_port.h **** #define TX_DISABLE_INLINE
 202:Middlewares/ST/threadx/ports/cortex_m7/gnu/inc/tx_port.h **** #else
 203:Middlewares/ST/threadx/ports/cortex_m7/gnu/inc/tx_port.h **** #define TX_INLINE_INITIALIZATION
 204:Middlewares/ST/threadx/ports/cortex_m7/gnu/inc/tx_port.h **** #endif
 205:Middlewares/ST/threadx/ports/cortex_m7/gnu/inc/tx_port.h **** 
 206:Middlewares/ST/threadx/ports/cortex_m7/gnu/inc/tx_port.h **** 
 207:Middlewares/ST/threadx/ports/cortex_m7/gnu/inc/tx_port.h **** /* Determine whether or not stack checking is enabled. By default, ThreadX stack checking is
 208:Middlewares/ST/threadx/ports/cortex_m7/gnu/inc/tx_port.h ****    disabled. When the following is defined, ThreadX thread stack checking is enabled.  If stack
 209:Middlewares/ST/threadx/ports/cortex_m7/gnu/inc/tx_port.h ****    checking is enabled (TX_ENABLE_STACK_CHECKING is defined), the TX_DISABLE_STACK_FILLING
 210:Middlewares/ST/threadx/ports/cortex_m7/gnu/inc/tx_port.h ****    define is negated, thereby forcing the stack fill which is necessary for the stack checking
 211:Middlewares/ST/threadx/ports/cortex_m7/gnu/inc/tx_port.h ****    logic.  */
 212:Middlewares/ST/threadx/ports/cortex_m7/gnu/inc/tx_port.h **** 
 213:Middlewares/ST/threadx/ports/cortex_m7/gnu/inc/tx_port.h **** #ifndef TX_MISRA_ENABLE
 214:Middlewares/ST/threadx/ports/cortex_m7/gnu/inc/tx_port.h **** #ifdef TX_ENABLE_STACK_CHECKING
 215:Middlewares/ST/threadx/ports/cortex_m7/gnu/inc/tx_port.h **** #undef TX_DISABLE_STACK_FILLING
 216:Middlewares/ST/threadx/ports/cortex_m7/gnu/inc/tx_port.h **** #endif
 217:Middlewares/ST/threadx/ports/cortex_m7/gnu/inc/tx_port.h **** #endif
 218:Middlewares/ST/threadx/ports/cortex_m7/gnu/inc/tx_port.h **** 
 219:Middlewares/ST/threadx/ports/cortex_m7/gnu/inc/tx_port.h **** 
 220:Middlewares/ST/threadx/ports/cortex_m7/gnu/inc/tx_port.h **** /* Define the TX_THREAD control block extensions for this port. The main reason
 221:Middlewares/ST/threadx/ports/cortex_m7/gnu/inc/tx_port.h ****    for the multiple macros is so that backward compatibility can be maintained with
 222:Middlewares/ST/threadx/ports/cortex_m7/gnu/inc/tx_port.h ****    existing ThreadX kernel awareness modules.  */
 223:Middlewares/ST/threadx/ports/cortex_m7/gnu/inc/tx_port.h **** 
 224:Middlewares/ST/threadx/ports/cortex_m7/gnu/inc/tx_port.h **** #define TX_THREAD_EXTENSION_0
 225:Middlewares/ST/threadx/ports/cortex_m7/gnu/inc/tx_port.h **** #define TX_THREAD_EXTENSION_1
 226:Middlewares/ST/threadx/ports/cortex_m7/gnu/inc/tx_port.h **** #ifdef  TX_ENABLE_IAR_LIBRARY_SUPPORT
 227:Middlewares/ST/threadx/ports/cortex_m7/gnu/inc/tx_port.h **** #define TX_THREAD_EXTENSION_2           VOID    *tx_thread_iar_tls_pointer;
 228:Middlewares/ST/threadx/ports/cortex_m7/gnu/inc/tx_port.h **** #elif defined(__ghs__)
 229:Middlewares/ST/threadx/ports/cortex_m7/gnu/inc/tx_port.h **** #define TX_THREAD_EXTENSION_2           VOID *  tx_thread_eh_globals;                           \
 230:Middlewares/ST/threadx/ports/cortex_m7/gnu/inc/tx_port.h ****                                         int     Errno;             /* errno.  */                \
 231:Middlewares/ST/threadx/ports/cortex_m7/gnu/inc/tx_port.h ****                                         char *  strtok_saved_pos;  /* strtok() position.  */
ARM GAS  /tmp/ccHRZZOW.s 			page 8


 232:Middlewares/ST/threadx/ports/cortex_m7/gnu/inc/tx_port.h **** #else
 233:Middlewares/ST/threadx/ports/cortex_m7/gnu/inc/tx_port.h **** #define TX_THREAD_EXTENSION_2
 234:Middlewares/ST/threadx/ports/cortex_m7/gnu/inc/tx_port.h **** #endif
 235:Middlewares/ST/threadx/ports/cortex_m7/gnu/inc/tx_port.h **** 
 236:Middlewares/ST/threadx/ports/cortex_m7/gnu/inc/tx_port.h **** 
 237:Middlewares/ST/threadx/ports/cortex_m7/gnu/inc/tx_port.h **** #define TX_THREAD_EXTENSION_3
 238:Middlewares/ST/threadx/ports/cortex_m7/gnu/inc/tx_port.h **** 
 239:Middlewares/ST/threadx/ports/cortex_m7/gnu/inc/tx_port.h **** 
 240:Middlewares/ST/threadx/ports/cortex_m7/gnu/inc/tx_port.h **** 
 241:Middlewares/ST/threadx/ports/cortex_m7/gnu/inc/tx_port.h **** /* Define the port extensions of the remaining ThreadX objects.  */
 242:Middlewares/ST/threadx/ports/cortex_m7/gnu/inc/tx_port.h **** 
 243:Middlewares/ST/threadx/ports/cortex_m7/gnu/inc/tx_port.h **** #define TX_BLOCK_POOL_EXTENSION
 244:Middlewares/ST/threadx/ports/cortex_m7/gnu/inc/tx_port.h **** #define TX_BYTE_POOL_EXTENSION
 245:Middlewares/ST/threadx/ports/cortex_m7/gnu/inc/tx_port.h **** #define TX_EVENT_FLAGS_GROUP_EXTENSION
 246:Middlewares/ST/threadx/ports/cortex_m7/gnu/inc/tx_port.h **** #define TX_MUTEX_EXTENSION
 247:Middlewares/ST/threadx/ports/cortex_m7/gnu/inc/tx_port.h **** #define TX_QUEUE_EXTENSION
 248:Middlewares/ST/threadx/ports/cortex_m7/gnu/inc/tx_port.h **** #define TX_SEMAPHORE_EXTENSION
 249:Middlewares/ST/threadx/ports/cortex_m7/gnu/inc/tx_port.h **** #define TX_TIMER_EXTENSION
 250:Middlewares/ST/threadx/ports/cortex_m7/gnu/inc/tx_port.h **** 
 251:Middlewares/ST/threadx/ports/cortex_m7/gnu/inc/tx_port.h **** 
 252:Middlewares/ST/threadx/ports/cortex_m7/gnu/inc/tx_port.h **** /* Define the user extension field of the thread control block.  Nothing
 253:Middlewares/ST/threadx/ports/cortex_m7/gnu/inc/tx_port.h ****    additional is needed for this port so it is defined as white space.  */
 254:Middlewares/ST/threadx/ports/cortex_m7/gnu/inc/tx_port.h **** 
 255:Middlewares/ST/threadx/ports/cortex_m7/gnu/inc/tx_port.h **** #ifndef TX_THREAD_USER_EXTENSION
 256:Middlewares/ST/threadx/ports/cortex_m7/gnu/inc/tx_port.h **** #define TX_THREAD_USER_EXTENSION
 257:Middlewares/ST/threadx/ports/cortex_m7/gnu/inc/tx_port.h **** #endif
 258:Middlewares/ST/threadx/ports/cortex_m7/gnu/inc/tx_port.h **** 
 259:Middlewares/ST/threadx/ports/cortex_m7/gnu/inc/tx_port.h **** 
 260:Middlewares/ST/threadx/ports/cortex_m7/gnu/inc/tx_port.h **** /* Define the macros for processing extensions in tx_thread_create, tx_thread_delete,
 261:Middlewares/ST/threadx/ports/cortex_m7/gnu/inc/tx_port.h ****    tx_thread_shell_entry, and tx_thread_terminate.  */
 262:Middlewares/ST/threadx/ports/cortex_m7/gnu/inc/tx_port.h **** 
 263:Middlewares/ST/threadx/ports/cortex_m7/gnu/inc/tx_port.h **** 
 264:Middlewares/ST/threadx/ports/cortex_m7/gnu/inc/tx_port.h **** #ifdef  TX_ENABLE_IAR_LIBRARY_SUPPORT
 265:Middlewares/ST/threadx/ports/cortex_m7/gnu/inc/tx_port.h **** #if (__VER__ < 8000000)
 266:Middlewares/ST/threadx/ports/cortex_m7/gnu/inc/tx_port.h **** #define TX_THREAD_CREATE_EXTENSION(thread_ptr)                      thread_ptr -> tx_thread_iar_tls
 267:Middlewares/ST/threadx/ports/cortex_m7/gnu/inc/tx_port.h **** #define TX_THREAD_DELETE_EXTENSION(thread_ptr)                      __iar_dlib_perthread_deallocate
 268:Middlewares/ST/threadx/ports/cortex_m7/gnu/inc/tx_port.h ****                                                                     thread_ptr -> tx_thread_iar_tls
 269:Middlewares/ST/threadx/ports/cortex_m7/gnu/inc/tx_port.h **** #define TX_PORT_SPECIFIC_PRE_SCHEDULER_INITIALIZATION               __iar_dlib_perthread_access(0);
 270:Middlewares/ST/threadx/ports/cortex_m7/gnu/inc/tx_port.h **** #else
 271:Middlewares/ST/threadx/ports/cortex_m7/gnu/inc/tx_port.h **** void    *_tx_iar_create_per_thread_tls_area(void);
 272:Middlewares/ST/threadx/ports/cortex_m7/gnu/inc/tx_port.h **** void    _tx_iar_destroy_per_thread_tls_area(void *tls_ptr);
 273:Middlewares/ST/threadx/ports/cortex_m7/gnu/inc/tx_port.h **** void    __iar_Initlocks(void);
 274:Middlewares/ST/threadx/ports/cortex_m7/gnu/inc/tx_port.h **** 
 275:Middlewares/ST/threadx/ports/cortex_m7/gnu/inc/tx_port.h **** #define TX_THREAD_CREATE_EXTENSION(thread_ptr)                      thread_ptr -> tx_thread_iar_tls
 276:Middlewares/ST/threadx/ports/cortex_m7/gnu/inc/tx_port.h **** #define TX_THREAD_DELETE_EXTENSION(thread_ptr)                      do {_tx_iar_destroy_per_thread_
 277:Middlewares/ST/threadx/ports/cortex_m7/gnu/inc/tx_port.h ****                                                                         thread_ptr -> tx_thread_iar
 278:Middlewares/ST/threadx/ports/cortex_m7/gnu/inc/tx_port.h **** #define TX_PORT_SPECIFIC_PRE_SCHEDULER_INITIALIZATION               do {__iar_Initlocks();} while(0
 279:Middlewares/ST/threadx/ports/cortex_m7/gnu/inc/tx_port.h **** #endif
 280:Middlewares/ST/threadx/ports/cortex_m7/gnu/inc/tx_port.h **** #else
 281:Middlewares/ST/threadx/ports/cortex_m7/gnu/inc/tx_port.h **** #define TX_THREAD_CREATE_EXTENSION(thread_ptr)
 282:Middlewares/ST/threadx/ports/cortex_m7/gnu/inc/tx_port.h **** #define TX_THREAD_DELETE_EXTENSION(thread_ptr)
 283:Middlewares/ST/threadx/ports/cortex_m7/gnu/inc/tx_port.h **** #endif
 284:Middlewares/ST/threadx/ports/cortex_m7/gnu/inc/tx_port.h **** 
 285:Middlewares/ST/threadx/ports/cortex_m7/gnu/inc/tx_port.h **** #if defined(__ARMVFP__) || defined(__ARM_PCS_VFP) || defined(__ARM_FP) || defined(__TARGET_FPU_VFP)
 286:Middlewares/ST/threadx/ports/cortex_m7/gnu/inc/tx_port.h **** 
 287:Middlewares/ST/threadx/ports/cortex_m7/gnu/inc/tx_port.h **** #ifdef TX_MISRA_ENABLE
 288:Middlewares/ST/threadx/ports/cortex_m7/gnu/inc/tx_port.h **** 
ARM GAS  /tmp/ccHRZZOW.s 			page 9


 289:Middlewares/ST/threadx/ports/cortex_m7/gnu/inc/tx_port.h **** ULONG  _tx_misra_control_get(void);
 290:Middlewares/ST/threadx/ports/cortex_m7/gnu/inc/tx_port.h **** void   _tx_misra_control_set(ULONG value);
 291:Middlewares/ST/threadx/ports/cortex_m7/gnu/inc/tx_port.h **** ULONG  _tx_misra_fpccr_get(void);
 292:Middlewares/ST/threadx/ports/cortex_m7/gnu/inc/tx_port.h **** void   _tx_misra_vfp_touch(void);
 293:Middlewares/ST/threadx/ports/cortex_m7/gnu/inc/tx_port.h **** 
 294:Middlewares/ST/threadx/ports/cortex_m7/gnu/inc/tx_port.h **** #else   /* TX_MISRA_ENABLE not defined */
 295:Middlewares/ST/threadx/ports/cortex_m7/gnu/inc/tx_port.h **** 
 296:Middlewares/ST/threadx/ports/cortex_m7/gnu/inc/tx_port.h **** /* Define some helper functions (these are intrinsics in some compilers). */
 297:Middlewares/ST/threadx/ports/cortex_m7/gnu/inc/tx_port.h **** #ifdef __GNUC__ /* GCC and ARM Compiler 6 */
 298:Middlewares/ST/threadx/ports/cortex_m7/gnu/inc/tx_port.h **** 
 299:Middlewares/ST/threadx/ports/cortex_m7/gnu/inc/tx_port.h **** __attribute__( ( always_inline ) ) static inline ULONG __get_control_value(void)
 300:Middlewares/ST/threadx/ports/cortex_m7/gnu/inc/tx_port.h **** {
 301:Middlewares/ST/threadx/ports/cortex_m7/gnu/inc/tx_port.h **** ULONG  control_value;
 302:Middlewares/ST/threadx/ports/cortex_m7/gnu/inc/tx_port.h **** 
 303:Middlewares/ST/threadx/ports/cortex_m7/gnu/inc/tx_port.h ****     __asm__ volatile (" MRS  %0,CONTROL ": "=r" (control_value) );
 304:Middlewares/ST/threadx/ports/cortex_m7/gnu/inc/tx_port.h ****     return(control_value);
 305:Middlewares/ST/threadx/ports/cortex_m7/gnu/inc/tx_port.h **** }
 306:Middlewares/ST/threadx/ports/cortex_m7/gnu/inc/tx_port.h **** 
 307:Middlewares/ST/threadx/ports/cortex_m7/gnu/inc/tx_port.h **** __attribute__( ( always_inline ) ) static inline void __set_control_value(ULONG control_value)
 308:Middlewares/ST/threadx/ports/cortex_m7/gnu/inc/tx_port.h **** {
 309:Middlewares/ST/threadx/ports/cortex_m7/gnu/inc/tx_port.h ****     __asm__ volatile (" MSR  CONTROL,%0": : "r" (control_value): "memory" );
 310:Middlewares/ST/threadx/ports/cortex_m7/gnu/inc/tx_port.h **** }
 311:Middlewares/ST/threadx/ports/cortex_m7/gnu/inc/tx_port.h **** 
 312:Middlewares/ST/threadx/ports/cortex_m7/gnu/inc/tx_port.h **** #define TX_VFP_TOUCH()  __asm__ volatile ("VMOV.F32 s0, s0");
 313:Middlewares/ST/threadx/ports/cortex_m7/gnu/inc/tx_port.h **** 
 314:Middlewares/ST/threadx/ports/cortex_m7/gnu/inc/tx_port.h **** #elif defined(__CC_ARM) /* ARM Compiler 5 */
 315:Middlewares/ST/threadx/ports/cortex_m7/gnu/inc/tx_port.h **** 
 316:Middlewares/ST/threadx/ports/cortex_m7/gnu/inc/tx_port.h **** __attribute__( ( always_inline ) ) ULONG __get_control_value(void)
 317:Middlewares/ST/threadx/ports/cortex_m7/gnu/inc/tx_port.h **** {
 318:Middlewares/ST/threadx/ports/cortex_m7/gnu/inc/tx_port.h **** ULONG  control_value;
 319:Middlewares/ST/threadx/ports/cortex_m7/gnu/inc/tx_port.h **** 
 320:Middlewares/ST/threadx/ports/cortex_m7/gnu/inc/tx_port.h ****     __asm volatile ("MRS control_value,CONTROL");
 321:Middlewares/ST/threadx/ports/cortex_m7/gnu/inc/tx_port.h ****     return(control_value);
 322:Middlewares/ST/threadx/ports/cortex_m7/gnu/inc/tx_port.h **** }
 323:Middlewares/ST/threadx/ports/cortex_m7/gnu/inc/tx_port.h **** 
 324:Middlewares/ST/threadx/ports/cortex_m7/gnu/inc/tx_port.h **** __attribute__( ( always_inline ) ) void __set_control_value(ULONG control_value)
 325:Middlewares/ST/threadx/ports/cortex_m7/gnu/inc/tx_port.h **** {
 326:Middlewares/ST/threadx/ports/cortex_m7/gnu/inc/tx_port.h ****     __asm__ volatile ("MSR CONTROL,control_value");
 327:Middlewares/ST/threadx/ports/cortex_m7/gnu/inc/tx_port.h **** }
 328:Middlewares/ST/threadx/ports/cortex_m7/gnu/inc/tx_port.h **** /* Can't access VFP registers with inline asm, so define this in tx_thread_schedule.  */
 329:Middlewares/ST/threadx/ports/cortex_m7/gnu/inc/tx_port.h **** void _tx_vfp_access(void);
 330:Middlewares/ST/threadx/ports/cortex_m7/gnu/inc/tx_port.h **** #define TX_VFP_TOUCH()  _tx_vfp_access();
 331:Middlewares/ST/threadx/ports/cortex_m7/gnu/inc/tx_port.h **** 
 332:Middlewares/ST/threadx/ports/cortex_m7/gnu/inc/tx_port.h **** #elif defined(__ICCARM__)  /* IAR */
 333:Middlewares/ST/threadx/ports/cortex_m7/gnu/inc/tx_port.h **** #define TX_VFP_TOUCH()  __asm__ volatile ("VMOV.F32 s0, s0");
 334:Middlewares/ST/threadx/ports/cortex_m7/gnu/inc/tx_port.h **** #endif  /* Helper functions for different compilers */
 335:Middlewares/ST/threadx/ports/cortex_m7/gnu/inc/tx_port.h **** 
 336:Middlewares/ST/threadx/ports/cortex_m7/gnu/inc/tx_port.h **** #endif  /* TX_MISRA_ENABLE */
 337:Middlewares/ST/threadx/ports/cortex_m7/gnu/inc/tx_port.h **** 
 338:Middlewares/ST/threadx/ports/cortex_m7/gnu/inc/tx_port.h **** 
 339:Middlewares/ST/threadx/ports/cortex_m7/gnu/inc/tx_port.h **** /* A completed thread falls into _thread_shell_entry and we can simply deactivate the FPU via CONTR
 340:Middlewares/ST/threadx/ports/cortex_m7/gnu/inc/tx_port.h ****    in order to ensure no lazy stacking will occur. */
 341:Middlewares/ST/threadx/ports/cortex_m7/gnu/inc/tx_port.h **** 
 342:Middlewares/ST/threadx/ports/cortex_m7/gnu/inc/tx_port.h **** #ifndef TX_MISRA_ENABLE
 343:Middlewares/ST/threadx/ports/cortex_m7/gnu/inc/tx_port.h **** 
 344:Middlewares/ST/threadx/ports/cortex_m7/gnu/inc/tx_port.h **** #define TX_THREAD_COMPLETED_EXTENSION(thread_ptr)   {                                              
 345:Middlewares/ST/threadx/ports/cortex_m7/gnu/inc/tx_port.h ****                                                     ULONG  _tx_vfp_state;                          
ARM GAS  /tmp/ccHRZZOW.s 			page 10


 346:Middlewares/ST/threadx/ports/cortex_m7/gnu/inc/tx_port.h ****                                                         _tx_vfp_state =  __get_control_value();    
 347:Middlewares/ST/threadx/ports/cortex_m7/gnu/inc/tx_port.h ****                                                         _tx_vfp_state =  _tx_vfp_state & ~((ULONG) 
 348:Middlewares/ST/threadx/ports/cortex_m7/gnu/inc/tx_port.h ****                                                         __set_control_value(_tx_vfp_state);        
 349:Middlewares/ST/threadx/ports/cortex_m7/gnu/inc/tx_port.h ****                                                     }
 350:Middlewares/ST/threadx/ports/cortex_m7/gnu/inc/tx_port.h **** #else
 351:Middlewares/ST/threadx/ports/cortex_m7/gnu/inc/tx_port.h **** 
 352:Middlewares/ST/threadx/ports/cortex_m7/gnu/inc/tx_port.h **** #define TX_THREAD_COMPLETED_EXTENSION(thread_ptr)   {                                              
 353:Middlewares/ST/threadx/ports/cortex_m7/gnu/inc/tx_port.h ****                                                     ULONG  _tx_vfp_state;                          
 354:Middlewares/ST/threadx/ports/cortex_m7/gnu/inc/tx_port.h ****                                                         _tx_vfp_state =  _tx_misra_control_get();  
 355:Middlewares/ST/threadx/ports/cortex_m7/gnu/inc/tx_port.h ****                                                         _tx_vfp_state =  _tx_vfp_state & ~((ULONG) 
 356:Middlewares/ST/threadx/ports/cortex_m7/gnu/inc/tx_port.h ****                                                         _tx_misra_control_set(_tx_vfp_state);      
 357:Middlewares/ST/threadx/ports/cortex_m7/gnu/inc/tx_port.h ****                                                     }
 358:Middlewares/ST/threadx/ports/cortex_m7/gnu/inc/tx_port.h **** 
 359:Middlewares/ST/threadx/ports/cortex_m7/gnu/inc/tx_port.h **** #endif
 360:Middlewares/ST/threadx/ports/cortex_m7/gnu/inc/tx_port.h **** 
 361:Middlewares/ST/threadx/ports/cortex_m7/gnu/inc/tx_port.h **** /* A thread can be terminated by another thread, so we first check if it's self-terminating and not
 362:Middlewares/ST/threadx/ports/cortex_m7/gnu/inc/tx_port.h ****    If so, deactivate the FPU via CONTROL.FPCA. Otherwise we are in an interrupt or another thread i
 363:Middlewares/ST/threadx/ports/cortex_m7/gnu/inc/tx_port.h ****    this one, so if the FPCCR.LSPACT bit is set, we need to save the CONTROL.FPCA state, touch the F
 364:Middlewares/ST/threadx/ports/cortex_m7/gnu/inc/tx_port.h ****    the lazy FPU save, then restore the CONTROL.FPCA state. */
 365:Middlewares/ST/threadx/ports/cortex_m7/gnu/inc/tx_port.h **** 
 366:Middlewares/ST/threadx/ports/cortex_m7/gnu/inc/tx_port.h **** #ifndef TX_MISRA_ENABLE
 367:Middlewares/ST/threadx/ports/cortex_m7/gnu/inc/tx_port.h **** 
 368:Middlewares/ST/threadx/ports/cortex_m7/gnu/inc/tx_port.h **** #define TX_THREAD_TERMINATED_EXTENSION(thread_ptr)  {                                              
 369:Middlewares/ST/threadx/ports/cortex_m7/gnu/inc/tx_port.h ****                                                     ULONG  _tx_system_state;                       
 370:Middlewares/ST/threadx/ports/cortex_m7/gnu/inc/tx_port.h ****                                                         _tx_system_state =  TX_THREAD_GET_SYSTEM_ST
 371:Middlewares/ST/threadx/ports/cortex_m7/gnu/inc/tx_port.h ****                                                         if ((_tx_system_state == ((ULONG) 0)) && ((
 372:Middlewares/ST/threadx/ports/cortex_m7/gnu/inc/tx_port.h ****                                                         {                                          
 373:Middlewares/ST/threadx/ports/cortex_m7/gnu/inc/tx_port.h ****                                                         ULONG  _tx_vfp_state;                      
 374:Middlewares/ST/threadx/ports/cortex_m7/gnu/inc/tx_port.h ****                                                             _tx_vfp_state =  __get_control_value();
 375:Middlewares/ST/threadx/ports/cortex_m7/gnu/inc/tx_port.h ****                                                             _tx_vfp_state =  _tx_vfp_state & ~((ULO
 376:Middlewares/ST/threadx/ports/cortex_m7/gnu/inc/tx_port.h ****                                                             __set_control_value(_tx_vfp_state);    
 377:Middlewares/ST/threadx/ports/cortex_m7/gnu/inc/tx_port.h ****                                                         }                                          
 378:Middlewares/ST/threadx/ports/cortex_m7/gnu/inc/tx_port.h ****                                                         else                                       
 379:Middlewares/ST/threadx/ports/cortex_m7/gnu/inc/tx_port.h ****                                                         {                                          
 380:Middlewares/ST/threadx/ports/cortex_m7/gnu/inc/tx_port.h ****                                                         ULONG  _tx_fpccr;                          
 381:Middlewares/ST/threadx/ports/cortex_m7/gnu/inc/tx_port.h ****                                                             _tx_fpccr =  *((ULONG *) 0xE000EF34);  
 382:Middlewares/ST/threadx/ports/cortex_m7/gnu/inc/tx_port.h ****                                                             _tx_fpccr =  _tx_fpccr & ((ULONG) 0x01)
 383:Middlewares/ST/threadx/ports/cortex_m7/gnu/inc/tx_port.h ****                                                             if (_tx_fpccr == ((ULONG) 0x01))       
 384:Middlewares/ST/threadx/ports/cortex_m7/gnu/inc/tx_port.h ****                                                             {                                      
 385:Middlewares/ST/threadx/ports/cortex_m7/gnu/inc/tx_port.h ****                                                             ULONG _tx_vfp_state;                   
 386:Middlewares/ST/threadx/ports/cortex_m7/gnu/inc/tx_port.h ****                                                                 _tx_vfp_state = __get_control_value
 387:Middlewares/ST/threadx/ports/cortex_m7/gnu/inc/tx_port.h ****                                                                 _tx_vfp_state =  _tx_vfp_state & ((
 388:Middlewares/ST/threadx/ports/cortex_m7/gnu/inc/tx_port.h ****                                                                 TX_VFP_TOUCH();                    
 389:Middlewares/ST/threadx/ports/cortex_m7/gnu/inc/tx_port.h ****                                                                 if (_tx_vfp_state == ((ULONG) 0))  
 390:Middlewares/ST/threadx/ports/cortex_m7/gnu/inc/tx_port.h ****                                                                 {                                  
 391:Middlewares/ST/threadx/ports/cortex_m7/gnu/inc/tx_port.h ****                                                                     _tx_vfp_state =  __get_control_
 392:Middlewares/ST/threadx/ports/cortex_m7/gnu/inc/tx_port.h ****                                                                     _tx_vfp_state =  _tx_vfp_state 
 393:Middlewares/ST/threadx/ports/cortex_m7/gnu/inc/tx_port.h ****                                                                     __set_control_value(_tx_vfp_sta
 394:Middlewares/ST/threadx/ports/cortex_m7/gnu/inc/tx_port.h ****                                                                 }                                  
 395:Middlewares/ST/threadx/ports/cortex_m7/gnu/inc/tx_port.h ****                                                             }                                      
 396:Middlewares/ST/threadx/ports/cortex_m7/gnu/inc/tx_port.h ****                                                         }                                          
 397:Middlewares/ST/threadx/ports/cortex_m7/gnu/inc/tx_port.h ****                                                     }
 398:Middlewares/ST/threadx/ports/cortex_m7/gnu/inc/tx_port.h **** #else
 399:Middlewares/ST/threadx/ports/cortex_m7/gnu/inc/tx_port.h **** 
 400:Middlewares/ST/threadx/ports/cortex_m7/gnu/inc/tx_port.h **** #define TX_THREAD_TERMINATED_EXTENSION(thread_ptr)  {                                              
 401:Middlewares/ST/threadx/ports/cortex_m7/gnu/inc/tx_port.h ****                                                     ULONG  _tx_system_state;                       
 402:Middlewares/ST/threadx/ports/cortex_m7/gnu/inc/tx_port.h ****                                                         _tx_system_state =  TX_THREAD_GET_SYSTEM_ST
ARM GAS  /tmp/ccHRZZOW.s 			page 11


 403:Middlewares/ST/threadx/ports/cortex_m7/gnu/inc/tx_port.h ****                                                         if ((_tx_system_state == ((ULONG) 0)) && ((
 404:Middlewares/ST/threadx/ports/cortex_m7/gnu/inc/tx_port.h ****                                                         {                                          
 405:Middlewares/ST/threadx/ports/cortex_m7/gnu/inc/tx_port.h ****                                                         ULONG  _tx_vfp_state;                      
 406:Middlewares/ST/threadx/ports/cortex_m7/gnu/inc/tx_port.h ****                                                             _tx_vfp_state =  _tx_misra_control_get(
 407:Middlewares/ST/threadx/ports/cortex_m7/gnu/inc/tx_port.h ****                                                             _tx_vfp_state =  _tx_vfp_state & ~((ULO
 408:Middlewares/ST/threadx/ports/cortex_m7/gnu/inc/tx_port.h ****                                                             _tx_misra_control_set(_tx_vfp_state);  
 409:Middlewares/ST/threadx/ports/cortex_m7/gnu/inc/tx_port.h ****                                                         }                                          
 410:Middlewares/ST/threadx/ports/cortex_m7/gnu/inc/tx_port.h ****                                                         else                                       
 411:Middlewares/ST/threadx/ports/cortex_m7/gnu/inc/tx_port.h ****                                                         {                                          
 412:Middlewares/ST/threadx/ports/cortex_m7/gnu/inc/tx_port.h ****                                                         ULONG  _tx_fpccr;                          
 413:Middlewares/ST/threadx/ports/cortex_m7/gnu/inc/tx_port.h ****                                                             _tx_fpccr =  _tx_misra_fpccr_get();    
 414:Middlewares/ST/threadx/ports/cortex_m7/gnu/inc/tx_port.h ****                                                             _tx_fpccr =  _tx_fpccr & ((ULONG) 0x01)
 415:Middlewares/ST/threadx/ports/cortex_m7/gnu/inc/tx_port.h ****                                                             if (_tx_fpccr == ((ULONG) 0x01))       
 416:Middlewares/ST/threadx/ports/cortex_m7/gnu/inc/tx_port.h ****                                                             {                                      
 417:Middlewares/ST/threadx/ports/cortex_m7/gnu/inc/tx_port.h ****                                                             ULONG _tx_vfp_state;                   
 418:Middlewares/ST/threadx/ports/cortex_m7/gnu/inc/tx_port.h ****                                                                 _tx_vfp_state = _tx_misra_control_g
 419:Middlewares/ST/threadx/ports/cortex_m7/gnu/inc/tx_port.h ****                                                                 _tx_vfp_state =  _tx_vfp_state & ((
 420:Middlewares/ST/threadx/ports/cortex_m7/gnu/inc/tx_port.h ****                                                                 _tx_misra_vfp_touch();             
 421:Middlewares/ST/threadx/ports/cortex_m7/gnu/inc/tx_port.h ****                                                                 if (_tx_vfp_state == ((ULONG) 0))  
 422:Middlewares/ST/threadx/ports/cortex_m7/gnu/inc/tx_port.h ****                                                                 {                                  
 423:Middlewares/ST/threadx/ports/cortex_m7/gnu/inc/tx_port.h ****                                                                     _tx_vfp_state =  _tx_misra_cont
 424:Middlewares/ST/threadx/ports/cortex_m7/gnu/inc/tx_port.h ****                                                                     _tx_vfp_state =  _tx_vfp_state 
 425:Middlewares/ST/threadx/ports/cortex_m7/gnu/inc/tx_port.h ****                                                                     _tx_misra_control_set(_tx_vfp_s
 426:Middlewares/ST/threadx/ports/cortex_m7/gnu/inc/tx_port.h ****                                                                 }                                  
 427:Middlewares/ST/threadx/ports/cortex_m7/gnu/inc/tx_port.h ****                                                             }                                      
 428:Middlewares/ST/threadx/ports/cortex_m7/gnu/inc/tx_port.h ****                                                         }                                          
 429:Middlewares/ST/threadx/ports/cortex_m7/gnu/inc/tx_port.h ****                                                     }
 430:Middlewares/ST/threadx/ports/cortex_m7/gnu/inc/tx_port.h **** #endif
 431:Middlewares/ST/threadx/ports/cortex_m7/gnu/inc/tx_port.h **** 
 432:Middlewares/ST/threadx/ports/cortex_m7/gnu/inc/tx_port.h **** #else   /* No VFP in use */
 433:Middlewares/ST/threadx/ports/cortex_m7/gnu/inc/tx_port.h **** 
 434:Middlewares/ST/threadx/ports/cortex_m7/gnu/inc/tx_port.h **** #define TX_THREAD_COMPLETED_EXTENSION(thread_ptr)
 435:Middlewares/ST/threadx/ports/cortex_m7/gnu/inc/tx_port.h **** #define TX_THREAD_TERMINATED_EXTENSION(thread_ptr)
 436:Middlewares/ST/threadx/ports/cortex_m7/gnu/inc/tx_port.h **** 
 437:Middlewares/ST/threadx/ports/cortex_m7/gnu/inc/tx_port.h **** #endif  /* defined(__ARMVFP__) || defined(__ARM_PCS_VFP) || defined(__ARM_FP) || defined(__TARGET_F
 438:Middlewares/ST/threadx/ports/cortex_m7/gnu/inc/tx_port.h **** 
 439:Middlewares/ST/threadx/ports/cortex_m7/gnu/inc/tx_port.h **** 
 440:Middlewares/ST/threadx/ports/cortex_m7/gnu/inc/tx_port.h **** /* Define the ThreadX object creation extensions for the remaining objects.  */
 441:Middlewares/ST/threadx/ports/cortex_m7/gnu/inc/tx_port.h **** 
 442:Middlewares/ST/threadx/ports/cortex_m7/gnu/inc/tx_port.h **** #define TX_BLOCK_POOL_CREATE_EXTENSION(pool_ptr)
 443:Middlewares/ST/threadx/ports/cortex_m7/gnu/inc/tx_port.h **** #define TX_BYTE_POOL_CREATE_EXTENSION(pool_ptr)
 444:Middlewares/ST/threadx/ports/cortex_m7/gnu/inc/tx_port.h **** #define TX_EVENT_FLAGS_GROUP_CREATE_EXTENSION(group_ptr)
 445:Middlewares/ST/threadx/ports/cortex_m7/gnu/inc/tx_port.h **** #define TX_MUTEX_CREATE_EXTENSION(mutex_ptr)
 446:Middlewares/ST/threadx/ports/cortex_m7/gnu/inc/tx_port.h **** #define TX_QUEUE_CREATE_EXTENSION(queue_ptr)
 447:Middlewares/ST/threadx/ports/cortex_m7/gnu/inc/tx_port.h **** #define TX_SEMAPHORE_CREATE_EXTENSION(semaphore_ptr)
 448:Middlewares/ST/threadx/ports/cortex_m7/gnu/inc/tx_port.h **** #define TX_TIMER_CREATE_EXTENSION(timer_ptr)
 449:Middlewares/ST/threadx/ports/cortex_m7/gnu/inc/tx_port.h **** 
 450:Middlewares/ST/threadx/ports/cortex_m7/gnu/inc/tx_port.h **** 
 451:Middlewares/ST/threadx/ports/cortex_m7/gnu/inc/tx_port.h **** /* Define the ThreadX object deletion extensions for the remaining objects.  */
 452:Middlewares/ST/threadx/ports/cortex_m7/gnu/inc/tx_port.h **** 
 453:Middlewares/ST/threadx/ports/cortex_m7/gnu/inc/tx_port.h **** #define TX_BLOCK_POOL_DELETE_EXTENSION(pool_ptr)
 454:Middlewares/ST/threadx/ports/cortex_m7/gnu/inc/tx_port.h **** #define TX_BYTE_POOL_DELETE_EXTENSION(pool_ptr)
 455:Middlewares/ST/threadx/ports/cortex_m7/gnu/inc/tx_port.h **** #define TX_EVENT_FLAGS_GROUP_DELETE_EXTENSION(group_ptr)
 456:Middlewares/ST/threadx/ports/cortex_m7/gnu/inc/tx_port.h **** #define TX_MUTEX_DELETE_EXTENSION(mutex_ptr)
 457:Middlewares/ST/threadx/ports/cortex_m7/gnu/inc/tx_port.h **** #define TX_QUEUE_DELETE_EXTENSION(queue_ptr)
 458:Middlewares/ST/threadx/ports/cortex_m7/gnu/inc/tx_port.h **** #define TX_SEMAPHORE_DELETE_EXTENSION(semaphore_ptr)
 459:Middlewares/ST/threadx/ports/cortex_m7/gnu/inc/tx_port.h **** #define TX_TIMER_DELETE_EXTENSION(timer_ptr)
ARM GAS  /tmp/ccHRZZOW.s 			page 12


 460:Middlewares/ST/threadx/ports/cortex_m7/gnu/inc/tx_port.h **** 
 461:Middlewares/ST/threadx/ports/cortex_m7/gnu/inc/tx_port.h **** 
 462:Middlewares/ST/threadx/ports/cortex_m7/gnu/inc/tx_port.h **** /* Define the get system state macro.  */
 463:Middlewares/ST/threadx/ports/cortex_m7/gnu/inc/tx_port.h **** 
 464:Middlewares/ST/threadx/ports/cortex_m7/gnu/inc/tx_port.h **** #ifndef TX_THREAD_GET_SYSTEM_STATE
 465:Middlewares/ST/threadx/ports/cortex_m7/gnu/inc/tx_port.h **** #ifndef TX_MISRA_ENABLE
 466:Middlewares/ST/threadx/ports/cortex_m7/gnu/inc/tx_port.h **** 
 467:Middlewares/ST/threadx/ports/cortex_m7/gnu/inc/tx_port.h **** #ifdef __CC_ARM /* ARM Compiler 5 */
 468:Middlewares/ST/threadx/ports/cortex_m7/gnu/inc/tx_port.h **** 
 469:Middlewares/ST/threadx/ports/cortex_m7/gnu/inc/tx_port.h **** register unsigned int _ipsr __asm("ipsr");
 470:Middlewares/ST/threadx/ports/cortex_m7/gnu/inc/tx_port.h **** #define TX_THREAD_GET_SYSTEM_STATE()        (_tx_thread_system_state | _ipsr)
 471:Middlewares/ST/threadx/ports/cortex_m7/gnu/inc/tx_port.h **** 
 472:Middlewares/ST/threadx/ports/cortex_m7/gnu/inc/tx_port.h **** #elif defined(__GNUC__) /* GCC and ARM Compiler 6 */
 473:Middlewares/ST/threadx/ports/cortex_m7/gnu/inc/tx_port.h **** 
 474:Middlewares/ST/threadx/ports/cortex_m7/gnu/inc/tx_port.h **** __attribute__( ( always_inline ) ) static inline unsigned int __get_ipsr_value(void)
 475:Middlewares/ST/threadx/ports/cortex_m7/gnu/inc/tx_port.h **** {
 476:Middlewares/ST/threadx/ports/cortex_m7/gnu/inc/tx_port.h **** unsigned int  ipsr_value;
 477:Middlewares/ST/threadx/ports/cortex_m7/gnu/inc/tx_port.h ****     __asm__ volatile (" MRS  %0,IPSR ": "=r" (ipsr_value) );
 478:Middlewares/ST/threadx/ports/cortex_m7/gnu/inc/tx_port.h ****     return(ipsr_value);
 479:Middlewares/ST/threadx/ports/cortex_m7/gnu/inc/tx_port.h **** }
 480:Middlewares/ST/threadx/ports/cortex_m7/gnu/inc/tx_port.h **** 
 481:Middlewares/ST/threadx/ports/cortex_m7/gnu/inc/tx_port.h **** #define TX_THREAD_GET_SYSTEM_STATE()        (_tx_thread_system_state | __get_ipsr_value())
 482:Middlewares/ST/threadx/ports/cortex_m7/gnu/inc/tx_port.h **** 
 483:Middlewares/ST/threadx/ports/cortex_m7/gnu/inc/tx_port.h **** #elif defined(__ICCARM__)   /* IAR */
 484:Middlewares/ST/threadx/ports/cortex_m7/gnu/inc/tx_port.h **** 
 485:Middlewares/ST/threadx/ports/cortex_m7/gnu/inc/tx_port.h **** #define TX_THREAD_GET_SYSTEM_STATE()        (_tx_thread_system_state | __get_IPSR())
 486:Middlewares/ST/threadx/ports/cortex_m7/gnu/inc/tx_port.h **** 
 487:Middlewares/ST/threadx/ports/cortex_m7/gnu/inc/tx_port.h **** #endif  /* TX_THREAD_GET_SYSTEM_STATE for different compilers */
 488:Middlewares/ST/threadx/ports/cortex_m7/gnu/inc/tx_port.h **** 
 489:Middlewares/ST/threadx/ports/cortex_m7/gnu/inc/tx_port.h **** #else   /* TX_MISRA_ENABLE is defined, use MISRA function. */
 490:Middlewares/ST/threadx/ports/cortex_m7/gnu/inc/tx_port.h **** ULONG   _tx_misra_ipsr_get(VOID);
 491:Middlewares/ST/threadx/ports/cortex_m7/gnu/inc/tx_port.h **** #define TX_THREAD_GET_SYSTEM_STATE()        (_tx_thread_system_state | _tx_misra_ipsr_get())
 492:Middlewares/ST/threadx/ports/cortex_m7/gnu/inc/tx_port.h **** #endif  /* TX_MISRA_ENABLE */
 493:Middlewares/ST/threadx/ports/cortex_m7/gnu/inc/tx_port.h **** #endif  /* TX_THREAD_GET_SYSTEM_STATE */
 494:Middlewares/ST/threadx/ports/cortex_m7/gnu/inc/tx_port.h **** 
 495:Middlewares/ST/threadx/ports/cortex_m7/gnu/inc/tx_port.h **** 
 496:Middlewares/ST/threadx/ports/cortex_m7/gnu/inc/tx_port.h **** /* Define the check for whether or not to call the _tx_thread_system_return function.  A non-zero v
 497:Middlewares/ST/threadx/ports/cortex_m7/gnu/inc/tx_port.h ****    indicates that _tx_thread_system_return should not be called. This overrides the definition in t
 498:Middlewares/ST/threadx/ports/cortex_m7/gnu/inc/tx_port.h ****    for Cortex-M since so we don't waste time checking the _tx_thread_system_state variable that is 
 499:Middlewares/ST/threadx/ports/cortex_m7/gnu/inc/tx_port.h ****    zero after initialization for Cortex-M ports. */
 500:Middlewares/ST/threadx/ports/cortex_m7/gnu/inc/tx_port.h **** 
 501:Middlewares/ST/threadx/ports/cortex_m7/gnu/inc/tx_port.h **** #ifndef TX_THREAD_SYSTEM_RETURN_CHECK
 502:Middlewares/ST/threadx/ports/cortex_m7/gnu/inc/tx_port.h **** #define TX_THREAD_SYSTEM_RETURN_CHECK(c)    (c) = ((ULONG) _tx_thread_preempt_disable);
 503:Middlewares/ST/threadx/ports/cortex_m7/gnu/inc/tx_port.h **** #endif
 504:Middlewares/ST/threadx/ports/cortex_m7/gnu/inc/tx_port.h **** 
 505:Middlewares/ST/threadx/ports/cortex_m7/gnu/inc/tx_port.h **** /* Define the macro to ensure _tx_thread_preempt_disable is set early in initialization in order to
 506:Middlewares/ST/threadx/ports/cortex_m7/gnu/inc/tx_port.h ****    prevent early scheduling on Cortex-M parts.  */
 507:Middlewares/ST/threadx/ports/cortex_m7/gnu/inc/tx_port.h **** 
 508:Middlewares/ST/threadx/ports/cortex_m7/gnu/inc/tx_port.h **** #define TX_PORT_SPECIFIC_POST_INITIALIZATION    _tx_thread_preempt_disable++;
 509:Middlewares/ST/threadx/ports/cortex_m7/gnu/inc/tx_port.h **** 
 510:Middlewares/ST/threadx/ports/cortex_m7/gnu/inc/tx_port.h **** 
 511:Middlewares/ST/threadx/ports/cortex_m7/gnu/inc/tx_port.h **** 
 512:Middlewares/ST/threadx/ports/cortex_m7/gnu/inc/tx_port.h **** 
 513:Middlewares/ST/threadx/ports/cortex_m7/gnu/inc/tx_port.h **** #ifndef TX_DISABLE_INLINE
 514:Middlewares/ST/threadx/ports/cortex_m7/gnu/inc/tx_port.h **** 
 515:Middlewares/ST/threadx/ports/cortex_m7/gnu/inc/tx_port.h **** /* Define the TX_LOWEST_SET_BIT_CALCULATE macro for each compiler. */
 516:Middlewares/ST/threadx/ports/cortex_m7/gnu/inc/tx_port.h **** #ifdef __ICCARM__       /* IAR Compiler */
ARM GAS  /tmp/ccHRZZOW.s 			page 13


 517:Middlewares/ST/threadx/ports/cortex_m7/gnu/inc/tx_port.h **** #define TX_LOWEST_SET_BIT_CALCULATE(m, b)       (b) = (UINT) __CLZ(__RBIT((m)));
 518:Middlewares/ST/threadx/ports/cortex_m7/gnu/inc/tx_port.h **** #elif defined(__CC_ARM) /* AC5 Compiler */
 519:Middlewares/ST/threadx/ports/cortex_m7/gnu/inc/tx_port.h **** #define TX_LOWEST_SET_BIT_CALCULATE(m, b)       (b) = (UINT) __clz(__rbit((m)));
 520:Middlewares/ST/threadx/ports/cortex_m7/gnu/inc/tx_port.h **** #elif defined(__GNUC__) /* GCC and AC6 Compiler */
 521:Middlewares/ST/threadx/ports/cortex_m7/gnu/inc/tx_port.h **** #define TX_LOWEST_SET_BIT_CALCULATE(m, b)       __asm__ volatile (" RBIT %0,%1 ": "=r" (m) : "r" (m
 522:Middlewares/ST/threadx/ports/cortex_m7/gnu/inc/tx_port.h ****                                                 __asm__ volatile (" CLZ  %0,%1 ": "=r" (b) : "r" (m
 523:Middlewares/ST/threadx/ports/cortex_m7/gnu/inc/tx_port.h **** #endif
 524:Middlewares/ST/threadx/ports/cortex_m7/gnu/inc/tx_port.h **** 
 525:Middlewares/ST/threadx/ports/cortex_m7/gnu/inc/tx_port.h **** 
 526:Middlewares/ST/threadx/ports/cortex_m7/gnu/inc/tx_port.h **** 
 527:Middlewares/ST/threadx/ports/cortex_m7/gnu/inc/tx_port.h **** /* Define the interrupt disable/restore macros for each compiler. */
 528:Middlewares/ST/threadx/ports/cortex_m7/gnu/inc/tx_port.h **** 
 529:Middlewares/ST/threadx/ports/cortex_m7/gnu/inc/tx_port.h **** #if defined(__GNUC__) || defined(__ICCARM__)
 530:Middlewares/ST/threadx/ports/cortex_m7/gnu/inc/tx_port.h **** 
 531:Middlewares/ST/threadx/ports/cortex_m7/gnu/inc/tx_port.h **** /*** GCC/AC6 and IAR ***/
 532:Middlewares/ST/threadx/ports/cortex_m7/gnu/inc/tx_port.h **** 
 533:Middlewares/ST/threadx/ports/cortex_m7/gnu/inc/tx_port.h **** __attribute__( ( always_inline ) ) static inline unsigned int __get_interrupt_posture(void)
 534:Middlewares/ST/threadx/ports/cortex_m7/gnu/inc/tx_port.h **** {
 535:Middlewares/ST/threadx/ports/cortex_m7/gnu/inc/tx_port.h **** unsigned int posture;
 536:Middlewares/ST/threadx/ports/cortex_m7/gnu/inc/tx_port.h **** #ifdef TX_PORT_USE_BASEPRI
 537:Middlewares/ST/threadx/ports/cortex_m7/gnu/inc/tx_port.h ****     __asm__ volatile ("MRS  %0, BASEPRI ": "=r" (posture));
 538:Middlewares/ST/threadx/ports/cortex_m7/gnu/inc/tx_port.h **** #else
 539:Middlewares/ST/threadx/ports/cortex_m7/gnu/inc/tx_port.h ****     __asm__ volatile ("MRS  %0, PRIMASK ": "=r" (posture));
 540:Middlewares/ST/threadx/ports/cortex_m7/gnu/inc/tx_port.h **** #endif
 541:Middlewares/ST/threadx/ports/cortex_m7/gnu/inc/tx_port.h ****     return(posture);
 542:Middlewares/ST/threadx/ports/cortex_m7/gnu/inc/tx_port.h **** }
 543:Middlewares/ST/threadx/ports/cortex_m7/gnu/inc/tx_port.h **** 
 544:Middlewares/ST/threadx/ports/cortex_m7/gnu/inc/tx_port.h **** #ifdef TX_PORT_USE_BASEPRI
 545:Middlewares/ST/threadx/ports/cortex_m7/gnu/inc/tx_port.h **** __attribute__( ( always_inline ) ) static inline void __set_basepri_value(unsigned int basepri_valu
 546:Middlewares/ST/threadx/ports/cortex_m7/gnu/inc/tx_port.h **** {
 547:Middlewares/ST/threadx/ports/cortex_m7/gnu/inc/tx_port.h ****     __asm__ volatile ("MSR  BASEPRI,%0 ": : "r" (basepri_value));
 548:Middlewares/ST/threadx/ports/cortex_m7/gnu/inc/tx_port.h **** }
 549:Middlewares/ST/threadx/ports/cortex_m7/gnu/inc/tx_port.h **** #else
 550:Middlewares/ST/threadx/ports/cortex_m7/gnu/inc/tx_port.h **** __attribute__( ( always_inline ) ) static inline void __enable_interrupts(void)
 551:Middlewares/ST/threadx/ports/cortex_m7/gnu/inc/tx_port.h **** {
 552:Middlewares/ST/threadx/ports/cortex_m7/gnu/inc/tx_port.h ****     __asm__ volatile ("CPSIE  i": : : "memory");
 553:Middlewares/ST/threadx/ports/cortex_m7/gnu/inc/tx_port.h **** }
 554:Middlewares/ST/threadx/ports/cortex_m7/gnu/inc/tx_port.h **** #endif
 555:Middlewares/ST/threadx/ports/cortex_m7/gnu/inc/tx_port.h **** 
 556:Middlewares/ST/threadx/ports/cortex_m7/gnu/inc/tx_port.h **** __attribute__( ( always_inline ) ) static inline void __restore_interrupt(unsigned int int_posture)
 557:Middlewares/ST/threadx/ports/cortex_m7/gnu/inc/tx_port.h **** {
 558:Middlewares/ST/threadx/ports/cortex_m7/gnu/inc/tx_port.h **** #ifdef TX_PORT_USE_BASEPRI
 559:Middlewares/ST/threadx/ports/cortex_m7/gnu/inc/tx_port.h ****     __set_basepri_value(int_posture);
 560:Middlewares/ST/threadx/ports/cortex_m7/gnu/inc/tx_port.h ****     //__asm__ volatile ("MSR  BASEPRI,%0": : "r" (int_posture): "memory");
 561:Middlewares/ST/threadx/ports/cortex_m7/gnu/inc/tx_port.h **** #else
 562:Middlewares/ST/threadx/ports/cortex_m7/gnu/inc/tx_port.h ****     __asm__ volatile ("MSR  PRIMASK,%0": : "r" (int_posture): "memory");
 563:Middlewares/ST/threadx/ports/cortex_m7/gnu/inc/tx_port.h **** #endif
 564:Middlewares/ST/threadx/ports/cortex_m7/gnu/inc/tx_port.h **** }
 565:Middlewares/ST/threadx/ports/cortex_m7/gnu/inc/tx_port.h **** 
 566:Middlewares/ST/threadx/ports/cortex_m7/gnu/inc/tx_port.h **** __attribute__( ( always_inline ) ) static inline unsigned int __disable_interrupts(void)
  65              		.loc 2 566 63 view .LVU15
  66              	.LBB20:
 567:Middlewares/ST/threadx/ports/cortex_m7/gnu/inc/tx_port.h **** {
 568:Middlewares/ST/threadx/ports/cortex_m7/gnu/inc/tx_port.h **** unsigned int int_posture;
  67              		.loc 2 568 1 view .LVU16
 569:Middlewares/ST/threadx/ports/cortex_m7/gnu/inc/tx_port.h **** 
 570:Middlewares/ST/threadx/ports/cortex_m7/gnu/inc/tx_port.h ****     int_posture = __get_interrupt_posture();
ARM GAS  /tmp/ccHRZZOW.s 			page 14


  68              		.loc 2 570 5 view .LVU17
  69              	.LBB21:
  70              	.LBI21:
 533:Middlewares/ST/threadx/ports/cortex_m7/gnu/inc/tx_port.h **** {
  71              		.loc 2 533 63 view .LVU18
  72              	.LBB22:
 535:Middlewares/ST/threadx/ports/cortex_m7/gnu/inc/tx_port.h **** #ifdef TX_PORT_USE_BASEPRI
  73              		.loc 2 535 1 view .LVU19
 539:Middlewares/ST/threadx/ports/cortex_m7/gnu/inc/tx_port.h **** #endif
  74              		.loc 2 539 5 view .LVU20
  75              		.syntax unified
  76              	@ 539 "Middlewares/ST/threadx/ports/cortex_m7/gnu/inc/tx_port.h" 1
  77 000c EFF31088 		MRS  r8, PRIMASK 
  78              	@ 0 "" 2
  79              	.LVL1:
 541:Middlewares/ST/threadx/ports/cortex_m7/gnu/inc/tx_port.h **** }
  80              		.loc 2 541 5 view .LVU21
 541:Middlewares/ST/threadx/ports/cortex_m7/gnu/inc/tx_port.h **** }
  81              		.loc 2 541 5 is_stmt 0 view .LVU22
  82              		.thumb
  83              		.syntax unified
  84              	.LBE22:
  85              	.LBE21:
 571:Middlewares/ST/threadx/ports/cortex_m7/gnu/inc/tx_port.h **** 
 572:Middlewares/ST/threadx/ports/cortex_m7/gnu/inc/tx_port.h **** #ifdef TX_PORT_USE_BASEPRI
 573:Middlewares/ST/threadx/ports/cortex_m7/gnu/inc/tx_port.h ****     __set_basepri_value(TX_PORT_BASEPRI);
 574:Middlewares/ST/threadx/ports/cortex_m7/gnu/inc/tx_port.h **** #else
 575:Middlewares/ST/threadx/ports/cortex_m7/gnu/inc/tx_port.h ****     __asm__ volatile ("CPSID i" : : : "memory");
  86              		.loc 2 575 5 is_stmt 1 view .LVU23
  87              		.syntax unified
  88              	@ 575 "Middlewares/ST/threadx/ports/cortex_m7/gnu/inc/tx_port.h" 1
  89 0010 72B6     		CPSID i
  90              	@ 0 "" 2
 576:Middlewares/ST/threadx/ports/cortex_m7/gnu/inc/tx_port.h **** #endif
 577:Middlewares/ST/threadx/ports/cortex_m7/gnu/inc/tx_port.h ****     return(int_posture);
  91              		.loc 2 577 5 view .LVU24
  92              	.LVL2:
  93              		.loc 2 577 5 is_stmt 0 view .LVU25
  94              		.thumb
  95              		.syntax unified
  96              	.LBE20:
  97              	.LBE19:
  98              	.LBB23:
 106:Middlewares/ST/threadx/common/src/tx_event_flags_get.c **** 
 107:Middlewares/ST/threadx/common/src/tx_event_flags_get.c **** #ifdef TX_EVENT_FLAGS_ENABLE_PERFORMANCE_INFO
 108:Middlewares/ST/threadx/common/src/tx_event_flags_get.c **** 
 109:Middlewares/ST/threadx/common/src/tx_event_flags_get.c ****     /* Increment the total event flags get counter.  */
 110:Middlewares/ST/threadx/common/src/tx_event_flags_get.c ****     _tx_event_flags_performance_get_count++;
 111:Middlewares/ST/threadx/common/src/tx_event_flags_get.c **** 
 112:Middlewares/ST/threadx/common/src/tx_event_flags_get.c ****     /* Increment the number of event flags gets on this semaphore.  */
 113:Middlewares/ST/threadx/common/src/tx_event_flags_get.c ****     group_ptr -> tx_event_flags_group__performance_get_count++;
 114:Middlewares/ST/threadx/common/src/tx_event_flags_get.c **** #endif
 115:Middlewares/ST/threadx/common/src/tx_event_flags_get.c **** 
 116:Middlewares/ST/threadx/common/src/tx_event_flags_get.c ****     /* If trace is enabled, insert this event into the trace buffer.  */
 117:Middlewares/ST/threadx/common/src/tx_event_flags_get.c ****     TX_TRACE_IN_LINE_INSERT(TX_TRACE_EVENT_FLAGS_GET, group_ptr, requested_flags, group_ptr -> tx_e
  99              		.loc 1 117 5 is_stmt 1 view .LVU26
 100              		.loc 1 117 5 view .LVU27
ARM GAS  /tmp/ccHRZZOW.s 			page 15


 101              		.loc 1 117 5 view .LVU28
 102              		.loc 1 117 5 view .LVU29
 103              		.loc 1 117 5 view .LVU30
 104 0012 564B     		ldr	r3, .L19
 105              	.LVL3:
 106              		.loc 1 117 5 is_stmt 0 view .LVU31
 107 0014 1A68     		ldr	r2, [r3]
 108              	.LVL4:
 109              		.loc 1 117 5 is_stmt 1 view .LVU32
 110 0016 002A     		cmp	r2, #0
 111 0018 3FD0     		beq	.L2
 112              		.loc 1 117 5 is_stmt 0 discriminator 1 view .LVU33
 113 001a 554B     		ldr	r3, .L19+4
 114 001c 1B68     		ldr	r3, [r3]
 115 001e 13F0080F 		tst	r3, #8
 116 0022 3AD0     		beq	.L2
 117              		.loc 1 117 5 is_stmt 1 discriminator 2 view .LVU34
 118              	.LBB24:
 119              	.LBI24:
 474:Middlewares/ST/threadx/ports/cortex_m7/gnu/inc/tx_port.h **** {
 120              		.loc 2 474 63 view .LVU35
 121              	.LBB25:
 476:Middlewares/ST/threadx/ports/cortex_m7/gnu/inc/tx_port.h ****     __asm__ volatile (" MRS  %0,IPSR ": "=r" (ipsr_value) );
 122              		.loc 2 476 1 view .LVU36
 477:Middlewares/ST/threadx/ports/cortex_m7/gnu/inc/tx_port.h ****     return(ipsr_value);
 123              		.loc 2 477 5 view .LVU37
 124              		.syntax unified
 125              	@ 477 "Middlewares/ST/threadx/ports/cortex_m7/gnu/inc/tx_port.h" 1
 126 0024 EFF30580 		 MRS  r0,IPSR 
 127              	@ 0 "" 2
 128              	.LVL5:
 478:Middlewares/ST/threadx/ports/cortex_m7/gnu/inc/tx_port.h **** }
 129              		.loc 2 478 5 view .LVU38
 478:Middlewares/ST/threadx/ports/cortex_m7/gnu/inc/tx_port.h **** }
 130              		.loc 2 478 5 is_stmt 0 view .LVU39
 131              		.thumb
 132              		.syntax unified
 133              	.LBE25:
 134              	.LBE24:
 135              		.loc 1 117 5 discriminator 1 view .LVU40
 136 0028 524B     		ldr	r3, .L19+8
 137 002a 1B68     		ldr	r3, [r3]
 138              	.LVL6:
 139              		.loc 1 117 5 is_stmt 1 discriminator 1 view .LVU41
 140 002c 5249     		ldr	r1, .L19+12
 141              	.LVL7:
 142              		.loc 1 117 5 is_stmt 0 discriminator 1 view .LVU42
 143 002e 0968     		ldr	r1, [r1]
 144              	.LVL8:
 145              		.loc 1 117 5 is_stmt 1 discriminator 1 view .LVU43
 146 0030 0343     		orrs	r3, r3, r0
 147              	.LVL9:
 148              		.loc 1 117 5 is_stmt 0 discriminator 1 view .LVU44
 149 0032 22D1     		bne	.L3
 150              		.loc 1 117 5 is_stmt 1 discriminator 3 view .LVU45
 151 0034 CB6A     		ldr	r3, [r1, #44]
 152              	.LVL10:
ARM GAS  /tmp/ccHRZZOW.s 			page 16


 153              		.loc 1 117 5 discriminator 3 view .LVU46
 154 0036 C86B     		ldr	r0, [r1, #60]
 155 0038 43EA0043 		orr	r3, r3, r0, lsl #16
 156              	.LVL11:
 157              		.loc 1 117 5 is_stmt 0 discriminator 3 view .LVU47
 158 003c 43F00043 		orr	r3, r3, #-2147483648
 159              	.LVL12:
 160              	.L4:
 161              		.loc 1 117 5 is_stmt 1 discriminator 9 view .LVU48
 162 0040 1160     		str	r1, [r2]
 163              		.loc 1 117 5 discriminator 9 view .LVU49
 164 0042 5360     		str	r3, [r2, #4]
 165              		.loc 1 117 5 discriminator 9 view .LVU50
 166 0044 2023     		movs	r3, #32
 167              	.LVL13:
 168              		.loc 1 117 5 is_stmt 0 discriminator 9 view .LVU51
 169 0046 9360     		str	r3, [r2, #8]
 170              		.loc 1 117 5 is_stmt 1 discriminator 9 view .LVU52
 171 0048 4C4B     		ldr	r3, .L19+16
 172 004a 5B68     		ldr	r3, [r3, #4]
 173 004c D360     		str	r3, [r2, #12]
 174              		.loc 1 117 5 discriminator 9 view .LVU53
 175 004e 1461     		str	r4, [r2, #16]
 176              		.loc 1 117 5 discriminator 9 view .LVU54
 177 0050 5661     		str	r6, [r2, #20]
 178              		.loc 1 117 5 discriminator 9 view .LVU55
 179 0052 A368     		ldr	r3, [r4, #8]
 180 0054 9361     		str	r3, [r2, #24]
 181              		.loc 1 117 5 discriminator 9 view .LVU56
 182 0056 D561     		str	r5, [r2, #28]
 183              		.loc 1 117 5 discriminator 9 view .LVU57
 184 0058 2032     		adds	r2, r2, #32
 185              	.LVL14:
 186              		.loc 1 117 5 discriminator 9 view .LVU58
 187 005a 494B     		ldr	r3, .L19+20
 188 005c 1B68     		ldr	r3, [r3]
 189 005e 9342     		cmp	r3, r2
 190 0060 16D8     		bhi	.L5
 191              		.loc 1 117 5 discriminator 10 view .LVU59
 192 0062 484B     		ldr	r3, .L19+24
 193 0064 1B68     		ldr	r3, [r3]
 194              	.LVL15:
 195              		.loc 1 117 5 discriminator 10 view .LVU60
 196 0066 414A     		ldr	r2, .L19
 197              	.LVL16:
 198              		.loc 1 117 5 is_stmt 0 discriminator 10 view .LVU61
 199 0068 1360     		str	r3, [r2]
 200              		.loc 1 117 5 is_stmt 1 discriminator 10 view .LVU62
 201 006a 474A     		ldr	r2, .L19+28
 202 006c 1068     		ldr	r0, [r2]
 203 006e 0362     		str	r3, [r0, #32]
 204              		.loc 1 117 5 discriminator 10 view .LVU63
 205 0070 464B     		ldr	r3, .L19+32
 206              	.LVL17:
 207              		.loc 1 117 5 is_stmt 0 discriminator 10 view .LVU64
 208 0072 1B68     		ldr	r3, [r3]
 209 0074 8BB1     		cbz	r3, .L2
ARM GAS  /tmp/ccHRZZOW.s 			page 17


 210              		.loc 1 117 5 is_stmt 1 discriminator 12 view .LVU65
 211 0076 9847     		blx	r3
 212              	.LVL18:
 213              		.loc 1 117 5 is_stmt 0 discriminator 12 view .LVU66
 214 0078 0FE0     		b	.L2
 215              	.LVL19:
 216              	.L3:
 217              		.loc 1 117 5 is_stmt 1 discriminator 4 view .LVU67
 218 007a B3F1F03F 		cmp	r3, #-252645136
 219 007e 03D2     		bcs	.L14
 220              		.loc 1 117 5 discriminator 6 view .LVU68
 221 0080 0B46     		mov	r3, r1
 222              	.LVL20:
 223              		.loc 1 117 5 discriminator 6 view .LVU69
 224              		.loc 1 117 5 is_stmt 0 discriminator 6 view .LVU70
 225 0082 4FF0FF31 		mov	r1, #-1
 226 0086 DBE7     		b	.L4
 227              	.LVL21:
 228              	.L14:
 229              		.loc 1 117 5 discriminator 7 view .LVU71
 230 0088 4FF0F031 		mov	r1, #-252645136
 231              	.LVL22:
 232              		.loc 1 117 5 discriminator 7 view .LVU72
 233 008c 0023     		movs	r3, #0
 234              	.LVL23:
 235              		.loc 1 117 5 discriminator 7 view .LVU73
 236 008e D7E7     		b	.L4
 237              	.LVL24:
 238              	.L5:
 239              		.loc 1 117 5 is_stmt 1 discriminator 11 view .LVU74
 240 0090 364B     		ldr	r3, .L19
 241 0092 1A60     		str	r2, [r3]
 242              		.loc 1 117 5 discriminator 11 view .LVU75
 243 0094 3C4B     		ldr	r3, .L19+28
 244 0096 1B68     		ldr	r3, [r3]
 245 0098 1A62     		str	r2, [r3, #32]
 246              	.LVL25:
 247              	.L2:
 248              		.loc 1 117 5 is_stmt 0 discriminator 11 view .LVU76
 249              	.LBE23:
 118:Middlewares/ST/threadx/common/src/tx_event_flags_get.c **** 
 119:Middlewares/ST/threadx/common/src/tx_event_flags_get.c ****     /* Log this kernel call.  */
 120:Middlewares/ST/threadx/common/src/tx_event_flags_get.c ****     TX_EL_EVENT_FLAGS_GET_INSERT
 121:Middlewares/ST/threadx/common/src/tx_event_flags_get.c **** 
 122:Middlewares/ST/threadx/common/src/tx_event_flags_get.c ****     /* Pickup current flags.  */
 123:Middlewares/ST/threadx/common/src/tx_event_flags_get.c ****     current_flags =  group_ptr -> tx_event_flags_group_current;
 250              		.loc 1 123 5 is_stmt 1 view .LVU77
 251              		.loc 1 123 19 is_stmt 0 view .LVU78
 252 009a A368     		ldr	r3, [r4, #8]
 253              	.LVL26:
 124:Middlewares/ST/threadx/common/src/tx_event_flags_get.c **** 
 125:Middlewares/ST/threadx/common/src/tx_event_flags_get.c ****     /* Apply the event flag option mask.  */
 126:Middlewares/ST/threadx/common/src/tx_event_flags_get.c ****     and_request =  (get_option & TX_AND);
 254              		.loc 1 126 5 is_stmt 1 view .LVU79
 255              		.loc 1 126 17 is_stmt 0 view .LVU80
 256 009c 05F00201 		and	r1, r5, #2
 257              	.LVL27:
ARM GAS  /tmp/ccHRZZOW.s 			page 18


 127:Middlewares/ST/threadx/common/src/tx_event_flags_get.c **** 
 128:Middlewares/ST/threadx/common/src/tx_event_flags_get.c **** #ifdef TX_NOT_INTERRUPTABLE
 129:Middlewares/ST/threadx/common/src/tx_event_flags_get.c **** 
 130:Middlewares/ST/threadx/common/src/tx_event_flags_get.c ****     /* Check for AND condition. All flags must be present to satisfy request.  */
 131:Middlewares/ST/threadx/common/src/tx_event_flags_get.c ****     if (and_request == TX_AND)
 132:Middlewares/ST/threadx/common/src/tx_event_flags_get.c ****     {
 133:Middlewares/ST/threadx/common/src/tx_event_flags_get.c **** 
 134:Middlewares/ST/threadx/common/src/tx_event_flags_get.c ****         /* AND request is present.  */
 135:Middlewares/ST/threadx/common/src/tx_event_flags_get.c **** 
 136:Middlewares/ST/threadx/common/src/tx_event_flags_get.c ****         /* Calculate the flags present.  */
 137:Middlewares/ST/threadx/common/src/tx_event_flags_get.c ****         flags_satisfied =  (current_flags & requested_flags);
 138:Middlewares/ST/threadx/common/src/tx_event_flags_get.c **** 
 139:Middlewares/ST/threadx/common/src/tx_event_flags_get.c ****         /* Determine if they satisfy the AND request.  */
 140:Middlewares/ST/threadx/common/src/tx_event_flags_get.c ****         if (flags_satisfied != requested_flags)
 141:Middlewares/ST/threadx/common/src/tx_event_flags_get.c ****         {
 142:Middlewares/ST/threadx/common/src/tx_event_flags_get.c **** 
 143:Middlewares/ST/threadx/common/src/tx_event_flags_get.c ****             /* No, not all the requested flags are present. Clear the flags present variable.  */
 144:Middlewares/ST/threadx/common/src/tx_event_flags_get.c ****             flags_satisfied =  ((ULONG) 0);
 145:Middlewares/ST/threadx/common/src/tx_event_flags_get.c ****         }
 146:Middlewares/ST/threadx/common/src/tx_event_flags_get.c ****     }
 147:Middlewares/ST/threadx/common/src/tx_event_flags_get.c ****     else
 148:Middlewares/ST/threadx/common/src/tx_event_flags_get.c ****     {
 149:Middlewares/ST/threadx/common/src/tx_event_flags_get.c **** 
 150:Middlewares/ST/threadx/common/src/tx_event_flags_get.c ****         /* OR request is present. Simply or the requested flags and the current flags.  */
 151:Middlewares/ST/threadx/common/src/tx_event_flags_get.c ****         flags_satisfied =  (current_flags & requested_flags);
 152:Middlewares/ST/threadx/common/src/tx_event_flags_get.c ****     }
 153:Middlewares/ST/threadx/common/src/tx_event_flags_get.c **** 
 154:Middlewares/ST/threadx/common/src/tx_event_flags_get.c ****     /* Determine if the request is satisfied.  */
 155:Middlewares/ST/threadx/common/src/tx_event_flags_get.c ****     if (flags_satisfied != ((ULONG) 0))
 156:Middlewares/ST/threadx/common/src/tx_event_flags_get.c ****     {
 157:Middlewares/ST/threadx/common/src/tx_event_flags_get.c **** 
 158:Middlewares/ST/threadx/common/src/tx_event_flags_get.c ****         /* Return the actual event flags that satisfied the request.  */
 159:Middlewares/ST/threadx/common/src/tx_event_flags_get.c ****         *actual_flags_ptr =  current_flags;
 160:Middlewares/ST/threadx/common/src/tx_event_flags_get.c **** 
 161:Middlewares/ST/threadx/common/src/tx_event_flags_get.c ****         /* Pickup the clear bit.  */
 162:Middlewares/ST/threadx/common/src/tx_event_flags_get.c ****         clear_request =  (get_option & TX_EVENT_FLAGS_CLEAR_MASK);
 163:Middlewares/ST/threadx/common/src/tx_event_flags_get.c **** 
 164:Middlewares/ST/threadx/common/src/tx_event_flags_get.c ****         /* Determine whether or not clearing needs to take place.  */
 165:Middlewares/ST/threadx/common/src/tx_event_flags_get.c ****         if (clear_request == TX_TRUE)
 166:Middlewares/ST/threadx/common/src/tx_event_flags_get.c ****         {
 167:Middlewares/ST/threadx/common/src/tx_event_flags_get.c **** 
 168:Middlewares/ST/threadx/common/src/tx_event_flags_get.c ****              /* Yes, clear the flags that satisfied this request.  */
 169:Middlewares/ST/threadx/common/src/tx_event_flags_get.c ****              group_ptr -> tx_event_flags_group_current =
 170:Middlewares/ST/threadx/common/src/tx_event_flags_get.c ****                                         group_ptr -> tx_event_flags_group_current & (~requested_fla
 171:Middlewares/ST/threadx/common/src/tx_event_flags_get.c ****         }
 172:Middlewares/ST/threadx/common/src/tx_event_flags_get.c **** 
 173:Middlewares/ST/threadx/common/src/tx_event_flags_get.c ****         /* Return success.  */
 174:Middlewares/ST/threadx/common/src/tx_event_flags_get.c ****         status =  TX_SUCCESS;
 175:Middlewares/ST/threadx/common/src/tx_event_flags_get.c ****     }
 176:Middlewares/ST/threadx/common/src/tx_event_flags_get.c **** 
 177:Middlewares/ST/threadx/common/src/tx_event_flags_get.c **** #else
 178:Middlewares/ST/threadx/common/src/tx_event_flags_get.c **** 
 179:Middlewares/ST/threadx/common/src/tx_event_flags_get.c ****     /* Pickup delayed clear flags.  */
 180:Middlewares/ST/threadx/common/src/tx_event_flags_get.c ****     delayed_clear_flags =  group_ptr -> tx_event_flags_group_delayed_clear;
 258              		.loc 1 180 5 is_stmt 1 view .LVU81
 259              		.loc 1 180 25 is_stmt 0 view .LVU82
 260 00a0 226A     		ldr	r2, [r4, #32]
ARM GAS  /tmp/ccHRZZOW.s 			page 19


 261              	.LVL28:
 181:Middlewares/ST/threadx/common/src/tx_event_flags_get.c **** 
 182:Middlewares/ST/threadx/common/src/tx_event_flags_get.c ****     /* Determine if there are any delayed clear operations pending.  */
 183:Middlewares/ST/threadx/common/src/tx_event_flags_get.c ****     if (delayed_clear_flags != ((ULONG) 0))
 262              		.loc 1 183 5 is_stmt 1 view .LVU83
 263              		.loc 1 183 8 is_stmt 0 view .LVU84
 264 00a2 0AB1     		cbz	r2, .L6
 184:Middlewares/ST/threadx/common/src/tx_event_flags_get.c ****     {
 185:Middlewares/ST/threadx/common/src/tx_event_flags_get.c **** 
 186:Middlewares/ST/threadx/common/src/tx_event_flags_get.c ****         /* Yes, apply them to the current flags.  */
 187:Middlewares/ST/threadx/common/src/tx_event_flags_get.c ****         current_flags =  current_flags & (~delayed_clear_flags);
 265              		.loc 1 187 9 is_stmt 1 view .LVU85
 266              		.loc 1 187 23 is_stmt 0 view .LVU86
 267 00a4 23EA0203 		bic	r3, r3, r2
 268              	.LVL29:
 269              	.L6:
 188:Middlewares/ST/threadx/common/src/tx_event_flags_get.c ****     }
 189:Middlewares/ST/threadx/common/src/tx_event_flags_get.c **** 
 190:Middlewares/ST/threadx/common/src/tx_event_flags_get.c ****     /* Check for AND condition. All flags must be present to satisfy request.  */
 191:Middlewares/ST/threadx/common/src/tx_event_flags_get.c ****     if (and_request == TX_AND)
 270              		.loc 1 191 5 is_stmt 1 view .LVU87
 271              		.loc 1 191 8 is_stmt 0 view .LVU88
 272 00a8 0029     		cmp	r1, #0
 273 00aa 3BD0     		beq	.L7
 192:Middlewares/ST/threadx/common/src/tx_event_flags_get.c ****     {
 193:Middlewares/ST/threadx/common/src/tx_event_flags_get.c **** 
 194:Middlewares/ST/threadx/common/src/tx_event_flags_get.c ****         /* AND request is present.  */
 195:Middlewares/ST/threadx/common/src/tx_event_flags_get.c **** 
 196:Middlewares/ST/threadx/common/src/tx_event_flags_get.c ****         /* Calculate the flags present.  */
 197:Middlewares/ST/threadx/common/src/tx_event_flags_get.c ****         flags_satisfied =  (current_flags & requested_flags);
 274              		.loc 1 197 9 is_stmt 1 view .LVU89
 275              		.loc 1 197 25 is_stmt 0 view .LVU90
 276 00ac 03EA0602 		and	r2, r3, r6
 277              	.LVL30:
 198:Middlewares/ST/threadx/common/src/tx_event_flags_get.c **** 
 199:Middlewares/ST/threadx/common/src/tx_event_flags_get.c ****         /* Determine if they satisfy the AND request.  */
 200:Middlewares/ST/threadx/common/src/tx_event_flags_get.c ****         if (flags_satisfied != requested_flags)
 278              		.loc 1 200 9 is_stmt 1 view .LVU91
 279              		.loc 1 200 12 is_stmt 0 view .LVU92
 280 00b0 36EA0301 		bics	r1, r6, r3
 281              	.LVL31:
 282              		.loc 1 200 12 view .LVU93
 283 00b4 38D0     		beq	.L9
 284              	.L8:
 285              	.LVL32:
 201:Middlewares/ST/threadx/common/src/tx_event_flags_get.c ****         {
 202:Middlewares/ST/threadx/common/src/tx_event_flags_get.c **** 
 203:Middlewares/ST/threadx/common/src/tx_event_flags_get.c ****             /* No, not all the requested flags are present. Clear the flags present variable.  */
 204:Middlewares/ST/threadx/common/src/tx_event_flags_get.c ****             flags_satisfied =  ((ULONG) 0);
 205:Middlewares/ST/threadx/common/src/tx_event_flags_get.c ****         }
 206:Middlewares/ST/threadx/common/src/tx_event_flags_get.c ****     }
 207:Middlewares/ST/threadx/common/src/tx_event_flags_get.c ****     else
 208:Middlewares/ST/threadx/common/src/tx_event_flags_get.c ****     {
 209:Middlewares/ST/threadx/common/src/tx_event_flags_get.c **** 
 210:Middlewares/ST/threadx/common/src/tx_event_flags_get.c ****         /* OR request is present. Simply AND together the requested flags and the current flags
 211:Middlewares/ST/threadx/common/src/tx_event_flags_get.c ****            to see if any are present.  */
 212:Middlewares/ST/threadx/common/src/tx_event_flags_get.c ****         flags_satisfied =  (current_flags & requested_flags);
ARM GAS  /tmp/ccHRZZOW.s 			page 20


 213:Middlewares/ST/threadx/common/src/tx_event_flags_get.c ****     }
 214:Middlewares/ST/threadx/common/src/tx_event_flags_get.c **** 
 215:Middlewares/ST/threadx/common/src/tx_event_flags_get.c ****     /* Determine if the request is satisfied.  */
 216:Middlewares/ST/threadx/common/src/tx_event_flags_get.c ****     if (flags_satisfied != ((ULONG) 0))
 217:Middlewares/ST/threadx/common/src/tx_event_flags_get.c ****     {
 218:Middlewares/ST/threadx/common/src/tx_event_flags_get.c **** 
 219:Middlewares/ST/threadx/common/src/tx_event_flags_get.c ****         /* Yes, this request can be handled immediately.  */
 220:Middlewares/ST/threadx/common/src/tx_event_flags_get.c **** 
 221:Middlewares/ST/threadx/common/src/tx_event_flags_get.c ****         /* Return the actual event flags that satisfied the request.  */
 222:Middlewares/ST/threadx/common/src/tx_event_flags_get.c ****         *actual_flags_ptr =  current_flags;
 223:Middlewares/ST/threadx/common/src/tx_event_flags_get.c **** 
 224:Middlewares/ST/threadx/common/src/tx_event_flags_get.c ****         /* Pickup the clear bit.  */
 225:Middlewares/ST/threadx/common/src/tx_event_flags_get.c ****         clear_request =  (get_option & TX_EVENT_FLAGS_CLEAR_MASK);
 226:Middlewares/ST/threadx/common/src/tx_event_flags_get.c **** 
 227:Middlewares/ST/threadx/common/src/tx_event_flags_get.c ****         /* Determine whether or not clearing needs to take place.  */
 228:Middlewares/ST/threadx/common/src/tx_event_flags_get.c ****         if (clear_request == TX_TRUE)
 229:Middlewares/ST/threadx/common/src/tx_event_flags_get.c ****         {
 230:Middlewares/ST/threadx/common/src/tx_event_flags_get.c **** 
 231:Middlewares/ST/threadx/common/src/tx_event_flags_get.c ****             /* Set interrupted set request flag to false.  */
 232:Middlewares/ST/threadx/common/src/tx_event_flags_get.c ****             interrupted_set_request =  TX_FALSE;
 233:Middlewares/ST/threadx/common/src/tx_event_flags_get.c **** 
 234:Middlewares/ST/threadx/common/src/tx_event_flags_get.c ****             /* Determine if the suspension list is being processed by an interrupted
 235:Middlewares/ST/threadx/common/src/tx_event_flags_get.c ****                set request.  */
 236:Middlewares/ST/threadx/common/src/tx_event_flags_get.c ****             if (group_ptr -> tx_event_flags_group_suspended_count != TX_NO_SUSPENSIONS)
 237:Middlewares/ST/threadx/common/src/tx_event_flags_get.c ****             {
 238:Middlewares/ST/threadx/common/src/tx_event_flags_get.c **** 
 239:Middlewares/ST/threadx/common/src/tx_event_flags_get.c ****                 if (group_ptr -> tx_event_flags_group_suspension_list == TX_NULL)
 240:Middlewares/ST/threadx/common/src/tx_event_flags_get.c ****                 {
 241:Middlewares/ST/threadx/common/src/tx_event_flags_get.c **** 
 242:Middlewares/ST/threadx/common/src/tx_event_flags_get.c ****                     /* Set the interrupted set request flag.  */
 243:Middlewares/ST/threadx/common/src/tx_event_flags_get.c ****                     interrupted_set_request =  TX_TRUE;
 244:Middlewares/ST/threadx/common/src/tx_event_flags_get.c ****                 }
 245:Middlewares/ST/threadx/common/src/tx_event_flags_get.c ****             }
 246:Middlewares/ST/threadx/common/src/tx_event_flags_get.c **** 
 247:Middlewares/ST/threadx/common/src/tx_event_flags_get.c ****             /* Was a set request interrupted?  */
 248:Middlewares/ST/threadx/common/src/tx_event_flags_get.c ****             if (interrupted_set_request == TX_TRUE)
 249:Middlewares/ST/threadx/common/src/tx_event_flags_get.c ****             {
 250:Middlewares/ST/threadx/common/src/tx_event_flags_get.c **** 
 251:Middlewares/ST/threadx/common/src/tx_event_flags_get.c ****                 /* A previous set operation is was interrupted, we need to defer the
 252:Middlewares/ST/threadx/common/src/tx_event_flags_get.c ****                    event clearing until the set operation is complete.  */
 253:Middlewares/ST/threadx/common/src/tx_event_flags_get.c **** 
 254:Middlewares/ST/threadx/common/src/tx_event_flags_get.c ****                 /* Remember the events to clear.  */
 255:Middlewares/ST/threadx/common/src/tx_event_flags_get.c ****                 group_ptr -> tx_event_flags_group_delayed_clear =
 256:Middlewares/ST/threadx/common/src/tx_event_flags_get.c ****                                         group_ptr -> tx_event_flags_group_delayed_clear | requested
 257:Middlewares/ST/threadx/common/src/tx_event_flags_get.c ****             }
 258:Middlewares/ST/threadx/common/src/tx_event_flags_get.c ****             else
 259:Middlewares/ST/threadx/common/src/tx_event_flags_get.c ****             {
 260:Middlewares/ST/threadx/common/src/tx_event_flags_get.c **** 
 261:Middlewares/ST/threadx/common/src/tx_event_flags_get.c ****                 /* Yes, clear the flags that satisfied this request.  */
 262:Middlewares/ST/threadx/common/src/tx_event_flags_get.c ****                 group_ptr -> tx_event_flags_group_current =
 263:Middlewares/ST/threadx/common/src/tx_event_flags_get.c ****                                         group_ptr -> tx_event_flags_group_current & ~requested_flag
 264:Middlewares/ST/threadx/common/src/tx_event_flags_get.c ****             }
 265:Middlewares/ST/threadx/common/src/tx_event_flags_get.c ****         }
 266:Middlewares/ST/threadx/common/src/tx_event_flags_get.c **** 
 267:Middlewares/ST/threadx/common/src/tx_event_flags_get.c ****         /* Set status to success.  */
 268:Middlewares/ST/threadx/common/src/tx_event_flags_get.c ****         status =  TX_SUCCESS;
 269:Middlewares/ST/threadx/common/src/tx_event_flags_get.c ****     }
ARM GAS  /tmp/ccHRZZOW.s 			page 21


 270:Middlewares/ST/threadx/common/src/tx_event_flags_get.c **** 
 271:Middlewares/ST/threadx/common/src/tx_event_flags_get.c **** #endif
 272:Middlewares/ST/threadx/common/src/tx_event_flags_get.c ****     else
 273:Middlewares/ST/threadx/common/src/tx_event_flags_get.c ****     {
 274:Middlewares/ST/threadx/common/src/tx_event_flags_get.c **** 
 275:Middlewares/ST/threadx/common/src/tx_event_flags_get.c ****         /* Determine if the request specifies suspension.  */
 276:Middlewares/ST/threadx/common/src/tx_event_flags_get.c ****         if (wait_option != TX_NO_WAIT)
 286              		.loc 1 276 9 is_stmt 1 view .LVU94
 287              		.loc 1 276 12 is_stmt 0 view .LVU95
 288 00b6 089B     		ldr	r3, [sp, #32]
 289              	.LVL33:
 290              		.loc 1 276 12 view .LVU96
 291 00b8 002B     		cmp	r3, #0
 292 00ba 52D0     		beq	.L15
 277:Middlewares/ST/threadx/common/src/tx_event_flags_get.c ****         {
 278:Middlewares/ST/threadx/common/src/tx_event_flags_get.c **** 
 279:Middlewares/ST/threadx/common/src/tx_event_flags_get.c ****             /* Determine if the preempt disable flag is non-zero.  */
 280:Middlewares/ST/threadx/common/src/tx_event_flags_get.c ****             if (_tx_thread_preempt_disable != ((UINT) 0))
 293              		.loc 1 280 13 is_stmt 1 view .LVU97
 294              		.loc 1 280 44 is_stmt 0 view .LVU98
 295 00bc 344B     		ldr	r3, .L19+36
 296 00be 1B68     		ldr	r3, [r3]
 297              		.loc 1 280 16 view .LVU99
 298 00c0 002B     		cmp	r3, #0
 299 00c2 50D1     		bne	.L16
 281:Middlewares/ST/threadx/common/src/tx_event_flags_get.c ****             {
 282:Middlewares/ST/threadx/common/src/tx_event_flags_get.c **** 
 283:Middlewares/ST/threadx/common/src/tx_event_flags_get.c ****                 /* Suspension is not allowed if the preempt disable flag is non-zero at this point,
 284:Middlewares/ST/threadx/common/src/tx_event_flags_get.c ****                 status =  TX_NO_EVENTS;
 285:Middlewares/ST/threadx/common/src/tx_event_flags_get.c ****             }
 286:Middlewares/ST/threadx/common/src/tx_event_flags_get.c ****             else
 287:Middlewares/ST/threadx/common/src/tx_event_flags_get.c ****             {
 288:Middlewares/ST/threadx/common/src/tx_event_flags_get.c **** 
 289:Middlewares/ST/threadx/common/src/tx_event_flags_get.c ****                 /* Prepare for suspension of this thread.  */
 290:Middlewares/ST/threadx/common/src/tx_event_flags_get.c **** 
 291:Middlewares/ST/threadx/common/src/tx_event_flags_get.c **** #ifdef TX_EVENT_FLAGS_ENABLE_PERFORMANCE_INFO
 292:Middlewares/ST/threadx/common/src/tx_event_flags_get.c **** 
 293:Middlewares/ST/threadx/common/src/tx_event_flags_get.c ****                 /* Increment the total event flags suspensions counter.  */
 294:Middlewares/ST/threadx/common/src/tx_event_flags_get.c ****                 _tx_event_flags_performance_suspension_count++;
 295:Middlewares/ST/threadx/common/src/tx_event_flags_get.c **** 
 296:Middlewares/ST/threadx/common/src/tx_event_flags_get.c ****                 /* Increment the number of event flags suspensions on this semaphore.  */
 297:Middlewares/ST/threadx/common/src/tx_event_flags_get.c ****                 group_ptr -> tx_event_flags_group___performance_suspension_count++;
 298:Middlewares/ST/threadx/common/src/tx_event_flags_get.c **** #endif
 299:Middlewares/ST/threadx/common/src/tx_event_flags_get.c **** 
 300:Middlewares/ST/threadx/common/src/tx_event_flags_get.c ****                 /* Pickup thread pointer.  */
 301:Middlewares/ST/threadx/common/src/tx_event_flags_get.c ****                 TX_THREAD_GET_CURRENT(thread_ptr)
 300              		.loc 1 301 17 is_stmt 1 view .LVU100
 301 00c4 2C4B     		ldr	r3, .L19+12
 302 00c6 1F68     		ldr	r7, [r3]
 303              	.LVL34:
 302:Middlewares/ST/threadx/common/src/tx_event_flags_get.c **** 
 303:Middlewares/ST/threadx/common/src/tx_event_flags_get.c ****                 /* Setup cleanup routine pointer.  */
 304:Middlewares/ST/threadx/common/src/tx_event_flags_get.c ****                 thread_ptr -> tx_thread_suspend_cleanup =  &(_tx_event_flags_cleanup);
 304              		.loc 1 304 17 view .LVU101
 305              		.loc 1 304 57 is_stmt 0 view .LVU102
 306 00c8 324B     		ldr	r3, .L19+40
 307 00ca BB66     		str	r3, [r7, #104]
ARM GAS  /tmp/ccHRZZOW.s 			page 22


 308              	.LVL35:
 305:Middlewares/ST/threadx/common/src/tx_event_flags_get.c **** 
 306:Middlewares/ST/threadx/common/src/tx_event_flags_get.c ****                 /* Remember which event flags we are looking for.  */
 307:Middlewares/ST/threadx/common/src/tx_event_flags_get.c ****                 thread_ptr -> tx_thread_suspend_info =  requested_flags;
 309              		.loc 1 307 17 is_stmt 1 view .LVU103
 310              		.loc 1 307 54 is_stmt 0 view .LVU104
 311 00cc BE67     		str	r6, [r7, #120]
 308:Middlewares/ST/threadx/common/src/tx_event_flags_get.c **** 
 309:Middlewares/ST/threadx/common/src/tx_event_flags_get.c ****                 /* Save the get option as well.  */
 310:Middlewares/ST/threadx/common/src/tx_event_flags_get.c ****                 thread_ptr -> tx_thread_suspend_option =  get_option;
 312              		.loc 1 310 17 is_stmt 1 view .LVU105
 313              		.loc 1 310 56 is_stmt 0 view .LVU106
 314 00ce C7F88050 		str	r5, [r7, #128]
 311:Middlewares/ST/threadx/common/src/tx_event_flags_get.c **** 
 312:Middlewares/ST/threadx/common/src/tx_event_flags_get.c ****                 /* Save the destination for the current events.  */
 313:Middlewares/ST/threadx/common/src/tx_event_flags_get.c ****                 thread_ptr -> tx_thread_additional_suspend_info =  (VOID *) actual_flags_ptr;
 315              		.loc 1 313 17 is_stmt 1 view .LVU107
 316              		.loc 1 313 65 is_stmt 0 view .LVU108
 317 00d2 C7F87C90 		str	r9, [r7, #124]
 314:Middlewares/ST/threadx/common/src/tx_event_flags_get.c **** 
 315:Middlewares/ST/threadx/common/src/tx_event_flags_get.c ****                 /* Setup cleanup information, i.e. this event flags group control
 316:Middlewares/ST/threadx/common/src/tx_event_flags_get.c ****                    block.  */
 317:Middlewares/ST/threadx/common/src/tx_event_flags_get.c ****                 thread_ptr -> tx_thread_suspend_control_block =  (VOID *) group_ptr;
 318              		.loc 1 317 17 is_stmt 1 view .LVU109
 319              		.loc 1 317 63 is_stmt 0 view .LVU110
 320 00d6 FC66     		str	r4, [r7, #108]
 318:Middlewares/ST/threadx/common/src/tx_event_flags_get.c **** 
 319:Middlewares/ST/threadx/common/src/tx_event_flags_get.c **** #ifndef TX_NOT_INTERRUPTABLE
 320:Middlewares/ST/threadx/common/src/tx_event_flags_get.c **** 
 321:Middlewares/ST/threadx/common/src/tx_event_flags_get.c ****                 /* Increment the suspension sequence number, which is used to identify
 322:Middlewares/ST/threadx/common/src/tx_event_flags_get.c ****                    this suspension event.  */
 323:Middlewares/ST/threadx/common/src/tx_event_flags_get.c ****                 thread_ptr -> tx_thread_suspension_sequence++;
 321              		.loc 1 323 17 is_stmt 1 view .LVU111
 322              		.loc 1 323 28 is_stmt 0 view .LVU112
 323 00d8 D7F8AC30 		ldr	r3, [r7, #172]
 324              		.loc 1 323 60 view .LVU113
 325 00dc 0133     		adds	r3, r3, #1
 326 00de C7F8AC30 		str	r3, [r7, #172]
 324:Middlewares/ST/threadx/common/src/tx_event_flags_get.c **** #endif
 325:Middlewares/ST/threadx/common/src/tx_event_flags_get.c **** 
 326:Middlewares/ST/threadx/common/src/tx_event_flags_get.c ****                 /* Pickup the suspended count.  */
 327:Middlewares/ST/threadx/common/src/tx_event_flags_get.c ****                 suspended_count =  group_ptr -> tx_event_flags_group_suspended_count;
 327              		.loc 1 327 17 is_stmt 1 view .LVU114
 328              		.loc 1 327 33 is_stmt 0 view .LVU115
 329 00e2 6369     		ldr	r3, [r4, #20]
 330              	.LVL36:
 328:Middlewares/ST/threadx/common/src/tx_event_flags_get.c **** 
 329:Middlewares/ST/threadx/common/src/tx_event_flags_get.c ****                 /* Setup suspension list.  */
 330:Middlewares/ST/threadx/common/src/tx_event_flags_get.c ****                 if (suspended_count == TX_NO_SUSPENSIONS)
 331              		.loc 1 330 17 is_stmt 1 view .LVU116
 332              		.loc 1 330 20 is_stmt 0 view .LVU117
 333 00e4 002B     		cmp	r3, #0
 334 00e6 35D1     		bne	.L12
 331:Middlewares/ST/threadx/common/src/tx_event_flags_get.c ****                 {
 332:Middlewares/ST/threadx/common/src/tx_event_flags_get.c **** 
 333:Middlewares/ST/threadx/common/src/tx_event_flags_get.c ****                     /* No other threads are suspended.  Setup the head pointer and
 334:Middlewares/ST/threadx/common/src/tx_event_flags_get.c ****                        just setup this threads pointers to itself.  */
ARM GAS  /tmp/ccHRZZOW.s 			page 23


 335:Middlewares/ST/threadx/common/src/tx_event_flags_get.c ****                     group_ptr -> tx_event_flags_group_suspension_list =   thread_ptr;
 335              		.loc 1 335 21 is_stmt 1 view .LVU118
 336              		.loc 1 335 71 is_stmt 0 view .LVU119
 337 00e8 2761     		str	r7, [r4, #16]
 336:Middlewares/ST/threadx/common/src/tx_event_flags_get.c ****                     thread_ptr -> tx_thread_suspended_next =              thread_ptr;
 338              		.loc 1 336 21 is_stmt 1 view .LVU120
 339              		.loc 1 336 60 is_stmt 0 view .LVU121
 340 00ea 3F67     		str	r7, [r7, #112]
 337:Middlewares/ST/threadx/common/src/tx_event_flags_get.c ****                     thread_ptr -> tx_thread_suspended_previous =          thread_ptr;
 341              		.loc 1 337 21 is_stmt 1 view .LVU122
 342              		.loc 1 337 64 is_stmt 0 view .LVU123
 343 00ec 7F67     		str	r7, [r7, #116]
 344              	.LVL37:
 345              	.L13:
 338:Middlewares/ST/threadx/common/src/tx_event_flags_get.c ****                 }
 339:Middlewares/ST/threadx/common/src/tx_event_flags_get.c ****                 else
 340:Middlewares/ST/threadx/common/src/tx_event_flags_get.c ****                 {
 341:Middlewares/ST/threadx/common/src/tx_event_flags_get.c **** 
 342:Middlewares/ST/threadx/common/src/tx_event_flags_get.c ****                     /* This list is not NULL, add current thread to the end. */
 343:Middlewares/ST/threadx/common/src/tx_event_flags_get.c ****                     next_thread =                                   group_ptr -> tx_event_flags_gro
 344:Middlewares/ST/threadx/common/src/tx_event_flags_get.c ****                     thread_ptr -> tx_thread_suspended_next =        next_thread;
 345:Middlewares/ST/threadx/common/src/tx_event_flags_get.c ****                     previous_thread =                               next_thread -> tx_thread_suspen
 346:Middlewares/ST/threadx/common/src/tx_event_flags_get.c ****                     thread_ptr -> tx_thread_suspended_previous =    previous_thread;
 347:Middlewares/ST/threadx/common/src/tx_event_flags_get.c ****                     previous_thread -> tx_thread_suspended_next =   thread_ptr;
 348:Middlewares/ST/threadx/common/src/tx_event_flags_get.c ****                     next_thread -> tx_thread_suspended_previous =   thread_ptr;
 349:Middlewares/ST/threadx/common/src/tx_event_flags_get.c ****                 }
 350:Middlewares/ST/threadx/common/src/tx_event_flags_get.c **** 
 351:Middlewares/ST/threadx/common/src/tx_event_flags_get.c ****                 /* Increment the number of threads suspended.  */
 352:Middlewares/ST/threadx/common/src/tx_event_flags_get.c ****                 group_ptr -> tx_event_flags_group_suspended_count++;
 346              		.loc 1 352 17 is_stmt 1 view .LVU124
 347              		.loc 1 352 27 is_stmt 0 view .LVU125
 348 00ee 6369     		ldr	r3, [r4, #20]
 349              		.loc 1 352 66 view .LVU126
 350 00f0 0133     		adds	r3, r3, #1
 351 00f2 6361     		str	r3, [r4, #20]
 353:Middlewares/ST/threadx/common/src/tx_event_flags_get.c **** 
 354:Middlewares/ST/threadx/common/src/tx_event_flags_get.c ****                 /* Set the state to suspended.  */
 355:Middlewares/ST/threadx/common/src/tx_event_flags_get.c ****                 thread_ptr -> tx_thread_state =    TX_EVENT_FLAG;
 352              		.loc 1 355 17 is_stmt 1 view .LVU127
 353              		.loc 1 355 47 is_stmt 0 view .LVU128
 354 00f4 0723     		movs	r3, #7
 355 00f6 3B63     		str	r3, [r7, #48]
 356:Middlewares/ST/threadx/common/src/tx_event_flags_get.c **** 
 357:Middlewares/ST/threadx/common/src/tx_event_flags_get.c **** #ifdef TX_NOT_INTERRUPTABLE
 358:Middlewares/ST/threadx/common/src/tx_event_flags_get.c **** 
 359:Middlewares/ST/threadx/common/src/tx_event_flags_get.c ****                 /* Call actual non-interruptable thread suspension routine.  */
 360:Middlewares/ST/threadx/common/src/tx_event_flags_get.c ****                 _tx_thread_system_ni_suspend(thread_ptr, wait_option);
 361:Middlewares/ST/threadx/common/src/tx_event_flags_get.c **** 
 362:Middlewares/ST/threadx/common/src/tx_event_flags_get.c ****                 /* Return the completion status.  */
 363:Middlewares/ST/threadx/common/src/tx_event_flags_get.c ****                 status =  thread_ptr -> tx_thread_suspend_status;
 364:Middlewares/ST/threadx/common/src/tx_event_flags_get.c **** #else
 365:Middlewares/ST/threadx/common/src/tx_event_flags_get.c **** 
 366:Middlewares/ST/threadx/common/src/tx_event_flags_get.c ****                 /* Set the suspending flag.  */
 367:Middlewares/ST/threadx/common/src/tx_event_flags_get.c ****                 thread_ptr -> tx_thread_suspending =  TX_TRUE;
 356              		.loc 1 367 17 is_stmt 1 view .LVU129
 357              		.loc 1 367 52 is_stmt 0 view .LVU130
 358 00f8 0123     		movs	r3, #1
ARM GAS  /tmp/ccHRZZOW.s 			page 24


 359 00fa BB63     		str	r3, [r7, #56]
 368:Middlewares/ST/threadx/common/src/tx_event_flags_get.c **** 
 369:Middlewares/ST/threadx/common/src/tx_event_flags_get.c ****                 /* Setup the timeout period.  */
 370:Middlewares/ST/threadx/common/src/tx_event_flags_get.c ****                 thread_ptr -> tx_thread_timer.tx_timer_internal_remaining_ticks =  wait_option;
 360              		.loc 1 370 17 is_stmt 1 view .LVU131
 361              		.loc 1 370 81 is_stmt 0 view .LVU132
 362 00fc 089B     		ldr	r3, [sp, #32]
 363 00fe FB64     		str	r3, [r7, #76]
 371:Middlewares/ST/threadx/common/src/tx_event_flags_get.c **** 
 372:Middlewares/ST/threadx/common/src/tx_event_flags_get.c ****                 /* Temporarily disable preemption.  */
 373:Middlewares/ST/threadx/common/src/tx_event_flags_get.c ****                 _tx_thread_preempt_disable++;
 364              		.loc 1 373 17 is_stmt 1 view .LVU133
 365              		.loc 1 373 43 is_stmt 0 view .LVU134
 366 0100 234A     		ldr	r2, .L19+36
 367 0102 1368     		ldr	r3, [r2]
 368 0104 0133     		adds	r3, r3, #1
 369 0106 1360     		str	r3, [r2]
 374:Middlewares/ST/threadx/common/src/tx_event_flags_get.c **** 
 375:Middlewares/ST/threadx/common/src/tx_event_flags_get.c ****                 /* Restore interrupts.  */
 376:Middlewares/ST/threadx/common/src/tx_event_flags_get.c ****                 TX_RESTORE
 370              		.loc 1 376 17 is_stmt 1 view .LVU135
 371              	.LVL38:
 372              	.LBB26:
 373              	.LBI26:
 556:Middlewares/ST/threadx/ports/cortex_m7/gnu/inc/tx_port.h **** {
 374              		.loc 2 556 55 view .LVU136
 375              	.LBB27:
 562:Middlewares/ST/threadx/ports/cortex_m7/gnu/inc/tx_port.h **** #endif
 376              		.loc 2 562 5 view .LVU137
 377              		.syntax unified
 378              	@ 562 "Middlewares/ST/threadx/ports/cortex_m7/gnu/inc/tx_port.h" 1
 379 0108 88F31088 		MSR  PRIMASK,r8
 380              	@ 0 "" 2
 381              	.LVL39:
 562:Middlewares/ST/threadx/ports/cortex_m7/gnu/inc/tx_port.h **** #endif
 382              		.loc 2 562 5 is_stmt 0 view .LVU138
 383              		.thumb
 384              		.syntax unified
 385              	.LBE27:
 386              	.LBE26:
 377:Middlewares/ST/threadx/common/src/tx_event_flags_get.c **** 
 378:Middlewares/ST/threadx/common/src/tx_event_flags_get.c ****                 /* Call actual thread suspension routine.  */
 379:Middlewares/ST/threadx/common/src/tx_event_flags_get.c ****                 _tx_thread_system_suspend(thread_ptr);
 387              		.loc 1 379 17 is_stmt 1 view .LVU139
 388 010c 3846     		mov	r0, r7
 389 010e FFF7FEFF 		bl	_tx_thread_system_suspend
 390              	.LVL40:
 380:Middlewares/ST/threadx/common/src/tx_event_flags_get.c **** 
 381:Middlewares/ST/threadx/common/src/tx_event_flags_get.c ****                 /* Disable interrupts.  */
 382:Middlewares/ST/threadx/common/src/tx_event_flags_get.c ****                 TX_DISABLE
 391              		.loc 1 382 17 view .LVU140
 392              	.LBB28:
 393              	.LBI28:
 566:Middlewares/ST/threadx/ports/cortex_m7/gnu/inc/tx_port.h **** {
 394              		.loc 2 566 63 view .LVU141
 395              	.LBB29:
 568:Middlewares/ST/threadx/ports/cortex_m7/gnu/inc/tx_port.h **** 
ARM GAS  /tmp/ccHRZZOW.s 			page 25


 396              		.loc 2 568 1 view .LVU142
 570:Middlewares/ST/threadx/ports/cortex_m7/gnu/inc/tx_port.h **** 
 397              		.loc 2 570 5 view .LVU143
 398              	.LBB30:
 399              	.LBI30:
 533:Middlewares/ST/threadx/ports/cortex_m7/gnu/inc/tx_port.h **** {
 400              		.loc 2 533 63 view .LVU144
 401              	.LBB31:
 535:Middlewares/ST/threadx/ports/cortex_m7/gnu/inc/tx_port.h **** #ifdef TX_PORT_USE_BASEPRI
 402              		.loc 2 535 1 view .LVU145
 539:Middlewares/ST/threadx/ports/cortex_m7/gnu/inc/tx_port.h **** #endif
 403              		.loc 2 539 5 view .LVU146
 404              		.syntax unified
 405              	@ 539 "Middlewares/ST/threadx/ports/cortex_m7/gnu/inc/tx_port.h" 1
 406 0112 EFF31088 		MRS  r8, PRIMASK 
 407              	@ 0 "" 2
 408              	.LVL41:
 541:Middlewares/ST/threadx/ports/cortex_m7/gnu/inc/tx_port.h **** }
 409              		.loc 2 541 5 view .LVU147
 541:Middlewares/ST/threadx/ports/cortex_m7/gnu/inc/tx_port.h **** }
 410              		.loc 2 541 5 is_stmt 0 view .LVU148
 411              		.thumb
 412              		.syntax unified
 413              	.LBE31:
 414              	.LBE30:
 575:Middlewares/ST/threadx/ports/cortex_m7/gnu/inc/tx_port.h **** #endif
 415              		.loc 2 575 5 is_stmt 1 view .LVU149
 416              		.syntax unified
 417              	@ 575 "Middlewares/ST/threadx/ports/cortex_m7/gnu/inc/tx_port.h" 1
 418 0116 72B6     		CPSID i
 419              	@ 0 "" 2
 420              		.loc 2 577 5 view .LVU150
 421              	.LVL42:
 422              		.loc 2 577 5 is_stmt 0 view .LVU151
 423              		.thumb
 424              		.syntax unified
 425              	.LBE29:
 426              	.LBE28:
 383:Middlewares/ST/threadx/common/src/tx_event_flags_get.c **** 
 384:Middlewares/ST/threadx/common/src/tx_event_flags_get.c ****                 /* Return the completion status.  */
 385:Middlewares/ST/threadx/common/src/tx_event_flags_get.c ****                 status =  thread_ptr -> tx_thread_suspend_status;
 427              		.loc 1 385 17 is_stmt 1 view .LVU152
 428              		.loc 1 385 24 is_stmt 0 view .LVU153
 429 0118 D7F88400 		ldr	r0, [r7, #132]
 430              	.LVL43:
 431              	.L10:
 386:Middlewares/ST/threadx/common/src/tx_event_flags_get.c **** #endif
 387:Middlewares/ST/threadx/common/src/tx_event_flags_get.c ****             }
 388:Middlewares/ST/threadx/common/src/tx_event_flags_get.c ****         }
 389:Middlewares/ST/threadx/common/src/tx_event_flags_get.c ****         else
 390:Middlewares/ST/threadx/common/src/tx_event_flags_get.c ****         {
 391:Middlewares/ST/threadx/common/src/tx_event_flags_get.c **** 
 392:Middlewares/ST/threadx/common/src/tx_event_flags_get.c ****             /* Immediate return, return error completion.  */
 393:Middlewares/ST/threadx/common/src/tx_event_flags_get.c ****             status =  TX_NO_EVENTS;
 394:Middlewares/ST/threadx/common/src/tx_event_flags_get.c ****         }
 395:Middlewares/ST/threadx/common/src/tx_event_flags_get.c ****     }
 396:Middlewares/ST/threadx/common/src/tx_event_flags_get.c **** 
ARM GAS  /tmp/ccHRZZOW.s 			page 26


 397:Middlewares/ST/threadx/common/src/tx_event_flags_get.c ****     /* Restore interrupts.  */
 398:Middlewares/ST/threadx/common/src/tx_event_flags_get.c ****     TX_RESTORE
 432              		.loc 1 398 5 is_stmt 1 view .LVU154
 433              	.LBB32:
 434              	.LBI32:
 556:Middlewares/ST/threadx/ports/cortex_m7/gnu/inc/tx_port.h **** {
 435              		.loc 2 556 55 view .LVU155
 436              	.LBB33:
 562:Middlewares/ST/threadx/ports/cortex_m7/gnu/inc/tx_port.h **** #endif
 437              		.loc 2 562 5 view .LVU156
 438              		.syntax unified
 439              	@ 562 "Middlewares/ST/threadx/ports/cortex_m7/gnu/inc/tx_port.h" 1
 440 011c 88F31088 		MSR  PRIMASK,r8
 441              	@ 0 "" 2
 442              	.LVL44:
 562:Middlewares/ST/threadx/ports/cortex_m7/gnu/inc/tx_port.h **** #endif
 443              		.loc 2 562 5 is_stmt 0 view .LVU157
 444              		.thumb
 445              		.syntax unified
 446              	.LBE33:
 447              	.LBE32:
 399:Middlewares/ST/threadx/common/src/tx_event_flags_get.c **** 
 400:Middlewares/ST/threadx/common/src/tx_event_flags_get.c ****     /* Return completion status.  */
 401:Middlewares/ST/threadx/common/src/tx_event_flags_get.c ****     return(status);
 448              		.loc 1 401 5 is_stmt 1 view .LVU158
 402:Middlewares/ST/threadx/common/src/tx_event_flags_get.c **** }
 449              		.loc 1 402 1 is_stmt 0 view .LVU159
 450 0120 BDE8F883 		pop	{r3, r4, r5, r6, r7, r8, r9, pc}
 451              	.LVL45:
 452              	.L7:
 212:Middlewares/ST/threadx/common/src/tx_event_flags_get.c ****     }
 453              		.loc 1 212 9 is_stmt 1 view .LVU160
 212:Middlewares/ST/threadx/common/src/tx_event_flags_get.c ****     }
 454              		.loc 1 212 25 is_stmt 0 view .LVU161
 455 0124 03EA0602 		and	r2, r3, r6
 456              	.LVL46:
 457              	.L9:
 216:Middlewares/ST/threadx/common/src/tx_event_flags_get.c ****     {
 458              		.loc 1 216 5 is_stmt 1 view .LVU162
 216:Middlewares/ST/threadx/common/src/tx_event_flags_get.c ****     {
 459              		.loc 1 216 8 is_stmt 0 view .LVU163
 460 0128 002A     		cmp	r2, #0
 461 012a C4D0     		beq	.L8
 222:Middlewares/ST/threadx/common/src/tx_event_flags_get.c **** 
 462              		.loc 1 222 9 is_stmt 1 view .LVU164
 222:Middlewares/ST/threadx/common/src/tx_event_flags_get.c **** 
 463              		.loc 1 222 27 is_stmt 0 view .LVU165
 464 012c C9F80030 		str	r3, [r9]
 465              	.LVL47:
 225:Middlewares/ST/threadx/common/src/tx_event_flags_get.c **** 
 466              		.loc 1 225 9 is_stmt 1 view .LVU166
 228:Middlewares/ST/threadx/common/src/tx_event_flags_get.c ****         {
 467              		.loc 1 228 9 view .LVU167
 228:Middlewares/ST/threadx/common/src/tx_event_flags_get.c ****         {
 468              		.loc 1 228 12 is_stmt 0 view .LVU168
 469 0130 15F00100 		ands	r0, r5, #1
 470              	.LVL48:
ARM GAS  /tmp/ccHRZZOW.s 			page 27


 228:Middlewares/ST/threadx/common/src/tx_event_flags_get.c ****         {
 471              		.loc 1 228 12 view .LVU169
 472 0134 F2D0     		beq	.L10
 232:Middlewares/ST/threadx/common/src/tx_event_flags_get.c **** 
 473              		.loc 1 232 13 is_stmt 1 view .LVU170
 474              	.LVL49:
 236:Middlewares/ST/threadx/common/src/tx_event_flags_get.c ****             {
 475              		.loc 1 236 13 view .LVU171
 236:Middlewares/ST/threadx/common/src/tx_event_flags_get.c ****             {
 476              		.loc 1 236 27 is_stmt 0 view .LVU172
 477 0136 6369     		ldr	r3, [r4, #20]
 478              	.LVL50:
 236:Middlewares/ST/threadx/common/src/tx_event_flags_get.c ****             {
 479              		.loc 1 236 16 view .LVU173
 480 0138 0BB1     		cbz	r3, .L11
 239:Middlewares/ST/threadx/common/src/tx_event_flags_get.c ****                 {
 481              		.loc 1 239 17 is_stmt 1 view .LVU174
 239:Middlewares/ST/threadx/common/src/tx_event_flags_get.c ****                 {
 482              		.loc 1 239 31 is_stmt 0 view .LVU175
 483 013a 2369     		ldr	r3, [r4, #16]
 239:Middlewares/ST/threadx/common/src/tx_event_flags_get.c ****                 {
 484              		.loc 1 239 20 view .LVU176
 485 013c 2BB1     		cbz	r3, .L18
 486              	.L11:
 487              	.LVL51:
 262:Middlewares/ST/threadx/common/src/tx_event_flags_get.c ****                                         group_ptr -> tx_event_flags_group_current & ~requested_flag
 488              		.loc 1 262 17 is_stmt 1 view .LVU177
 263:Middlewares/ST/threadx/common/src/tx_event_flags_get.c ****             }
 489              		.loc 1 263 51 is_stmt 0 view .LVU178
 490 013e A368     		ldr	r3, [r4, #8]
 263:Middlewares/ST/threadx/common/src/tx_event_flags_get.c ****             }
 491              		.loc 1 263 83 view .LVU179
 492 0140 23EA0603 		bic	r3, r3, r6
 262:Middlewares/ST/threadx/common/src/tx_event_flags_get.c ****                                         group_ptr -> tx_event_flags_group_current & ~requested_flag
 493              		.loc 1 262 59 view .LVU180
 494 0144 A360     		str	r3, [r4, #8]
 495              	.LVL52:
 268:Middlewares/ST/threadx/common/src/tx_event_flags_get.c ****     }
 496              		.loc 1 268 16 view .LVU181
 497 0146 0020     		movs	r0, #0
 498              	.LVL53:
 268:Middlewares/ST/threadx/common/src/tx_event_flags_get.c ****     }
 499              		.loc 1 268 16 view .LVU182
 500 0148 E8E7     		b	.L10
 501              	.LVL54:
 502              	.L18:
 243:Middlewares/ST/threadx/common/src/tx_event_flags_get.c ****                 }
 503              		.loc 1 243 21 is_stmt 1 view .LVU183
 248:Middlewares/ST/threadx/common/src/tx_event_flags_get.c ****             {
 504              		.loc 1 248 13 view .LVU184
 255:Middlewares/ST/threadx/common/src/tx_event_flags_get.c ****                                         group_ptr -> tx_event_flags_group_delayed_clear | requested
 505              		.loc 1 255 17 view .LVU185
 256:Middlewares/ST/threadx/common/src/tx_event_flags_get.c ****             }
 506              		.loc 1 256 51 is_stmt 0 view .LVU186
 507 014a 236A     		ldr	r3, [r4, #32]
 256:Middlewares/ST/threadx/common/src/tx_event_flags_get.c ****             }
 508              		.loc 1 256 89 view .LVU187
ARM GAS  /tmp/ccHRZZOW.s 			page 28


 509 014c 3343     		orrs	r3, r3, r6
 255:Middlewares/ST/threadx/common/src/tx_event_flags_get.c ****                                         group_ptr -> tx_event_flags_group_delayed_clear | requested
 510              		.loc 1 255 65 view .LVU188
 511 014e 2362     		str	r3, [r4, #32]
 512              	.LVL55:
 268:Middlewares/ST/threadx/common/src/tx_event_flags_get.c ****     }
 513              		.loc 1 268 16 view .LVU189
 514 0150 0020     		movs	r0, #0
 515              	.LVL56:
 268:Middlewares/ST/threadx/common/src/tx_event_flags_get.c ****     }
 516              		.loc 1 268 16 view .LVU190
 517 0152 E3E7     		b	.L10
 518              	.LVL57:
 519              	.L12:
 343:Middlewares/ST/threadx/common/src/tx_event_flags_get.c ****                     thread_ptr -> tx_thread_suspended_next =        next_thread;
 520              		.loc 1 343 21 is_stmt 1 view .LVU191
 343:Middlewares/ST/threadx/common/src/tx_event_flags_get.c ****                     thread_ptr -> tx_thread_suspended_next =        next_thread;
 521              		.loc 1 343 33 is_stmt 0 view .LVU192
 522 0154 2369     		ldr	r3, [r4, #16]
 523              	.LVL58:
 344:Middlewares/ST/threadx/common/src/tx_event_flags_get.c ****                     previous_thread =                               next_thread -> tx_thread_suspen
 524              		.loc 1 344 21 is_stmt 1 view .LVU193
 344:Middlewares/ST/threadx/common/src/tx_event_flags_get.c ****                     previous_thread =                               next_thread -> tx_thread_suspen
 525              		.loc 1 344 60 is_stmt 0 view .LVU194
 526 0156 3B67     		str	r3, [r7, #112]
 527              	.LVL59:
 345:Middlewares/ST/threadx/common/src/tx_event_flags_get.c ****                     thread_ptr -> tx_thread_suspended_previous =    previous_thread;
 528              		.loc 1 345 21 is_stmt 1 view .LVU195
 345:Middlewares/ST/threadx/common/src/tx_event_flags_get.c ****                     thread_ptr -> tx_thread_suspended_previous =    previous_thread;
 529              		.loc 1 345 37 is_stmt 0 view .LVU196
 530 0158 5A6F     		ldr	r2, [r3, #116]
 531              	.LVL60:
 346:Middlewares/ST/threadx/common/src/tx_event_flags_get.c ****                     previous_thread -> tx_thread_suspended_next =   thread_ptr;
 532              		.loc 1 346 21 is_stmt 1 view .LVU197
 346:Middlewares/ST/threadx/common/src/tx_event_flags_get.c ****                     previous_thread -> tx_thread_suspended_next =   thread_ptr;
 533              		.loc 1 346 64 is_stmt 0 view .LVU198
 534 015a 7A67     		str	r2, [r7, #116]
 347:Middlewares/ST/threadx/common/src/tx_event_flags_get.c ****                     next_thread -> tx_thread_suspended_previous =   thread_ptr;
 535              		.loc 1 347 21 is_stmt 1 view .LVU199
 347:Middlewares/ST/threadx/common/src/tx_event_flags_get.c ****                     next_thread -> tx_thread_suspended_previous =   thread_ptr;
 536              		.loc 1 347 65 is_stmt 0 view .LVU200
 537 015c 1767     		str	r7, [r2, #112]
 348:Middlewares/ST/threadx/common/src/tx_event_flags_get.c ****                 }
 538              		.loc 1 348 21 is_stmt 1 view .LVU201
 348:Middlewares/ST/threadx/common/src/tx_event_flags_get.c ****                 }
 539              		.loc 1 348 65 is_stmt 0 view .LVU202
 540 015e 5F67     		str	r7, [r3, #116]
 541 0160 C5E7     		b	.L13
 542              	.LVL61:
 543              	.L15:
 393:Middlewares/ST/threadx/common/src/tx_event_flags_get.c ****         }
 544              		.loc 1 393 20 view .LVU203
 545 0162 0720     		movs	r0, #7
 546 0164 DAE7     		b	.L10
 547              	.L16:
 284:Middlewares/ST/threadx/common/src/tx_event_flags_get.c ****             }
 548              		.loc 1 284 24 view .LVU204
ARM GAS  /tmp/ccHRZZOW.s 			page 29


 549 0166 0720     		movs	r0, #7
 550 0168 D8E7     		b	.L10
 551              	.L20:
 552 016a 00BF     		.align	2
 553              	.L19:
 554 016c 00000000 		.word	_tx_trace_buffer_current_ptr
 555 0170 00000000 		.word	_tx_trace_event_enable_bits
 556 0174 00000000 		.word	_tx_thread_system_state
 557 0178 00000000 		.word	_tx_thread_current_ptr
 558 017c 001000E0 		.word	-536866816
 559 0180 00000000 		.word	_tx_trace_buffer_end_ptr
 560 0184 00000000 		.word	_tx_trace_buffer_start_ptr
 561 0188 00000000 		.word	_tx_trace_header_ptr
 562 018c 00000000 		.word	_tx_trace_full_notify_function
 563 0190 00000000 		.word	_tx_thread_preempt_disable
 564 0194 00000000 		.word	_tx_event_flags_cleanup
 565              		.cfi_endproc
 566              	.LFE8:
 568              		.text
 569              	.Letext0:
 570              		.file 3 "Middlewares/ST/threadx/common/inc/tx_api.h"
 571              		.file 4 "Middlewares/ST/threadx/common/inc/tx_thread.h"
 572              		.file 5 "Middlewares/ST/threadx/common/inc/tx_trace.h"
 573              		.file 6 "Middlewares/ST/threadx/common/inc/tx_event_flags.h"
ARM GAS  /tmp/ccHRZZOW.s 			page 30


DEFINED SYMBOLS
                            *ABS*:00000000 tx_event_flags_get.c
     /tmp/ccHRZZOW.s:20     .text._tx_event_flags_get:00000000 $t
     /tmp/ccHRZZOW.s:26     .text._tx_event_flags_get:00000000 _tx_event_flags_get
     /tmp/ccHRZZOW.s:554    .text._tx_event_flags_get:0000016c $d

UNDEFINED SYMBOLS
_tx_thread_system_suspend
_tx_trace_buffer_current_ptr
_tx_trace_event_enable_bits
_tx_thread_system_state
_tx_thread_current_ptr
_tx_trace_buffer_end_ptr
_tx_trace_buffer_start_ptr
_tx_trace_header_ptr
_tx_trace_full_notify_function
_tx_thread_preempt_disable
_tx_event_flags_cleanup
