ARM GAS  /tmp/ccqGl48O.s 			page 1


   1              		.cpu cortex-m7
   2              		.arch armv7e-m
   3              		.fpu fpv5-d16
   4              		.eabi_attribute 28, 1
   5              		.eabi_attribute 20, 1
   6              		.eabi_attribute 21, 1
   7              		.eabi_attribute 23, 3
   8              		.eabi_attribute 24, 1
   9              		.eabi_attribute 25, 1
  10              		.eabi_attribute 26, 1
  11              		.eabi_attribute 30, 1
  12              		.eabi_attribute 34, 1
  13              		.eabi_attribute 18, 4
  14              		.file	"tx_event_flags_set.c"
  15              		.text
  16              	.Ltext0:
  17              		.cfi_sections	.debug_frame
  18              		.file 1 "Middlewares/ST/threadx/common/src/tx_event_flags_set.c"
  19              		.section	.text._tx_event_flags_set,"ax",%progbits
  20              		.align	1
  21              		.global	_tx_event_flags_set
  22              		.syntax unified
  23              		.thumb
  24              		.thumb_func
  26              	_tx_event_flags_set:
  27              	.LVL0:
  28              	.LFB8:
   1:Middlewares/ST/threadx/common/src/tx_event_flags_set.c **** /**************************************************************************/
   2:Middlewares/ST/threadx/common/src/tx_event_flags_set.c **** /*                                                                        */
   3:Middlewares/ST/threadx/common/src/tx_event_flags_set.c **** /*       Copyright (c) Microsoft Corporation. All rights reserved.        */
   4:Middlewares/ST/threadx/common/src/tx_event_flags_set.c **** /*                                                                        */
   5:Middlewares/ST/threadx/common/src/tx_event_flags_set.c **** /*       This software is licensed under the Microsoft Software License   */
   6:Middlewares/ST/threadx/common/src/tx_event_flags_set.c **** /*       Terms for Microsoft Azure RTOS. Full text of the license can be  */
   7:Middlewares/ST/threadx/common/src/tx_event_flags_set.c **** /*       found in the LICENSE file at https://aka.ms/AzureRTOS_EULA       */
   8:Middlewares/ST/threadx/common/src/tx_event_flags_set.c **** /*       and in the root directory of this software.                      */
   9:Middlewares/ST/threadx/common/src/tx_event_flags_set.c **** /*                                                                        */
  10:Middlewares/ST/threadx/common/src/tx_event_flags_set.c **** /**************************************************************************/
  11:Middlewares/ST/threadx/common/src/tx_event_flags_set.c **** 
  12:Middlewares/ST/threadx/common/src/tx_event_flags_set.c **** 
  13:Middlewares/ST/threadx/common/src/tx_event_flags_set.c **** /**************************************************************************/
  14:Middlewares/ST/threadx/common/src/tx_event_flags_set.c **** /**************************************************************************/
  15:Middlewares/ST/threadx/common/src/tx_event_flags_set.c **** /**                                                                       */
  16:Middlewares/ST/threadx/common/src/tx_event_flags_set.c **** /** ThreadX Component                                                     */
  17:Middlewares/ST/threadx/common/src/tx_event_flags_set.c **** /**                                                                       */
  18:Middlewares/ST/threadx/common/src/tx_event_flags_set.c **** /**   Event Flags                                                         */
  19:Middlewares/ST/threadx/common/src/tx_event_flags_set.c **** /**                                                                       */
  20:Middlewares/ST/threadx/common/src/tx_event_flags_set.c **** /**************************************************************************/
  21:Middlewares/ST/threadx/common/src/tx_event_flags_set.c **** /**************************************************************************/
  22:Middlewares/ST/threadx/common/src/tx_event_flags_set.c **** 
  23:Middlewares/ST/threadx/common/src/tx_event_flags_set.c **** #define TX_SOURCE_CODE
  24:Middlewares/ST/threadx/common/src/tx_event_flags_set.c **** 
  25:Middlewares/ST/threadx/common/src/tx_event_flags_set.c **** 
  26:Middlewares/ST/threadx/common/src/tx_event_flags_set.c **** /* Include necessary system files.  */
  27:Middlewares/ST/threadx/common/src/tx_event_flags_set.c **** 
  28:Middlewares/ST/threadx/common/src/tx_event_flags_set.c **** #include "tx_api.h"
  29:Middlewares/ST/threadx/common/src/tx_event_flags_set.c **** #include "tx_trace.h"
  30:Middlewares/ST/threadx/common/src/tx_event_flags_set.c **** #include "tx_thread.h"
ARM GAS  /tmp/ccqGl48O.s 			page 2


  31:Middlewares/ST/threadx/common/src/tx_event_flags_set.c **** #include "tx_event_flags.h"
  32:Middlewares/ST/threadx/common/src/tx_event_flags_set.c **** 
  33:Middlewares/ST/threadx/common/src/tx_event_flags_set.c **** 
  34:Middlewares/ST/threadx/common/src/tx_event_flags_set.c **** /**************************************************************************/
  35:Middlewares/ST/threadx/common/src/tx_event_flags_set.c **** /*                                                                        */
  36:Middlewares/ST/threadx/common/src/tx_event_flags_set.c **** /*  FUNCTION                                               RELEASE        */
  37:Middlewares/ST/threadx/common/src/tx_event_flags_set.c **** /*                                                                        */
  38:Middlewares/ST/threadx/common/src/tx_event_flags_set.c **** /*    _tx_event_flags_set                                 PORTABLE C      */
  39:Middlewares/ST/threadx/common/src/tx_event_flags_set.c **** /*                                                           6.1          */
  40:Middlewares/ST/threadx/common/src/tx_event_flags_set.c **** /*  AUTHOR                                                                */
  41:Middlewares/ST/threadx/common/src/tx_event_flags_set.c **** /*                                                                        */
  42:Middlewares/ST/threadx/common/src/tx_event_flags_set.c **** /*    William E. Lamie, Microsoft Corporation                             */
  43:Middlewares/ST/threadx/common/src/tx_event_flags_set.c **** /*                                                                        */
  44:Middlewares/ST/threadx/common/src/tx_event_flags_set.c **** /*  DESCRIPTION                                                           */
  45:Middlewares/ST/threadx/common/src/tx_event_flags_set.c **** /*                                                                        */
  46:Middlewares/ST/threadx/common/src/tx_event_flags_set.c **** /*    This function sets the specified flags in the event group based on  */
  47:Middlewares/ST/threadx/common/src/tx_event_flags_set.c **** /*    the set option specified.  All threads suspended on the group whose */
  48:Middlewares/ST/threadx/common/src/tx_event_flags_set.c **** /*    get request can now be satisfied are resumed.                       */
  49:Middlewares/ST/threadx/common/src/tx_event_flags_set.c **** /*                                                                        */
  50:Middlewares/ST/threadx/common/src/tx_event_flags_set.c **** /*  INPUT                                                                 */
  51:Middlewares/ST/threadx/common/src/tx_event_flags_set.c **** /*                                                                        */
  52:Middlewares/ST/threadx/common/src/tx_event_flags_set.c **** /*    group_ptr                         Pointer to group control block    */
  53:Middlewares/ST/threadx/common/src/tx_event_flags_set.c **** /*    flags_to_set                      Event flags to set                */
  54:Middlewares/ST/threadx/common/src/tx_event_flags_set.c **** /*    set_option                        Specified either AND or OR        */
  55:Middlewares/ST/threadx/common/src/tx_event_flags_set.c **** /*                                        operation on the event flags    */
  56:Middlewares/ST/threadx/common/src/tx_event_flags_set.c **** /*                                                                        */
  57:Middlewares/ST/threadx/common/src/tx_event_flags_set.c **** /*  OUTPUT                                                                */
  58:Middlewares/ST/threadx/common/src/tx_event_flags_set.c **** /*                                                                        */
  59:Middlewares/ST/threadx/common/src/tx_event_flags_set.c **** /*    TX_SUCCESS                        Always returns success            */
  60:Middlewares/ST/threadx/common/src/tx_event_flags_set.c **** /*                                                                        */
  61:Middlewares/ST/threadx/common/src/tx_event_flags_set.c **** /*  CALLS                                                                 */
  62:Middlewares/ST/threadx/common/src/tx_event_flags_set.c **** /*                                                                        */
  63:Middlewares/ST/threadx/common/src/tx_event_flags_set.c **** /*    _tx_thread_system_preempt_check   Check for preemption              */
  64:Middlewares/ST/threadx/common/src/tx_event_flags_set.c **** /*    _tx_thread_system_resume          Resume thread service             */
  65:Middlewares/ST/threadx/common/src/tx_event_flags_set.c **** /*    _tx_thread_system_ni_resume       Non-interruptable resume thread   */
  66:Middlewares/ST/threadx/common/src/tx_event_flags_set.c **** /*                                                                        */
  67:Middlewares/ST/threadx/common/src/tx_event_flags_set.c **** /*  CALLED BY                                                             */
  68:Middlewares/ST/threadx/common/src/tx_event_flags_set.c **** /*                                                                        */
  69:Middlewares/ST/threadx/common/src/tx_event_flags_set.c **** /*    Application Code                                                    */
  70:Middlewares/ST/threadx/common/src/tx_event_flags_set.c **** /*                                                                        */
  71:Middlewares/ST/threadx/common/src/tx_event_flags_set.c **** /*  RELEASE HISTORY                                                       */
  72:Middlewares/ST/threadx/common/src/tx_event_flags_set.c **** /*                                                                        */
  73:Middlewares/ST/threadx/common/src/tx_event_flags_set.c **** /*    DATE              NAME                      DESCRIPTION             */
  74:Middlewares/ST/threadx/common/src/tx_event_flags_set.c **** /*                                                                        */
  75:Middlewares/ST/threadx/common/src/tx_event_flags_set.c **** /*  05-19-2020     William E. Lamie         Initial Version 6.0           */
  76:Middlewares/ST/threadx/common/src/tx_event_flags_set.c **** /*  09-30-2020     Yuxin Zhou               Modified comment(s),          */
  77:Middlewares/ST/threadx/common/src/tx_event_flags_set.c **** /*                                            resulting in version 6.1    */
  78:Middlewares/ST/threadx/common/src/tx_event_flags_set.c **** /*                                                                        */
  79:Middlewares/ST/threadx/common/src/tx_event_flags_set.c **** /**************************************************************************/
  80:Middlewares/ST/threadx/common/src/tx_event_flags_set.c **** UINT  _tx_event_flags_set(TX_EVENT_FLAGS_GROUP *group_ptr, ULONG flags_to_set, UINT set_option)
  81:Middlewares/ST/threadx/common/src/tx_event_flags_set.c **** {
  29              		.loc 1 81 1 view -0
  30              		.cfi_startproc
  31              		@ args = 0, pretend = 0, frame = 8
  32              		@ frame_needed = 0, uses_anonymous_args = 0
  33              		.loc 1 81 1 is_stmt 0 view .LVU1
  34 0000 2DE9F04F 		push	{r4, r5, r6, r7, r8, r9, r10, fp, lr}
ARM GAS  /tmp/ccqGl48O.s 			page 3


  35              	.LCFI0:
  36              		.cfi_def_cfa_offset 36
  37              		.cfi_offset 4, -36
  38              		.cfi_offset 5, -32
  39              		.cfi_offset 6, -28
  40              		.cfi_offset 7, -24
  41              		.cfi_offset 8, -20
  42              		.cfi_offset 9, -16
  43              		.cfi_offset 10, -12
  44              		.cfi_offset 11, -8
  45              		.cfi_offset 14, -4
  46 0004 83B0     		sub	sp, sp, #12
  47              	.LCFI1:
  48              		.cfi_def_cfa_offset 48
  49 0006 0446     		mov	r4, r0
  50 0008 0F46     		mov	r7, r1
  51 000a 1546     		mov	r5, r2
  82:Middlewares/ST/threadx/common/src/tx_event_flags_set.c **** 
  83:Middlewares/ST/threadx/common/src/tx_event_flags_set.c **** TX_INTERRUPT_SAVE_AREA
  52              		.loc 1 83 1 is_stmt 1 view .LVU2
  84:Middlewares/ST/threadx/common/src/tx_event_flags_set.c **** 
  85:Middlewares/ST/threadx/common/src/tx_event_flags_set.c **** TX_THREAD       *thread_ptr;
  53              		.loc 1 85 1 view .LVU3
  86:Middlewares/ST/threadx/common/src/tx_event_flags_set.c **** TX_THREAD       *next_thread_ptr;
  54              		.loc 1 86 1 view .LVU4
  87:Middlewares/ST/threadx/common/src/tx_event_flags_set.c **** TX_THREAD       *next_thread;
  55              		.loc 1 87 1 view .LVU5
  88:Middlewares/ST/threadx/common/src/tx_event_flags_set.c **** TX_THREAD       *previous_thread;
  56              		.loc 1 88 1 view .LVU6
  89:Middlewares/ST/threadx/common/src/tx_event_flags_set.c **** TX_THREAD       *satisfied_list;
  57              		.loc 1 89 1 view .LVU7
  90:Middlewares/ST/threadx/common/src/tx_event_flags_set.c **** TX_THREAD       *last_satisfied;
  58              		.loc 1 90 1 view .LVU8
  91:Middlewares/ST/threadx/common/src/tx_event_flags_set.c **** TX_THREAD       *suspended_list;
  59              		.loc 1 91 1 view .LVU9
  92:Middlewares/ST/threadx/common/src/tx_event_flags_set.c **** UINT            suspended_count;
  60              		.loc 1 92 1 view .LVU10
  93:Middlewares/ST/threadx/common/src/tx_event_flags_set.c **** ULONG           current_event_flags;
  61              		.loc 1 93 1 view .LVU11
  94:Middlewares/ST/threadx/common/src/tx_event_flags_set.c **** ULONG           requested_flags;
  62              		.loc 1 94 1 view .LVU12
  95:Middlewares/ST/threadx/common/src/tx_event_flags_set.c **** ULONG           flags_satisfied;
  63              		.loc 1 95 1 view .LVU13
  96:Middlewares/ST/threadx/common/src/tx_event_flags_set.c **** ULONG           *suspend_info_ptr;
  64              		.loc 1 96 1 view .LVU14
  97:Middlewares/ST/threadx/common/src/tx_event_flags_set.c **** UINT            and_request;
  65              		.loc 1 97 1 view .LVU15
  98:Middlewares/ST/threadx/common/src/tx_event_flags_set.c **** UINT            get_option;
  66              		.loc 1 98 1 view .LVU16
  99:Middlewares/ST/threadx/common/src/tx_event_flags_set.c **** UINT            clear_request;
  67              		.loc 1 99 1 view .LVU17
 100:Middlewares/ST/threadx/common/src/tx_event_flags_set.c **** UINT            preempt_check;
  68              		.loc 1 100 1 view .LVU18
 101:Middlewares/ST/threadx/common/src/tx_event_flags_set.c **** #ifndef TX_NOT_INTERRUPTABLE
 102:Middlewares/ST/threadx/common/src/tx_event_flags_set.c **** UINT            interrupted_set_request;
  69              		.loc 1 102 1 view .LVU19
 103:Middlewares/ST/threadx/common/src/tx_event_flags_set.c **** #endif
ARM GAS  /tmp/ccqGl48O.s 			page 4


 104:Middlewares/ST/threadx/common/src/tx_event_flags_set.c **** #ifndef TX_DISABLE_NOTIFY_CALLBACKS
 105:Middlewares/ST/threadx/common/src/tx_event_flags_set.c **** VOID            (*events_set_notify)(struct TX_EVENT_FLAGS_GROUP_STRUCT *notify_group_ptr);
 106:Middlewares/ST/threadx/common/src/tx_event_flags_set.c **** #endif
 107:Middlewares/ST/threadx/common/src/tx_event_flags_set.c **** 
 108:Middlewares/ST/threadx/common/src/tx_event_flags_set.c **** 
 109:Middlewares/ST/threadx/common/src/tx_event_flags_set.c ****     /* Disable interrupts to remove the semaphore from the created list.  */
 110:Middlewares/ST/threadx/common/src/tx_event_flags_set.c ****     TX_DISABLE
  70              		.loc 1 110 5 view .LVU20
  71              	.LBB39:
  72              	.LBI39:
  73              		.file 2 "Middlewares/ST/threadx/ports/cortex_m7/gnu/inc/tx_port.h"
   1:Middlewares/ST/threadx/ports/cortex_m7/gnu/inc/tx_port.h **** /**************************************************************************/
   2:Middlewares/ST/threadx/ports/cortex_m7/gnu/inc/tx_port.h **** /*                                                                        */
   3:Middlewares/ST/threadx/ports/cortex_m7/gnu/inc/tx_port.h **** /*       Copyright (c) Microsoft Corporation. All rights reserved.        */
   4:Middlewares/ST/threadx/ports/cortex_m7/gnu/inc/tx_port.h **** /*                                                                        */
   5:Middlewares/ST/threadx/ports/cortex_m7/gnu/inc/tx_port.h **** /*       This software is licensed under the Microsoft Software License   */
   6:Middlewares/ST/threadx/ports/cortex_m7/gnu/inc/tx_port.h **** /*       Terms for Microsoft Azure RTOS. Full text of the license can be  */
   7:Middlewares/ST/threadx/ports/cortex_m7/gnu/inc/tx_port.h **** /*       found in the LICENSE file at https://aka.ms/AzureRTOS_EULA       */
   8:Middlewares/ST/threadx/ports/cortex_m7/gnu/inc/tx_port.h **** /*       and in the root directory of this software.                      */
   9:Middlewares/ST/threadx/ports/cortex_m7/gnu/inc/tx_port.h **** /*                                                                        */
  10:Middlewares/ST/threadx/ports/cortex_m7/gnu/inc/tx_port.h **** /**************************************************************************/
  11:Middlewares/ST/threadx/ports/cortex_m7/gnu/inc/tx_port.h **** 
  12:Middlewares/ST/threadx/ports/cortex_m7/gnu/inc/tx_port.h **** 
  13:Middlewares/ST/threadx/ports/cortex_m7/gnu/inc/tx_port.h **** /**************************************************************************/
  14:Middlewares/ST/threadx/ports/cortex_m7/gnu/inc/tx_port.h **** /**************************************************************************/
  15:Middlewares/ST/threadx/ports/cortex_m7/gnu/inc/tx_port.h **** /**                                                                       */
  16:Middlewares/ST/threadx/ports/cortex_m7/gnu/inc/tx_port.h **** /** ThreadX Component                                                     */
  17:Middlewares/ST/threadx/ports/cortex_m7/gnu/inc/tx_port.h **** /**                                                                       */
  18:Middlewares/ST/threadx/ports/cortex_m7/gnu/inc/tx_port.h **** /**   Port Specific                                                       */
  19:Middlewares/ST/threadx/ports/cortex_m7/gnu/inc/tx_port.h **** /**                                                                       */
  20:Middlewares/ST/threadx/ports/cortex_m7/gnu/inc/tx_port.h **** /**************************************************************************/
  21:Middlewares/ST/threadx/ports/cortex_m7/gnu/inc/tx_port.h **** /**************************************************************************/
  22:Middlewares/ST/threadx/ports/cortex_m7/gnu/inc/tx_port.h **** 
  23:Middlewares/ST/threadx/ports/cortex_m7/gnu/inc/tx_port.h **** 
  24:Middlewares/ST/threadx/ports/cortex_m7/gnu/inc/tx_port.h **** /**************************************************************************/
  25:Middlewares/ST/threadx/ports/cortex_m7/gnu/inc/tx_port.h **** /*                                                                        */
  26:Middlewares/ST/threadx/ports/cortex_m7/gnu/inc/tx_port.h **** /*  PORT SPECIFIC C INFORMATION                            RELEASE        */
  27:Middlewares/ST/threadx/ports/cortex_m7/gnu/inc/tx_port.h **** /*                                                                        */
  28:Middlewares/ST/threadx/ports/cortex_m7/gnu/inc/tx_port.h **** /*    tx_port.h                                         Cortex-M7/GNU     */
  29:Middlewares/ST/threadx/ports/cortex_m7/gnu/inc/tx_port.h **** /*                                                           6.1.10       */
  30:Middlewares/ST/threadx/ports/cortex_m7/gnu/inc/tx_port.h **** /*                                                                        */
  31:Middlewares/ST/threadx/ports/cortex_m7/gnu/inc/tx_port.h **** /*  AUTHOR                                                                */
  32:Middlewares/ST/threadx/ports/cortex_m7/gnu/inc/tx_port.h **** /*                                                                        */
  33:Middlewares/ST/threadx/ports/cortex_m7/gnu/inc/tx_port.h **** /*    Scott Larson, Microsoft Corporation                                 */
  34:Middlewares/ST/threadx/ports/cortex_m7/gnu/inc/tx_port.h **** /*                                                                        */
  35:Middlewares/ST/threadx/ports/cortex_m7/gnu/inc/tx_port.h **** /*  DESCRIPTION                                                           */
  36:Middlewares/ST/threadx/ports/cortex_m7/gnu/inc/tx_port.h **** /*                                                                        */
  37:Middlewares/ST/threadx/ports/cortex_m7/gnu/inc/tx_port.h **** /*    This file contains data type definitions that make the ThreadX      */
  38:Middlewares/ST/threadx/ports/cortex_m7/gnu/inc/tx_port.h **** /*    real-time kernel function identically on a variety of different     */
  39:Middlewares/ST/threadx/ports/cortex_m7/gnu/inc/tx_port.h **** /*    processor architectures.  For example, the size or number of bits   */
  40:Middlewares/ST/threadx/ports/cortex_m7/gnu/inc/tx_port.h **** /*    in an "int" data type vary between microprocessor architectures and */
  41:Middlewares/ST/threadx/ports/cortex_m7/gnu/inc/tx_port.h **** /*    even C compilers for the same microprocessor.  ThreadX does not     */
  42:Middlewares/ST/threadx/ports/cortex_m7/gnu/inc/tx_port.h **** /*    directly use native C data types.  Instead, ThreadX creates its     */
  43:Middlewares/ST/threadx/ports/cortex_m7/gnu/inc/tx_port.h **** /*    own special types that can be mapped to actual data types by this   */
  44:Middlewares/ST/threadx/ports/cortex_m7/gnu/inc/tx_port.h **** /*    file to guarantee consistency in the interface and functionality.   */
  45:Middlewares/ST/threadx/ports/cortex_m7/gnu/inc/tx_port.h **** /*                                                                        */
  46:Middlewares/ST/threadx/ports/cortex_m7/gnu/inc/tx_port.h **** /*    This file replaces the previous Cortex-M3/M4/M7 files. It unifies   */
ARM GAS  /tmp/ccqGl48O.s 			page 5


  47:Middlewares/ST/threadx/ports/cortex_m7/gnu/inc/tx_port.h **** /*    the ARMv7-M architecture and compilers into one common file.        */
  48:Middlewares/ST/threadx/ports/cortex_m7/gnu/inc/tx_port.h **** /*                                                                        */
  49:Middlewares/ST/threadx/ports/cortex_m7/gnu/inc/tx_port.h **** /*  RELEASE HISTORY                                                       */
  50:Middlewares/ST/threadx/ports/cortex_m7/gnu/inc/tx_port.h **** /*                                                                        */
  51:Middlewares/ST/threadx/ports/cortex_m7/gnu/inc/tx_port.h **** /*    DATE              NAME                      DESCRIPTION             */
  52:Middlewares/ST/threadx/ports/cortex_m7/gnu/inc/tx_port.h **** /*                                                                        */
  53:Middlewares/ST/threadx/ports/cortex_m7/gnu/inc/tx_port.h **** /*  06-02-2021      Scott Larson            Initial Version 6.1.7         */
  54:Middlewares/ST/threadx/ports/cortex_m7/gnu/inc/tx_port.h **** /*  01-31-2022      Scott Larson            Modified comments, updated    */
  55:Middlewares/ST/threadx/ports/cortex_m7/gnu/inc/tx_port.h **** /*                                            typedef to fix misra        */
  56:Middlewares/ST/threadx/ports/cortex_m7/gnu/inc/tx_port.h **** /*                                            violation,                  */
  57:Middlewares/ST/threadx/ports/cortex_m7/gnu/inc/tx_port.h **** /*                                            fixed predefined macro,     */
  58:Middlewares/ST/threadx/ports/cortex_m7/gnu/inc/tx_port.h **** /*                                            resulting in version 6.1.10 */
  59:Middlewares/ST/threadx/ports/cortex_m7/gnu/inc/tx_port.h **** /*                                                                        */
  60:Middlewares/ST/threadx/ports/cortex_m7/gnu/inc/tx_port.h **** /**************************************************************************/
  61:Middlewares/ST/threadx/ports/cortex_m7/gnu/inc/tx_port.h **** 
  62:Middlewares/ST/threadx/ports/cortex_m7/gnu/inc/tx_port.h **** #ifndef TX_PORT_H
  63:Middlewares/ST/threadx/ports/cortex_m7/gnu/inc/tx_port.h **** #define TX_PORT_H
  64:Middlewares/ST/threadx/ports/cortex_m7/gnu/inc/tx_port.h **** 
  65:Middlewares/ST/threadx/ports/cortex_m7/gnu/inc/tx_port.h **** 
  66:Middlewares/ST/threadx/ports/cortex_m7/gnu/inc/tx_port.h **** /* Determine if the optional ThreadX user define file should be used.  */
  67:Middlewares/ST/threadx/ports/cortex_m7/gnu/inc/tx_port.h **** 
  68:Middlewares/ST/threadx/ports/cortex_m7/gnu/inc/tx_port.h **** #ifdef TX_INCLUDE_USER_DEFINE_FILE
  69:Middlewares/ST/threadx/ports/cortex_m7/gnu/inc/tx_port.h **** 
  70:Middlewares/ST/threadx/ports/cortex_m7/gnu/inc/tx_port.h **** /* Yes, include the user defines in tx_user.h. The defines in this file may
  71:Middlewares/ST/threadx/ports/cortex_m7/gnu/inc/tx_port.h ****    alternately be defined on the command line.  */
  72:Middlewares/ST/threadx/ports/cortex_m7/gnu/inc/tx_port.h **** 
  73:Middlewares/ST/threadx/ports/cortex_m7/gnu/inc/tx_port.h **** #include "tx_user.h"
  74:Middlewares/ST/threadx/ports/cortex_m7/gnu/inc/tx_port.h **** #endif
  75:Middlewares/ST/threadx/ports/cortex_m7/gnu/inc/tx_port.h **** 
  76:Middlewares/ST/threadx/ports/cortex_m7/gnu/inc/tx_port.h **** 
  77:Middlewares/ST/threadx/ports/cortex_m7/gnu/inc/tx_port.h **** /* Define compiler library include files.  */
  78:Middlewares/ST/threadx/ports/cortex_m7/gnu/inc/tx_port.h **** 
  79:Middlewares/ST/threadx/ports/cortex_m7/gnu/inc/tx_port.h **** #include <stdlib.h>
  80:Middlewares/ST/threadx/ports/cortex_m7/gnu/inc/tx_port.h **** #include <string.h>
  81:Middlewares/ST/threadx/ports/cortex_m7/gnu/inc/tx_port.h **** 
  82:Middlewares/ST/threadx/ports/cortex_m7/gnu/inc/tx_port.h **** #ifdef __ICCARM__
  83:Middlewares/ST/threadx/ports/cortex_m7/gnu/inc/tx_port.h **** #include <intrinsics.h>                     /* IAR Intrinsics */
  84:Middlewares/ST/threadx/ports/cortex_m7/gnu/inc/tx_port.h **** #define __asm__ __asm                       /* Define to make all inline asm look similar */
  85:Middlewares/ST/threadx/ports/cortex_m7/gnu/inc/tx_port.h **** #ifdef  TX_ENABLE_IAR_LIBRARY_SUPPORT
  86:Middlewares/ST/threadx/ports/cortex_m7/gnu/inc/tx_port.h **** #include <yvals.h>
  87:Middlewares/ST/threadx/ports/cortex_m7/gnu/inc/tx_port.h **** #endif
  88:Middlewares/ST/threadx/ports/cortex_m7/gnu/inc/tx_port.h **** #endif /* __ICCARM__ */
  89:Middlewares/ST/threadx/ports/cortex_m7/gnu/inc/tx_port.h **** 
  90:Middlewares/ST/threadx/ports/cortex_m7/gnu/inc/tx_port.h **** #ifdef __ghs__
  91:Middlewares/ST/threadx/ports/cortex_m7/gnu/inc/tx_port.h **** #include <arm_ghs.h>
  92:Middlewares/ST/threadx/ports/cortex_m7/gnu/inc/tx_port.h **** #include "tx_ghs.h"
  93:Middlewares/ST/threadx/ports/cortex_m7/gnu/inc/tx_port.h **** #endif  /* __ghs__ */
  94:Middlewares/ST/threadx/ports/cortex_m7/gnu/inc/tx_port.h **** 
  95:Middlewares/ST/threadx/ports/cortex_m7/gnu/inc/tx_port.h **** 
  96:Middlewares/ST/threadx/ports/cortex_m7/gnu/inc/tx_port.h **** #if !defined(__GNUC__) && !defined(__CC_ARM)
  97:Middlewares/ST/threadx/ports/cortex_m7/gnu/inc/tx_port.h **** #define __get_control_value __get_CONTROL
  98:Middlewares/ST/threadx/ports/cortex_m7/gnu/inc/tx_port.h **** #define __set_control_value __set_CONTROL
  99:Middlewares/ST/threadx/ports/cortex_m7/gnu/inc/tx_port.h **** #endif
 100:Middlewares/ST/threadx/ports/cortex_m7/gnu/inc/tx_port.h **** 
 101:Middlewares/ST/threadx/ports/cortex_m7/gnu/inc/tx_port.h **** #ifndef __GNUC__
 102:Middlewares/ST/threadx/ports/cortex_m7/gnu/inc/tx_port.h **** #define __get_ipsr_value __get_IPSR
 103:Middlewares/ST/threadx/ports/cortex_m7/gnu/inc/tx_port.h **** #endif
ARM GAS  /tmp/ccqGl48O.s 			page 6


 104:Middlewares/ST/threadx/ports/cortex_m7/gnu/inc/tx_port.h **** 
 105:Middlewares/ST/threadx/ports/cortex_m7/gnu/inc/tx_port.h **** /* Define ThreadX basic types for this port.  */
 106:Middlewares/ST/threadx/ports/cortex_m7/gnu/inc/tx_port.h **** 
 107:Middlewares/ST/threadx/ports/cortex_m7/gnu/inc/tx_port.h **** #define VOID                                    void
 108:Middlewares/ST/threadx/ports/cortex_m7/gnu/inc/tx_port.h **** typedef char                                    CHAR;
 109:Middlewares/ST/threadx/ports/cortex_m7/gnu/inc/tx_port.h **** typedef unsigned char                           UCHAR;
 110:Middlewares/ST/threadx/ports/cortex_m7/gnu/inc/tx_port.h **** typedef int                                     INT;
 111:Middlewares/ST/threadx/ports/cortex_m7/gnu/inc/tx_port.h **** typedef unsigned int                            UINT;
 112:Middlewares/ST/threadx/ports/cortex_m7/gnu/inc/tx_port.h **** typedef long                                    LONG;
 113:Middlewares/ST/threadx/ports/cortex_m7/gnu/inc/tx_port.h **** typedef unsigned long                           ULONG;
 114:Middlewares/ST/threadx/ports/cortex_m7/gnu/inc/tx_port.h **** typedef unsigned long long                      ULONG64;
 115:Middlewares/ST/threadx/ports/cortex_m7/gnu/inc/tx_port.h **** typedef short                                   SHORT;
 116:Middlewares/ST/threadx/ports/cortex_m7/gnu/inc/tx_port.h **** typedef unsigned short                          USHORT;
 117:Middlewares/ST/threadx/ports/cortex_m7/gnu/inc/tx_port.h **** #define ULONG64_DEFINED
 118:Middlewares/ST/threadx/ports/cortex_m7/gnu/inc/tx_port.h **** 
 119:Middlewares/ST/threadx/ports/cortex_m7/gnu/inc/tx_port.h **** /* Define the priority levels for ThreadX.  Legal values range
 120:Middlewares/ST/threadx/ports/cortex_m7/gnu/inc/tx_port.h ****    from 32 to 1024 and MUST be evenly divisible by 32.  */
 121:Middlewares/ST/threadx/ports/cortex_m7/gnu/inc/tx_port.h **** 
 122:Middlewares/ST/threadx/ports/cortex_m7/gnu/inc/tx_port.h **** #ifndef TX_MAX_PRIORITIES
 123:Middlewares/ST/threadx/ports/cortex_m7/gnu/inc/tx_port.h **** #define TX_MAX_PRIORITIES                       32
 124:Middlewares/ST/threadx/ports/cortex_m7/gnu/inc/tx_port.h **** #endif
 125:Middlewares/ST/threadx/ports/cortex_m7/gnu/inc/tx_port.h **** 
 126:Middlewares/ST/threadx/ports/cortex_m7/gnu/inc/tx_port.h **** 
 127:Middlewares/ST/threadx/ports/cortex_m7/gnu/inc/tx_port.h **** /* Define the minimum stack for a ThreadX thread on this processor. If the size supplied during
 128:Middlewares/ST/threadx/ports/cortex_m7/gnu/inc/tx_port.h ****    thread creation is less than this value, the thread create call will return an error.  */
 129:Middlewares/ST/threadx/ports/cortex_m7/gnu/inc/tx_port.h **** 
 130:Middlewares/ST/threadx/ports/cortex_m7/gnu/inc/tx_port.h **** #ifndef TX_MINIMUM_STACK
 131:Middlewares/ST/threadx/ports/cortex_m7/gnu/inc/tx_port.h **** #define TX_MINIMUM_STACK                        200         /* Minimum stack size for this port  */
 132:Middlewares/ST/threadx/ports/cortex_m7/gnu/inc/tx_port.h **** #endif
 133:Middlewares/ST/threadx/ports/cortex_m7/gnu/inc/tx_port.h **** 
 134:Middlewares/ST/threadx/ports/cortex_m7/gnu/inc/tx_port.h **** 
 135:Middlewares/ST/threadx/ports/cortex_m7/gnu/inc/tx_port.h **** /* Define the system timer thread's default stack size and priority.  These are only applicable
 136:Middlewares/ST/threadx/ports/cortex_m7/gnu/inc/tx_port.h ****    if TX_TIMER_PROCESS_IN_ISR is not defined.  */
 137:Middlewares/ST/threadx/ports/cortex_m7/gnu/inc/tx_port.h **** 
 138:Middlewares/ST/threadx/ports/cortex_m7/gnu/inc/tx_port.h **** #ifndef TX_TIMER_THREAD_STACK_SIZE
 139:Middlewares/ST/threadx/ports/cortex_m7/gnu/inc/tx_port.h **** #define TX_TIMER_THREAD_STACK_SIZE              1024        /* Default timer thread stack size  */
 140:Middlewares/ST/threadx/ports/cortex_m7/gnu/inc/tx_port.h **** #endif
 141:Middlewares/ST/threadx/ports/cortex_m7/gnu/inc/tx_port.h **** 
 142:Middlewares/ST/threadx/ports/cortex_m7/gnu/inc/tx_port.h **** #ifndef TX_TIMER_THREAD_PRIORITY
 143:Middlewares/ST/threadx/ports/cortex_m7/gnu/inc/tx_port.h **** #define TX_TIMER_THREAD_PRIORITY                0           /* Default timer thread priority    */
 144:Middlewares/ST/threadx/ports/cortex_m7/gnu/inc/tx_port.h **** #endif
 145:Middlewares/ST/threadx/ports/cortex_m7/gnu/inc/tx_port.h **** 
 146:Middlewares/ST/threadx/ports/cortex_m7/gnu/inc/tx_port.h **** 
 147:Middlewares/ST/threadx/ports/cortex_m7/gnu/inc/tx_port.h **** /* Define various constants for the ThreadX Cortex-M port.  */
 148:Middlewares/ST/threadx/ports/cortex_m7/gnu/inc/tx_port.h **** 
 149:Middlewares/ST/threadx/ports/cortex_m7/gnu/inc/tx_port.h **** #define TX_INT_DISABLE                          1           /* Disable interrupts               */
 150:Middlewares/ST/threadx/ports/cortex_m7/gnu/inc/tx_port.h **** #define TX_INT_ENABLE                           0           /* Enable interrupts                */
 151:Middlewares/ST/threadx/ports/cortex_m7/gnu/inc/tx_port.h **** 
 152:Middlewares/ST/threadx/ports/cortex_m7/gnu/inc/tx_port.h **** 
 153:Middlewares/ST/threadx/ports/cortex_m7/gnu/inc/tx_port.h **** /* Define the clock source for trace event entry time stamp. The following two item are port specif
 154:Middlewares/ST/threadx/ports/cortex_m7/gnu/inc/tx_port.h ****    For example, if the time source is at the address 0x0a800024 and is 16-bits in size, the clock
 155:Middlewares/ST/threadx/ports/cortex_m7/gnu/inc/tx_port.h ****    source constants would be:
 156:Middlewares/ST/threadx/ports/cortex_m7/gnu/inc/tx_port.h **** 
 157:Middlewares/ST/threadx/ports/cortex_m7/gnu/inc/tx_port.h **** #define TX_TRACE_TIME_SOURCE                    *((ULONG *) 0x0a800024)
 158:Middlewares/ST/threadx/ports/cortex_m7/gnu/inc/tx_port.h **** #define TX_TRACE_TIME_MASK                      0x0000FFFFUL
 159:Middlewares/ST/threadx/ports/cortex_m7/gnu/inc/tx_port.h **** 
 160:Middlewares/ST/threadx/ports/cortex_m7/gnu/inc/tx_port.h **** */
ARM GAS  /tmp/ccqGl48O.s 			page 7


 161:Middlewares/ST/threadx/ports/cortex_m7/gnu/inc/tx_port.h **** 
 162:Middlewares/ST/threadx/ports/cortex_m7/gnu/inc/tx_port.h **** #ifndef TX_MISRA_ENABLE
 163:Middlewares/ST/threadx/ports/cortex_m7/gnu/inc/tx_port.h **** #ifndef TX_TRACE_TIME_SOURCE
 164:Middlewares/ST/threadx/ports/cortex_m7/gnu/inc/tx_port.h **** #define TX_TRACE_TIME_SOURCE                    *((ULONG *) 0xE0001004)
 165:Middlewares/ST/threadx/ports/cortex_m7/gnu/inc/tx_port.h **** #endif
 166:Middlewares/ST/threadx/ports/cortex_m7/gnu/inc/tx_port.h **** #else
 167:Middlewares/ST/threadx/ports/cortex_m7/gnu/inc/tx_port.h **** ULONG   _tx_misra_time_stamp_get(VOID);
 168:Middlewares/ST/threadx/ports/cortex_m7/gnu/inc/tx_port.h **** #define TX_TRACE_TIME_SOURCE                    _tx_misra_time_stamp_get()
 169:Middlewares/ST/threadx/ports/cortex_m7/gnu/inc/tx_port.h **** #endif
 170:Middlewares/ST/threadx/ports/cortex_m7/gnu/inc/tx_port.h **** 
 171:Middlewares/ST/threadx/ports/cortex_m7/gnu/inc/tx_port.h **** #ifndef TX_TRACE_TIME_MASK
 172:Middlewares/ST/threadx/ports/cortex_m7/gnu/inc/tx_port.h **** #define TX_TRACE_TIME_MASK                      0xFFFFFFFFUL
 173:Middlewares/ST/threadx/ports/cortex_m7/gnu/inc/tx_port.h **** #endif
 174:Middlewares/ST/threadx/ports/cortex_m7/gnu/inc/tx_port.h **** 
 175:Middlewares/ST/threadx/ports/cortex_m7/gnu/inc/tx_port.h **** #ifdef __ghs__
 176:Middlewares/ST/threadx/ports/cortex_m7/gnu/inc/tx_port.h **** /* Define constants for Green Hills EventAnalyzer.  */
 177:Middlewares/ST/threadx/ports/cortex_m7/gnu/inc/tx_port.h **** 
 178:Middlewares/ST/threadx/ports/cortex_m7/gnu/inc/tx_port.h **** /* Define the number of ticks per second. This informs the EventAnalyzer what the timestamps
 179:Middlewares/ST/threadx/ports/cortex_m7/gnu/inc/tx_port.h ****    represent.  By default, this is set to 1,000,000 i.e., one tick every microsecond. */
 180:Middlewares/ST/threadx/ports/cortex_m7/gnu/inc/tx_port.h **** 
 181:Middlewares/ST/threadx/ports/cortex_m7/gnu/inc/tx_port.h **** #define TX_EL_TICKS_PER_SECOND                  1000000
 182:Middlewares/ST/threadx/ports/cortex_m7/gnu/inc/tx_port.h **** 
 183:Middlewares/ST/threadx/ports/cortex_m7/gnu/inc/tx_port.h **** /* Define the method of how to get the upper and lower 32-bits of the time stamp. By default, simpl
 184:Middlewares/ST/threadx/ports/cortex_m7/gnu/inc/tx_port.h ****    simulate the time-stamp source with a counter.  */
 185:Middlewares/ST/threadx/ports/cortex_m7/gnu/inc/tx_port.h **** 
 186:Middlewares/ST/threadx/ports/cortex_m7/gnu/inc/tx_port.h **** #define read_tbu()                              _tx_el_time_base_upper
 187:Middlewares/ST/threadx/ports/cortex_m7/gnu/inc/tx_port.h **** #define read_tbl()                              ++_tx_el_time_base_lower
 188:Middlewares/ST/threadx/ports/cortex_m7/gnu/inc/tx_port.h **** #endif  /* __ghs__ */
 189:Middlewares/ST/threadx/ports/cortex_m7/gnu/inc/tx_port.h **** 
 190:Middlewares/ST/threadx/ports/cortex_m7/gnu/inc/tx_port.h **** /* Define the port specific options for the _tx_build_options variable. This variable indicates
 191:Middlewares/ST/threadx/ports/cortex_m7/gnu/inc/tx_port.h ****    how the ThreadX library was built.  */
 192:Middlewares/ST/threadx/ports/cortex_m7/gnu/inc/tx_port.h **** 
 193:Middlewares/ST/threadx/ports/cortex_m7/gnu/inc/tx_port.h **** #define TX_PORT_SPECIFIC_BUILD_OPTIONS          (0)
 194:Middlewares/ST/threadx/ports/cortex_m7/gnu/inc/tx_port.h **** 
 195:Middlewares/ST/threadx/ports/cortex_m7/gnu/inc/tx_port.h **** 
 196:Middlewares/ST/threadx/ports/cortex_m7/gnu/inc/tx_port.h **** /* Define the in-line initialization constant so that modules with in-line
 197:Middlewares/ST/threadx/ports/cortex_m7/gnu/inc/tx_port.h ****    initialization capabilities can prevent their initialization from being
 198:Middlewares/ST/threadx/ports/cortex_m7/gnu/inc/tx_port.h ****    a function call.  */
 199:Middlewares/ST/threadx/ports/cortex_m7/gnu/inc/tx_port.h **** 
 200:Middlewares/ST/threadx/ports/cortex_m7/gnu/inc/tx_port.h **** #ifdef TX_MISRA_ENABLE
 201:Middlewares/ST/threadx/ports/cortex_m7/gnu/inc/tx_port.h **** #define TX_DISABLE_INLINE
 202:Middlewares/ST/threadx/ports/cortex_m7/gnu/inc/tx_port.h **** #else
 203:Middlewares/ST/threadx/ports/cortex_m7/gnu/inc/tx_port.h **** #define TX_INLINE_INITIALIZATION
 204:Middlewares/ST/threadx/ports/cortex_m7/gnu/inc/tx_port.h **** #endif
 205:Middlewares/ST/threadx/ports/cortex_m7/gnu/inc/tx_port.h **** 
 206:Middlewares/ST/threadx/ports/cortex_m7/gnu/inc/tx_port.h **** 
 207:Middlewares/ST/threadx/ports/cortex_m7/gnu/inc/tx_port.h **** /* Determine whether or not stack checking is enabled. By default, ThreadX stack checking is
 208:Middlewares/ST/threadx/ports/cortex_m7/gnu/inc/tx_port.h ****    disabled. When the following is defined, ThreadX thread stack checking is enabled.  If stack
 209:Middlewares/ST/threadx/ports/cortex_m7/gnu/inc/tx_port.h ****    checking is enabled (TX_ENABLE_STACK_CHECKING is defined), the TX_DISABLE_STACK_FILLING
 210:Middlewares/ST/threadx/ports/cortex_m7/gnu/inc/tx_port.h ****    define is negated, thereby forcing the stack fill which is necessary for the stack checking
 211:Middlewares/ST/threadx/ports/cortex_m7/gnu/inc/tx_port.h ****    logic.  */
 212:Middlewares/ST/threadx/ports/cortex_m7/gnu/inc/tx_port.h **** 
 213:Middlewares/ST/threadx/ports/cortex_m7/gnu/inc/tx_port.h **** #ifndef TX_MISRA_ENABLE
 214:Middlewares/ST/threadx/ports/cortex_m7/gnu/inc/tx_port.h **** #ifdef TX_ENABLE_STACK_CHECKING
 215:Middlewares/ST/threadx/ports/cortex_m7/gnu/inc/tx_port.h **** #undef TX_DISABLE_STACK_FILLING
 216:Middlewares/ST/threadx/ports/cortex_m7/gnu/inc/tx_port.h **** #endif
 217:Middlewares/ST/threadx/ports/cortex_m7/gnu/inc/tx_port.h **** #endif
ARM GAS  /tmp/ccqGl48O.s 			page 8


 218:Middlewares/ST/threadx/ports/cortex_m7/gnu/inc/tx_port.h **** 
 219:Middlewares/ST/threadx/ports/cortex_m7/gnu/inc/tx_port.h **** 
 220:Middlewares/ST/threadx/ports/cortex_m7/gnu/inc/tx_port.h **** /* Define the TX_THREAD control block extensions for this port. The main reason
 221:Middlewares/ST/threadx/ports/cortex_m7/gnu/inc/tx_port.h ****    for the multiple macros is so that backward compatibility can be maintained with
 222:Middlewares/ST/threadx/ports/cortex_m7/gnu/inc/tx_port.h ****    existing ThreadX kernel awareness modules.  */
 223:Middlewares/ST/threadx/ports/cortex_m7/gnu/inc/tx_port.h **** 
 224:Middlewares/ST/threadx/ports/cortex_m7/gnu/inc/tx_port.h **** #define TX_THREAD_EXTENSION_0
 225:Middlewares/ST/threadx/ports/cortex_m7/gnu/inc/tx_port.h **** #define TX_THREAD_EXTENSION_1
 226:Middlewares/ST/threadx/ports/cortex_m7/gnu/inc/tx_port.h **** #ifdef  TX_ENABLE_IAR_LIBRARY_SUPPORT
 227:Middlewares/ST/threadx/ports/cortex_m7/gnu/inc/tx_port.h **** #define TX_THREAD_EXTENSION_2           VOID    *tx_thread_iar_tls_pointer;
 228:Middlewares/ST/threadx/ports/cortex_m7/gnu/inc/tx_port.h **** #elif defined(__ghs__)
 229:Middlewares/ST/threadx/ports/cortex_m7/gnu/inc/tx_port.h **** #define TX_THREAD_EXTENSION_2           VOID *  tx_thread_eh_globals;                           \
 230:Middlewares/ST/threadx/ports/cortex_m7/gnu/inc/tx_port.h ****                                         int     Errno;             /* errno.  */                \
 231:Middlewares/ST/threadx/ports/cortex_m7/gnu/inc/tx_port.h ****                                         char *  strtok_saved_pos;  /* strtok() position.  */
 232:Middlewares/ST/threadx/ports/cortex_m7/gnu/inc/tx_port.h **** #else
 233:Middlewares/ST/threadx/ports/cortex_m7/gnu/inc/tx_port.h **** #define TX_THREAD_EXTENSION_2
 234:Middlewares/ST/threadx/ports/cortex_m7/gnu/inc/tx_port.h **** #endif
 235:Middlewares/ST/threadx/ports/cortex_m7/gnu/inc/tx_port.h **** 
 236:Middlewares/ST/threadx/ports/cortex_m7/gnu/inc/tx_port.h **** 
 237:Middlewares/ST/threadx/ports/cortex_m7/gnu/inc/tx_port.h **** #define TX_THREAD_EXTENSION_3
 238:Middlewares/ST/threadx/ports/cortex_m7/gnu/inc/tx_port.h **** 
 239:Middlewares/ST/threadx/ports/cortex_m7/gnu/inc/tx_port.h **** 
 240:Middlewares/ST/threadx/ports/cortex_m7/gnu/inc/tx_port.h **** 
 241:Middlewares/ST/threadx/ports/cortex_m7/gnu/inc/tx_port.h **** /* Define the port extensions of the remaining ThreadX objects.  */
 242:Middlewares/ST/threadx/ports/cortex_m7/gnu/inc/tx_port.h **** 
 243:Middlewares/ST/threadx/ports/cortex_m7/gnu/inc/tx_port.h **** #define TX_BLOCK_POOL_EXTENSION
 244:Middlewares/ST/threadx/ports/cortex_m7/gnu/inc/tx_port.h **** #define TX_BYTE_POOL_EXTENSION
 245:Middlewares/ST/threadx/ports/cortex_m7/gnu/inc/tx_port.h **** #define TX_EVENT_FLAGS_GROUP_EXTENSION
 246:Middlewares/ST/threadx/ports/cortex_m7/gnu/inc/tx_port.h **** #define TX_MUTEX_EXTENSION
 247:Middlewares/ST/threadx/ports/cortex_m7/gnu/inc/tx_port.h **** #define TX_QUEUE_EXTENSION
 248:Middlewares/ST/threadx/ports/cortex_m7/gnu/inc/tx_port.h **** #define TX_SEMAPHORE_EXTENSION
 249:Middlewares/ST/threadx/ports/cortex_m7/gnu/inc/tx_port.h **** #define TX_TIMER_EXTENSION
 250:Middlewares/ST/threadx/ports/cortex_m7/gnu/inc/tx_port.h **** 
 251:Middlewares/ST/threadx/ports/cortex_m7/gnu/inc/tx_port.h **** 
 252:Middlewares/ST/threadx/ports/cortex_m7/gnu/inc/tx_port.h **** /* Define the user extension field of the thread control block.  Nothing
 253:Middlewares/ST/threadx/ports/cortex_m7/gnu/inc/tx_port.h ****    additional is needed for this port so it is defined as white space.  */
 254:Middlewares/ST/threadx/ports/cortex_m7/gnu/inc/tx_port.h **** 
 255:Middlewares/ST/threadx/ports/cortex_m7/gnu/inc/tx_port.h **** #ifndef TX_THREAD_USER_EXTENSION
 256:Middlewares/ST/threadx/ports/cortex_m7/gnu/inc/tx_port.h **** #define TX_THREAD_USER_EXTENSION
 257:Middlewares/ST/threadx/ports/cortex_m7/gnu/inc/tx_port.h **** #endif
 258:Middlewares/ST/threadx/ports/cortex_m7/gnu/inc/tx_port.h **** 
 259:Middlewares/ST/threadx/ports/cortex_m7/gnu/inc/tx_port.h **** 
 260:Middlewares/ST/threadx/ports/cortex_m7/gnu/inc/tx_port.h **** /* Define the macros for processing extensions in tx_thread_create, tx_thread_delete,
 261:Middlewares/ST/threadx/ports/cortex_m7/gnu/inc/tx_port.h ****    tx_thread_shell_entry, and tx_thread_terminate.  */
 262:Middlewares/ST/threadx/ports/cortex_m7/gnu/inc/tx_port.h **** 
 263:Middlewares/ST/threadx/ports/cortex_m7/gnu/inc/tx_port.h **** 
 264:Middlewares/ST/threadx/ports/cortex_m7/gnu/inc/tx_port.h **** #ifdef  TX_ENABLE_IAR_LIBRARY_SUPPORT
 265:Middlewares/ST/threadx/ports/cortex_m7/gnu/inc/tx_port.h **** #if (__VER__ < 8000000)
 266:Middlewares/ST/threadx/ports/cortex_m7/gnu/inc/tx_port.h **** #define TX_THREAD_CREATE_EXTENSION(thread_ptr)                      thread_ptr -> tx_thread_iar_tls
 267:Middlewares/ST/threadx/ports/cortex_m7/gnu/inc/tx_port.h **** #define TX_THREAD_DELETE_EXTENSION(thread_ptr)                      __iar_dlib_perthread_deallocate
 268:Middlewares/ST/threadx/ports/cortex_m7/gnu/inc/tx_port.h ****                                                                     thread_ptr -> tx_thread_iar_tls
 269:Middlewares/ST/threadx/ports/cortex_m7/gnu/inc/tx_port.h **** #define TX_PORT_SPECIFIC_PRE_SCHEDULER_INITIALIZATION               __iar_dlib_perthread_access(0);
 270:Middlewares/ST/threadx/ports/cortex_m7/gnu/inc/tx_port.h **** #else
 271:Middlewares/ST/threadx/ports/cortex_m7/gnu/inc/tx_port.h **** void    *_tx_iar_create_per_thread_tls_area(void);
 272:Middlewares/ST/threadx/ports/cortex_m7/gnu/inc/tx_port.h **** void    _tx_iar_destroy_per_thread_tls_area(void *tls_ptr);
 273:Middlewares/ST/threadx/ports/cortex_m7/gnu/inc/tx_port.h **** void    __iar_Initlocks(void);
 274:Middlewares/ST/threadx/ports/cortex_m7/gnu/inc/tx_port.h **** 
ARM GAS  /tmp/ccqGl48O.s 			page 9


 275:Middlewares/ST/threadx/ports/cortex_m7/gnu/inc/tx_port.h **** #define TX_THREAD_CREATE_EXTENSION(thread_ptr)                      thread_ptr -> tx_thread_iar_tls
 276:Middlewares/ST/threadx/ports/cortex_m7/gnu/inc/tx_port.h **** #define TX_THREAD_DELETE_EXTENSION(thread_ptr)                      do {_tx_iar_destroy_per_thread_
 277:Middlewares/ST/threadx/ports/cortex_m7/gnu/inc/tx_port.h ****                                                                         thread_ptr -> tx_thread_iar
 278:Middlewares/ST/threadx/ports/cortex_m7/gnu/inc/tx_port.h **** #define TX_PORT_SPECIFIC_PRE_SCHEDULER_INITIALIZATION               do {__iar_Initlocks();} while(0
 279:Middlewares/ST/threadx/ports/cortex_m7/gnu/inc/tx_port.h **** #endif
 280:Middlewares/ST/threadx/ports/cortex_m7/gnu/inc/tx_port.h **** #else
 281:Middlewares/ST/threadx/ports/cortex_m7/gnu/inc/tx_port.h **** #define TX_THREAD_CREATE_EXTENSION(thread_ptr)
 282:Middlewares/ST/threadx/ports/cortex_m7/gnu/inc/tx_port.h **** #define TX_THREAD_DELETE_EXTENSION(thread_ptr)
 283:Middlewares/ST/threadx/ports/cortex_m7/gnu/inc/tx_port.h **** #endif
 284:Middlewares/ST/threadx/ports/cortex_m7/gnu/inc/tx_port.h **** 
 285:Middlewares/ST/threadx/ports/cortex_m7/gnu/inc/tx_port.h **** #if defined(__ARMVFP__) || defined(__ARM_PCS_VFP) || defined(__ARM_FP) || defined(__TARGET_FPU_VFP)
 286:Middlewares/ST/threadx/ports/cortex_m7/gnu/inc/tx_port.h **** 
 287:Middlewares/ST/threadx/ports/cortex_m7/gnu/inc/tx_port.h **** #ifdef TX_MISRA_ENABLE
 288:Middlewares/ST/threadx/ports/cortex_m7/gnu/inc/tx_port.h **** 
 289:Middlewares/ST/threadx/ports/cortex_m7/gnu/inc/tx_port.h **** ULONG  _tx_misra_control_get(void);
 290:Middlewares/ST/threadx/ports/cortex_m7/gnu/inc/tx_port.h **** void   _tx_misra_control_set(ULONG value);
 291:Middlewares/ST/threadx/ports/cortex_m7/gnu/inc/tx_port.h **** ULONG  _tx_misra_fpccr_get(void);
 292:Middlewares/ST/threadx/ports/cortex_m7/gnu/inc/tx_port.h **** void   _tx_misra_vfp_touch(void);
 293:Middlewares/ST/threadx/ports/cortex_m7/gnu/inc/tx_port.h **** 
 294:Middlewares/ST/threadx/ports/cortex_m7/gnu/inc/tx_port.h **** #else   /* TX_MISRA_ENABLE not defined */
 295:Middlewares/ST/threadx/ports/cortex_m7/gnu/inc/tx_port.h **** 
 296:Middlewares/ST/threadx/ports/cortex_m7/gnu/inc/tx_port.h **** /* Define some helper functions (these are intrinsics in some compilers). */
 297:Middlewares/ST/threadx/ports/cortex_m7/gnu/inc/tx_port.h **** #ifdef __GNUC__ /* GCC and ARM Compiler 6 */
 298:Middlewares/ST/threadx/ports/cortex_m7/gnu/inc/tx_port.h **** 
 299:Middlewares/ST/threadx/ports/cortex_m7/gnu/inc/tx_port.h **** __attribute__( ( always_inline ) ) static inline ULONG __get_control_value(void)
 300:Middlewares/ST/threadx/ports/cortex_m7/gnu/inc/tx_port.h **** {
 301:Middlewares/ST/threadx/ports/cortex_m7/gnu/inc/tx_port.h **** ULONG  control_value;
 302:Middlewares/ST/threadx/ports/cortex_m7/gnu/inc/tx_port.h **** 
 303:Middlewares/ST/threadx/ports/cortex_m7/gnu/inc/tx_port.h ****     __asm__ volatile (" MRS  %0,CONTROL ": "=r" (control_value) );
 304:Middlewares/ST/threadx/ports/cortex_m7/gnu/inc/tx_port.h ****     return(control_value);
 305:Middlewares/ST/threadx/ports/cortex_m7/gnu/inc/tx_port.h **** }
 306:Middlewares/ST/threadx/ports/cortex_m7/gnu/inc/tx_port.h **** 
 307:Middlewares/ST/threadx/ports/cortex_m7/gnu/inc/tx_port.h **** __attribute__( ( always_inline ) ) static inline void __set_control_value(ULONG control_value)
 308:Middlewares/ST/threadx/ports/cortex_m7/gnu/inc/tx_port.h **** {
 309:Middlewares/ST/threadx/ports/cortex_m7/gnu/inc/tx_port.h ****     __asm__ volatile (" MSR  CONTROL,%0": : "r" (control_value): "memory" );
 310:Middlewares/ST/threadx/ports/cortex_m7/gnu/inc/tx_port.h **** }
 311:Middlewares/ST/threadx/ports/cortex_m7/gnu/inc/tx_port.h **** 
 312:Middlewares/ST/threadx/ports/cortex_m7/gnu/inc/tx_port.h **** #define TX_VFP_TOUCH()  __asm__ volatile ("VMOV.F32 s0, s0");
 313:Middlewares/ST/threadx/ports/cortex_m7/gnu/inc/tx_port.h **** 
 314:Middlewares/ST/threadx/ports/cortex_m7/gnu/inc/tx_port.h **** #elif defined(__CC_ARM) /* ARM Compiler 5 */
 315:Middlewares/ST/threadx/ports/cortex_m7/gnu/inc/tx_port.h **** 
 316:Middlewares/ST/threadx/ports/cortex_m7/gnu/inc/tx_port.h **** __attribute__( ( always_inline ) ) ULONG __get_control_value(void)
 317:Middlewares/ST/threadx/ports/cortex_m7/gnu/inc/tx_port.h **** {
 318:Middlewares/ST/threadx/ports/cortex_m7/gnu/inc/tx_port.h **** ULONG  control_value;
 319:Middlewares/ST/threadx/ports/cortex_m7/gnu/inc/tx_port.h **** 
 320:Middlewares/ST/threadx/ports/cortex_m7/gnu/inc/tx_port.h ****     __asm volatile ("MRS control_value,CONTROL");
 321:Middlewares/ST/threadx/ports/cortex_m7/gnu/inc/tx_port.h ****     return(control_value);
 322:Middlewares/ST/threadx/ports/cortex_m7/gnu/inc/tx_port.h **** }
 323:Middlewares/ST/threadx/ports/cortex_m7/gnu/inc/tx_port.h **** 
 324:Middlewares/ST/threadx/ports/cortex_m7/gnu/inc/tx_port.h **** __attribute__( ( always_inline ) ) void __set_control_value(ULONG control_value)
 325:Middlewares/ST/threadx/ports/cortex_m7/gnu/inc/tx_port.h **** {
 326:Middlewares/ST/threadx/ports/cortex_m7/gnu/inc/tx_port.h ****     __asm__ volatile ("MSR CONTROL,control_value");
 327:Middlewares/ST/threadx/ports/cortex_m7/gnu/inc/tx_port.h **** }
 328:Middlewares/ST/threadx/ports/cortex_m7/gnu/inc/tx_port.h **** /* Can't access VFP registers with inline asm, so define this in tx_thread_schedule.  */
 329:Middlewares/ST/threadx/ports/cortex_m7/gnu/inc/tx_port.h **** void _tx_vfp_access(void);
 330:Middlewares/ST/threadx/ports/cortex_m7/gnu/inc/tx_port.h **** #define TX_VFP_TOUCH()  _tx_vfp_access();
 331:Middlewares/ST/threadx/ports/cortex_m7/gnu/inc/tx_port.h **** 
ARM GAS  /tmp/ccqGl48O.s 			page 10


 332:Middlewares/ST/threadx/ports/cortex_m7/gnu/inc/tx_port.h **** #elif defined(__ICCARM__)  /* IAR */
 333:Middlewares/ST/threadx/ports/cortex_m7/gnu/inc/tx_port.h **** #define TX_VFP_TOUCH()  __asm__ volatile ("VMOV.F32 s0, s0");
 334:Middlewares/ST/threadx/ports/cortex_m7/gnu/inc/tx_port.h **** #endif  /* Helper functions for different compilers */
 335:Middlewares/ST/threadx/ports/cortex_m7/gnu/inc/tx_port.h **** 
 336:Middlewares/ST/threadx/ports/cortex_m7/gnu/inc/tx_port.h **** #endif  /* TX_MISRA_ENABLE */
 337:Middlewares/ST/threadx/ports/cortex_m7/gnu/inc/tx_port.h **** 
 338:Middlewares/ST/threadx/ports/cortex_m7/gnu/inc/tx_port.h **** 
 339:Middlewares/ST/threadx/ports/cortex_m7/gnu/inc/tx_port.h **** /* A completed thread falls into _thread_shell_entry and we can simply deactivate the FPU via CONTR
 340:Middlewares/ST/threadx/ports/cortex_m7/gnu/inc/tx_port.h ****    in order to ensure no lazy stacking will occur. */
 341:Middlewares/ST/threadx/ports/cortex_m7/gnu/inc/tx_port.h **** 
 342:Middlewares/ST/threadx/ports/cortex_m7/gnu/inc/tx_port.h **** #ifndef TX_MISRA_ENABLE
 343:Middlewares/ST/threadx/ports/cortex_m7/gnu/inc/tx_port.h **** 
 344:Middlewares/ST/threadx/ports/cortex_m7/gnu/inc/tx_port.h **** #define TX_THREAD_COMPLETED_EXTENSION(thread_ptr)   {                                              
 345:Middlewares/ST/threadx/ports/cortex_m7/gnu/inc/tx_port.h ****                                                     ULONG  _tx_vfp_state;                          
 346:Middlewares/ST/threadx/ports/cortex_m7/gnu/inc/tx_port.h ****                                                         _tx_vfp_state =  __get_control_value();    
 347:Middlewares/ST/threadx/ports/cortex_m7/gnu/inc/tx_port.h ****                                                         _tx_vfp_state =  _tx_vfp_state & ~((ULONG) 
 348:Middlewares/ST/threadx/ports/cortex_m7/gnu/inc/tx_port.h ****                                                         __set_control_value(_tx_vfp_state);        
 349:Middlewares/ST/threadx/ports/cortex_m7/gnu/inc/tx_port.h ****                                                     }
 350:Middlewares/ST/threadx/ports/cortex_m7/gnu/inc/tx_port.h **** #else
 351:Middlewares/ST/threadx/ports/cortex_m7/gnu/inc/tx_port.h **** 
 352:Middlewares/ST/threadx/ports/cortex_m7/gnu/inc/tx_port.h **** #define TX_THREAD_COMPLETED_EXTENSION(thread_ptr)   {                                              
 353:Middlewares/ST/threadx/ports/cortex_m7/gnu/inc/tx_port.h ****                                                     ULONG  _tx_vfp_state;                          
 354:Middlewares/ST/threadx/ports/cortex_m7/gnu/inc/tx_port.h ****                                                         _tx_vfp_state =  _tx_misra_control_get();  
 355:Middlewares/ST/threadx/ports/cortex_m7/gnu/inc/tx_port.h ****                                                         _tx_vfp_state =  _tx_vfp_state & ~((ULONG) 
 356:Middlewares/ST/threadx/ports/cortex_m7/gnu/inc/tx_port.h ****                                                         _tx_misra_control_set(_tx_vfp_state);      
 357:Middlewares/ST/threadx/ports/cortex_m7/gnu/inc/tx_port.h ****                                                     }
 358:Middlewares/ST/threadx/ports/cortex_m7/gnu/inc/tx_port.h **** 
 359:Middlewares/ST/threadx/ports/cortex_m7/gnu/inc/tx_port.h **** #endif
 360:Middlewares/ST/threadx/ports/cortex_m7/gnu/inc/tx_port.h **** 
 361:Middlewares/ST/threadx/ports/cortex_m7/gnu/inc/tx_port.h **** /* A thread can be terminated by another thread, so we first check if it's self-terminating and not
 362:Middlewares/ST/threadx/ports/cortex_m7/gnu/inc/tx_port.h ****    If so, deactivate the FPU via CONTROL.FPCA. Otherwise we are in an interrupt or another thread i
 363:Middlewares/ST/threadx/ports/cortex_m7/gnu/inc/tx_port.h ****    this one, so if the FPCCR.LSPACT bit is set, we need to save the CONTROL.FPCA state, touch the F
 364:Middlewares/ST/threadx/ports/cortex_m7/gnu/inc/tx_port.h ****    the lazy FPU save, then restore the CONTROL.FPCA state. */
 365:Middlewares/ST/threadx/ports/cortex_m7/gnu/inc/tx_port.h **** 
 366:Middlewares/ST/threadx/ports/cortex_m7/gnu/inc/tx_port.h **** #ifndef TX_MISRA_ENABLE
 367:Middlewares/ST/threadx/ports/cortex_m7/gnu/inc/tx_port.h **** 
 368:Middlewares/ST/threadx/ports/cortex_m7/gnu/inc/tx_port.h **** #define TX_THREAD_TERMINATED_EXTENSION(thread_ptr)  {                                              
 369:Middlewares/ST/threadx/ports/cortex_m7/gnu/inc/tx_port.h ****                                                     ULONG  _tx_system_state;                       
 370:Middlewares/ST/threadx/ports/cortex_m7/gnu/inc/tx_port.h ****                                                         _tx_system_state =  TX_THREAD_GET_SYSTEM_ST
 371:Middlewares/ST/threadx/ports/cortex_m7/gnu/inc/tx_port.h ****                                                         if ((_tx_system_state == ((ULONG) 0)) && ((
 372:Middlewares/ST/threadx/ports/cortex_m7/gnu/inc/tx_port.h ****                                                         {                                          
 373:Middlewares/ST/threadx/ports/cortex_m7/gnu/inc/tx_port.h ****                                                         ULONG  _tx_vfp_state;                      
 374:Middlewares/ST/threadx/ports/cortex_m7/gnu/inc/tx_port.h ****                                                             _tx_vfp_state =  __get_control_value();
 375:Middlewares/ST/threadx/ports/cortex_m7/gnu/inc/tx_port.h ****                                                             _tx_vfp_state =  _tx_vfp_state & ~((ULO
 376:Middlewares/ST/threadx/ports/cortex_m7/gnu/inc/tx_port.h ****                                                             __set_control_value(_tx_vfp_state);    
 377:Middlewares/ST/threadx/ports/cortex_m7/gnu/inc/tx_port.h ****                                                         }                                          
 378:Middlewares/ST/threadx/ports/cortex_m7/gnu/inc/tx_port.h ****                                                         else                                       
 379:Middlewares/ST/threadx/ports/cortex_m7/gnu/inc/tx_port.h ****                                                         {                                          
 380:Middlewares/ST/threadx/ports/cortex_m7/gnu/inc/tx_port.h ****                                                         ULONG  _tx_fpccr;                          
 381:Middlewares/ST/threadx/ports/cortex_m7/gnu/inc/tx_port.h ****                                                             _tx_fpccr =  *((ULONG *) 0xE000EF34);  
 382:Middlewares/ST/threadx/ports/cortex_m7/gnu/inc/tx_port.h ****                                                             _tx_fpccr =  _tx_fpccr & ((ULONG) 0x01)
 383:Middlewares/ST/threadx/ports/cortex_m7/gnu/inc/tx_port.h ****                                                             if (_tx_fpccr == ((ULONG) 0x01))       
 384:Middlewares/ST/threadx/ports/cortex_m7/gnu/inc/tx_port.h ****                                                             {                                      
 385:Middlewares/ST/threadx/ports/cortex_m7/gnu/inc/tx_port.h ****                                                             ULONG _tx_vfp_state;                   
 386:Middlewares/ST/threadx/ports/cortex_m7/gnu/inc/tx_port.h ****                                                                 _tx_vfp_state = __get_control_value
 387:Middlewares/ST/threadx/ports/cortex_m7/gnu/inc/tx_port.h ****                                                                 _tx_vfp_state =  _tx_vfp_state & ((
 388:Middlewares/ST/threadx/ports/cortex_m7/gnu/inc/tx_port.h ****                                                                 TX_VFP_TOUCH();                    
ARM GAS  /tmp/ccqGl48O.s 			page 11


 389:Middlewares/ST/threadx/ports/cortex_m7/gnu/inc/tx_port.h ****                                                                 if (_tx_vfp_state == ((ULONG) 0))  
 390:Middlewares/ST/threadx/ports/cortex_m7/gnu/inc/tx_port.h ****                                                                 {                                  
 391:Middlewares/ST/threadx/ports/cortex_m7/gnu/inc/tx_port.h ****                                                                     _tx_vfp_state =  __get_control_
 392:Middlewares/ST/threadx/ports/cortex_m7/gnu/inc/tx_port.h ****                                                                     _tx_vfp_state =  _tx_vfp_state 
 393:Middlewares/ST/threadx/ports/cortex_m7/gnu/inc/tx_port.h ****                                                                     __set_control_value(_tx_vfp_sta
 394:Middlewares/ST/threadx/ports/cortex_m7/gnu/inc/tx_port.h ****                                                                 }                                  
 395:Middlewares/ST/threadx/ports/cortex_m7/gnu/inc/tx_port.h ****                                                             }                                      
 396:Middlewares/ST/threadx/ports/cortex_m7/gnu/inc/tx_port.h ****                                                         }                                          
 397:Middlewares/ST/threadx/ports/cortex_m7/gnu/inc/tx_port.h ****                                                     }
 398:Middlewares/ST/threadx/ports/cortex_m7/gnu/inc/tx_port.h **** #else
 399:Middlewares/ST/threadx/ports/cortex_m7/gnu/inc/tx_port.h **** 
 400:Middlewares/ST/threadx/ports/cortex_m7/gnu/inc/tx_port.h **** #define TX_THREAD_TERMINATED_EXTENSION(thread_ptr)  {                                              
 401:Middlewares/ST/threadx/ports/cortex_m7/gnu/inc/tx_port.h ****                                                     ULONG  _tx_system_state;                       
 402:Middlewares/ST/threadx/ports/cortex_m7/gnu/inc/tx_port.h ****                                                         _tx_system_state =  TX_THREAD_GET_SYSTEM_ST
 403:Middlewares/ST/threadx/ports/cortex_m7/gnu/inc/tx_port.h ****                                                         if ((_tx_system_state == ((ULONG) 0)) && ((
 404:Middlewares/ST/threadx/ports/cortex_m7/gnu/inc/tx_port.h ****                                                         {                                          
 405:Middlewares/ST/threadx/ports/cortex_m7/gnu/inc/tx_port.h ****                                                         ULONG  _tx_vfp_state;                      
 406:Middlewares/ST/threadx/ports/cortex_m7/gnu/inc/tx_port.h ****                                                             _tx_vfp_state =  _tx_misra_control_get(
 407:Middlewares/ST/threadx/ports/cortex_m7/gnu/inc/tx_port.h ****                                                             _tx_vfp_state =  _tx_vfp_state & ~((ULO
 408:Middlewares/ST/threadx/ports/cortex_m7/gnu/inc/tx_port.h ****                                                             _tx_misra_control_set(_tx_vfp_state);  
 409:Middlewares/ST/threadx/ports/cortex_m7/gnu/inc/tx_port.h ****                                                         }                                          
 410:Middlewares/ST/threadx/ports/cortex_m7/gnu/inc/tx_port.h ****                                                         else                                       
 411:Middlewares/ST/threadx/ports/cortex_m7/gnu/inc/tx_port.h ****                                                         {                                          
 412:Middlewares/ST/threadx/ports/cortex_m7/gnu/inc/tx_port.h ****                                                         ULONG  _tx_fpccr;                          
 413:Middlewares/ST/threadx/ports/cortex_m7/gnu/inc/tx_port.h ****                                                             _tx_fpccr =  _tx_misra_fpccr_get();    
 414:Middlewares/ST/threadx/ports/cortex_m7/gnu/inc/tx_port.h ****                                                             _tx_fpccr =  _tx_fpccr & ((ULONG) 0x01)
 415:Middlewares/ST/threadx/ports/cortex_m7/gnu/inc/tx_port.h ****                                                             if (_tx_fpccr == ((ULONG) 0x01))       
 416:Middlewares/ST/threadx/ports/cortex_m7/gnu/inc/tx_port.h ****                                                             {                                      
 417:Middlewares/ST/threadx/ports/cortex_m7/gnu/inc/tx_port.h ****                                                             ULONG _tx_vfp_state;                   
 418:Middlewares/ST/threadx/ports/cortex_m7/gnu/inc/tx_port.h ****                                                                 _tx_vfp_state = _tx_misra_control_g
 419:Middlewares/ST/threadx/ports/cortex_m7/gnu/inc/tx_port.h ****                                                                 _tx_vfp_state =  _tx_vfp_state & ((
 420:Middlewares/ST/threadx/ports/cortex_m7/gnu/inc/tx_port.h ****                                                                 _tx_misra_vfp_touch();             
 421:Middlewares/ST/threadx/ports/cortex_m7/gnu/inc/tx_port.h ****                                                                 if (_tx_vfp_state == ((ULONG) 0))  
 422:Middlewares/ST/threadx/ports/cortex_m7/gnu/inc/tx_port.h ****                                                                 {                                  
 423:Middlewares/ST/threadx/ports/cortex_m7/gnu/inc/tx_port.h ****                                                                     _tx_vfp_state =  _tx_misra_cont
 424:Middlewares/ST/threadx/ports/cortex_m7/gnu/inc/tx_port.h ****                                                                     _tx_vfp_state =  _tx_vfp_state 
 425:Middlewares/ST/threadx/ports/cortex_m7/gnu/inc/tx_port.h ****                                                                     _tx_misra_control_set(_tx_vfp_s
 426:Middlewares/ST/threadx/ports/cortex_m7/gnu/inc/tx_port.h ****                                                                 }                                  
 427:Middlewares/ST/threadx/ports/cortex_m7/gnu/inc/tx_port.h ****                                                             }                                      
 428:Middlewares/ST/threadx/ports/cortex_m7/gnu/inc/tx_port.h ****                                                         }                                          
 429:Middlewares/ST/threadx/ports/cortex_m7/gnu/inc/tx_port.h ****                                                     }
 430:Middlewares/ST/threadx/ports/cortex_m7/gnu/inc/tx_port.h **** #endif
 431:Middlewares/ST/threadx/ports/cortex_m7/gnu/inc/tx_port.h **** 
 432:Middlewares/ST/threadx/ports/cortex_m7/gnu/inc/tx_port.h **** #else   /* No VFP in use */
 433:Middlewares/ST/threadx/ports/cortex_m7/gnu/inc/tx_port.h **** 
 434:Middlewares/ST/threadx/ports/cortex_m7/gnu/inc/tx_port.h **** #define TX_THREAD_COMPLETED_EXTENSION(thread_ptr)
 435:Middlewares/ST/threadx/ports/cortex_m7/gnu/inc/tx_port.h **** #define TX_THREAD_TERMINATED_EXTENSION(thread_ptr)
 436:Middlewares/ST/threadx/ports/cortex_m7/gnu/inc/tx_port.h **** 
 437:Middlewares/ST/threadx/ports/cortex_m7/gnu/inc/tx_port.h **** #endif  /* defined(__ARMVFP__) || defined(__ARM_PCS_VFP) || defined(__ARM_FP) || defined(__TARGET_F
 438:Middlewares/ST/threadx/ports/cortex_m7/gnu/inc/tx_port.h **** 
 439:Middlewares/ST/threadx/ports/cortex_m7/gnu/inc/tx_port.h **** 
 440:Middlewares/ST/threadx/ports/cortex_m7/gnu/inc/tx_port.h **** /* Define the ThreadX object creation extensions for the remaining objects.  */
 441:Middlewares/ST/threadx/ports/cortex_m7/gnu/inc/tx_port.h **** 
 442:Middlewares/ST/threadx/ports/cortex_m7/gnu/inc/tx_port.h **** #define TX_BLOCK_POOL_CREATE_EXTENSION(pool_ptr)
 443:Middlewares/ST/threadx/ports/cortex_m7/gnu/inc/tx_port.h **** #define TX_BYTE_POOL_CREATE_EXTENSION(pool_ptr)
 444:Middlewares/ST/threadx/ports/cortex_m7/gnu/inc/tx_port.h **** #define TX_EVENT_FLAGS_GROUP_CREATE_EXTENSION(group_ptr)
 445:Middlewares/ST/threadx/ports/cortex_m7/gnu/inc/tx_port.h **** #define TX_MUTEX_CREATE_EXTENSION(mutex_ptr)
ARM GAS  /tmp/ccqGl48O.s 			page 12


 446:Middlewares/ST/threadx/ports/cortex_m7/gnu/inc/tx_port.h **** #define TX_QUEUE_CREATE_EXTENSION(queue_ptr)
 447:Middlewares/ST/threadx/ports/cortex_m7/gnu/inc/tx_port.h **** #define TX_SEMAPHORE_CREATE_EXTENSION(semaphore_ptr)
 448:Middlewares/ST/threadx/ports/cortex_m7/gnu/inc/tx_port.h **** #define TX_TIMER_CREATE_EXTENSION(timer_ptr)
 449:Middlewares/ST/threadx/ports/cortex_m7/gnu/inc/tx_port.h **** 
 450:Middlewares/ST/threadx/ports/cortex_m7/gnu/inc/tx_port.h **** 
 451:Middlewares/ST/threadx/ports/cortex_m7/gnu/inc/tx_port.h **** /* Define the ThreadX object deletion extensions for the remaining objects.  */
 452:Middlewares/ST/threadx/ports/cortex_m7/gnu/inc/tx_port.h **** 
 453:Middlewares/ST/threadx/ports/cortex_m7/gnu/inc/tx_port.h **** #define TX_BLOCK_POOL_DELETE_EXTENSION(pool_ptr)
 454:Middlewares/ST/threadx/ports/cortex_m7/gnu/inc/tx_port.h **** #define TX_BYTE_POOL_DELETE_EXTENSION(pool_ptr)
 455:Middlewares/ST/threadx/ports/cortex_m7/gnu/inc/tx_port.h **** #define TX_EVENT_FLAGS_GROUP_DELETE_EXTENSION(group_ptr)
 456:Middlewares/ST/threadx/ports/cortex_m7/gnu/inc/tx_port.h **** #define TX_MUTEX_DELETE_EXTENSION(mutex_ptr)
 457:Middlewares/ST/threadx/ports/cortex_m7/gnu/inc/tx_port.h **** #define TX_QUEUE_DELETE_EXTENSION(queue_ptr)
 458:Middlewares/ST/threadx/ports/cortex_m7/gnu/inc/tx_port.h **** #define TX_SEMAPHORE_DELETE_EXTENSION(semaphore_ptr)
 459:Middlewares/ST/threadx/ports/cortex_m7/gnu/inc/tx_port.h **** #define TX_TIMER_DELETE_EXTENSION(timer_ptr)
 460:Middlewares/ST/threadx/ports/cortex_m7/gnu/inc/tx_port.h **** 
 461:Middlewares/ST/threadx/ports/cortex_m7/gnu/inc/tx_port.h **** 
 462:Middlewares/ST/threadx/ports/cortex_m7/gnu/inc/tx_port.h **** /* Define the get system state macro.  */
 463:Middlewares/ST/threadx/ports/cortex_m7/gnu/inc/tx_port.h **** 
 464:Middlewares/ST/threadx/ports/cortex_m7/gnu/inc/tx_port.h **** #ifndef TX_THREAD_GET_SYSTEM_STATE
 465:Middlewares/ST/threadx/ports/cortex_m7/gnu/inc/tx_port.h **** #ifndef TX_MISRA_ENABLE
 466:Middlewares/ST/threadx/ports/cortex_m7/gnu/inc/tx_port.h **** 
 467:Middlewares/ST/threadx/ports/cortex_m7/gnu/inc/tx_port.h **** #ifdef __CC_ARM /* ARM Compiler 5 */
 468:Middlewares/ST/threadx/ports/cortex_m7/gnu/inc/tx_port.h **** 
 469:Middlewares/ST/threadx/ports/cortex_m7/gnu/inc/tx_port.h **** register unsigned int _ipsr __asm("ipsr");
 470:Middlewares/ST/threadx/ports/cortex_m7/gnu/inc/tx_port.h **** #define TX_THREAD_GET_SYSTEM_STATE()        (_tx_thread_system_state | _ipsr)
 471:Middlewares/ST/threadx/ports/cortex_m7/gnu/inc/tx_port.h **** 
 472:Middlewares/ST/threadx/ports/cortex_m7/gnu/inc/tx_port.h **** #elif defined(__GNUC__) /* GCC and ARM Compiler 6 */
 473:Middlewares/ST/threadx/ports/cortex_m7/gnu/inc/tx_port.h **** 
 474:Middlewares/ST/threadx/ports/cortex_m7/gnu/inc/tx_port.h **** __attribute__( ( always_inline ) ) static inline unsigned int __get_ipsr_value(void)
 475:Middlewares/ST/threadx/ports/cortex_m7/gnu/inc/tx_port.h **** {
 476:Middlewares/ST/threadx/ports/cortex_m7/gnu/inc/tx_port.h **** unsigned int  ipsr_value;
 477:Middlewares/ST/threadx/ports/cortex_m7/gnu/inc/tx_port.h ****     __asm__ volatile (" MRS  %0,IPSR ": "=r" (ipsr_value) );
 478:Middlewares/ST/threadx/ports/cortex_m7/gnu/inc/tx_port.h ****     return(ipsr_value);
 479:Middlewares/ST/threadx/ports/cortex_m7/gnu/inc/tx_port.h **** }
 480:Middlewares/ST/threadx/ports/cortex_m7/gnu/inc/tx_port.h **** 
 481:Middlewares/ST/threadx/ports/cortex_m7/gnu/inc/tx_port.h **** #define TX_THREAD_GET_SYSTEM_STATE()        (_tx_thread_system_state | __get_ipsr_value())
 482:Middlewares/ST/threadx/ports/cortex_m7/gnu/inc/tx_port.h **** 
 483:Middlewares/ST/threadx/ports/cortex_m7/gnu/inc/tx_port.h **** #elif defined(__ICCARM__)   /* IAR */
 484:Middlewares/ST/threadx/ports/cortex_m7/gnu/inc/tx_port.h **** 
 485:Middlewares/ST/threadx/ports/cortex_m7/gnu/inc/tx_port.h **** #define TX_THREAD_GET_SYSTEM_STATE()        (_tx_thread_system_state | __get_IPSR())
 486:Middlewares/ST/threadx/ports/cortex_m7/gnu/inc/tx_port.h **** 
 487:Middlewares/ST/threadx/ports/cortex_m7/gnu/inc/tx_port.h **** #endif  /* TX_THREAD_GET_SYSTEM_STATE for different compilers */
 488:Middlewares/ST/threadx/ports/cortex_m7/gnu/inc/tx_port.h **** 
 489:Middlewares/ST/threadx/ports/cortex_m7/gnu/inc/tx_port.h **** #else   /* TX_MISRA_ENABLE is defined, use MISRA function. */
 490:Middlewares/ST/threadx/ports/cortex_m7/gnu/inc/tx_port.h **** ULONG   _tx_misra_ipsr_get(VOID);
 491:Middlewares/ST/threadx/ports/cortex_m7/gnu/inc/tx_port.h **** #define TX_THREAD_GET_SYSTEM_STATE()        (_tx_thread_system_state | _tx_misra_ipsr_get())
 492:Middlewares/ST/threadx/ports/cortex_m7/gnu/inc/tx_port.h **** #endif  /* TX_MISRA_ENABLE */
 493:Middlewares/ST/threadx/ports/cortex_m7/gnu/inc/tx_port.h **** #endif  /* TX_THREAD_GET_SYSTEM_STATE */
 494:Middlewares/ST/threadx/ports/cortex_m7/gnu/inc/tx_port.h **** 
 495:Middlewares/ST/threadx/ports/cortex_m7/gnu/inc/tx_port.h **** 
 496:Middlewares/ST/threadx/ports/cortex_m7/gnu/inc/tx_port.h **** /* Define the check for whether or not to call the _tx_thread_system_return function.  A non-zero v
 497:Middlewares/ST/threadx/ports/cortex_m7/gnu/inc/tx_port.h ****    indicates that _tx_thread_system_return should not be called. This overrides the definition in t
 498:Middlewares/ST/threadx/ports/cortex_m7/gnu/inc/tx_port.h ****    for Cortex-M since so we don't waste time checking the _tx_thread_system_state variable that is 
 499:Middlewares/ST/threadx/ports/cortex_m7/gnu/inc/tx_port.h ****    zero after initialization for Cortex-M ports. */
 500:Middlewares/ST/threadx/ports/cortex_m7/gnu/inc/tx_port.h **** 
 501:Middlewares/ST/threadx/ports/cortex_m7/gnu/inc/tx_port.h **** #ifndef TX_THREAD_SYSTEM_RETURN_CHECK
 502:Middlewares/ST/threadx/ports/cortex_m7/gnu/inc/tx_port.h **** #define TX_THREAD_SYSTEM_RETURN_CHECK(c)    (c) = ((ULONG) _tx_thread_preempt_disable);
ARM GAS  /tmp/ccqGl48O.s 			page 13


 503:Middlewares/ST/threadx/ports/cortex_m7/gnu/inc/tx_port.h **** #endif
 504:Middlewares/ST/threadx/ports/cortex_m7/gnu/inc/tx_port.h **** 
 505:Middlewares/ST/threadx/ports/cortex_m7/gnu/inc/tx_port.h **** /* Define the macro to ensure _tx_thread_preempt_disable is set early in initialization in order to
 506:Middlewares/ST/threadx/ports/cortex_m7/gnu/inc/tx_port.h ****    prevent early scheduling on Cortex-M parts.  */
 507:Middlewares/ST/threadx/ports/cortex_m7/gnu/inc/tx_port.h **** 
 508:Middlewares/ST/threadx/ports/cortex_m7/gnu/inc/tx_port.h **** #define TX_PORT_SPECIFIC_POST_INITIALIZATION    _tx_thread_preempt_disable++;
 509:Middlewares/ST/threadx/ports/cortex_m7/gnu/inc/tx_port.h **** 
 510:Middlewares/ST/threadx/ports/cortex_m7/gnu/inc/tx_port.h **** 
 511:Middlewares/ST/threadx/ports/cortex_m7/gnu/inc/tx_port.h **** 
 512:Middlewares/ST/threadx/ports/cortex_m7/gnu/inc/tx_port.h **** 
 513:Middlewares/ST/threadx/ports/cortex_m7/gnu/inc/tx_port.h **** #ifndef TX_DISABLE_INLINE
 514:Middlewares/ST/threadx/ports/cortex_m7/gnu/inc/tx_port.h **** 
 515:Middlewares/ST/threadx/ports/cortex_m7/gnu/inc/tx_port.h **** /* Define the TX_LOWEST_SET_BIT_CALCULATE macro for each compiler. */
 516:Middlewares/ST/threadx/ports/cortex_m7/gnu/inc/tx_port.h **** #ifdef __ICCARM__       /* IAR Compiler */
 517:Middlewares/ST/threadx/ports/cortex_m7/gnu/inc/tx_port.h **** #define TX_LOWEST_SET_BIT_CALCULATE(m, b)       (b) = (UINT) __CLZ(__RBIT((m)));
 518:Middlewares/ST/threadx/ports/cortex_m7/gnu/inc/tx_port.h **** #elif defined(__CC_ARM) /* AC5 Compiler */
 519:Middlewares/ST/threadx/ports/cortex_m7/gnu/inc/tx_port.h **** #define TX_LOWEST_SET_BIT_CALCULATE(m, b)       (b) = (UINT) __clz(__rbit((m)));
 520:Middlewares/ST/threadx/ports/cortex_m7/gnu/inc/tx_port.h **** #elif defined(__GNUC__) /* GCC and AC6 Compiler */
 521:Middlewares/ST/threadx/ports/cortex_m7/gnu/inc/tx_port.h **** #define TX_LOWEST_SET_BIT_CALCULATE(m, b)       __asm__ volatile (" RBIT %0,%1 ": "=r" (m) : "r" (m
 522:Middlewares/ST/threadx/ports/cortex_m7/gnu/inc/tx_port.h ****                                                 __asm__ volatile (" CLZ  %0,%1 ": "=r" (b) : "r" (m
 523:Middlewares/ST/threadx/ports/cortex_m7/gnu/inc/tx_port.h **** #endif
 524:Middlewares/ST/threadx/ports/cortex_m7/gnu/inc/tx_port.h **** 
 525:Middlewares/ST/threadx/ports/cortex_m7/gnu/inc/tx_port.h **** 
 526:Middlewares/ST/threadx/ports/cortex_m7/gnu/inc/tx_port.h **** 
 527:Middlewares/ST/threadx/ports/cortex_m7/gnu/inc/tx_port.h **** /* Define the interrupt disable/restore macros for each compiler. */
 528:Middlewares/ST/threadx/ports/cortex_m7/gnu/inc/tx_port.h **** 
 529:Middlewares/ST/threadx/ports/cortex_m7/gnu/inc/tx_port.h **** #if defined(__GNUC__) || defined(__ICCARM__)
 530:Middlewares/ST/threadx/ports/cortex_m7/gnu/inc/tx_port.h **** 
 531:Middlewares/ST/threadx/ports/cortex_m7/gnu/inc/tx_port.h **** /*** GCC/AC6 and IAR ***/
 532:Middlewares/ST/threadx/ports/cortex_m7/gnu/inc/tx_port.h **** 
 533:Middlewares/ST/threadx/ports/cortex_m7/gnu/inc/tx_port.h **** __attribute__( ( always_inline ) ) static inline unsigned int __get_interrupt_posture(void)
 534:Middlewares/ST/threadx/ports/cortex_m7/gnu/inc/tx_port.h **** {
 535:Middlewares/ST/threadx/ports/cortex_m7/gnu/inc/tx_port.h **** unsigned int posture;
 536:Middlewares/ST/threadx/ports/cortex_m7/gnu/inc/tx_port.h **** #ifdef TX_PORT_USE_BASEPRI
 537:Middlewares/ST/threadx/ports/cortex_m7/gnu/inc/tx_port.h ****     __asm__ volatile ("MRS  %0, BASEPRI ": "=r" (posture));
 538:Middlewares/ST/threadx/ports/cortex_m7/gnu/inc/tx_port.h **** #else
 539:Middlewares/ST/threadx/ports/cortex_m7/gnu/inc/tx_port.h ****     __asm__ volatile ("MRS  %0, PRIMASK ": "=r" (posture));
 540:Middlewares/ST/threadx/ports/cortex_m7/gnu/inc/tx_port.h **** #endif
 541:Middlewares/ST/threadx/ports/cortex_m7/gnu/inc/tx_port.h ****     return(posture);
 542:Middlewares/ST/threadx/ports/cortex_m7/gnu/inc/tx_port.h **** }
 543:Middlewares/ST/threadx/ports/cortex_m7/gnu/inc/tx_port.h **** 
 544:Middlewares/ST/threadx/ports/cortex_m7/gnu/inc/tx_port.h **** #ifdef TX_PORT_USE_BASEPRI
 545:Middlewares/ST/threadx/ports/cortex_m7/gnu/inc/tx_port.h **** __attribute__( ( always_inline ) ) static inline void __set_basepri_value(unsigned int basepri_valu
 546:Middlewares/ST/threadx/ports/cortex_m7/gnu/inc/tx_port.h **** {
 547:Middlewares/ST/threadx/ports/cortex_m7/gnu/inc/tx_port.h ****     __asm__ volatile ("MSR  BASEPRI,%0 ": : "r" (basepri_value));
 548:Middlewares/ST/threadx/ports/cortex_m7/gnu/inc/tx_port.h **** }
 549:Middlewares/ST/threadx/ports/cortex_m7/gnu/inc/tx_port.h **** #else
 550:Middlewares/ST/threadx/ports/cortex_m7/gnu/inc/tx_port.h **** __attribute__( ( always_inline ) ) static inline void __enable_interrupts(void)
 551:Middlewares/ST/threadx/ports/cortex_m7/gnu/inc/tx_port.h **** {
 552:Middlewares/ST/threadx/ports/cortex_m7/gnu/inc/tx_port.h ****     __asm__ volatile ("CPSIE  i": : : "memory");
 553:Middlewares/ST/threadx/ports/cortex_m7/gnu/inc/tx_port.h **** }
 554:Middlewares/ST/threadx/ports/cortex_m7/gnu/inc/tx_port.h **** #endif
 555:Middlewares/ST/threadx/ports/cortex_m7/gnu/inc/tx_port.h **** 
 556:Middlewares/ST/threadx/ports/cortex_m7/gnu/inc/tx_port.h **** __attribute__( ( always_inline ) ) static inline void __restore_interrupt(unsigned int int_posture)
 557:Middlewares/ST/threadx/ports/cortex_m7/gnu/inc/tx_port.h **** {
 558:Middlewares/ST/threadx/ports/cortex_m7/gnu/inc/tx_port.h **** #ifdef TX_PORT_USE_BASEPRI
 559:Middlewares/ST/threadx/ports/cortex_m7/gnu/inc/tx_port.h ****     __set_basepri_value(int_posture);
ARM GAS  /tmp/ccqGl48O.s 			page 14


 560:Middlewares/ST/threadx/ports/cortex_m7/gnu/inc/tx_port.h ****     //__asm__ volatile ("MSR  BASEPRI,%0": : "r" (int_posture): "memory");
 561:Middlewares/ST/threadx/ports/cortex_m7/gnu/inc/tx_port.h **** #else
 562:Middlewares/ST/threadx/ports/cortex_m7/gnu/inc/tx_port.h ****     __asm__ volatile ("MSR  PRIMASK,%0": : "r" (int_posture): "memory");
 563:Middlewares/ST/threadx/ports/cortex_m7/gnu/inc/tx_port.h **** #endif
 564:Middlewares/ST/threadx/ports/cortex_m7/gnu/inc/tx_port.h **** }
 565:Middlewares/ST/threadx/ports/cortex_m7/gnu/inc/tx_port.h **** 
 566:Middlewares/ST/threadx/ports/cortex_m7/gnu/inc/tx_port.h **** __attribute__( ( always_inline ) ) static inline unsigned int __disable_interrupts(void)
  74              		.loc 2 566 63 view .LVU21
  75              	.LBB40:
 567:Middlewares/ST/threadx/ports/cortex_m7/gnu/inc/tx_port.h **** {
 568:Middlewares/ST/threadx/ports/cortex_m7/gnu/inc/tx_port.h **** unsigned int int_posture;
  76              		.loc 2 568 1 view .LVU22
 569:Middlewares/ST/threadx/ports/cortex_m7/gnu/inc/tx_port.h **** 
 570:Middlewares/ST/threadx/ports/cortex_m7/gnu/inc/tx_port.h ****     int_posture = __get_interrupt_posture();
  77              		.loc 2 570 5 view .LVU23
  78              	.LBB41:
  79              	.LBI41:
 533:Middlewares/ST/threadx/ports/cortex_m7/gnu/inc/tx_port.h **** {
  80              		.loc 2 533 63 view .LVU24
  81              	.LBB42:
 535:Middlewares/ST/threadx/ports/cortex_m7/gnu/inc/tx_port.h **** #ifdef TX_PORT_USE_BASEPRI
  82              		.loc 2 535 1 view .LVU25
 539:Middlewares/ST/threadx/ports/cortex_m7/gnu/inc/tx_port.h **** #endif
  83              		.loc 2 539 5 view .LVU26
  84              		.syntax unified
  85              	@ 539 "Middlewares/ST/threadx/ports/cortex_m7/gnu/inc/tx_port.h" 1
  86 000c EFF31086 		MRS  r6, PRIMASK 
  87              	@ 0 "" 2
  88              	.LVL1:
 541:Middlewares/ST/threadx/ports/cortex_m7/gnu/inc/tx_port.h **** }
  89              		.loc 2 541 5 view .LVU27
 541:Middlewares/ST/threadx/ports/cortex_m7/gnu/inc/tx_port.h **** }
  90              		.loc 2 541 5 is_stmt 0 view .LVU28
  91              		.thumb
  92              		.syntax unified
  93              	.LBE42:
  94              	.LBE41:
 571:Middlewares/ST/threadx/ports/cortex_m7/gnu/inc/tx_port.h **** 
 572:Middlewares/ST/threadx/ports/cortex_m7/gnu/inc/tx_port.h **** #ifdef TX_PORT_USE_BASEPRI
 573:Middlewares/ST/threadx/ports/cortex_m7/gnu/inc/tx_port.h ****     __set_basepri_value(TX_PORT_BASEPRI);
 574:Middlewares/ST/threadx/ports/cortex_m7/gnu/inc/tx_port.h **** #else
 575:Middlewares/ST/threadx/ports/cortex_m7/gnu/inc/tx_port.h ****     __asm__ volatile ("CPSID i" : : : "memory");
  95              		.loc 2 575 5 is_stmt 1 view .LVU29
  96              		.syntax unified
  97              	@ 575 "Middlewares/ST/threadx/ports/cortex_m7/gnu/inc/tx_port.h" 1
  98 0010 72B6     		CPSID i
  99              	@ 0 "" 2
 576:Middlewares/ST/threadx/ports/cortex_m7/gnu/inc/tx_port.h **** #endif
 577:Middlewares/ST/threadx/ports/cortex_m7/gnu/inc/tx_port.h ****     return(int_posture);
 100              		.loc 2 577 5 view .LVU30
 101              	.LVL2:
 102              		.loc 2 577 5 is_stmt 0 view .LVU31
 103              		.thumb
 104              		.syntax unified
 105              	.LBE40:
 106              	.LBE39:
 107              	.LBB43:
ARM GAS  /tmp/ccqGl48O.s 			page 15


 111:Middlewares/ST/threadx/common/src/tx_event_flags_set.c **** 
 112:Middlewares/ST/threadx/common/src/tx_event_flags_set.c **** #ifdef TX_EVENT_FLAGS_ENABLE_PERFORMANCE_INFO
 113:Middlewares/ST/threadx/common/src/tx_event_flags_set.c **** 
 114:Middlewares/ST/threadx/common/src/tx_event_flags_set.c ****     /* Increment the total event flags set counter.  */
 115:Middlewares/ST/threadx/common/src/tx_event_flags_set.c ****     _tx_event_flags_performance_set_count++;
 116:Middlewares/ST/threadx/common/src/tx_event_flags_set.c **** 
 117:Middlewares/ST/threadx/common/src/tx_event_flags_set.c ****     /* Increment the number of event flags sets on this semaphore.  */
 118:Middlewares/ST/threadx/common/src/tx_event_flags_set.c ****     group_ptr -> tx_event_flags_group_performance_set_count++;
 119:Middlewares/ST/threadx/common/src/tx_event_flags_set.c **** #endif
 120:Middlewares/ST/threadx/common/src/tx_event_flags_set.c **** 
 121:Middlewares/ST/threadx/common/src/tx_event_flags_set.c ****     /* If trace is enabled, insert this event into the trace buffer.  */
 122:Middlewares/ST/threadx/common/src/tx_event_flags_set.c ****     TX_TRACE_IN_LINE_INSERT(TX_TRACE_EVENT_FLAGS_SET, group_ptr, flags_to_set, set_option, group_pt
 108              		.loc 1 122 5 is_stmt 1 view .LVU32
 109              		.loc 1 122 5 view .LVU33
 110              		.loc 1 122 5 view .LVU34
 111              		.loc 1 122 5 view .LVU35
 112              		.loc 1 122 5 view .LVU36
 113 0012 9C4B     		ldr	r3, .L44
 114 0014 1B68     		ldr	r3, [r3]
 115              	.LVL3:
 116              		.loc 1 122 5 view .LVU37
 117 0016 002B     		cmp	r3, #0
 118 0018 3FD0     		beq	.L2
 119              		.loc 1 122 5 is_stmt 0 discriminator 1 view .LVU38
 120 001a 9B4A     		ldr	r2, .L44+4
 121              	.LVL4:
 122              		.loc 1 122 5 discriminator 1 view .LVU39
 123 001c 1268     		ldr	r2, [r2]
 124 001e 12F0080F 		tst	r2, #8
 125 0022 3AD0     		beq	.L2
 126              		.loc 1 122 5 is_stmt 1 discriminator 2 view .LVU40
 127              	.LBB44:
 128              	.LBI44:
 474:Middlewares/ST/threadx/ports/cortex_m7/gnu/inc/tx_port.h **** {
 129              		.loc 2 474 63 view .LVU41
 130              	.LBB45:
 476:Middlewares/ST/threadx/ports/cortex_m7/gnu/inc/tx_port.h ****     __asm__ volatile (" MRS  %0,IPSR ": "=r" (ipsr_value) );
 131              		.loc 2 476 1 view .LVU42
 477:Middlewares/ST/threadx/ports/cortex_m7/gnu/inc/tx_port.h ****     return(ipsr_value);
 132              		.loc 2 477 5 view .LVU43
 133              		.syntax unified
 134              	@ 477 "Middlewares/ST/threadx/ports/cortex_m7/gnu/inc/tx_port.h" 1
 135 0024 EFF30580 		 MRS  r0,IPSR 
 136              	@ 0 "" 2
 137              	.LVL5:
 478:Middlewares/ST/threadx/ports/cortex_m7/gnu/inc/tx_port.h **** }
 138              		.loc 2 478 5 view .LVU44
 478:Middlewares/ST/threadx/ports/cortex_m7/gnu/inc/tx_port.h **** }
 139              		.loc 2 478 5 is_stmt 0 view .LVU45
 140              		.thumb
 141              		.syntax unified
 142              	.LBE45:
 143              	.LBE44:
 144              		.loc 1 122 5 discriminator 1 view .LVU46
 145 0028 984A     		ldr	r2, .L44+8
 146 002a 1268     		ldr	r2, [r2]
 147              	.LVL6:
ARM GAS  /tmp/ccqGl48O.s 			page 16


 148              		.loc 1 122 5 is_stmt 1 discriminator 1 view .LVU47
 149 002c 9849     		ldr	r1, .L44+12
 150              	.LVL7:
 151              		.loc 1 122 5 is_stmt 0 discriminator 1 view .LVU48
 152 002e 0968     		ldr	r1, [r1]
 153              	.LVL8:
 154              		.loc 1 122 5 is_stmt 1 discriminator 1 view .LVU49
 155 0030 0243     		orrs	r2, r2, r0
 156              	.LVL9:
 157              		.loc 1 122 5 is_stmt 0 discriminator 1 view .LVU50
 158 0032 22D1     		bne	.L3
 159              		.loc 1 122 5 is_stmt 1 discriminator 3 view .LVU51
 160 0034 CA6A     		ldr	r2, [r1, #44]
 161              	.LVL10:
 162              		.loc 1 122 5 discriminator 3 view .LVU52
 163 0036 C86B     		ldr	r0, [r1, #60]
 164 0038 42EA0042 		orr	r2, r2, r0, lsl #16
 165              	.LVL11:
 166              		.loc 1 122 5 is_stmt 0 discriminator 3 view .LVU53
 167 003c 42F00042 		orr	r2, r2, #-2147483648
 168              	.LVL12:
 169              	.L4:
 170              		.loc 1 122 5 is_stmt 1 discriminator 9 view .LVU54
 171 0040 1960     		str	r1, [r3]
 172              		.loc 1 122 5 discriminator 9 view .LVU55
 173 0042 5A60     		str	r2, [r3, #4]
 174              		.loc 1 122 5 discriminator 9 view .LVU56
 175 0044 2422     		movs	r2, #36
 176              	.LVL13:
 177              		.loc 1 122 5 is_stmt 0 discriminator 9 view .LVU57
 178 0046 9A60     		str	r2, [r3, #8]
 179              		.loc 1 122 5 is_stmt 1 discriminator 9 view .LVU58
 180 0048 924A     		ldr	r2, .L44+16
 181 004a 5268     		ldr	r2, [r2, #4]
 182 004c DA60     		str	r2, [r3, #12]
 183              		.loc 1 122 5 discriminator 9 view .LVU59
 184 004e 1C61     		str	r4, [r3, #16]
 185              		.loc 1 122 5 discriminator 9 view .LVU60
 186 0050 5F61     		str	r7, [r3, #20]
 187              		.loc 1 122 5 discriminator 9 view .LVU61
 188 0052 9D61     		str	r5, [r3, #24]
 189              		.loc 1 122 5 discriminator 9 view .LVU62
 190 0054 6269     		ldr	r2, [r4, #20]
 191 0056 DA61     		str	r2, [r3, #28]
 192              		.loc 1 122 5 discriminator 9 view .LVU63
 193 0058 2033     		adds	r3, r3, #32
 194              	.LVL14:
 195              		.loc 1 122 5 discriminator 9 view .LVU64
 196 005a 8F4A     		ldr	r2, .L44+20
 197 005c 1268     		ldr	r2, [r2]
 198 005e 9A42     		cmp	r2, r3
 199 0060 16D8     		bhi	.L5
 200              		.loc 1 122 5 discriminator 10 view .LVU65
 201 0062 8E4B     		ldr	r3, .L44+24
 202              	.LVL15:
 203              		.loc 1 122 5 is_stmt 0 discriminator 10 view .LVU66
 204 0064 1B68     		ldr	r3, [r3]
ARM GAS  /tmp/ccqGl48O.s 			page 17


 205              	.LVL16:
 206              		.loc 1 122 5 is_stmt 1 discriminator 10 view .LVU67
 207 0066 874A     		ldr	r2, .L44
 208 0068 1360     		str	r3, [r2]
 209              		.loc 1 122 5 discriminator 10 view .LVU68
 210 006a 8D4A     		ldr	r2, .L44+28
 211 006c 1068     		ldr	r0, [r2]
 212 006e 0362     		str	r3, [r0, #32]
 213              		.loc 1 122 5 discriminator 10 view .LVU69
 214 0070 8C4B     		ldr	r3, .L44+32
 215              	.LVL17:
 216              		.loc 1 122 5 is_stmt 0 discriminator 10 view .LVU70
 217 0072 1B68     		ldr	r3, [r3]
 218 0074 8BB1     		cbz	r3, .L2
 219              		.loc 1 122 5 is_stmt 1 discriminator 12 view .LVU71
 220 0076 9847     		blx	r3
 221              	.LVL18:
 222              		.loc 1 122 5 is_stmt 0 discriminator 12 view .LVU72
 223 0078 0FE0     		b	.L2
 224              	.LVL19:
 225              	.L3:
 226              		.loc 1 122 5 is_stmt 1 discriminator 4 view .LVU73
 227 007a B2F1F03F 		cmp	r2, #-252645136
 228 007e 03D2     		bcs	.L30
 229              		.loc 1 122 5 discriminator 6 view .LVU74
 230 0080 0A46     		mov	r2, r1
 231              	.LVL20:
 232              		.loc 1 122 5 discriminator 6 view .LVU75
 233              		.loc 1 122 5 is_stmt 0 discriminator 6 view .LVU76
 234 0082 4FF0FF31 		mov	r1, #-1
 235 0086 DBE7     		b	.L4
 236              	.LVL21:
 237              	.L30:
 238              		.loc 1 122 5 discriminator 7 view .LVU77
 239 0088 4FF0F031 		mov	r1, #-252645136
 240              	.LVL22:
 241              		.loc 1 122 5 discriminator 7 view .LVU78
 242 008c 0022     		movs	r2, #0
 243              	.LVL23:
 244              		.loc 1 122 5 discriminator 7 view .LVU79
 245 008e D7E7     		b	.L4
 246              	.LVL24:
 247              	.L5:
 248              		.loc 1 122 5 is_stmt 1 discriminator 11 view .LVU80
 249 0090 7C4A     		ldr	r2, .L44
 250 0092 1360     		str	r3, [r2]
 251              		.loc 1 122 5 discriminator 11 view .LVU81
 252 0094 824A     		ldr	r2, .L44+28
 253 0096 1268     		ldr	r2, [r2]
 254 0098 1362     		str	r3, [r2, #32]
 255              	.LVL25:
 256              	.L2:
 257              		.loc 1 122 5 is_stmt 0 discriminator 11 view .LVU82
 258              	.LBE43:
 123:Middlewares/ST/threadx/common/src/tx_event_flags_set.c **** 
 124:Middlewares/ST/threadx/common/src/tx_event_flags_set.c ****     /* Log this kernel call.  */
 125:Middlewares/ST/threadx/common/src/tx_event_flags_set.c ****     TX_EL_EVENT_FLAGS_SET_INSERT
ARM GAS  /tmp/ccqGl48O.s 			page 18


 126:Middlewares/ST/threadx/common/src/tx_event_flags_set.c **** 
 127:Middlewares/ST/threadx/common/src/tx_event_flags_set.c ****     /* Determine how to set this group's event flags.  */
 128:Middlewares/ST/threadx/common/src/tx_event_flags_set.c ****     if ((set_option & TX_EVENT_FLAGS_AND_MASK) == TX_AND)
 259              		.loc 1 128 5 is_stmt 1 view .LVU83
 260              		.loc 1 128 8 is_stmt 0 view .LVU84
 261 009a 15F00203 		ands	r3, r5, #2
 262 009e 0193     		str	r3, [sp, #4]
 263 00a0 11D0     		beq	.L6
 129:Middlewares/ST/threadx/common/src/tx_event_flags_set.c ****     {
 130:Middlewares/ST/threadx/common/src/tx_event_flags_set.c **** 
 131:Middlewares/ST/threadx/common/src/tx_event_flags_set.c **** #ifndef TX_NOT_INTERRUPTABLE
 132:Middlewares/ST/threadx/common/src/tx_event_flags_set.c **** 
 133:Middlewares/ST/threadx/common/src/tx_event_flags_set.c ****         /* Set interrupted set request flag to false.  */
 134:Middlewares/ST/threadx/common/src/tx_event_flags_set.c ****         interrupted_set_request =  TX_FALSE;
 264              		.loc 1 134 9 is_stmt 1 view .LVU85
 265              	.LVL26:
 135:Middlewares/ST/threadx/common/src/tx_event_flags_set.c **** 
 136:Middlewares/ST/threadx/common/src/tx_event_flags_set.c ****         /* Determine if the suspension list is being processed by an interrupted
 137:Middlewares/ST/threadx/common/src/tx_event_flags_set.c ****            set request.  */
 138:Middlewares/ST/threadx/common/src/tx_event_flags_set.c ****         if (group_ptr -> tx_event_flags_group_suspended_count != TX_NO_SUSPENSIONS)
 266              		.loc 1 138 9 view .LVU86
 267              		.loc 1 138 23 is_stmt 0 view .LVU87
 268 00a2 6369     		ldr	r3, [r4, #20]
 269              		.loc 1 138 12 view .LVU88
 270 00a4 0BB1     		cbz	r3, .L7
 139:Middlewares/ST/threadx/common/src/tx_event_flags_set.c ****         {
 140:Middlewares/ST/threadx/common/src/tx_event_flags_set.c **** 
 141:Middlewares/ST/threadx/common/src/tx_event_flags_set.c ****             if (group_ptr -> tx_event_flags_group_suspension_list == TX_NULL)
 271              		.loc 1 141 13 is_stmt 1 view .LVU89
 272              		.loc 1 141 27 is_stmt 0 view .LVU90
 273 00a6 2369     		ldr	r3, [r4, #16]
 274              		.loc 1 141 16 view .LVU91
 275 00a8 43B1     		cbz	r3, .L37
 276              	.L7:
 277              	.LVL27:
 142:Middlewares/ST/threadx/common/src/tx_event_flags_set.c ****             {
 143:Middlewares/ST/threadx/common/src/tx_event_flags_set.c **** 
 144:Middlewares/ST/threadx/common/src/tx_event_flags_set.c ****                 /* Set the interrupted set request flag.  */
 145:Middlewares/ST/threadx/common/src/tx_event_flags_set.c ****                 interrupted_set_request =  TX_TRUE;
 146:Middlewares/ST/threadx/common/src/tx_event_flags_set.c ****             }
 147:Middlewares/ST/threadx/common/src/tx_event_flags_set.c ****         }
 148:Middlewares/ST/threadx/common/src/tx_event_flags_set.c **** 
 149:Middlewares/ST/threadx/common/src/tx_event_flags_set.c ****         /* Was a set request interrupted?  */
 150:Middlewares/ST/threadx/common/src/tx_event_flags_set.c ****         if (interrupted_set_request == TX_TRUE)
 151:Middlewares/ST/threadx/common/src/tx_event_flags_set.c ****         {
 152:Middlewares/ST/threadx/common/src/tx_event_flags_set.c **** 
 153:Middlewares/ST/threadx/common/src/tx_event_flags_set.c ****             /* A previous set operation was interrupted, we need to defer the
 154:Middlewares/ST/threadx/common/src/tx_event_flags_set.c ****                event clearing until the set operation is complete.  */
 155:Middlewares/ST/threadx/common/src/tx_event_flags_set.c **** 
 156:Middlewares/ST/threadx/common/src/tx_event_flags_set.c ****             /* Remember the events to clear.  */
 157:Middlewares/ST/threadx/common/src/tx_event_flags_set.c ****             group_ptr -> tx_event_flags_group_delayed_clear =
 158:Middlewares/ST/threadx/common/src/tx_event_flags_set.c ****                                         group_ptr -> tx_event_flags_group_delayed_clear | ~flags_to
 159:Middlewares/ST/threadx/common/src/tx_event_flags_set.c ****         }
 160:Middlewares/ST/threadx/common/src/tx_event_flags_set.c ****         else
 161:Middlewares/ST/threadx/common/src/tx_event_flags_set.c ****         {
 162:Middlewares/ST/threadx/common/src/tx_event_flags_set.c **** #endif
 163:Middlewares/ST/threadx/common/src/tx_event_flags_set.c **** 
ARM GAS  /tmp/ccqGl48O.s 			page 19


 164:Middlewares/ST/threadx/common/src/tx_event_flags_set.c ****             /* Previous set operation was not interrupted, simply clear the
 165:Middlewares/ST/threadx/common/src/tx_event_flags_set.c ****                specified flags by "ANDing" the flags into the current events
 166:Middlewares/ST/threadx/common/src/tx_event_flags_set.c ****                of the group.  */
 167:Middlewares/ST/threadx/common/src/tx_event_flags_set.c ****             group_ptr -> tx_event_flags_group_current =
 278              		.loc 1 167 13 is_stmt 1 view .LVU92
 168:Middlewares/ST/threadx/common/src/tx_event_flags_set.c ****                 group_ptr -> tx_event_flags_group_current & flags_to_set;
 279              		.loc 1 168 27 is_stmt 0 view .LVU93
 280 00aa A368     		ldr	r3, [r4, #8]
 281              		.loc 1 168 59 view .LVU94
 282 00ac 3B40     		ands	r3, r3, r7
 167:Middlewares/ST/threadx/common/src/tx_event_flags_set.c ****                 group_ptr -> tx_event_flags_group_current & flags_to_set;
 283              		.loc 1 167 55 view .LVU95
 284 00ae A360     		str	r3, [r4, #8]
 285              	.L8:
 169:Middlewares/ST/threadx/common/src/tx_event_flags_set.c **** 
 170:Middlewares/ST/threadx/common/src/tx_event_flags_set.c **** #ifndef TX_NOT_INTERRUPTABLE
 171:Middlewares/ST/threadx/common/src/tx_event_flags_set.c **** 
 172:Middlewares/ST/threadx/common/src/tx_event_flags_set.c ****         }
 173:Middlewares/ST/threadx/common/src/tx_event_flags_set.c **** #endif
 174:Middlewares/ST/threadx/common/src/tx_event_flags_set.c **** 
 175:Middlewares/ST/threadx/common/src/tx_event_flags_set.c ****         /* Restore interrupts.  */
 176:Middlewares/ST/threadx/common/src/tx_event_flags_set.c ****         TX_RESTORE
 286              		.loc 1 176 9 is_stmt 1 view .LVU96
 287              	.LVL28:
 288              	.LBB46:
 289              	.LBI46:
 556:Middlewares/ST/threadx/ports/cortex_m7/gnu/inc/tx_port.h **** {
 290              		.loc 2 556 55 view .LVU97
 291              	.LBB47:
 562:Middlewares/ST/threadx/ports/cortex_m7/gnu/inc/tx_port.h **** #endif
 292              		.loc 2 562 5 view .LVU98
 293              		.syntax unified
 294              	@ 562 "Middlewares/ST/threadx/ports/cortex_m7/gnu/inc/tx_port.h" 1
 295 00b0 86F31088 		MSR  PRIMASK,r6
 296              	@ 0 "" 2
 297              	.LVL29:
 298              		.thumb
 299              		.syntax unified
 300              	.L9:
 562:Middlewares/ST/threadx/ports/cortex_m7/gnu/inc/tx_port.h **** #endif
 301              		.loc 2 562 5 is_stmt 0 view .LVU99
 302              	.LBE47:
 303              	.LBE46:
 177:Middlewares/ST/threadx/common/src/tx_event_flags_set.c ****     }
 178:Middlewares/ST/threadx/common/src/tx_event_flags_set.c ****     else
 179:Middlewares/ST/threadx/common/src/tx_event_flags_set.c ****     {
 180:Middlewares/ST/threadx/common/src/tx_event_flags_set.c **** 
 181:Middlewares/ST/threadx/common/src/tx_event_flags_set.c **** #ifndef TX_DISABLE_NOTIFY_CALLBACKS
 182:Middlewares/ST/threadx/common/src/tx_event_flags_set.c **** 
 183:Middlewares/ST/threadx/common/src/tx_event_flags_set.c ****         /* Pickup the notify callback routine for this event flag group.  */
 184:Middlewares/ST/threadx/common/src/tx_event_flags_set.c ****         events_set_notify =  group_ptr -> tx_event_flags_group_set_notify;
 185:Middlewares/ST/threadx/common/src/tx_event_flags_set.c **** #endif
 186:Middlewares/ST/threadx/common/src/tx_event_flags_set.c **** 
 187:Middlewares/ST/threadx/common/src/tx_event_flags_set.c ****         /* "OR" the flags into the current events of the group.  */
 188:Middlewares/ST/threadx/common/src/tx_event_flags_set.c ****         group_ptr -> tx_event_flags_group_current =
 189:Middlewares/ST/threadx/common/src/tx_event_flags_set.c ****             group_ptr -> tx_event_flags_group_current | flags_to_set;
 190:Middlewares/ST/threadx/common/src/tx_event_flags_set.c **** 
ARM GAS  /tmp/ccqGl48O.s 			page 20


 191:Middlewares/ST/threadx/common/src/tx_event_flags_set.c **** #ifndef TX_NOT_INTERRUPTABLE
 192:Middlewares/ST/threadx/common/src/tx_event_flags_set.c **** 
 193:Middlewares/ST/threadx/common/src/tx_event_flags_set.c ****         /* Determine if there are any delayed flags to clear.  */
 194:Middlewares/ST/threadx/common/src/tx_event_flags_set.c ****         if (group_ptr -> tx_event_flags_group_delayed_clear != ((ULONG) 0))
 195:Middlewares/ST/threadx/common/src/tx_event_flags_set.c ****         {
 196:Middlewares/ST/threadx/common/src/tx_event_flags_set.c **** 
 197:Middlewares/ST/threadx/common/src/tx_event_flags_set.c ****             /* Yes, we need to neutralize the delayed clearing as well.  */
 198:Middlewares/ST/threadx/common/src/tx_event_flags_set.c ****             group_ptr -> tx_event_flags_group_delayed_clear =
 199:Middlewares/ST/threadx/common/src/tx_event_flags_set.c ****                                         group_ptr -> tx_event_flags_group_delayed_clear & ~flags_to
 200:Middlewares/ST/threadx/common/src/tx_event_flags_set.c ****         }
 201:Middlewares/ST/threadx/common/src/tx_event_flags_set.c **** #endif
 202:Middlewares/ST/threadx/common/src/tx_event_flags_set.c **** 
 203:Middlewares/ST/threadx/common/src/tx_event_flags_set.c ****         /* Clear the preempt check flag.  */
 204:Middlewares/ST/threadx/common/src/tx_event_flags_set.c ****         preempt_check =  TX_FALSE;
 205:Middlewares/ST/threadx/common/src/tx_event_flags_set.c **** 
 206:Middlewares/ST/threadx/common/src/tx_event_flags_set.c ****         /* Pickup the thread suspended count.  */
 207:Middlewares/ST/threadx/common/src/tx_event_flags_set.c ****         suspended_count =  group_ptr -> tx_event_flags_group_suspended_count;
 208:Middlewares/ST/threadx/common/src/tx_event_flags_set.c **** 
 209:Middlewares/ST/threadx/common/src/tx_event_flags_set.c ****         /* Determine if there are any threads suspended on the event flag group.  */
 210:Middlewares/ST/threadx/common/src/tx_event_flags_set.c ****         if (group_ptr -> tx_event_flags_group_suspension_list != TX_NULL)
 211:Middlewares/ST/threadx/common/src/tx_event_flags_set.c ****         {
 212:Middlewares/ST/threadx/common/src/tx_event_flags_set.c **** 
 213:Middlewares/ST/threadx/common/src/tx_event_flags_set.c ****             /* Determine if there is just a single thread waiting on the event
 214:Middlewares/ST/threadx/common/src/tx_event_flags_set.c ****                flag group.  */
 215:Middlewares/ST/threadx/common/src/tx_event_flags_set.c ****             if (suspended_count == ((UINT) 1))
 216:Middlewares/ST/threadx/common/src/tx_event_flags_set.c ****             {
 217:Middlewares/ST/threadx/common/src/tx_event_flags_set.c **** 
 218:Middlewares/ST/threadx/common/src/tx_event_flags_set.c ****                 /* Single thread waiting for event flags.  Bypass the multiple thread
 219:Middlewares/ST/threadx/common/src/tx_event_flags_set.c ****                    logic.  */
 220:Middlewares/ST/threadx/common/src/tx_event_flags_set.c **** 
 221:Middlewares/ST/threadx/common/src/tx_event_flags_set.c ****                 /* Setup thread pointer.  */
 222:Middlewares/ST/threadx/common/src/tx_event_flags_set.c ****                 thread_ptr =  group_ptr -> tx_event_flags_group_suspension_list;
 223:Middlewares/ST/threadx/common/src/tx_event_flags_set.c **** 
 224:Middlewares/ST/threadx/common/src/tx_event_flags_set.c ****                 /* Pickup the current event flags.  */
 225:Middlewares/ST/threadx/common/src/tx_event_flags_set.c ****                 current_event_flags =  group_ptr -> tx_event_flags_group_current;
 226:Middlewares/ST/threadx/common/src/tx_event_flags_set.c **** 
 227:Middlewares/ST/threadx/common/src/tx_event_flags_set.c ****                 /* Pickup the suspend information.  */
 228:Middlewares/ST/threadx/common/src/tx_event_flags_set.c ****                 requested_flags =  thread_ptr -> tx_thread_suspend_info;
 229:Middlewares/ST/threadx/common/src/tx_event_flags_set.c **** 
 230:Middlewares/ST/threadx/common/src/tx_event_flags_set.c ****                 /* Pickup the suspend option.  */
 231:Middlewares/ST/threadx/common/src/tx_event_flags_set.c ****                 get_option =  thread_ptr -> tx_thread_suspend_option;
 232:Middlewares/ST/threadx/common/src/tx_event_flags_set.c **** 
 233:Middlewares/ST/threadx/common/src/tx_event_flags_set.c ****                 /* Isolate the AND selection.  */
 234:Middlewares/ST/threadx/common/src/tx_event_flags_set.c ****                 and_request =  (get_option & TX_AND);
 235:Middlewares/ST/threadx/common/src/tx_event_flags_set.c **** 
 236:Middlewares/ST/threadx/common/src/tx_event_flags_set.c ****                 /* Check for AND condition. All flags must be present to satisfy request.  */
 237:Middlewares/ST/threadx/common/src/tx_event_flags_set.c ****                 if (and_request == TX_AND)
 238:Middlewares/ST/threadx/common/src/tx_event_flags_set.c ****                 {
 239:Middlewares/ST/threadx/common/src/tx_event_flags_set.c **** 
 240:Middlewares/ST/threadx/common/src/tx_event_flags_set.c ****                     /* AND request is present.  */
 241:Middlewares/ST/threadx/common/src/tx_event_flags_set.c **** 
 242:Middlewares/ST/threadx/common/src/tx_event_flags_set.c ****                     /* Calculate the flags present.  */
 243:Middlewares/ST/threadx/common/src/tx_event_flags_set.c ****                     flags_satisfied =  (current_event_flags & requested_flags);
 244:Middlewares/ST/threadx/common/src/tx_event_flags_set.c **** 
 245:Middlewares/ST/threadx/common/src/tx_event_flags_set.c ****                     /* Determine if they satisfy the AND request.  */
 246:Middlewares/ST/threadx/common/src/tx_event_flags_set.c ****                     if (flags_satisfied != requested_flags)
 247:Middlewares/ST/threadx/common/src/tx_event_flags_set.c ****                     {
ARM GAS  /tmp/ccqGl48O.s 			page 21


 248:Middlewares/ST/threadx/common/src/tx_event_flags_set.c **** 
 249:Middlewares/ST/threadx/common/src/tx_event_flags_set.c ****                         /* No, not all the requested flags are present. Clear the flags present var
 250:Middlewares/ST/threadx/common/src/tx_event_flags_set.c ****                         flags_satisfied =  ((ULONG) 0);
 251:Middlewares/ST/threadx/common/src/tx_event_flags_set.c ****                     }
 252:Middlewares/ST/threadx/common/src/tx_event_flags_set.c ****                 }
 253:Middlewares/ST/threadx/common/src/tx_event_flags_set.c ****                 else
 254:Middlewares/ST/threadx/common/src/tx_event_flags_set.c ****                 {
 255:Middlewares/ST/threadx/common/src/tx_event_flags_set.c **** 
 256:Middlewares/ST/threadx/common/src/tx_event_flags_set.c ****                     /* OR request is present. Simply or the requested flags and the current flags. 
 257:Middlewares/ST/threadx/common/src/tx_event_flags_set.c ****                     flags_satisfied =  (current_event_flags & requested_flags);
 258:Middlewares/ST/threadx/common/src/tx_event_flags_set.c ****                 }
 259:Middlewares/ST/threadx/common/src/tx_event_flags_set.c **** 
 260:Middlewares/ST/threadx/common/src/tx_event_flags_set.c ****                 /* Determine if the request is satisfied.  */
 261:Middlewares/ST/threadx/common/src/tx_event_flags_set.c ****                 if (flags_satisfied != ((ULONG) 0))
 262:Middlewares/ST/threadx/common/src/tx_event_flags_set.c ****                 {
 263:Middlewares/ST/threadx/common/src/tx_event_flags_set.c **** 
 264:Middlewares/ST/threadx/common/src/tx_event_flags_set.c ****                     /* Yes, resume the thread and apply any event flag
 265:Middlewares/ST/threadx/common/src/tx_event_flags_set.c ****                        clearing.  */
 266:Middlewares/ST/threadx/common/src/tx_event_flags_set.c **** 
 267:Middlewares/ST/threadx/common/src/tx_event_flags_set.c ****                     /* Set the preempt check flag.  */
 268:Middlewares/ST/threadx/common/src/tx_event_flags_set.c ****                     preempt_check =  TX_TRUE;
 269:Middlewares/ST/threadx/common/src/tx_event_flags_set.c **** 
 270:Middlewares/ST/threadx/common/src/tx_event_flags_set.c ****                     /* Return the actual event flags that satisfied the request.  */
 271:Middlewares/ST/threadx/common/src/tx_event_flags_set.c ****                     suspend_info_ptr =   TX_VOID_TO_ULONG_POINTER_CONVERT(thread_ptr -> tx_thread_a
 272:Middlewares/ST/threadx/common/src/tx_event_flags_set.c ****                     *suspend_info_ptr =  current_event_flags;
 273:Middlewares/ST/threadx/common/src/tx_event_flags_set.c **** 
 274:Middlewares/ST/threadx/common/src/tx_event_flags_set.c ****                     /* Pickup the clear bit.  */
 275:Middlewares/ST/threadx/common/src/tx_event_flags_set.c ****                     clear_request =  (get_option & TX_EVENT_FLAGS_CLEAR_MASK);
 276:Middlewares/ST/threadx/common/src/tx_event_flags_set.c **** 
 277:Middlewares/ST/threadx/common/src/tx_event_flags_set.c ****                     /* Determine whether or not clearing needs to take place.  */
 278:Middlewares/ST/threadx/common/src/tx_event_flags_set.c ****                     if (clear_request == TX_TRUE)
 279:Middlewares/ST/threadx/common/src/tx_event_flags_set.c ****                     {
 280:Middlewares/ST/threadx/common/src/tx_event_flags_set.c **** 
 281:Middlewares/ST/threadx/common/src/tx_event_flags_set.c ****                         /* Yes, clear the flags that satisfied this request.  */
 282:Middlewares/ST/threadx/common/src/tx_event_flags_set.c ****                         group_ptr -> tx_event_flags_group_current =  group_ptr -> tx_event_flags_gr
 283:Middlewares/ST/threadx/common/src/tx_event_flags_set.c ****                     }
 284:Middlewares/ST/threadx/common/src/tx_event_flags_set.c **** 
 285:Middlewares/ST/threadx/common/src/tx_event_flags_set.c ****                     /* Clear the suspension information in the event flag group.  */
 286:Middlewares/ST/threadx/common/src/tx_event_flags_set.c ****                     group_ptr -> tx_event_flags_group_suspension_list =  TX_NULL;
 287:Middlewares/ST/threadx/common/src/tx_event_flags_set.c ****                     group_ptr -> tx_event_flags_group_suspended_count =  TX_NO_SUSPENSIONS;
 288:Middlewares/ST/threadx/common/src/tx_event_flags_set.c **** 
 289:Middlewares/ST/threadx/common/src/tx_event_flags_set.c ****                     /* Clear cleanup routine to avoid timeout.  */
 290:Middlewares/ST/threadx/common/src/tx_event_flags_set.c ****                     thread_ptr -> tx_thread_suspend_cleanup =  TX_NULL;
 291:Middlewares/ST/threadx/common/src/tx_event_flags_set.c **** 
 292:Middlewares/ST/threadx/common/src/tx_event_flags_set.c ****                     /* Put return status into the thread control block.  */
 293:Middlewares/ST/threadx/common/src/tx_event_flags_set.c ****                     thread_ptr -> tx_thread_suspend_status =  TX_SUCCESS;
 294:Middlewares/ST/threadx/common/src/tx_event_flags_set.c **** 
 295:Middlewares/ST/threadx/common/src/tx_event_flags_set.c **** #ifdef TX_NOT_INTERRUPTABLE
 296:Middlewares/ST/threadx/common/src/tx_event_flags_set.c **** 
 297:Middlewares/ST/threadx/common/src/tx_event_flags_set.c ****                     /* Resume the thread!  */
 298:Middlewares/ST/threadx/common/src/tx_event_flags_set.c ****                     _tx_thread_system_ni_resume(thread_ptr);
 299:Middlewares/ST/threadx/common/src/tx_event_flags_set.c **** #else
 300:Middlewares/ST/threadx/common/src/tx_event_flags_set.c **** 
 301:Middlewares/ST/threadx/common/src/tx_event_flags_set.c ****                     /* Temporarily disable preemption.  */
 302:Middlewares/ST/threadx/common/src/tx_event_flags_set.c ****                     _tx_thread_preempt_disable++;
 303:Middlewares/ST/threadx/common/src/tx_event_flags_set.c **** 
 304:Middlewares/ST/threadx/common/src/tx_event_flags_set.c ****                     /* Restore interrupts.  */
ARM GAS  /tmp/ccqGl48O.s 			page 22


 305:Middlewares/ST/threadx/common/src/tx_event_flags_set.c ****                     TX_RESTORE
 306:Middlewares/ST/threadx/common/src/tx_event_flags_set.c **** 
 307:Middlewares/ST/threadx/common/src/tx_event_flags_set.c ****                     /* Resume thread.  */
 308:Middlewares/ST/threadx/common/src/tx_event_flags_set.c ****                     _tx_thread_system_resume(thread_ptr);
 309:Middlewares/ST/threadx/common/src/tx_event_flags_set.c **** 
 310:Middlewares/ST/threadx/common/src/tx_event_flags_set.c ****                     /* Disable interrupts to remove the semaphore from the created list.  */
 311:Middlewares/ST/threadx/common/src/tx_event_flags_set.c ****                     TX_DISABLE
 312:Middlewares/ST/threadx/common/src/tx_event_flags_set.c **** #endif
 313:Middlewares/ST/threadx/common/src/tx_event_flags_set.c ****                 }
 314:Middlewares/ST/threadx/common/src/tx_event_flags_set.c ****             }
 315:Middlewares/ST/threadx/common/src/tx_event_flags_set.c ****             else
 316:Middlewares/ST/threadx/common/src/tx_event_flags_set.c ****             {
 317:Middlewares/ST/threadx/common/src/tx_event_flags_set.c **** 
 318:Middlewares/ST/threadx/common/src/tx_event_flags_set.c ****                 /* Otherwise, the event flag requests of multiple threads must be
 319:Middlewares/ST/threadx/common/src/tx_event_flags_set.c ****                    examined.  */
 320:Middlewares/ST/threadx/common/src/tx_event_flags_set.c **** 
 321:Middlewares/ST/threadx/common/src/tx_event_flags_set.c ****                 /* Setup thread pointer, keep a local copy of the head pointer.  */
 322:Middlewares/ST/threadx/common/src/tx_event_flags_set.c ****                 suspended_list =  group_ptr -> tx_event_flags_group_suspension_list;
 323:Middlewares/ST/threadx/common/src/tx_event_flags_set.c ****                 thread_ptr =      suspended_list;
 324:Middlewares/ST/threadx/common/src/tx_event_flags_set.c **** 
 325:Middlewares/ST/threadx/common/src/tx_event_flags_set.c ****                 /* Clear the suspended list head pointer to thwart manipulation of
 326:Middlewares/ST/threadx/common/src/tx_event_flags_set.c ****                    the list in ISR's while we are processing here.  */
 327:Middlewares/ST/threadx/common/src/tx_event_flags_set.c ****                 group_ptr -> tx_event_flags_group_suspension_list =  TX_NULL;
 328:Middlewares/ST/threadx/common/src/tx_event_flags_set.c **** 
 329:Middlewares/ST/threadx/common/src/tx_event_flags_set.c ****                 /* Setup the satisfied thread pointers.  */
 330:Middlewares/ST/threadx/common/src/tx_event_flags_set.c ****                 satisfied_list =  TX_NULL;
 331:Middlewares/ST/threadx/common/src/tx_event_flags_set.c ****                 last_satisfied =  TX_NULL;
 332:Middlewares/ST/threadx/common/src/tx_event_flags_set.c **** 
 333:Middlewares/ST/threadx/common/src/tx_event_flags_set.c ****                 /* Pickup the current event flags.  */
 334:Middlewares/ST/threadx/common/src/tx_event_flags_set.c ****                 current_event_flags =  group_ptr -> tx_event_flags_group_current;
 335:Middlewares/ST/threadx/common/src/tx_event_flags_set.c **** 
 336:Middlewares/ST/threadx/common/src/tx_event_flags_set.c ****                 /* Disable preemption while we process the suspended list.  */
 337:Middlewares/ST/threadx/common/src/tx_event_flags_set.c ****                 _tx_thread_preempt_disable++;
 338:Middlewares/ST/threadx/common/src/tx_event_flags_set.c **** 
 339:Middlewares/ST/threadx/common/src/tx_event_flags_set.c ****                 /* Loop to examine all of the suspended threads. */
 340:Middlewares/ST/threadx/common/src/tx_event_flags_set.c ****                 do
 341:Middlewares/ST/threadx/common/src/tx_event_flags_set.c ****                 {
 342:Middlewares/ST/threadx/common/src/tx_event_flags_set.c **** 
 343:Middlewares/ST/threadx/common/src/tx_event_flags_set.c **** #ifndef TX_NOT_INTERRUPTABLE
 344:Middlewares/ST/threadx/common/src/tx_event_flags_set.c **** 
 345:Middlewares/ST/threadx/common/src/tx_event_flags_set.c ****                     /* Restore interrupts temporarily.  */
 346:Middlewares/ST/threadx/common/src/tx_event_flags_set.c ****                     TX_RESTORE
 347:Middlewares/ST/threadx/common/src/tx_event_flags_set.c **** 
 348:Middlewares/ST/threadx/common/src/tx_event_flags_set.c ****                     /* Disable interrupts again.  */
 349:Middlewares/ST/threadx/common/src/tx_event_flags_set.c ****                     TX_DISABLE
 350:Middlewares/ST/threadx/common/src/tx_event_flags_set.c **** #endif
 351:Middlewares/ST/threadx/common/src/tx_event_flags_set.c **** 
 352:Middlewares/ST/threadx/common/src/tx_event_flags_set.c ****                     /* Determine if we need to reset the search.  */
 353:Middlewares/ST/threadx/common/src/tx_event_flags_set.c ****                     if (group_ptr -> tx_event_flags_group_reset_search != TX_FALSE)
 354:Middlewares/ST/threadx/common/src/tx_event_flags_set.c ****                     {
 355:Middlewares/ST/threadx/common/src/tx_event_flags_set.c **** 
 356:Middlewares/ST/threadx/common/src/tx_event_flags_set.c ****                         /* Clear the reset search flag.  */
 357:Middlewares/ST/threadx/common/src/tx_event_flags_set.c ****                         group_ptr -> tx_event_flags_group_reset_search =  TX_FALSE;
 358:Middlewares/ST/threadx/common/src/tx_event_flags_set.c **** 
 359:Middlewares/ST/threadx/common/src/tx_event_flags_set.c ****                         /* Move the thread pointer to the beginning of the search list.  */
 360:Middlewares/ST/threadx/common/src/tx_event_flags_set.c ****                         thread_ptr =  suspended_list;
 361:Middlewares/ST/threadx/common/src/tx_event_flags_set.c **** 
ARM GAS  /tmp/ccqGl48O.s 			page 23


 362:Middlewares/ST/threadx/common/src/tx_event_flags_set.c ****                         /* Reset the suspended count.  */
 363:Middlewares/ST/threadx/common/src/tx_event_flags_set.c ****                         suspended_count =  group_ptr -> tx_event_flags_group_suspended_count;
 364:Middlewares/ST/threadx/common/src/tx_event_flags_set.c **** 
 365:Middlewares/ST/threadx/common/src/tx_event_flags_set.c ****                         /* Update the current events with any new ones that might
 366:Middlewares/ST/threadx/common/src/tx_event_flags_set.c ****                            have been set in a nested set events call from an ISR.  */
 367:Middlewares/ST/threadx/common/src/tx_event_flags_set.c ****                         current_event_flags =  current_event_flags | group_ptr -> tx_event_flags_gr
 368:Middlewares/ST/threadx/common/src/tx_event_flags_set.c ****                     }
 369:Middlewares/ST/threadx/common/src/tx_event_flags_set.c **** 
 370:Middlewares/ST/threadx/common/src/tx_event_flags_set.c ****                     /* Save next thread pointer.  */
 371:Middlewares/ST/threadx/common/src/tx_event_flags_set.c ****                     next_thread_ptr =  thread_ptr -> tx_thread_suspended_next;
 372:Middlewares/ST/threadx/common/src/tx_event_flags_set.c **** 
 373:Middlewares/ST/threadx/common/src/tx_event_flags_set.c ****                     /* Pickup the suspend information.  */
 374:Middlewares/ST/threadx/common/src/tx_event_flags_set.c ****                     requested_flags =  thread_ptr -> tx_thread_suspend_info;
 375:Middlewares/ST/threadx/common/src/tx_event_flags_set.c **** 
 376:Middlewares/ST/threadx/common/src/tx_event_flags_set.c ****                     /* Pickup this thread's suspension get option.  */
 377:Middlewares/ST/threadx/common/src/tx_event_flags_set.c ****                     get_option =  thread_ptr -> tx_thread_suspend_option;
 378:Middlewares/ST/threadx/common/src/tx_event_flags_set.c **** 
 379:Middlewares/ST/threadx/common/src/tx_event_flags_set.c ****                     /* Isolate the AND selection.  */
 380:Middlewares/ST/threadx/common/src/tx_event_flags_set.c ****                     and_request =  (get_option & TX_AND);
 381:Middlewares/ST/threadx/common/src/tx_event_flags_set.c **** 
 382:Middlewares/ST/threadx/common/src/tx_event_flags_set.c ****                     /* Check for AND condition. All flags must be present to satisfy request.  */
 383:Middlewares/ST/threadx/common/src/tx_event_flags_set.c ****                     if (and_request == TX_AND)
 384:Middlewares/ST/threadx/common/src/tx_event_flags_set.c ****                     {
 385:Middlewares/ST/threadx/common/src/tx_event_flags_set.c **** 
 386:Middlewares/ST/threadx/common/src/tx_event_flags_set.c ****                         /* AND request is present.  */
 387:Middlewares/ST/threadx/common/src/tx_event_flags_set.c **** 
 388:Middlewares/ST/threadx/common/src/tx_event_flags_set.c ****                         /* Calculate the flags present.  */
 389:Middlewares/ST/threadx/common/src/tx_event_flags_set.c ****                         flags_satisfied =  (current_event_flags & requested_flags);
 390:Middlewares/ST/threadx/common/src/tx_event_flags_set.c **** 
 391:Middlewares/ST/threadx/common/src/tx_event_flags_set.c ****                         /* Determine if they satisfy the AND request.  */
 392:Middlewares/ST/threadx/common/src/tx_event_flags_set.c ****                         if (flags_satisfied != requested_flags)
 393:Middlewares/ST/threadx/common/src/tx_event_flags_set.c ****                         {
 394:Middlewares/ST/threadx/common/src/tx_event_flags_set.c **** 
 395:Middlewares/ST/threadx/common/src/tx_event_flags_set.c ****                             /* No, not all the requested flags are present. Clear the flags present
 396:Middlewares/ST/threadx/common/src/tx_event_flags_set.c ****                             flags_satisfied =  ((ULONG) 0);
 397:Middlewares/ST/threadx/common/src/tx_event_flags_set.c ****                         }
 398:Middlewares/ST/threadx/common/src/tx_event_flags_set.c ****                     }
 399:Middlewares/ST/threadx/common/src/tx_event_flags_set.c ****                     else
 400:Middlewares/ST/threadx/common/src/tx_event_flags_set.c ****                     {
 401:Middlewares/ST/threadx/common/src/tx_event_flags_set.c **** 
 402:Middlewares/ST/threadx/common/src/tx_event_flags_set.c ****                         /* OR request is present. Simply or the requested flags and the current fla
 403:Middlewares/ST/threadx/common/src/tx_event_flags_set.c ****                         flags_satisfied =  (current_event_flags & requested_flags);
 404:Middlewares/ST/threadx/common/src/tx_event_flags_set.c ****                     }
 405:Middlewares/ST/threadx/common/src/tx_event_flags_set.c **** 
 406:Middlewares/ST/threadx/common/src/tx_event_flags_set.c ****                     /* Check to see if the thread had a timeout or wait abort during the event sear
 407:Middlewares/ST/threadx/common/src/tx_event_flags_set.c ****                        If so, just set the flags satisfied to ensure the processing here removes th
 408:Middlewares/ST/threadx/common/src/tx_event_flags_set.c ****                        the suspension list.  */
 409:Middlewares/ST/threadx/common/src/tx_event_flags_set.c ****                     if (thread_ptr -> tx_thread_state != TX_EVENT_FLAG)
 410:Middlewares/ST/threadx/common/src/tx_event_flags_set.c ****                     {
 411:Middlewares/ST/threadx/common/src/tx_event_flags_set.c **** 
 412:Middlewares/ST/threadx/common/src/tx_event_flags_set.c ****                        /* Simply set the satisfied flags to 1 in order to remove the thread from th
 413:Middlewares/ST/threadx/common/src/tx_event_flags_set.c ****                         flags_satisfied =  ((ULONG) 1);
 414:Middlewares/ST/threadx/common/src/tx_event_flags_set.c ****                     }
 415:Middlewares/ST/threadx/common/src/tx_event_flags_set.c **** 
 416:Middlewares/ST/threadx/common/src/tx_event_flags_set.c ****                     /* Determine if the request is satisfied.  */
 417:Middlewares/ST/threadx/common/src/tx_event_flags_set.c ****                     if (flags_satisfied != ((ULONG) 0))
 418:Middlewares/ST/threadx/common/src/tx_event_flags_set.c ****                     {
ARM GAS  /tmp/ccqGl48O.s 			page 24


 419:Middlewares/ST/threadx/common/src/tx_event_flags_set.c **** 
 420:Middlewares/ST/threadx/common/src/tx_event_flags_set.c ****                         /* Yes, this request can be handled now.  */
 421:Middlewares/ST/threadx/common/src/tx_event_flags_set.c **** 
 422:Middlewares/ST/threadx/common/src/tx_event_flags_set.c ****                         /* Set the preempt check flag.  */
 423:Middlewares/ST/threadx/common/src/tx_event_flags_set.c ****                         preempt_check =  TX_TRUE;
 424:Middlewares/ST/threadx/common/src/tx_event_flags_set.c **** 
 425:Middlewares/ST/threadx/common/src/tx_event_flags_set.c ****                         /* Determine if the thread is still suspended on the event flag group. If n
 426:Middlewares/ST/threadx/common/src/tx_event_flags_set.c ****                            abort must have been done from an ISR.  */
 427:Middlewares/ST/threadx/common/src/tx_event_flags_set.c ****                         if (thread_ptr -> tx_thread_state == TX_EVENT_FLAG)
 428:Middlewares/ST/threadx/common/src/tx_event_flags_set.c ****                         {
 429:Middlewares/ST/threadx/common/src/tx_event_flags_set.c **** 
 430:Middlewares/ST/threadx/common/src/tx_event_flags_set.c ****                             /* Return the actual event flags that satisfied the request.  */
 431:Middlewares/ST/threadx/common/src/tx_event_flags_set.c ****                             suspend_info_ptr =   TX_VOID_TO_ULONG_POINTER_CONVERT(thread_ptr -> tx_
 432:Middlewares/ST/threadx/common/src/tx_event_flags_set.c ****                             *suspend_info_ptr =  current_event_flags;
 433:Middlewares/ST/threadx/common/src/tx_event_flags_set.c **** 
 434:Middlewares/ST/threadx/common/src/tx_event_flags_set.c ****                             /* Pickup the clear bit.  */
 435:Middlewares/ST/threadx/common/src/tx_event_flags_set.c ****                             clear_request =  (get_option & TX_EVENT_FLAGS_CLEAR_MASK);
 436:Middlewares/ST/threadx/common/src/tx_event_flags_set.c **** 
 437:Middlewares/ST/threadx/common/src/tx_event_flags_set.c ****                             /* Determine whether or not clearing needs to take place.  */
 438:Middlewares/ST/threadx/common/src/tx_event_flags_set.c ****                             if (clear_request == TX_TRUE)
 439:Middlewares/ST/threadx/common/src/tx_event_flags_set.c ****                             {
 440:Middlewares/ST/threadx/common/src/tx_event_flags_set.c **** 
 441:Middlewares/ST/threadx/common/src/tx_event_flags_set.c ****                                 /* Yes, clear the flags that satisfied this request.  */
 442:Middlewares/ST/threadx/common/src/tx_event_flags_set.c ****                                 group_ptr -> tx_event_flags_group_current =  group_ptr -> tx_event_
 443:Middlewares/ST/threadx/common/src/tx_event_flags_set.c ****                             }
 444:Middlewares/ST/threadx/common/src/tx_event_flags_set.c **** 
 445:Middlewares/ST/threadx/common/src/tx_event_flags_set.c ****                             /* Prepare for resumption of the first thread.  */
 446:Middlewares/ST/threadx/common/src/tx_event_flags_set.c **** 
 447:Middlewares/ST/threadx/common/src/tx_event_flags_set.c ****                             /* Clear cleanup routine to avoid timeout.  */
 448:Middlewares/ST/threadx/common/src/tx_event_flags_set.c ****                             thread_ptr -> tx_thread_suspend_cleanup =  TX_NULL;
 449:Middlewares/ST/threadx/common/src/tx_event_flags_set.c **** 
 450:Middlewares/ST/threadx/common/src/tx_event_flags_set.c ****                             /* Put return status into the thread control block.  */
 451:Middlewares/ST/threadx/common/src/tx_event_flags_set.c ****                             thread_ptr -> tx_thread_suspend_status =  TX_SUCCESS;
 452:Middlewares/ST/threadx/common/src/tx_event_flags_set.c ****                         }
 453:Middlewares/ST/threadx/common/src/tx_event_flags_set.c **** 
 454:Middlewares/ST/threadx/common/src/tx_event_flags_set.c ****                         /* We need to remove the thread from the suspension list and place it in th
 455:Middlewares/ST/threadx/common/src/tx_event_flags_set.c ****                            expired list.  */
 456:Middlewares/ST/threadx/common/src/tx_event_flags_set.c **** 
 457:Middlewares/ST/threadx/common/src/tx_event_flags_set.c ****                         /* See if this is the only suspended thread on the list.  */
 458:Middlewares/ST/threadx/common/src/tx_event_flags_set.c ****                         if (thread_ptr == thread_ptr -> tx_thread_suspended_next)
 459:Middlewares/ST/threadx/common/src/tx_event_flags_set.c ****                         {
 460:Middlewares/ST/threadx/common/src/tx_event_flags_set.c **** 
 461:Middlewares/ST/threadx/common/src/tx_event_flags_set.c ****                             /* Yes, the only suspended thread.  */
 462:Middlewares/ST/threadx/common/src/tx_event_flags_set.c **** 
 463:Middlewares/ST/threadx/common/src/tx_event_flags_set.c ****                             /* Update the head pointer.  */
 464:Middlewares/ST/threadx/common/src/tx_event_flags_set.c ****                             suspended_list =  TX_NULL;
 465:Middlewares/ST/threadx/common/src/tx_event_flags_set.c ****                         }
 466:Middlewares/ST/threadx/common/src/tx_event_flags_set.c ****                         else
 467:Middlewares/ST/threadx/common/src/tx_event_flags_set.c ****                         {
 468:Middlewares/ST/threadx/common/src/tx_event_flags_set.c **** 
 469:Middlewares/ST/threadx/common/src/tx_event_flags_set.c ****                             /* At least one more thread is on the same expiration list.  */
 470:Middlewares/ST/threadx/common/src/tx_event_flags_set.c **** 
 471:Middlewares/ST/threadx/common/src/tx_event_flags_set.c ****                             /* Update the links of the adjacent threads.  */
 472:Middlewares/ST/threadx/common/src/tx_event_flags_set.c ****                             next_thread =                                  thread_ptr -> tx_thread_
 473:Middlewares/ST/threadx/common/src/tx_event_flags_set.c ****                             previous_thread =                              thread_ptr -> tx_thread_
 474:Middlewares/ST/threadx/common/src/tx_event_flags_set.c ****                             next_thread -> tx_thread_suspended_previous =  previous_thread;
 475:Middlewares/ST/threadx/common/src/tx_event_flags_set.c ****                             previous_thread -> tx_thread_suspended_next =  next_thread;
ARM GAS  /tmp/ccqGl48O.s 			page 25


 476:Middlewares/ST/threadx/common/src/tx_event_flags_set.c **** 
 477:Middlewares/ST/threadx/common/src/tx_event_flags_set.c ****                             /* Update the list head pointer, if removing the head of the
 478:Middlewares/ST/threadx/common/src/tx_event_flags_set.c ****                                list.  */
 479:Middlewares/ST/threadx/common/src/tx_event_flags_set.c ****                             if (suspended_list == thread_ptr)
 480:Middlewares/ST/threadx/common/src/tx_event_flags_set.c ****                             {
 481:Middlewares/ST/threadx/common/src/tx_event_flags_set.c **** 
 482:Middlewares/ST/threadx/common/src/tx_event_flags_set.c ****                                 /* Yes, head pointer needs to be updated.  */
 483:Middlewares/ST/threadx/common/src/tx_event_flags_set.c ****                                 suspended_list =  thread_ptr -> tx_thread_suspended_next;
 484:Middlewares/ST/threadx/common/src/tx_event_flags_set.c ****                             }
 485:Middlewares/ST/threadx/common/src/tx_event_flags_set.c ****                         }
 486:Middlewares/ST/threadx/common/src/tx_event_flags_set.c **** 
 487:Middlewares/ST/threadx/common/src/tx_event_flags_set.c ****                         /* Decrement the suspension count.  */
 488:Middlewares/ST/threadx/common/src/tx_event_flags_set.c ****                         group_ptr -> tx_event_flags_group_suspended_count--;
 489:Middlewares/ST/threadx/common/src/tx_event_flags_set.c **** 
 490:Middlewares/ST/threadx/common/src/tx_event_flags_set.c ****                         /* Place this thread on the expired list.  */
 491:Middlewares/ST/threadx/common/src/tx_event_flags_set.c ****                         if (satisfied_list == TX_NULL)
 492:Middlewares/ST/threadx/common/src/tx_event_flags_set.c ****                         {
 493:Middlewares/ST/threadx/common/src/tx_event_flags_set.c **** 
 494:Middlewares/ST/threadx/common/src/tx_event_flags_set.c ****                             /* First thread on the satisfied list.  */
 495:Middlewares/ST/threadx/common/src/tx_event_flags_set.c ****                             satisfied_list =  thread_ptr;
 496:Middlewares/ST/threadx/common/src/tx_event_flags_set.c ****                             last_satisfied =  thread_ptr;
 497:Middlewares/ST/threadx/common/src/tx_event_flags_set.c **** 
 498:Middlewares/ST/threadx/common/src/tx_event_flags_set.c ****                             /* Setup initial next pointer.  */
 499:Middlewares/ST/threadx/common/src/tx_event_flags_set.c ****                             thread_ptr -> tx_thread_suspended_next =  TX_NULL;
 500:Middlewares/ST/threadx/common/src/tx_event_flags_set.c ****                         }
 501:Middlewares/ST/threadx/common/src/tx_event_flags_set.c ****                         else
 502:Middlewares/ST/threadx/common/src/tx_event_flags_set.c ****                         {
 503:Middlewares/ST/threadx/common/src/tx_event_flags_set.c **** 
 504:Middlewares/ST/threadx/common/src/tx_event_flags_set.c ****                             /* Not the first thread on the satisfied list.  */
 505:Middlewares/ST/threadx/common/src/tx_event_flags_set.c **** 
 506:Middlewares/ST/threadx/common/src/tx_event_flags_set.c ****                             /* Link it up at the end.  */
 507:Middlewares/ST/threadx/common/src/tx_event_flags_set.c ****                             last_satisfied -> tx_thread_suspended_next =  thread_ptr;
 508:Middlewares/ST/threadx/common/src/tx_event_flags_set.c ****                             thread_ptr -> tx_thread_suspended_next =      TX_NULL;
 509:Middlewares/ST/threadx/common/src/tx_event_flags_set.c ****                             last_satisfied =                              thread_ptr;
 510:Middlewares/ST/threadx/common/src/tx_event_flags_set.c ****                         }
 511:Middlewares/ST/threadx/common/src/tx_event_flags_set.c ****                     }
 512:Middlewares/ST/threadx/common/src/tx_event_flags_set.c **** 
 513:Middlewares/ST/threadx/common/src/tx_event_flags_set.c ****                     /* Copy next thread pointer to working thread ptr.  */
 514:Middlewares/ST/threadx/common/src/tx_event_flags_set.c ****                     thread_ptr =  next_thread_ptr;
 515:Middlewares/ST/threadx/common/src/tx_event_flags_set.c **** 
 516:Middlewares/ST/threadx/common/src/tx_event_flags_set.c ****                     /* Decrement the suspension count.  */
 517:Middlewares/ST/threadx/common/src/tx_event_flags_set.c ****                     suspended_count--;
 518:Middlewares/ST/threadx/common/src/tx_event_flags_set.c **** 
 519:Middlewares/ST/threadx/common/src/tx_event_flags_set.c ****                 } while (suspended_count != TX_NO_SUSPENSIONS);
 520:Middlewares/ST/threadx/common/src/tx_event_flags_set.c **** 
 521:Middlewares/ST/threadx/common/src/tx_event_flags_set.c ****                 /* Setup the group's suspension list head again.  */
 522:Middlewares/ST/threadx/common/src/tx_event_flags_set.c ****                 group_ptr -> tx_event_flags_group_suspension_list =  suspended_list;
 523:Middlewares/ST/threadx/common/src/tx_event_flags_set.c **** 
 524:Middlewares/ST/threadx/common/src/tx_event_flags_set.c **** #ifndef TX_NOT_INTERRUPTABLE
 525:Middlewares/ST/threadx/common/src/tx_event_flags_set.c **** 
 526:Middlewares/ST/threadx/common/src/tx_event_flags_set.c ****                 /* Determine if there is any delayed event clearing to perform.  */
 527:Middlewares/ST/threadx/common/src/tx_event_flags_set.c ****                 if (group_ptr -> tx_event_flags_group_delayed_clear != ((ULONG) 0))
 528:Middlewares/ST/threadx/common/src/tx_event_flags_set.c ****                 {
 529:Middlewares/ST/threadx/common/src/tx_event_flags_set.c **** 
 530:Middlewares/ST/threadx/common/src/tx_event_flags_set.c ****                     /* Perform the delayed event clearing.  */
 531:Middlewares/ST/threadx/common/src/tx_event_flags_set.c ****                     group_ptr -> tx_event_flags_group_current =
 532:Middlewares/ST/threadx/common/src/tx_event_flags_set.c ****                         group_ptr -> tx_event_flags_group_current & ~(group_ptr -> tx_event_flags_g
ARM GAS  /tmp/ccqGl48O.s 			page 26


 533:Middlewares/ST/threadx/common/src/tx_event_flags_set.c **** 
 534:Middlewares/ST/threadx/common/src/tx_event_flags_set.c ****                     /* Clear the delayed event flag clear value.  */
 535:Middlewares/ST/threadx/common/src/tx_event_flags_set.c ****                     group_ptr -> tx_event_flags_group_delayed_clear =  ((ULONG) 0);
 536:Middlewares/ST/threadx/common/src/tx_event_flags_set.c ****                 }
 537:Middlewares/ST/threadx/common/src/tx_event_flags_set.c **** #endif
 538:Middlewares/ST/threadx/common/src/tx_event_flags_set.c **** 
 539:Middlewares/ST/threadx/common/src/tx_event_flags_set.c ****                 /* Restore interrupts.  */
 540:Middlewares/ST/threadx/common/src/tx_event_flags_set.c ****                 TX_RESTORE
 541:Middlewares/ST/threadx/common/src/tx_event_flags_set.c **** 
 542:Middlewares/ST/threadx/common/src/tx_event_flags_set.c ****                 /* Walk through the satisfied list, setup initial thread pointer. */
 543:Middlewares/ST/threadx/common/src/tx_event_flags_set.c ****                 thread_ptr =  satisfied_list;
 544:Middlewares/ST/threadx/common/src/tx_event_flags_set.c ****                 while(thread_ptr != TX_NULL)
 545:Middlewares/ST/threadx/common/src/tx_event_flags_set.c ****                 {
 546:Middlewares/ST/threadx/common/src/tx_event_flags_set.c **** 
 547:Middlewares/ST/threadx/common/src/tx_event_flags_set.c ****                     /* Get next pointer first.  */
 548:Middlewares/ST/threadx/common/src/tx_event_flags_set.c ****                     next_thread_ptr =  thread_ptr -> tx_thread_suspended_next;
 549:Middlewares/ST/threadx/common/src/tx_event_flags_set.c **** 
 550:Middlewares/ST/threadx/common/src/tx_event_flags_set.c ****                     /* Disable interrupts.  */
 551:Middlewares/ST/threadx/common/src/tx_event_flags_set.c ****                     TX_DISABLE
 552:Middlewares/ST/threadx/common/src/tx_event_flags_set.c **** 
 553:Middlewares/ST/threadx/common/src/tx_event_flags_set.c **** #ifdef TX_NOT_INTERRUPTABLE
 554:Middlewares/ST/threadx/common/src/tx_event_flags_set.c **** 
 555:Middlewares/ST/threadx/common/src/tx_event_flags_set.c ****                     /* Resume the thread!  */
 556:Middlewares/ST/threadx/common/src/tx_event_flags_set.c ****                     _tx_thread_system_ni_resume(thread_ptr);
 557:Middlewares/ST/threadx/common/src/tx_event_flags_set.c **** 
 558:Middlewares/ST/threadx/common/src/tx_event_flags_set.c ****                     /* Restore interrupts.  */
 559:Middlewares/ST/threadx/common/src/tx_event_flags_set.c ****                     TX_RESTORE
 560:Middlewares/ST/threadx/common/src/tx_event_flags_set.c **** #else
 561:Middlewares/ST/threadx/common/src/tx_event_flags_set.c **** 
 562:Middlewares/ST/threadx/common/src/tx_event_flags_set.c ****                     /* Disable preemption again.  */
 563:Middlewares/ST/threadx/common/src/tx_event_flags_set.c ****                     _tx_thread_preempt_disable++;
 564:Middlewares/ST/threadx/common/src/tx_event_flags_set.c **** 
 565:Middlewares/ST/threadx/common/src/tx_event_flags_set.c ****                     /* Restore interrupt posture.  */
 566:Middlewares/ST/threadx/common/src/tx_event_flags_set.c ****                     TX_RESTORE
 567:Middlewares/ST/threadx/common/src/tx_event_flags_set.c **** 
 568:Middlewares/ST/threadx/common/src/tx_event_flags_set.c ****                     /* Resume the thread.  */
 569:Middlewares/ST/threadx/common/src/tx_event_flags_set.c ****                     _tx_thread_system_resume(thread_ptr);
 570:Middlewares/ST/threadx/common/src/tx_event_flags_set.c **** #endif
 571:Middlewares/ST/threadx/common/src/tx_event_flags_set.c **** 
 572:Middlewares/ST/threadx/common/src/tx_event_flags_set.c ****                     /* Move next thread to current.  */
 573:Middlewares/ST/threadx/common/src/tx_event_flags_set.c ****                     thread_ptr =  next_thread_ptr;
 574:Middlewares/ST/threadx/common/src/tx_event_flags_set.c ****                 }
 575:Middlewares/ST/threadx/common/src/tx_event_flags_set.c **** 
 576:Middlewares/ST/threadx/common/src/tx_event_flags_set.c ****                 /* Disable interrupts.  */
 577:Middlewares/ST/threadx/common/src/tx_event_flags_set.c ****                 TX_DISABLE
 578:Middlewares/ST/threadx/common/src/tx_event_flags_set.c **** 
 579:Middlewares/ST/threadx/common/src/tx_event_flags_set.c ****                 /* Release thread preemption disable.  */
 580:Middlewares/ST/threadx/common/src/tx_event_flags_set.c ****                 _tx_thread_preempt_disable--;
 581:Middlewares/ST/threadx/common/src/tx_event_flags_set.c ****             }
 582:Middlewares/ST/threadx/common/src/tx_event_flags_set.c ****         }
 583:Middlewares/ST/threadx/common/src/tx_event_flags_set.c ****         else
 584:Middlewares/ST/threadx/common/src/tx_event_flags_set.c ****         {
 585:Middlewares/ST/threadx/common/src/tx_event_flags_set.c **** 
 586:Middlewares/ST/threadx/common/src/tx_event_flags_set.c ****             /* Determine if we need to set the reset search field.  */
 587:Middlewares/ST/threadx/common/src/tx_event_flags_set.c ****             if (group_ptr -> tx_event_flags_group_suspended_count != TX_NO_SUSPENSIONS)
 588:Middlewares/ST/threadx/common/src/tx_event_flags_set.c ****             {
 589:Middlewares/ST/threadx/common/src/tx_event_flags_set.c **** 
ARM GAS  /tmp/ccqGl48O.s 			page 27


 590:Middlewares/ST/threadx/common/src/tx_event_flags_set.c ****                 /* We interrupted a search of an event flag group suspension
 591:Middlewares/ST/threadx/common/src/tx_event_flags_set.c ****                    list.  Make sure we reset the search.  */
 592:Middlewares/ST/threadx/common/src/tx_event_flags_set.c ****                 group_ptr -> tx_event_flags_group_reset_search =  TX_TRUE;
 593:Middlewares/ST/threadx/common/src/tx_event_flags_set.c ****             }
 594:Middlewares/ST/threadx/common/src/tx_event_flags_set.c ****         }
 595:Middlewares/ST/threadx/common/src/tx_event_flags_set.c **** 
 596:Middlewares/ST/threadx/common/src/tx_event_flags_set.c ****         /* Restore interrupts.  */
 597:Middlewares/ST/threadx/common/src/tx_event_flags_set.c ****         TX_RESTORE
 598:Middlewares/ST/threadx/common/src/tx_event_flags_set.c **** 
 599:Middlewares/ST/threadx/common/src/tx_event_flags_set.c **** #ifndef TX_DISABLE_NOTIFY_CALLBACKS
 600:Middlewares/ST/threadx/common/src/tx_event_flags_set.c **** 
 601:Middlewares/ST/threadx/common/src/tx_event_flags_set.c ****         /* Determine if a notify callback is required.  */
 602:Middlewares/ST/threadx/common/src/tx_event_flags_set.c ****         if (events_set_notify != TX_NULL)
 603:Middlewares/ST/threadx/common/src/tx_event_flags_set.c ****         {
 604:Middlewares/ST/threadx/common/src/tx_event_flags_set.c **** 
 605:Middlewares/ST/threadx/common/src/tx_event_flags_set.c ****             /* Call application event flags set notification.  */
 606:Middlewares/ST/threadx/common/src/tx_event_flags_set.c ****             (events_set_notify)(group_ptr);
 607:Middlewares/ST/threadx/common/src/tx_event_flags_set.c ****         }
 608:Middlewares/ST/threadx/common/src/tx_event_flags_set.c **** #endif
 609:Middlewares/ST/threadx/common/src/tx_event_flags_set.c **** 
 610:Middlewares/ST/threadx/common/src/tx_event_flags_set.c ****         /* Determine if a check for preemption is necessary.  */
 611:Middlewares/ST/threadx/common/src/tx_event_flags_set.c ****         if (preempt_check == TX_TRUE)
 612:Middlewares/ST/threadx/common/src/tx_event_flags_set.c ****         {
 613:Middlewares/ST/threadx/common/src/tx_event_flags_set.c **** 
 614:Middlewares/ST/threadx/common/src/tx_event_flags_set.c ****             /* Yes, one or more threads were resumed, check for preemption.  */
 615:Middlewares/ST/threadx/common/src/tx_event_flags_set.c ****             _tx_thread_system_preempt_check();
 616:Middlewares/ST/threadx/common/src/tx_event_flags_set.c ****         }
 617:Middlewares/ST/threadx/common/src/tx_event_flags_set.c ****     }
 618:Middlewares/ST/threadx/common/src/tx_event_flags_set.c **** 
 619:Middlewares/ST/threadx/common/src/tx_event_flags_set.c ****     /* Return completion status.  */
 620:Middlewares/ST/threadx/common/src/tx_event_flags_set.c ****     return(TX_SUCCESS);
 304              		.loc 1 620 5 is_stmt 1 view .LVU100
 621:Middlewares/ST/threadx/common/src/tx_event_flags_set.c **** }
 305              		.loc 1 621 1 is_stmt 0 view .LVU101
 306 00b4 0020     		movs	r0, #0
 307 00b6 03B0     		add	sp, sp, #12
 308              	.LCFI2:
 309              		.cfi_remember_state
 310              		.cfi_def_cfa_offset 36
 311              		@ sp needed
 312 00b8 BDE8F08F 		pop	{r4, r5, r6, r7, r8, r9, r10, fp, pc}
 313              	.LVL30:
 314              	.L37:
 315              	.LCFI3:
 316              		.cfi_restore_state
 145:Middlewares/ST/threadx/common/src/tx_event_flags_set.c ****             }
 317              		.loc 1 145 17 is_stmt 1 view .LVU102
 150:Middlewares/ST/threadx/common/src/tx_event_flags_set.c ****         {
 318              		.loc 1 150 9 view .LVU103
 157:Middlewares/ST/threadx/common/src/tx_event_flags_set.c ****                                         group_ptr -> tx_event_flags_group_delayed_clear | ~flags_to
 319              		.loc 1 157 13 view .LVU104
 158:Middlewares/ST/threadx/common/src/tx_event_flags_set.c ****         }
 320              		.loc 1 158 51 is_stmt 0 view .LVU105
 321 00bc 236A     		ldr	r3, [r4, #32]
 158:Middlewares/ST/threadx/common/src/tx_event_flags_set.c ****         }
 322              		.loc 1 158 89 view .LVU106
 323 00be 63EA0703 		orn	r3, r3, r7
ARM GAS  /tmp/ccqGl48O.s 			page 28


 157:Middlewares/ST/threadx/common/src/tx_event_flags_set.c ****                                         group_ptr -> tx_event_flags_group_delayed_clear | ~flags_to
 324              		.loc 1 157 61 view .LVU107
 325 00c2 2362     		str	r3, [r4, #32]
 326 00c4 F4E7     		b	.L8
 327              	.LVL31:
 328              	.L6:
 188:Middlewares/ST/threadx/common/src/tx_event_flags_set.c ****             group_ptr -> tx_event_flags_group_current | flags_to_set;
 329              		.loc 1 188 9 is_stmt 1 view .LVU108
 189:Middlewares/ST/threadx/common/src/tx_event_flags_set.c **** 
 330              		.loc 1 189 23 is_stmt 0 view .LVU109
 331 00c6 A268     		ldr	r2, [r4, #8]
 189:Middlewares/ST/threadx/common/src/tx_event_flags_set.c **** 
 332              		.loc 1 189 55 view .LVU110
 333 00c8 3A43     		orrs	r2, r2, r7
 188:Middlewares/ST/threadx/common/src/tx_event_flags_set.c ****             group_ptr -> tx_event_flags_group_current | flags_to_set;
 334              		.loc 1 188 51 view .LVU111
 335 00ca A260     		str	r2, [r4, #8]
 194:Middlewares/ST/threadx/common/src/tx_event_flags_set.c ****         {
 336              		.loc 1 194 9 is_stmt 1 view .LVU112
 194:Middlewares/ST/threadx/common/src/tx_event_flags_set.c ****         {
 337              		.loc 1 194 23 is_stmt 0 view .LVU113
 338 00cc 236A     		ldr	r3, [r4, #32]
 194:Middlewares/ST/threadx/common/src/tx_event_flags_set.c ****         {
 339              		.loc 1 194 12 view .LVU114
 340 00ce 13B1     		cbz	r3, .L10
 198:Middlewares/ST/threadx/common/src/tx_event_flags_set.c ****                                         group_ptr -> tx_event_flags_group_delayed_clear & ~flags_to
 341              		.loc 1 198 13 is_stmt 1 view .LVU115
 199:Middlewares/ST/threadx/common/src/tx_event_flags_set.c ****         }
 342              		.loc 1 199 89 is_stmt 0 view .LVU116
 343 00d0 23EA0703 		bic	r3, r3, r7
 198:Middlewares/ST/threadx/common/src/tx_event_flags_set.c ****                                         group_ptr -> tx_event_flags_group_delayed_clear & ~flags_to
 344              		.loc 1 198 61 view .LVU117
 345 00d4 2362     		str	r3, [r4, #32]
 346              	.L10:
 204:Middlewares/ST/threadx/common/src/tx_event_flags_set.c **** 
 347              		.loc 1 204 9 is_stmt 1 view .LVU118
 348              	.LVL32:
 207:Middlewares/ST/threadx/common/src/tx_event_flags_set.c **** 
 349              		.loc 1 207 9 view .LVU119
 207:Middlewares/ST/threadx/common/src/tx_event_flags_set.c **** 
 350              		.loc 1 207 25 is_stmt 0 view .LVU120
 351 00d6 6569     		ldr	r5, [r4, #20]
 352              	.LVL33:
 210:Middlewares/ST/threadx/common/src/tx_event_flags_set.c ****         {
 353              		.loc 1 210 9 is_stmt 1 view .LVU121
 210:Middlewares/ST/threadx/common/src/tx_event_flags_set.c ****         {
 354              		.loc 1 210 23 is_stmt 0 view .LVU122
 355 00d8 2769     		ldr	r7, [r4, #16]
 356              	.LVL34:
 210:Middlewares/ST/threadx/common/src/tx_event_flags_set.c ****         {
 357              		.loc 1 210 12 view .LVU123
 358 00da 002F     		cmp	r7, #0
 359 00dc 00F0C980 		beq	.L11
 215:Middlewares/ST/threadx/common/src/tx_event_flags_set.c ****             {
 360              		.loc 1 215 13 is_stmt 1 view .LVU124
 215:Middlewares/ST/threadx/common/src/tx_event_flags_set.c ****             {
 361              		.loc 1 215 16 is_stmt 0 view .LVU125
ARM GAS  /tmp/ccqGl48O.s 			page 29


 362 00e0 012D     		cmp	r5, #1
 363 00e2 0AD0     		beq	.L38
 322:Middlewares/ST/threadx/common/src/tx_event_flags_set.c ****                 thread_ptr =      suspended_list;
 364              		.loc 1 322 17 is_stmt 1 view .LVU126
 365              	.LVL35:
 323:Middlewares/ST/threadx/common/src/tx_event_flags_set.c **** 
 366              		.loc 1 323 17 view .LVU127
 327:Middlewares/ST/threadx/common/src/tx_event_flags_set.c **** 
 367              		.loc 1 327 17 view .LVU128
 327:Middlewares/ST/threadx/common/src/tx_event_flags_set.c **** 
 368              		.loc 1 327 67 is_stmt 0 view .LVU129
 369 00e4 0020     		movs	r0, #0
 370 00e6 2061     		str	r0, [r4, #16]
 330:Middlewares/ST/threadx/common/src/tx_event_flags_set.c ****                 last_satisfied =  TX_NULL;
 371              		.loc 1 330 17 is_stmt 1 view .LVU130
 372              	.LVL36:
 331:Middlewares/ST/threadx/common/src/tx_event_flags_set.c **** 
 373              		.loc 1 331 17 view .LVU131
 334:Middlewares/ST/threadx/common/src/tx_event_flags_set.c **** 
 374              		.loc 1 334 17 view .LVU132
 337:Middlewares/ST/threadx/common/src/tx_event_flags_set.c **** 
 375              		.loc 1 337 17 view .LVU133
 337:Middlewares/ST/threadx/common/src/tx_event_flags_set.c **** 
 376              		.loc 1 337 43 is_stmt 0 view .LVU134
 377 00e8 6F49     		ldr	r1, .L44+36
 378 00ea 0B68     		ldr	r3, [r1]
 379 00ec 0133     		adds	r3, r3, #1
 380 00ee 0B60     		str	r3, [r1]
 204:Middlewares/ST/threadx/common/src/tx_event_flags_set.c **** 
 381              		.loc 1 204 23 view .LVU135
 382 00f0 DDF80490 		ldr	r9, [sp, #4]
 322:Middlewares/ST/threadx/common/src/tx_event_flags_set.c ****                 thread_ptr =      suspended_list;
 383              		.loc 1 322 32 view .LVU136
 384 00f4 BC46     		mov	ip, r7
 331:Middlewares/ST/threadx/common/src/tx_event_flags_set.c **** 
 385              		.loc 1 331 32 view .LVU137
 386 00f6 8646     		mov	lr, r0
 387 00f8 52E0     		b	.L26
 388              	.LVL37:
 389              	.L38:
 222:Middlewares/ST/threadx/common/src/tx_event_flags_set.c **** 
 390              		.loc 1 222 17 is_stmt 1 view .LVU138
 225:Middlewares/ST/threadx/common/src/tx_event_flags_set.c **** 
 391              		.loc 1 225 17 view .LVU139
 228:Middlewares/ST/threadx/common/src/tx_event_flags_set.c **** 
 392              		.loc 1 228 17 view .LVU140
 228:Middlewares/ST/threadx/common/src/tx_event_flags_set.c **** 
 393              		.loc 1 228 33 is_stmt 0 view .LVU141
 394 00fa BB6F     		ldr	r3, [r7, #120]
 395              	.LVL38:
 231:Middlewares/ST/threadx/common/src/tx_event_flags_set.c **** 
 396              		.loc 1 231 17 is_stmt 1 view .LVU142
 231:Middlewares/ST/threadx/common/src/tx_event_flags_set.c **** 
 397              		.loc 1 231 28 is_stmt 0 view .LVU143
 398 00fc D7F88010 		ldr	r1, [r7, #128]
 399              	.LVL39:
 234:Middlewares/ST/threadx/common/src/tx_event_flags_set.c **** 
ARM GAS  /tmp/ccqGl48O.s 			page 30


 400              		.loc 1 234 17 is_stmt 1 view .LVU144
 237:Middlewares/ST/threadx/common/src/tx_event_flags_set.c ****                 {
 401              		.loc 1 237 17 view .LVU145
 237:Middlewares/ST/threadx/common/src/tx_event_flags_set.c ****                 {
 402              		.loc 1 237 20 is_stmt 0 view .LVU146
 403 0100 11F0020F 		tst	r1, #2
 404 0104 07D0     		beq	.L13
 243:Middlewares/ST/threadx/common/src/tx_event_flags_set.c **** 
 405              		.loc 1 243 21 is_stmt 1 view .LVU147
 243:Middlewares/ST/threadx/common/src/tx_event_flags_set.c **** 
 406              		.loc 1 243 37 is_stmt 0 view .LVU148
 407 0106 02EA0309 		and	r9, r2, r3
 408              	.LVL40:
 246:Middlewares/ST/threadx/common/src/tx_event_flags_set.c ****                     {
 409              		.loc 1 246 21 is_stmt 1 view .LVU149
 246:Middlewares/ST/threadx/common/src/tx_event_flags_set.c ****                     {
 410              		.loc 1 246 24 is_stmt 0 view .LVU150
 411 010a 33EA0200 		bics	r0, r3, r2
 412 010e 04D0     		beq	.L15
 204:Middlewares/ST/threadx/common/src/tx_event_flags_set.c **** 
 413              		.loc 1 204 23 view .LVU151
 414 0110 DDF80490 		ldr	r9, [sp, #4]
 415              	.LVL41:
 204:Middlewares/ST/threadx/common/src/tx_event_flags_set.c **** 
 416              		.loc 1 204 23 view .LVU152
 417 0114 A4E0     		b	.L14
 418              	.LVL42:
 419              	.L13:
 257:Middlewares/ST/threadx/common/src/tx_event_flags_set.c ****                 }
 420              		.loc 1 257 21 is_stmt 1 view .LVU153
 257:Middlewares/ST/threadx/common/src/tx_event_flags_set.c ****                 }
 421              		.loc 1 257 37 is_stmt 0 view .LVU154
 422 0116 02EA0309 		and	r9, r2, r3
 423              	.LVL43:
 424              	.L15:
 261:Middlewares/ST/threadx/common/src/tx_event_flags_set.c ****                 {
 425              		.loc 1 261 17 is_stmt 1 view .LVU155
 261:Middlewares/ST/threadx/common/src/tx_event_flags_set.c ****                 {
 426              		.loc 1 261 20 is_stmt 0 view .LVU156
 427 011a B9F1000F 		cmp	r9, #0
 428 011e 00F09F80 		beq	.L14
 268:Middlewares/ST/threadx/common/src/tx_event_flags_set.c **** 
 429              		.loc 1 268 21 is_stmt 1 view .LVU157
 430              	.LVL44:
 271:Middlewares/ST/threadx/common/src/tx_event_flags_set.c ****                     *suspend_info_ptr =  current_event_flags;
 431              		.loc 1 271 21 view .LVU158
 271:Middlewares/ST/threadx/common/src/tx_event_flags_set.c ****                     *suspend_info_ptr =  current_event_flags;
 432              		.loc 1 271 38 is_stmt 0 view .LVU159
 433 0122 F86F     		ldr	r0, [r7, #124]
 434              	.LVL45:
 272:Middlewares/ST/threadx/common/src/tx_event_flags_set.c **** 
 435              		.loc 1 272 21 is_stmt 1 view .LVU160
 272:Middlewares/ST/threadx/common/src/tx_event_flags_set.c **** 
 436              		.loc 1 272 39 is_stmt 0 view .LVU161
 437 0124 0260     		str	r2, [r0]
 275:Middlewares/ST/threadx/common/src/tx_event_flags_set.c **** 
 438              		.loc 1 275 21 is_stmt 1 view .LVU162
ARM GAS  /tmp/ccqGl48O.s 			page 31


 439              	.LVL46:
 278:Middlewares/ST/threadx/common/src/tx_event_flags_set.c ****                     {
 440              		.loc 1 278 21 view .LVU163
 278:Middlewares/ST/threadx/common/src/tx_event_flags_set.c ****                     {
 441              		.loc 1 278 24 is_stmt 0 view .LVU164
 442 0126 11F0010F 		tst	r1, #1
 443 012a 03D0     		beq	.L16
 282:Middlewares/ST/threadx/common/src/tx_event_flags_set.c ****                     }
 444              		.loc 1 282 25 is_stmt 1 view .LVU165
 282:Middlewares/ST/threadx/common/src/tx_event_flags_set.c ****                     }
 445              		.loc 1 282 80 is_stmt 0 view .LVU166
 446 012c A268     		ldr	r2, [r4, #8]
 447              	.LVL47:
 282:Middlewares/ST/threadx/common/src/tx_event_flags_set.c ****                     }
 448              		.loc 1 282 112 view .LVU167
 449 012e 22EA0302 		bic	r2, r2, r3
 282:Middlewares/ST/threadx/common/src/tx_event_flags_set.c ****                     }
 450              		.loc 1 282 67 view .LVU168
 451 0132 A260     		str	r2, [r4, #8]
 452              	.LVL48:
 453              	.L16:
 286:Middlewares/ST/threadx/common/src/tx_event_flags_set.c ****                     group_ptr -> tx_event_flags_group_suspended_count =  TX_NO_SUSPENSIONS;
 454              		.loc 1 286 21 is_stmt 1 view .LVU169
 286:Middlewares/ST/threadx/common/src/tx_event_flags_set.c ****                     group_ptr -> tx_event_flags_group_suspended_count =  TX_NO_SUSPENSIONS;
 455              		.loc 1 286 71 is_stmt 0 view .LVU170
 456 0134 0023     		movs	r3, #0
 457              	.LVL49:
 286:Middlewares/ST/threadx/common/src/tx_event_flags_set.c ****                     group_ptr -> tx_event_flags_group_suspended_count =  TX_NO_SUSPENSIONS;
 458              		.loc 1 286 71 view .LVU171
 459 0136 2361     		str	r3, [r4, #16]
 287:Middlewares/ST/threadx/common/src/tx_event_flags_set.c **** 
 460              		.loc 1 287 21 is_stmt 1 view .LVU172
 287:Middlewares/ST/threadx/common/src/tx_event_flags_set.c **** 
 461              		.loc 1 287 71 is_stmt 0 view .LVU173
 462 0138 6361     		str	r3, [r4, #20]
 290:Middlewares/ST/threadx/common/src/tx_event_flags_set.c **** 
 463              		.loc 1 290 21 is_stmt 1 view .LVU174
 290:Middlewares/ST/threadx/common/src/tx_event_flags_set.c **** 
 464              		.loc 1 290 61 is_stmt 0 view .LVU175
 465 013a BB66     		str	r3, [r7, #104]
 293:Middlewares/ST/threadx/common/src/tx_event_flags_set.c **** 
 466              		.loc 1 293 21 is_stmt 1 view .LVU176
 293:Middlewares/ST/threadx/common/src/tx_event_flags_set.c **** 
 467              		.loc 1 293 60 is_stmt 0 view .LVU177
 468 013c C7F88430 		str	r3, [r7, #132]
 302:Middlewares/ST/threadx/common/src/tx_event_flags_set.c **** 
 469              		.loc 1 302 21 is_stmt 1 view .LVU178
 302:Middlewares/ST/threadx/common/src/tx_event_flags_set.c **** 
 470              		.loc 1 302 47 is_stmt 0 view .LVU179
 471 0140 594A     		ldr	r2, .L44+36
 472 0142 1368     		ldr	r3, [r2]
 473 0144 0133     		adds	r3, r3, #1
 474 0146 1360     		str	r3, [r2]
 305:Middlewares/ST/threadx/common/src/tx_event_flags_set.c **** 
 475              		.loc 1 305 21 is_stmt 1 view .LVU180
 476              	.LVL50:
 477              	.LBB48:
ARM GAS  /tmp/ccqGl48O.s 			page 32


 478              	.LBI48:
 556:Middlewares/ST/threadx/ports/cortex_m7/gnu/inc/tx_port.h **** {
 479              		.loc 2 556 55 view .LVU181
 480              	.LBB49:
 562:Middlewares/ST/threadx/ports/cortex_m7/gnu/inc/tx_port.h **** #endif
 481              		.loc 2 562 5 view .LVU182
 482              		.syntax unified
 483              	@ 562 "Middlewares/ST/threadx/ports/cortex_m7/gnu/inc/tx_port.h" 1
 484 0148 86F31088 		MSR  PRIMASK,r6
 485              	@ 0 "" 2
 486              	.LVL51:
 562:Middlewares/ST/threadx/ports/cortex_m7/gnu/inc/tx_port.h **** #endif
 487              		.loc 2 562 5 is_stmt 0 view .LVU183
 488              		.thumb
 489              		.syntax unified
 490              	.LBE49:
 491              	.LBE48:
 308:Middlewares/ST/threadx/common/src/tx_event_flags_set.c **** 
 492              		.loc 1 308 21 is_stmt 1 view .LVU184
 493 014c 3846     		mov	r0, r7
 494              	.LVL52:
 308:Middlewares/ST/threadx/common/src/tx_event_flags_set.c **** 
 495              		.loc 1 308 21 is_stmt 0 view .LVU185
 496 014e FFF7FEFF 		bl	_tx_thread_system_resume
 497              	.LVL53:
 311:Middlewares/ST/threadx/common/src/tx_event_flags_set.c **** #endif
 498              		.loc 1 311 21 is_stmt 1 view .LVU186
 499              	.LBB50:
 500              	.LBI50:
 566:Middlewares/ST/threadx/ports/cortex_m7/gnu/inc/tx_port.h **** {
 501              		.loc 2 566 63 view .LVU187
 502              	.LBB51:
 568:Middlewares/ST/threadx/ports/cortex_m7/gnu/inc/tx_port.h **** 
 503              		.loc 2 568 1 view .LVU188
 570:Middlewares/ST/threadx/ports/cortex_m7/gnu/inc/tx_port.h **** 
 504              		.loc 2 570 5 view .LVU189
 505              	.LBB52:
 506              	.LBI52:
 533:Middlewares/ST/threadx/ports/cortex_m7/gnu/inc/tx_port.h **** {
 507              		.loc 2 533 63 view .LVU190
 508              	.LBB53:
 535:Middlewares/ST/threadx/ports/cortex_m7/gnu/inc/tx_port.h **** #ifdef TX_PORT_USE_BASEPRI
 509              		.loc 2 535 1 view .LVU191
 539:Middlewares/ST/threadx/ports/cortex_m7/gnu/inc/tx_port.h **** #endif
 510              		.loc 2 539 5 view .LVU192
 511              		.syntax unified
 512              	@ 539 "Middlewares/ST/threadx/ports/cortex_m7/gnu/inc/tx_port.h" 1
 513 0152 EFF31086 		MRS  r6, PRIMASK 
 514              	@ 0 "" 2
 515              	.LVL54:
 541:Middlewares/ST/threadx/ports/cortex_m7/gnu/inc/tx_port.h **** }
 516              		.loc 2 541 5 view .LVU193
 541:Middlewares/ST/threadx/ports/cortex_m7/gnu/inc/tx_port.h **** }
 517              		.loc 2 541 5 is_stmt 0 view .LVU194
 518              		.thumb
 519              		.syntax unified
 520              	.LBE53:
ARM GAS  /tmp/ccqGl48O.s 			page 33


 521              	.LBE52:
 575:Middlewares/ST/threadx/ports/cortex_m7/gnu/inc/tx_port.h **** #endif
 522              		.loc 2 575 5 is_stmt 1 view .LVU195
 523              		.syntax unified
 524              	@ 575 "Middlewares/ST/threadx/ports/cortex_m7/gnu/inc/tx_port.h" 1
 525 0156 72B6     		CPSID i
 526              	@ 0 "" 2
 527              		.loc 2 577 5 view .LVU196
 528              	.LVL55:
 529              		.loc 2 577 5 is_stmt 0 view .LVU197
 530              		.thumb
 531              		.syntax unified
 532              	.LBE51:
 533              	.LBE50:
 268:Middlewares/ST/threadx/common/src/tx_event_flags_set.c **** 
 534              		.loc 1 268 35 view .LVU198
 535 0158 A946     		mov	r9, r5
 536              	.LVL56:
 268:Middlewares/ST/threadx/common/src/tx_event_flags_set.c **** 
 537              		.loc 1 268 35 view .LVU199
 538 015a 81E0     		b	.L14
 539              	.LVL57:
 540              	.L32:
 268:Middlewares/ST/threadx/common/src/tx_event_flags_set.c **** 
 541              		.loc 1 268 35 view .LVU200
 542 015c 3B46     		mov	r3, r7
 543 015e 2DE0     		b	.L17
 544              	.LVL58:
 545              	.L18:
 403:Middlewares/ST/threadx/common/src/tx_event_flags_set.c ****                     }
 546              		.loc 1 403 25 is_stmt 1 view .LVU201
 403:Middlewares/ST/threadx/common/src/tx_event_flags_set.c ****                     }
 547              		.loc 1 403 41 is_stmt 0 view .LVU202
 548 0160 02EA080B 		and	fp, r2, r8
 549              	.LVL59:
 550              	.L19:
 409:Middlewares/ST/threadx/common/src/tx_event_flags_set.c ****                     {
 551              		.loc 1 409 21 is_stmt 1 view .LVU203
 409:Middlewares/ST/threadx/common/src/tx_event_flags_set.c ****                     {
 552              		.loc 1 409 36 is_stmt 0 view .LVU204
 553 0164 196B     		ldr	r1, [r3, #48]
 409:Middlewares/ST/threadx/common/src/tx_event_flags_set.c ****                     {
 554              		.loc 1 409 24 view .LVU205
 555 0166 0729     		cmp	r1, #7
 556 0168 38D0     		beq	.L39
 557              	.L20:
 558              	.LVL60:
 423:Middlewares/ST/threadx/common/src/tx_event_flags_set.c **** 
 559              		.loc 1 423 25 is_stmt 1 view .LVU206
 427:Middlewares/ST/threadx/common/src/tx_event_flags_set.c ****                         {
 560              		.loc 1 427 25 view .LVU207
 427:Middlewares/ST/threadx/common/src/tx_event_flags_set.c ****                         {
 561              		.loc 1 427 28 is_stmt 0 view .LVU208
 562 016a 0729     		cmp	r1, #7
 563 016c 3AD0     		beq	.L40
 564              	.L22:
 458:Middlewares/ST/threadx/common/src/tx_event_flags_set.c ****                         {
ARM GAS  /tmp/ccqGl48O.s 			page 34


 565              		.loc 1 458 25 is_stmt 1 view .LVU209
 458:Middlewares/ST/threadx/common/src/tx_event_flags_set.c ****                         {
 566              		.loc 1 458 54 is_stmt 0 view .LVU210
 567 016e 196F     		ldr	r1, [r3, #112]
 458:Middlewares/ST/threadx/common/src/tx_event_flags_set.c ****                         {
 568              		.loc 1 458 28 view .LVU211
 569 0170 9942     		cmp	r1, r3
 570 0172 48D0     		beq	.L34
 472:Middlewares/ST/threadx/common/src/tx_event_flags_set.c ****                             previous_thread =                              thread_ptr -> tx_thread_
 571              		.loc 1 472 29 is_stmt 1 view .LVU212
 572              	.LVL61:
 473:Middlewares/ST/threadx/common/src/tx_event_flags_set.c ****                             next_thread -> tx_thread_suspended_previous =  previous_thread;
 573              		.loc 1 473 29 view .LVU213
 473:Middlewares/ST/threadx/common/src/tx_event_flags_set.c ****                             next_thread -> tx_thread_suspended_previous =  previous_thread;
 574              		.loc 1 473 45 is_stmt 0 view .LVU214
 575 0174 D3F87480 		ldr	r8, [r3, #116]
 576              	.LVL62:
 474:Middlewares/ST/threadx/common/src/tx_event_flags_set.c ****                             previous_thread -> tx_thread_suspended_next =  next_thread;
 577              		.loc 1 474 29 is_stmt 1 view .LVU215
 474:Middlewares/ST/threadx/common/src/tx_event_flags_set.c ****                             previous_thread -> tx_thread_suspended_next =  next_thread;
 578              		.loc 1 474 73 is_stmt 0 view .LVU216
 579 0178 C1F87480 		str	r8, [r1, #116]
 475:Middlewares/ST/threadx/common/src/tx_event_flags_set.c **** 
 580              		.loc 1 475 29 is_stmt 1 view .LVU217
 475:Middlewares/ST/threadx/common/src/tx_event_flags_set.c **** 
 581              		.loc 1 475 73 is_stmt 0 view .LVU218
 582 017c C8F87010 		str	r1, [r8, #112]
 479:Middlewares/ST/threadx/common/src/tx_event_flags_set.c ****                             {
 583              		.loc 1 479 29 is_stmt 1 view .LVU219
 479:Middlewares/ST/threadx/common/src/tx_event_flags_set.c ****                             {
 584              		.loc 1 479 32 is_stmt 0 view .LVU220
 585 0180 6345     		cmp	r3, ip
 586 0182 3DD0     		beq	.L41
 587              	.LVL63:
 588              	.L24:
 488:Middlewares/ST/threadx/common/src/tx_event_flags_set.c **** 
 589              		.loc 1 488 25 is_stmt 1 view .LVU221
 488:Middlewares/ST/threadx/common/src/tx_event_flags_set.c **** 
 590              		.loc 1 488 35 is_stmt 0 view .LVU222
 591 0184 6169     		ldr	r1, [r4, #20]
 488:Middlewares/ST/threadx/common/src/tx_event_flags_set.c **** 
 592              		.loc 1 488 74 view .LVU223
 593 0186 0139     		subs	r1, r1, #1
 594 0188 6161     		str	r1, [r4, #20]
 491:Middlewares/ST/threadx/common/src/tx_event_flags_set.c ****                         {
 595              		.loc 1 491 25 is_stmt 1 view .LVU224
 491:Middlewares/ST/threadx/common/src/tx_event_flags_set.c ****                         {
 596              		.loc 1 491 28 is_stmt 0 view .LVU225
 597 018a 0028     		cmp	r0, #0
 598 018c 3ED0     		beq	.L42
 507:Middlewares/ST/threadx/common/src/tx_event_flags_set.c ****                             thread_ptr -> tx_thread_suspended_next =      TX_NULL;
 599              		.loc 1 507 29 is_stmt 1 view .LVU226
 507:Middlewares/ST/threadx/common/src/tx_event_flags_set.c ****                             thread_ptr -> tx_thread_suspended_next =      TX_NULL;
 600              		.loc 1 507 72 is_stmt 0 view .LVU227
 601 018e CEF87030 		str	r3, [lr, #112]
 508:Middlewares/ST/threadx/common/src/tx_event_flags_set.c ****                             last_satisfied =                              thread_ptr;
 602              		.loc 1 508 29 is_stmt 1 view .LVU228
ARM GAS  /tmp/ccqGl48O.s 			page 35


 508:Middlewares/ST/threadx/common/src/tx_event_flags_set.c ****                             last_satisfied =                              thread_ptr;
 603              		.loc 1 508 68 is_stmt 0 view .LVU229
 604 0192 0021     		movs	r1, #0
 605 0194 1967     		str	r1, [r3, #112]
 509:Middlewares/ST/threadx/common/src/tx_event_flags_set.c ****                         }
 606              		.loc 1 509 29 is_stmt 1 view .LVU230
 607              	.LVL64:
 509:Middlewares/ST/threadx/common/src/tx_event_flags_set.c ****                         }
 608              		.loc 1 509 44 is_stmt 0 view .LVU231
 609 0196 9E46     		mov	lr, r3
 423:Middlewares/ST/threadx/common/src/tx_event_flags_set.c **** 
 610              		.loc 1 423 39 view .LVU232
 611 0198 4FF00109 		mov	r9, #1
 612              	.LVL65:
 613              	.L21:
 514:Middlewares/ST/threadx/common/src/tx_event_flags_set.c **** 
 614              		.loc 1 514 21 is_stmt 1 view .LVU233
 517:Middlewares/ST/threadx/common/src/tx_event_flags_set.c **** 
 615              		.loc 1 517 21 view .LVU234
 519:Middlewares/ST/threadx/common/src/tx_event_flags_set.c **** 
 616              		.loc 1 519 42 view .LVU235
 617 019c 013D     		subs	r5, r5, #1
 618              	.LVL66:
 519:Middlewares/ST/threadx/common/src/tx_event_flags_set.c **** 
 619              		.loc 1 519 42 is_stmt 0 view .LVU236
 620 019e 3CD0     		beq	.L43
 621              	.LVL67:
 622              	.L26:
 340:Middlewares/ST/threadx/common/src/tx_event_flags_set.c ****                 {
 623              		.loc 1 340 17 is_stmt 1 view .LVU237
 346:Middlewares/ST/threadx/common/src/tx_event_flags_set.c **** 
 624              		.loc 1 346 21 view .LVU238
 625              	.LBB54:
 626              	.LBI54:
 556:Middlewares/ST/threadx/ports/cortex_m7/gnu/inc/tx_port.h **** {
 627              		.loc 2 556 55 view .LVU239
 628              	.LBB55:
 562:Middlewares/ST/threadx/ports/cortex_m7/gnu/inc/tx_port.h **** #endif
 629              		.loc 2 562 5 view .LVU240
 630              		.syntax unified
 631              	@ 562 "Middlewares/ST/threadx/ports/cortex_m7/gnu/inc/tx_port.h" 1
 632 01a0 86F31088 		MSR  PRIMASK,r6
 633              	@ 0 "" 2
 634              	.LVL68:
 562:Middlewares/ST/threadx/ports/cortex_m7/gnu/inc/tx_port.h **** #endif
 635              		.loc 2 562 5 is_stmt 0 view .LVU241
 636              		.thumb
 637              		.syntax unified
 638              	.LBE55:
 639              	.LBE54:
 349:Middlewares/ST/threadx/common/src/tx_event_flags_set.c **** #endif
 640              		.loc 1 349 21 is_stmt 1 view .LVU242
 641              	.LBB56:
 642              	.LBI56:
 566:Middlewares/ST/threadx/ports/cortex_m7/gnu/inc/tx_port.h **** {
 643              		.loc 2 566 63 view .LVU243
 644              	.LBB57:
ARM GAS  /tmp/ccqGl48O.s 			page 36


 568:Middlewares/ST/threadx/ports/cortex_m7/gnu/inc/tx_port.h **** 
 645              		.loc 2 568 1 view .LVU244
 570:Middlewares/ST/threadx/ports/cortex_m7/gnu/inc/tx_port.h **** 
 646              		.loc 2 570 5 view .LVU245
 647              	.LBB58:
 648              	.LBI58:
 533:Middlewares/ST/threadx/ports/cortex_m7/gnu/inc/tx_port.h **** {
 649              		.loc 2 533 63 view .LVU246
 650              	.LBB59:
 535:Middlewares/ST/threadx/ports/cortex_m7/gnu/inc/tx_port.h **** #ifdef TX_PORT_USE_BASEPRI
 651              		.loc 2 535 1 view .LVU247
 539:Middlewares/ST/threadx/ports/cortex_m7/gnu/inc/tx_port.h **** #endif
 652              		.loc 2 539 5 view .LVU248
 653              		.syntax unified
 654              	@ 539 "Middlewares/ST/threadx/ports/cortex_m7/gnu/inc/tx_port.h" 1
 655 01a4 EFF31086 		MRS  r6, PRIMASK 
 656              	@ 0 "" 2
 657              	.LVL69:
 541:Middlewares/ST/threadx/ports/cortex_m7/gnu/inc/tx_port.h **** }
 658              		.loc 2 541 5 view .LVU249
 541:Middlewares/ST/threadx/ports/cortex_m7/gnu/inc/tx_port.h **** }
 659              		.loc 2 541 5 is_stmt 0 view .LVU250
 660              		.thumb
 661              		.syntax unified
 662              	.LBE59:
 663              	.LBE58:
 575:Middlewares/ST/threadx/ports/cortex_m7/gnu/inc/tx_port.h **** #endif
 664              		.loc 2 575 5 is_stmt 1 view .LVU251
 665              		.syntax unified
 666              	@ 575 "Middlewares/ST/threadx/ports/cortex_m7/gnu/inc/tx_port.h" 1
 667 01a8 72B6     		CPSID i
 668              	@ 0 "" 2
 669              		.loc 2 577 5 view .LVU252
 670              	.LVL70:
 671              		.loc 2 577 5 is_stmt 0 view .LVU253
 672              		.thumb
 673              		.syntax unified
 674              	.LBE57:
 675              	.LBE56:
 353:Middlewares/ST/threadx/common/src/tx_event_flags_set.c ****                     {
 676              		.loc 1 353 21 is_stmt 1 view .LVU254
 353:Middlewares/ST/threadx/common/src/tx_event_flags_set.c ****                     {
 677              		.loc 1 353 35 is_stmt 0 view .LVU255
 678 01aa E368     		ldr	r3, [r4, #12]
 353:Middlewares/ST/threadx/common/src/tx_event_flags_set.c ****                     {
 679              		.loc 1 353 24 view .LVU256
 680 01ac 002B     		cmp	r3, #0
 681 01ae D5D0     		beq	.L32
 357:Middlewares/ST/threadx/common/src/tx_event_flags_set.c **** 
 682              		.loc 1 357 25 is_stmt 1 view .LVU257
 357:Middlewares/ST/threadx/common/src/tx_event_flags_set.c **** 
 683              		.loc 1 357 72 is_stmt 0 view .LVU258
 684 01b0 0023     		movs	r3, #0
 685 01b2 E360     		str	r3, [r4, #12]
 360:Middlewares/ST/threadx/common/src/tx_event_flags_set.c **** 
 686              		.loc 1 360 25 is_stmt 1 view .LVU259
 687              	.LVL71:
ARM GAS  /tmp/ccqGl48O.s 			page 37


 363:Middlewares/ST/threadx/common/src/tx_event_flags_set.c **** 
 688              		.loc 1 363 25 view .LVU260
 363:Middlewares/ST/threadx/common/src/tx_event_flags_set.c **** 
 689              		.loc 1 363 41 is_stmt 0 view .LVU261
 690 01b4 6569     		ldr	r5, [r4, #20]
 691              	.LVL72:
 367:Middlewares/ST/threadx/common/src/tx_event_flags_set.c ****                     }
 692              		.loc 1 367 25 is_stmt 1 view .LVU262
 367:Middlewares/ST/threadx/common/src/tx_event_flags_set.c ****                     }
 693              		.loc 1 367 80 is_stmt 0 view .LVU263
 694 01b6 A368     		ldr	r3, [r4, #8]
 367:Middlewares/ST/threadx/common/src/tx_event_flags_set.c ****                     }
 695              		.loc 1 367 45 view .LVU264
 696 01b8 1A43     		orrs	r2, r2, r3
 697              	.LVL73:
 360:Middlewares/ST/threadx/common/src/tx_event_flags_set.c **** 
 698              		.loc 1 360 36 view .LVU265
 699 01ba 6346     		mov	r3, ip
 700              	.LVL74:
 701              	.L17:
 371:Middlewares/ST/threadx/common/src/tx_event_flags_set.c **** 
 702              		.loc 1 371 21 is_stmt 1 view .LVU266
 371:Middlewares/ST/threadx/common/src/tx_event_flags_set.c **** 
 703              		.loc 1 371 37 is_stmt 0 view .LVU267
 704 01bc 1F6F     		ldr	r7, [r3, #112]
 705              	.LVL75:
 374:Middlewares/ST/threadx/common/src/tx_event_flags_set.c **** 
 706              		.loc 1 374 21 is_stmt 1 view .LVU268
 374:Middlewares/ST/threadx/common/src/tx_event_flags_set.c **** 
 707              		.loc 1 374 37 is_stmt 0 view .LVU269
 708 01be D3F87880 		ldr	r8, [r3, #120]
 709              	.LVL76:
 377:Middlewares/ST/threadx/common/src/tx_event_flags_set.c **** 
 710              		.loc 1 377 21 is_stmt 1 view .LVU270
 377:Middlewares/ST/threadx/common/src/tx_event_flags_set.c **** 
 711              		.loc 1 377 32 is_stmt 0 view .LVU271
 712 01c2 D3F880A0 		ldr	r10, [r3, #128]
 713              	.LVL77:
 380:Middlewares/ST/threadx/common/src/tx_event_flags_set.c **** 
 714              		.loc 1 380 21 is_stmt 1 view .LVU272
 383:Middlewares/ST/threadx/common/src/tx_event_flags_set.c ****                     {
 715              		.loc 1 383 21 view .LVU273
 383:Middlewares/ST/threadx/common/src/tx_event_flags_set.c ****                     {
 716              		.loc 1 383 24 is_stmt 0 view .LVU274
 717 01c6 1AF0020F 		tst	r10, #2
 718 01ca C9D0     		beq	.L18
 389:Middlewares/ST/threadx/common/src/tx_event_flags_set.c **** 
 719              		.loc 1 389 25 is_stmt 1 view .LVU275
 389:Middlewares/ST/threadx/common/src/tx_event_flags_set.c **** 
 720              		.loc 1 389 41 is_stmt 0 view .LVU276
 721 01cc 02EA080B 		and	fp, r2, r8
 722              	.LVL78:
 392:Middlewares/ST/threadx/common/src/tx_event_flags_set.c ****                         {
 723              		.loc 1 392 25 is_stmt 1 view .LVU277
 392:Middlewares/ST/threadx/common/src/tx_event_flags_set.c ****                         {
 724              		.loc 1 392 28 is_stmt 0 view .LVU278
 725 01d0 38EA0201 		bics	r1, r8, r2
ARM GAS  /tmp/ccqGl48O.s 			page 38


 726 01d4 C6D0     		beq	.L19
 396:Middlewares/ST/threadx/common/src/tx_event_flags_set.c ****                         }
 727              		.loc 1 396 45 view .LVU279
 728 01d6 DDF804B0 		ldr	fp, [sp, #4]
 729              	.LVL79:
 396:Middlewares/ST/threadx/common/src/tx_event_flags_set.c ****                         }
 730              		.loc 1 396 45 view .LVU280
 731 01da C3E7     		b	.L19
 732              	.LVL80:
 733              	.L39:
 417:Middlewares/ST/threadx/common/src/tx_event_flags_set.c ****                     {
 734              		.loc 1 417 21 is_stmt 1 view .LVU281
 417:Middlewares/ST/threadx/common/src/tx_event_flags_set.c ****                     {
 735              		.loc 1 417 24 is_stmt 0 view .LVU282
 736 01dc BBF1000F 		cmp	fp, #0
 737 01e0 DCD0     		beq	.L21
 738 01e2 C2E7     		b	.L20
 739              	.LVL81:
 740              	.L40:
 431:Middlewares/ST/threadx/common/src/tx_event_flags_set.c ****                             *suspend_info_ptr =  current_event_flags;
 741              		.loc 1 431 29 is_stmt 1 view .LVU283
 431:Middlewares/ST/threadx/common/src/tx_event_flags_set.c ****                             *suspend_info_ptr =  current_event_flags;
 742              		.loc 1 431 46 is_stmt 0 view .LVU284
 743 01e4 D96F     		ldr	r1, [r3, #124]
 744              	.LVL82:
 432:Middlewares/ST/threadx/common/src/tx_event_flags_set.c **** 
 745              		.loc 1 432 29 is_stmt 1 view .LVU285
 432:Middlewares/ST/threadx/common/src/tx_event_flags_set.c **** 
 746              		.loc 1 432 47 is_stmt 0 view .LVU286
 747 01e6 0A60     		str	r2, [r1]
 435:Middlewares/ST/threadx/common/src/tx_event_flags_set.c **** 
 748              		.loc 1 435 29 is_stmt 1 view .LVU287
 749              	.LVL83:
 438:Middlewares/ST/threadx/common/src/tx_event_flags_set.c ****                             {
 750              		.loc 1 438 29 view .LVU288
 438:Middlewares/ST/threadx/common/src/tx_event_flags_set.c ****                             {
 751              		.loc 1 438 32 is_stmt 0 view .LVU289
 752 01e8 1AF0010F 		tst	r10, #1
 753 01ec 03D0     		beq	.L23
 442:Middlewares/ST/threadx/common/src/tx_event_flags_set.c ****                             }
 754              		.loc 1 442 33 is_stmt 1 view .LVU290
 442:Middlewares/ST/threadx/common/src/tx_event_flags_set.c ****                             }
 755              		.loc 1 442 88 is_stmt 0 view .LVU291
 756 01ee A168     		ldr	r1, [r4, #8]
 757              	.LVL84:
 442:Middlewares/ST/threadx/common/src/tx_event_flags_set.c ****                             }
 758              		.loc 1 442 120 view .LVU292
 759 01f0 21EA0801 		bic	r1, r1, r8
 442:Middlewares/ST/threadx/common/src/tx_event_flags_set.c ****                             }
 760              		.loc 1 442 75 view .LVU293
 761 01f4 A160     		str	r1, [r4, #8]
 762              	.L23:
 448:Middlewares/ST/threadx/common/src/tx_event_flags_set.c **** 
 763              		.loc 1 448 29 is_stmt 1 view .LVU294
 448:Middlewares/ST/threadx/common/src/tx_event_flags_set.c **** 
 764              		.loc 1 448 69 is_stmt 0 view .LVU295
 765 01f6 0021     		movs	r1, #0
ARM GAS  /tmp/ccqGl48O.s 			page 39


 766 01f8 9966     		str	r1, [r3, #104]
 451:Middlewares/ST/threadx/common/src/tx_event_flags_set.c ****                         }
 767              		.loc 1 451 29 is_stmt 1 view .LVU296
 451:Middlewares/ST/threadx/common/src/tx_event_flags_set.c ****                         }
 768              		.loc 1 451 68 is_stmt 0 view .LVU297
 769 01fa C3F88410 		str	r1, [r3, #132]
 770 01fe B6E7     		b	.L22
 771              	.LVL85:
 772              	.L41:
 483:Middlewares/ST/threadx/common/src/tx_event_flags_set.c ****                             }
 773              		.loc 1 483 33 is_stmt 1 view .LVU298
 483:Middlewares/ST/threadx/common/src/tx_event_flags_set.c ****                             }
 774              		.loc 1 483 48 is_stmt 0 view .LVU299
 775 0200 D3F870C0 		ldr	ip, [r3, #112]
 776              	.LVL86:
 483:Middlewares/ST/threadx/common/src/tx_event_flags_set.c ****                             }
 777              		.loc 1 483 48 view .LVU300
 778 0204 BEE7     		b	.L24
 779              	.LVL87:
 780              	.L34:
 464:Middlewares/ST/threadx/common/src/tx_event_flags_set.c ****                         }
 781              		.loc 1 464 44 view .LVU301
 782 0206 4FF0000C 		mov	ip, #0
 783              	.LVL88:
 464:Middlewares/ST/threadx/common/src/tx_event_flags_set.c ****                         }
 784              		.loc 1 464 44 view .LVU302
 785 020a BBE7     		b	.L24
 786              	.LVL89:
 787              	.L42:
 495:Middlewares/ST/threadx/common/src/tx_event_flags_set.c ****                             last_satisfied =  thread_ptr;
 788              		.loc 1 495 29 is_stmt 1 view .LVU303
 496:Middlewares/ST/threadx/common/src/tx_event_flags_set.c **** 
 789              		.loc 1 496 29 view .LVU304
 499:Middlewares/ST/threadx/common/src/tx_event_flags_set.c ****                         }
 790              		.loc 1 499 29 view .LVU305
 499:Middlewares/ST/threadx/common/src/tx_event_flags_set.c ****                         }
 791              		.loc 1 499 68 is_stmt 0 view .LVU306
 792 020c 0021     		movs	r1, #0
 793 020e 1967     		str	r1, [r3, #112]
 496:Middlewares/ST/threadx/common/src/tx_event_flags_set.c **** 
 794              		.loc 1 496 44 view .LVU307
 795 0210 9E46     		mov	lr, r3
 495:Middlewares/ST/threadx/common/src/tx_event_flags_set.c ****                             last_satisfied =  thread_ptr;
 796              		.loc 1 495 44 view .LVU308
 797 0212 1846     		mov	r0, r3
 423:Middlewares/ST/threadx/common/src/tx_event_flags_set.c **** 
 798              		.loc 1 423 39 view .LVU309
 799 0214 4FF00109 		mov	r9, #1
 800 0218 C0E7     		b	.L21
 801              	.LVL90:
 802              	.L43:
 522:Middlewares/ST/threadx/common/src/tx_event_flags_set.c **** 
 803              		.loc 1 522 17 is_stmt 1 view .LVU310
 522:Middlewares/ST/threadx/common/src/tx_event_flags_set.c **** 
 804              		.loc 1 522 67 is_stmt 0 view .LVU311
 805 021a C4F810C0 		str	ip, [r4, #16]
 527:Middlewares/ST/threadx/common/src/tx_event_flags_set.c ****                 {
ARM GAS  /tmp/ccqGl48O.s 			page 40


 806              		.loc 1 527 17 is_stmt 1 view .LVU312
 527:Middlewares/ST/threadx/common/src/tx_event_flags_set.c ****                 {
 807              		.loc 1 527 31 is_stmt 0 view .LVU313
 808 021e 236A     		ldr	r3, [r4, #32]
 527:Middlewares/ST/threadx/common/src/tx_event_flags_set.c ****                 {
 809              		.loc 1 527 20 view .LVU314
 810 0220 2BB1     		cbz	r3, .L27
 531:Middlewares/ST/threadx/common/src/tx_event_flags_set.c ****                         group_ptr -> tx_event_flags_group_current & ~(group_ptr -> tx_event_flags_g
 811              		.loc 1 531 21 is_stmt 1 view .LVU315
 532:Middlewares/ST/threadx/common/src/tx_event_flags_set.c **** 
 812              		.loc 1 532 35 is_stmt 0 view .LVU316
 813 0222 A268     		ldr	r2, [r4, #8]
 814              	.LVL91:
 532:Middlewares/ST/threadx/common/src/tx_event_flags_set.c **** 
 815              		.loc 1 532 67 view .LVU317
 816 0224 22EA0302 		bic	r2, r2, r3
 531:Middlewares/ST/threadx/common/src/tx_event_flags_set.c ****                         group_ptr -> tx_event_flags_group_current & ~(group_ptr -> tx_event_flags_g
 817              		.loc 1 531 63 view .LVU318
 818 0228 A260     		str	r2, [r4, #8]
 535:Middlewares/ST/threadx/common/src/tx_event_flags_set.c ****                 }
 819              		.loc 1 535 21 is_stmt 1 view .LVU319
 535:Middlewares/ST/threadx/common/src/tx_event_flags_set.c ****                 }
 820              		.loc 1 535 69 is_stmt 0 view .LVU320
 821 022a 0023     		movs	r3, #0
 822 022c 2362     		str	r3, [r4, #32]
 823              	.L27:
 540:Middlewares/ST/threadx/common/src/tx_event_flags_set.c **** 
 824              		.loc 1 540 17 is_stmt 1 view .LVU321
 825              	.LVL92:
 826              	.LBB60:
 827              	.LBI60:
 556:Middlewares/ST/threadx/ports/cortex_m7/gnu/inc/tx_port.h **** {
 828              		.loc 2 556 55 view .LVU322
 829              	.LBB61:
 562:Middlewares/ST/threadx/ports/cortex_m7/gnu/inc/tx_port.h **** #endif
 830              		.loc 2 562 5 view .LVU323
 831              		.syntax unified
 832              	@ 562 "Middlewares/ST/threadx/ports/cortex_m7/gnu/inc/tx_port.h" 1
 833 022e 86F31088 		MSR  PRIMASK,r6
 834              	@ 0 "" 2
 835              	.LVL93:
 562:Middlewares/ST/threadx/ports/cortex_m7/gnu/inc/tx_port.h **** #endif
 836              		.loc 2 562 5 is_stmt 0 view .LVU324
 837              		.thumb
 838              		.syntax unified
 839              	.LBE61:
 840              	.LBE60:
 543:Middlewares/ST/threadx/common/src/tx_event_flags_set.c ****                 while(thread_ptr != TX_NULL)
 841              		.loc 1 543 17 is_stmt 1 view .LVU325
 544:Middlewares/ST/threadx/common/src/tx_event_flags_set.c ****                 {
 842              		.loc 1 544 17 view .LVU326
 544:Middlewares/ST/threadx/common/src/tx_event_flags_set.c ****                 {
 843              		.loc 1 544 22 is_stmt 0 view .LVU327
 844 0232 0CE0     		b	.L28
 845              	.LVL94:
 846              	.L29:
 548:Middlewares/ST/threadx/common/src/tx_event_flags_set.c **** 
ARM GAS  /tmp/ccqGl48O.s 			page 41


 847              		.loc 1 548 21 is_stmt 1 view .LVU328
 548:Middlewares/ST/threadx/common/src/tx_event_flags_set.c **** 
 848              		.loc 1 548 37 is_stmt 0 view .LVU329
 849 0234 046F     		ldr	r4, [r0, #112]
 850              	.LVL95:
 551:Middlewares/ST/threadx/common/src/tx_event_flags_set.c **** 
 851              		.loc 1 551 21 is_stmt 1 view .LVU330
 852              	.LBB62:
 853              	.LBI62:
 566:Middlewares/ST/threadx/ports/cortex_m7/gnu/inc/tx_port.h **** {
 854              		.loc 2 566 63 view .LVU331
 855              	.LBB63:
 568:Middlewares/ST/threadx/ports/cortex_m7/gnu/inc/tx_port.h **** 
 856              		.loc 2 568 1 view .LVU332
 570:Middlewares/ST/threadx/ports/cortex_m7/gnu/inc/tx_port.h **** 
 857              		.loc 2 570 5 view .LVU333
 858              	.LBB64:
 859              	.LBI64:
 533:Middlewares/ST/threadx/ports/cortex_m7/gnu/inc/tx_port.h **** {
 860              		.loc 2 533 63 view .LVU334
 861              	.LBB65:
 535:Middlewares/ST/threadx/ports/cortex_m7/gnu/inc/tx_port.h **** #ifdef TX_PORT_USE_BASEPRI
 862              		.loc 2 535 1 view .LVU335
 539:Middlewares/ST/threadx/ports/cortex_m7/gnu/inc/tx_port.h **** #endif
 863              		.loc 2 539 5 view .LVU336
 864              		.syntax unified
 865              	@ 539 "Middlewares/ST/threadx/ports/cortex_m7/gnu/inc/tx_port.h" 1
 866 0236 EFF31081 		MRS  r1, PRIMASK 
 867              	@ 0 "" 2
 868              	.LVL96:
 541:Middlewares/ST/threadx/ports/cortex_m7/gnu/inc/tx_port.h **** }
 869              		.loc 2 541 5 view .LVU337
 541:Middlewares/ST/threadx/ports/cortex_m7/gnu/inc/tx_port.h **** }
 870              		.loc 2 541 5 is_stmt 0 view .LVU338
 871              		.thumb
 872              		.syntax unified
 873              	.LBE65:
 874              	.LBE64:
 575:Middlewares/ST/threadx/ports/cortex_m7/gnu/inc/tx_port.h **** #endif
 875              		.loc 2 575 5 is_stmt 1 view .LVU339
 876              		.syntax unified
 877              	@ 575 "Middlewares/ST/threadx/ports/cortex_m7/gnu/inc/tx_port.h" 1
 878 023a 72B6     		CPSID i
 879              	@ 0 "" 2
 880              		.loc 2 577 5 view .LVU340
 881              	.LVL97:
 882              		.loc 2 577 5 is_stmt 0 view .LVU341
 883              		.thumb
 884              		.syntax unified
 885              	.LBE63:
 886              	.LBE62:
 563:Middlewares/ST/threadx/common/src/tx_event_flags_set.c **** 
 887              		.loc 1 563 21 is_stmt 1 view .LVU342
 563:Middlewares/ST/threadx/common/src/tx_event_flags_set.c **** 
 888              		.loc 1 563 47 is_stmt 0 view .LVU343
 889 023c 1A4A     		ldr	r2, .L44+36
 890 023e 1368     		ldr	r3, [r2]
ARM GAS  /tmp/ccqGl48O.s 			page 42


 891 0240 0133     		adds	r3, r3, #1
 892 0242 1360     		str	r3, [r2]
 566:Middlewares/ST/threadx/common/src/tx_event_flags_set.c **** 
 893              		.loc 1 566 21 is_stmt 1 view .LVU344
 894              	.LVL98:
 895              	.LBB66:
 896              	.LBI66:
 556:Middlewares/ST/threadx/ports/cortex_m7/gnu/inc/tx_port.h **** {
 897              		.loc 2 556 55 view .LVU345
 898              	.LBB67:
 562:Middlewares/ST/threadx/ports/cortex_m7/gnu/inc/tx_port.h **** #endif
 899              		.loc 2 562 5 view .LVU346
 900              		.syntax unified
 901              	@ 562 "Middlewares/ST/threadx/ports/cortex_m7/gnu/inc/tx_port.h" 1
 902 0244 81F31088 		MSR  PRIMASK,r1
 903              	@ 0 "" 2
 904              	.LVL99:
 562:Middlewares/ST/threadx/ports/cortex_m7/gnu/inc/tx_port.h **** #endif
 905              		.loc 2 562 5 is_stmt 0 view .LVU347
 906              		.thumb
 907              		.syntax unified
 908              	.LBE67:
 909              	.LBE66:
 569:Middlewares/ST/threadx/common/src/tx_event_flags_set.c **** #endif
 910              		.loc 1 569 21 is_stmt 1 view .LVU348
 911 0248 FFF7FEFF 		bl	_tx_thread_system_resume
 912              	.LVL100:
 573:Middlewares/ST/threadx/common/src/tx_event_flags_set.c ****                 }
 913              		.loc 1 573 21 view .LVU349
 573:Middlewares/ST/threadx/common/src/tx_event_flags_set.c ****                 }
 914              		.loc 1 573 32 is_stmt 0 view .LVU350
 915 024c 2046     		mov	r0, r4
 916              	.LVL101:
 917              	.L28:
 544:Middlewares/ST/threadx/common/src/tx_event_flags_set.c ****                 {
 918              		.loc 1 544 34 is_stmt 1 view .LVU351
 919 024e 0028     		cmp	r0, #0
 920 0250 F0D1     		bne	.L29
 577:Middlewares/ST/threadx/common/src/tx_event_flags_set.c **** 
 921              		.loc 1 577 17 view .LVU352
 922              	.LBB68:
 923              	.LBI68:
 566:Middlewares/ST/threadx/ports/cortex_m7/gnu/inc/tx_port.h **** {
 924              		.loc 2 566 63 view .LVU353
 925              	.LBB69:
 568:Middlewares/ST/threadx/ports/cortex_m7/gnu/inc/tx_port.h **** 
 926              		.loc 2 568 1 view .LVU354
 570:Middlewares/ST/threadx/ports/cortex_m7/gnu/inc/tx_port.h **** 
 927              		.loc 2 570 5 view .LVU355
 928              	.LBB70:
 929              	.LBI70:
 533:Middlewares/ST/threadx/ports/cortex_m7/gnu/inc/tx_port.h **** {
 930              		.loc 2 533 63 view .LVU356
 931              	.LBB71:
 535:Middlewares/ST/threadx/ports/cortex_m7/gnu/inc/tx_port.h **** #ifdef TX_PORT_USE_BASEPRI
 932              		.loc 2 535 1 view .LVU357
 539:Middlewares/ST/threadx/ports/cortex_m7/gnu/inc/tx_port.h **** #endif
ARM GAS  /tmp/ccqGl48O.s 			page 43


 933              		.loc 2 539 5 view .LVU358
 934              		.syntax unified
 935              	@ 539 "Middlewares/ST/threadx/ports/cortex_m7/gnu/inc/tx_port.h" 1
 936 0252 EFF31086 		MRS  r6, PRIMASK 
 937              	@ 0 "" 2
 938              	.LVL102:
 541:Middlewares/ST/threadx/ports/cortex_m7/gnu/inc/tx_port.h **** }
 939              		.loc 2 541 5 view .LVU359
 541:Middlewares/ST/threadx/ports/cortex_m7/gnu/inc/tx_port.h **** }
 940              		.loc 2 541 5 is_stmt 0 view .LVU360
 941              		.thumb
 942              		.syntax unified
 943              	.LBE71:
 944              	.LBE70:
 575:Middlewares/ST/threadx/ports/cortex_m7/gnu/inc/tx_port.h **** #endif
 945              		.loc 2 575 5 is_stmt 1 view .LVU361
 946              		.syntax unified
 947              	@ 575 "Middlewares/ST/threadx/ports/cortex_m7/gnu/inc/tx_port.h" 1
 948 0256 72B6     		CPSID i
 949              	@ 0 "" 2
 950              		.loc 2 577 5 view .LVU362
 951              	.LVL103:
 952              		.loc 2 577 5 is_stmt 0 view .LVU363
 953              		.thumb
 954              		.syntax unified
 955              	.LBE69:
 956              	.LBE68:
 580:Middlewares/ST/threadx/common/src/tx_event_flags_set.c ****             }
 957              		.loc 1 580 17 is_stmt 1 view .LVU364
 580:Middlewares/ST/threadx/common/src/tx_event_flags_set.c ****             }
 958              		.loc 1 580 43 is_stmt 0 view .LVU365
 959 0258 134A     		ldr	r2, .L44+36
 960 025a 1368     		ldr	r3, [r2]
 961 025c 013B     		subs	r3, r3, #1
 962 025e 1360     		str	r3, [r2]
 963              	.LVL104:
 964              	.L14:
 597:Middlewares/ST/threadx/common/src/tx_event_flags_set.c **** 
 965              		.loc 1 597 9 is_stmt 1 view .LVU366
 966              	.LBB72:
 967              	.LBI72:
 556:Middlewares/ST/threadx/ports/cortex_m7/gnu/inc/tx_port.h **** {
 968              		.loc 2 556 55 view .LVU367
 969              	.LBB73:
 562:Middlewares/ST/threadx/ports/cortex_m7/gnu/inc/tx_port.h **** #endif
 970              		.loc 2 562 5 view .LVU368
 971              		.syntax unified
 972              	@ 562 "Middlewares/ST/threadx/ports/cortex_m7/gnu/inc/tx_port.h" 1
 973 0260 86F31088 		MSR  PRIMASK,r6
 974              	@ 0 "" 2
 975              	.LVL105:
 562:Middlewares/ST/threadx/ports/cortex_m7/gnu/inc/tx_port.h **** #endif
 976              		.loc 2 562 5 is_stmt 0 view .LVU369
 977              		.thumb
 978              		.syntax unified
 979              	.LBE73:
 980              	.LBE72:
ARM GAS  /tmp/ccqGl48O.s 			page 44


 611:Middlewares/ST/threadx/common/src/tx_event_flags_set.c ****         {
 981              		.loc 1 611 9 is_stmt 1 view .LVU370
 611:Middlewares/ST/threadx/common/src/tx_event_flags_set.c ****         {
 982              		.loc 1 611 12 is_stmt 0 view .LVU371
 983 0264 B9F1010F 		cmp	r9, #1
 984 0268 7FF424AF 		bne	.L9
 615:Middlewares/ST/threadx/common/src/tx_event_flags_set.c ****         }
 985              		.loc 1 615 13 is_stmt 1 view .LVU372
 986 026c FFF7FEFF 		bl	_tx_thread_system_preempt_check
 987              	.LVL106:
 988 0270 20E7     		b	.L9
 989              	.LVL107:
 990              	.L11:
 587:Middlewares/ST/threadx/common/src/tx_event_flags_set.c ****             {
 991              		.loc 1 587 13 view .LVU373
 587:Middlewares/ST/threadx/common/src/tx_event_flags_set.c ****             {
 992              		.loc 1 587 16 is_stmt 0 view .LVU374
 993 0272 25B1     		cbz	r5, .L35
 592:Middlewares/ST/threadx/common/src/tx_event_flags_set.c ****             }
 994              		.loc 1 592 17 is_stmt 1 view .LVU375
 592:Middlewares/ST/threadx/common/src/tx_event_flags_set.c ****             }
 995              		.loc 1 592 64 is_stmt 0 view .LVU376
 996 0274 0123     		movs	r3, #1
 997 0276 E360     		str	r3, [r4, #12]
 204:Middlewares/ST/threadx/common/src/tx_event_flags_set.c **** 
 998              		.loc 1 204 23 view .LVU377
 999 0278 DDF80490 		ldr	r9, [sp, #4]
 1000 027c F0E7     		b	.L14
 1001              	.L35:
 204:Middlewares/ST/threadx/common/src/tx_event_flags_set.c **** 
 1002              		.loc 1 204 23 view .LVU378
 1003 027e A946     		mov	r9, r5
 1004 0280 EEE7     		b	.L14
 1005              	.L45:
 1006 0282 00BF     		.align	2
 1007              	.L44:
 1008 0284 00000000 		.word	_tx_trace_buffer_current_ptr
 1009 0288 00000000 		.word	_tx_trace_event_enable_bits
 1010 028c 00000000 		.word	_tx_thread_system_state
 1011 0290 00000000 		.word	_tx_thread_current_ptr
 1012 0294 001000E0 		.word	-536866816
 1013 0298 00000000 		.word	_tx_trace_buffer_end_ptr
 1014 029c 00000000 		.word	_tx_trace_buffer_start_ptr
 1015 02a0 00000000 		.word	_tx_trace_header_ptr
 1016 02a4 00000000 		.word	_tx_trace_full_notify_function
 1017 02a8 00000000 		.word	_tx_thread_preempt_disable
 1018              		.cfi_endproc
 1019              	.LFE8:
 1021              		.text
 1022              	.Letext0:
 1023              		.file 3 "Middlewares/ST/threadx/common/inc/tx_api.h"
 1024              		.file 4 "Middlewares/ST/threadx/common/inc/tx_thread.h"
 1025              		.file 5 "Middlewares/ST/threadx/common/inc/tx_trace.h"
ARM GAS  /tmp/ccqGl48O.s 			page 45


DEFINED SYMBOLS
                            *ABS*:00000000 tx_event_flags_set.c
     /tmp/ccqGl48O.s:20     .text._tx_event_flags_set:00000000 $t
     /tmp/ccqGl48O.s:26     .text._tx_event_flags_set:00000000 _tx_event_flags_set
     /tmp/ccqGl48O.s:1008   .text._tx_event_flags_set:00000284 $d

UNDEFINED SYMBOLS
_tx_thread_system_resume
_tx_thread_system_preempt_check
_tx_trace_buffer_current_ptr
_tx_trace_event_enable_bits
_tx_thread_system_state
_tx_thread_current_ptr
_tx_trace_buffer_end_ptr
_tx_trace_buffer_start_ptr
_tx_trace_header_ptr
_tx_trace_full_notify_function
_tx_thread_preempt_disable
