ARM GAS  /tmp/ccV7eCc9.s 			page 1


   1              		.cpu cortex-m7
   2              		.arch armv7e-m
   3              		.fpu fpv5-d16
   4              		.eabi_attribute 28, 1
   5              		.eabi_attribute 20, 1
   6              		.eabi_attribute 21, 1
   7              		.eabi_attribute 23, 3
   8              		.eabi_attribute 24, 1
   9              		.eabi_attribute 25, 1
  10              		.eabi_attribute 26, 1
  11              		.eabi_attribute 30, 1
  12              		.eabi_attribute 34, 1
  13              		.eabi_attribute 18, 4
  14              		.file	"tx_mutex_get.c"
  15              		.text
  16              	.Ltext0:
  17              		.cfi_sections	.debug_frame
  18              		.file 1 "Middlewares/ST/threadx/common/src/tx_mutex_get.c"
  19              		.section	.text._tx_mutex_get,"ax",%progbits
  20              		.align	1
  21              		.global	_tx_mutex_get
  22              		.syntax unified
  23              		.thumb
  24              		.thumb_func
  26              	_tx_mutex_get:
  27              	.LVL0:
  28              	.LFB8:
   1:Middlewares/ST/threadx/common/src/tx_mutex_get.c **** /**************************************************************************/
   2:Middlewares/ST/threadx/common/src/tx_mutex_get.c **** /*                                                                        */
   3:Middlewares/ST/threadx/common/src/tx_mutex_get.c **** /*       Copyright (c) Microsoft Corporation. All rights reserved.        */
   4:Middlewares/ST/threadx/common/src/tx_mutex_get.c **** /*                                                                        */
   5:Middlewares/ST/threadx/common/src/tx_mutex_get.c **** /*       This software is licensed under the Microsoft Software License   */
   6:Middlewares/ST/threadx/common/src/tx_mutex_get.c **** /*       Terms for Microsoft Azure RTOS. Full text of the license can be  */
   7:Middlewares/ST/threadx/common/src/tx_mutex_get.c **** /*       found in the LICENSE file at https://aka.ms/AzureRTOS_EULA       */
   8:Middlewares/ST/threadx/common/src/tx_mutex_get.c **** /*       and in the root directory of this software.                      */
   9:Middlewares/ST/threadx/common/src/tx_mutex_get.c **** /*                                                                        */
  10:Middlewares/ST/threadx/common/src/tx_mutex_get.c **** /**************************************************************************/
  11:Middlewares/ST/threadx/common/src/tx_mutex_get.c **** 
  12:Middlewares/ST/threadx/common/src/tx_mutex_get.c **** 
  13:Middlewares/ST/threadx/common/src/tx_mutex_get.c **** /**************************************************************************/
  14:Middlewares/ST/threadx/common/src/tx_mutex_get.c **** /**************************************************************************/
  15:Middlewares/ST/threadx/common/src/tx_mutex_get.c **** /**                                                                       */
  16:Middlewares/ST/threadx/common/src/tx_mutex_get.c **** /** ThreadX Component                                                     */
  17:Middlewares/ST/threadx/common/src/tx_mutex_get.c **** /**                                                                       */
  18:Middlewares/ST/threadx/common/src/tx_mutex_get.c **** /**   Mutex                                                               */
  19:Middlewares/ST/threadx/common/src/tx_mutex_get.c **** /**                                                                       */
  20:Middlewares/ST/threadx/common/src/tx_mutex_get.c **** /**************************************************************************/
  21:Middlewares/ST/threadx/common/src/tx_mutex_get.c **** /**************************************************************************/
  22:Middlewares/ST/threadx/common/src/tx_mutex_get.c **** 
  23:Middlewares/ST/threadx/common/src/tx_mutex_get.c **** #define TX_SOURCE_CODE
  24:Middlewares/ST/threadx/common/src/tx_mutex_get.c **** 
  25:Middlewares/ST/threadx/common/src/tx_mutex_get.c **** 
  26:Middlewares/ST/threadx/common/src/tx_mutex_get.c **** /* Include necessary system files.  */
  27:Middlewares/ST/threadx/common/src/tx_mutex_get.c **** 
  28:Middlewares/ST/threadx/common/src/tx_mutex_get.c **** #include "tx_api.h"
  29:Middlewares/ST/threadx/common/src/tx_mutex_get.c **** #include "tx_trace.h"
  30:Middlewares/ST/threadx/common/src/tx_mutex_get.c **** #include "tx_thread.h"
ARM GAS  /tmp/ccV7eCc9.s 			page 2


  31:Middlewares/ST/threadx/common/src/tx_mutex_get.c **** #include "tx_mutex.h"
  32:Middlewares/ST/threadx/common/src/tx_mutex_get.c **** 
  33:Middlewares/ST/threadx/common/src/tx_mutex_get.c **** 
  34:Middlewares/ST/threadx/common/src/tx_mutex_get.c **** /**************************************************************************/
  35:Middlewares/ST/threadx/common/src/tx_mutex_get.c **** /*                                                                        */
  36:Middlewares/ST/threadx/common/src/tx_mutex_get.c **** /*  FUNCTION                                               RELEASE        */
  37:Middlewares/ST/threadx/common/src/tx_mutex_get.c **** /*                                                                        */
  38:Middlewares/ST/threadx/common/src/tx_mutex_get.c **** /*    _tx_mutex_get                                       PORTABLE C      */
  39:Middlewares/ST/threadx/common/src/tx_mutex_get.c **** /*                                                           6.1          */
  40:Middlewares/ST/threadx/common/src/tx_mutex_get.c **** /*  AUTHOR                                                                */
  41:Middlewares/ST/threadx/common/src/tx_mutex_get.c **** /*                                                                        */
  42:Middlewares/ST/threadx/common/src/tx_mutex_get.c **** /*    William E. Lamie, Microsoft Corporation                             */
  43:Middlewares/ST/threadx/common/src/tx_mutex_get.c **** /*                                                                        */
  44:Middlewares/ST/threadx/common/src/tx_mutex_get.c **** /*  DESCRIPTION                                                           */
  45:Middlewares/ST/threadx/common/src/tx_mutex_get.c **** /*                                                                        */
  46:Middlewares/ST/threadx/common/src/tx_mutex_get.c **** /*    This function gets the specified mutex.  If the calling thread      */
  47:Middlewares/ST/threadx/common/src/tx_mutex_get.c **** /*    already owns the mutex, an ownership count is simply increased.     */
  48:Middlewares/ST/threadx/common/src/tx_mutex_get.c **** /*                                                                        */
  49:Middlewares/ST/threadx/common/src/tx_mutex_get.c **** /*  INPUT                                                                 */
  50:Middlewares/ST/threadx/common/src/tx_mutex_get.c **** /*                                                                        */
  51:Middlewares/ST/threadx/common/src/tx_mutex_get.c **** /*    mutex_ptr                         Pointer to mutex control block    */
  52:Middlewares/ST/threadx/common/src/tx_mutex_get.c **** /*    wait_option                       Suspension option                 */
  53:Middlewares/ST/threadx/common/src/tx_mutex_get.c **** /*                                                                        */
  54:Middlewares/ST/threadx/common/src/tx_mutex_get.c **** /*  OUTPUT                                                                */
  55:Middlewares/ST/threadx/common/src/tx_mutex_get.c **** /*                                                                        */
  56:Middlewares/ST/threadx/common/src/tx_mutex_get.c **** /*    status                            Completion status                 */
  57:Middlewares/ST/threadx/common/src/tx_mutex_get.c **** /*                                                                        */
  58:Middlewares/ST/threadx/common/src/tx_mutex_get.c **** /*  CALLS                                                                 */
  59:Middlewares/ST/threadx/common/src/tx_mutex_get.c **** /*                                                                        */
  60:Middlewares/ST/threadx/common/src/tx_mutex_get.c **** /*    _tx_thread_system_suspend         Suspend thread service            */
  61:Middlewares/ST/threadx/common/src/tx_mutex_get.c **** /*    _tx_thread_system_ni_suspend      Non-interruptable suspend thread  */
  62:Middlewares/ST/threadx/common/src/tx_mutex_get.c **** /*    _tx_mutex_priority_change         Inherit thread priority           */
  63:Middlewares/ST/threadx/common/src/tx_mutex_get.c **** /*                                                                        */
  64:Middlewares/ST/threadx/common/src/tx_mutex_get.c **** /*  CALLED BY                                                             */
  65:Middlewares/ST/threadx/common/src/tx_mutex_get.c **** /*                                                                        */
  66:Middlewares/ST/threadx/common/src/tx_mutex_get.c **** /*    Application Code                                                    */
  67:Middlewares/ST/threadx/common/src/tx_mutex_get.c **** /*                                                                        */
  68:Middlewares/ST/threadx/common/src/tx_mutex_get.c **** /*  RELEASE HISTORY                                                       */
  69:Middlewares/ST/threadx/common/src/tx_mutex_get.c **** /*                                                                        */
  70:Middlewares/ST/threadx/common/src/tx_mutex_get.c **** /*    DATE              NAME                      DESCRIPTION             */
  71:Middlewares/ST/threadx/common/src/tx_mutex_get.c **** /*                                                                        */
  72:Middlewares/ST/threadx/common/src/tx_mutex_get.c **** /*  05-19-2020     William E. Lamie         Initial Version 6.0           */
  73:Middlewares/ST/threadx/common/src/tx_mutex_get.c **** /*  09-30-2020     Yuxin Zhou               Modified comment(s),          */
  74:Middlewares/ST/threadx/common/src/tx_mutex_get.c **** /*                                            resulting in version 6.1    */
  75:Middlewares/ST/threadx/common/src/tx_mutex_get.c **** /*                                                                        */
  76:Middlewares/ST/threadx/common/src/tx_mutex_get.c **** /**************************************************************************/
  77:Middlewares/ST/threadx/common/src/tx_mutex_get.c **** UINT  _tx_mutex_get(TX_MUTEX *mutex_ptr, ULONG wait_option)
  78:Middlewares/ST/threadx/common/src/tx_mutex_get.c **** {
  29              		.loc 1 78 1 view -0
  30              		.cfi_startproc
  31              		@ args = 0, pretend = 0, frame = 0
  32              		@ frame_needed = 0, uses_anonymous_args = 0
  33              		.loc 1 78 1 is_stmt 0 view .LVU1
  34 0000 F8B5     		push	{r3, r4, r5, r6, r7, lr}
  35              	.LCFI0:
  36              		.cfi_def_cfa_offset 24
  37              		.cfi_offset 3, -24
ARM GAS  /tmp/ccV7eCc9.s 			page 3


  38              		.cfi_offset 4, -20
  39              		.cfi_offset 5, -16
  40              		.cfi_offset 6, -12
  41              		.cfi_offset 7, -8
  42              		.cfi_offset 14, -4
  43 0002 0446     		mov	r4, r0
  44 0004 0E46     		mov	r6, r1
  79:Middlewares/ST/threadx/common/src/tx_mutex_get.c **** 
  80:Middlewares/ST/threadx/common/src/tx_mutex_get.c **** TX_INTERRUPT_SAVE_AREA
  45              		.loc 1 80 1 is_stmt 1 view .LVU2
  81:Middlewares/ST/threadx/common/src/tx_mutex_get.c **** 
  82:Middlewares/ST/threadx/common/src/tx_mutex_get.c **** TX_THREAD       *thread_ptr;
  46              		.loc 1 82 1 view .LVU3
  83:Middlewares/ST/threadx/common/src/tx_mutex_get.c **** TX_MUTEX        *next_mutex;
  47              		.loc 1 83 1 view .LVU4
  84:Middlewares/ST/threadx/common/src/tx_mutex_get.c **** TX_MUTEX        *previous_mutex;
  48              		.loc 1 84 1 view .LVU5
  85:Middlewares/ST/threadx/common/src/tx_mutex_get.c **** TX_THREAD       *mutex_owner;
  49              		.loc 1 85 1 view .LVU6
  86:Middlewares/ST/threadx/common/src/tx_mutex_get.c **** TX_THREAD       *next_thread;
  50              		.loc 1 86 1 view .LVU7
  87:Middlewares/ST/threadx/common/src/tx_mutex_get.c **** TX_THREAD       *previous_thread;
  51              		.loc 1 87 1 view .LVU8
  88:Middlewares/ST/threadx/common/src/tx_mutex_get.c **** UINT            status;
  52              		.loc 1 88 1 view .LVU9
  89:Middlewares/ST/threadx/common/src/tx_mutex_get.c **** 
  90:Middlewares/ST/threadx/common/src/tx_mutex_get.c **** 
  91:Middlewares/ST/threadx/common/src/tx_mutex_get.c ****     /* Disable interrupts to get an instance from the mutex.  */
  92:Middlewares/ST/threadx/common/src/tx_mutex_get.c ****     TX_DISABLE
  53              		.loc 1 92 5 view .LVU10
  54              	.LBB21:
  55              	.LBI21:
  56              		.file 2 "Middlewares/ST/threadx/ports/cortex_m7/gnu/inc/tx_port.h"
   1:Middlewares/ST/threadx/ports/cortex_m7/gnu/inc/tx_port.h **** /**************************************************************************/
   2:Middlewares/ST/threadx/ports/cortex_m7/gnu/inc/tx_port.h **** /*                                                                        */
   3:Middlewares/ST/threadx/ports/cortex_m7/gnu/inc/tx_port.h **** /*       Copyright (c) Microsoft Corporation. All rights reserved.        */
   4:Middlewares/ST/threadx/ports/cortex_m7/gnu/inc/tx_port.h **** /*                                                                        */
   5:Middlewares/ST/threadx/ports/cortex_m7/gnu/inc/tx_port.h **** /*       This software is licensed under the Microsoft Software License   */
   6:Middlewares/ST/threadx/ports/cortex_m7/gnu/inc/tx_port.h **** /*       Terms for Microsoft Azure RTOS. Full text of the license can be  */
   7:Middlewares/ST/threadx/ports/cortex_m7/gnu/inc/tx_port.h **** /*       found in the LICENSE file at https://aka.ms/AzureRTOS_EULA       */
   8:Middlewares/ST/threadx/ports/cortex_m7/gnu/inc/tx_port.h **** /*       and in the root directory of this software.                      */
   9:Middlewares/ST/threadx/ports/cortex_m7/gnu/inc/tx_port.h **** /*                                                                        */
  10:Middlewares/ST/threadx/ports/cortex_m7/gnu/inc/tx_port.h **** /**************************************************************************/
  11:Middlewares/ST/threadx/ports/cortex_m7/gnu/inc/tx_port.h **** 
  12:Middlewares/ST/threadx/ports/cortex_m7/gnu/inc/tx_port.h **** 
  13:Middlewares/ST/threadx/ports/cortex_m7/gnu/inc/tx_port.h **** /**************************************************************************/
  14:Middlewares/ST/threadx/ports/cortex_m7/gnu/inc/tx_port.h **** /**************************************************************************/
  15:Middlewares/ST/threadx/ports/cortex_m7/gnu/inc/tx_port.h **** /**                                                                       */
  16:Middlewares/ST/threadx/ports/cortex_m7/gnu/inc/tx_port.h **** /** ThreadX Component                                                     */
  17:Middlewares/ST/threadx/ports/cortex_m7/gnu/inc/tx_port.h **** /**                                                                       */
  18:Middlewares/ST/threadx/ports/cortex_m7/gnu/inc/tx_port.h **** /**   Port Specific                                                       */
  19:Middlewares/ST/threadx/ports/cortex_m7/gnu/inc/tx_port.h **** /**                                                                       */
  20:Middlewares/ST/threadx/ports/cortex_m7/gnu/inc/tx_port.h **** /**************************************************************************/
  21:Middlewares/ST/threadx/ports/cortex_m7/gnu/inc/tx_port.h **** /**************************************************************************/
  22:Middlewares/ST/threadx/ports/cortex_m7/gnu/inc/tx_port.h **** 
  23:Middlewares/ST/threadx/ports/cortex_m7/gnu/inc/tx_port.h **** 
  24:Middlewares/ST/threadx/ports/cortex_m7/gnu/inc/tx_port.h **** /**************************************************************************/
ARM GAS  /tmp/ccV7eCc9.s 			page 4


  25:Middlewares/ST/threadx/ports/cortex_m7/gnu/inc/tx_port.h **** /*                                                                        */
  26:Middlewares/ST/threadx/ports/cortex_m7/gnu/inc/tx_port.h **** /*  PORT SPECIFIC C INFORMATION                            RELEASE        */
  27:Middlewares/ST/threadx/ports/cortex_m7/gnu/inc/tx_port.h **** /*                                                                        */
  28:Middlewares/ST/threadx/ports/cortex_m7/gnu/inc/tx_port.h **** /*    tx_port.h                                         Cortex-M7/GNU     */
  29:Middlewares/ST/threadx/ports/cortex_m7/gnu/inc/tx_port.h **** /*                                                           6.1.10       */
  30:Middlewares/ST/threadx/ports/cortex_m7/gnu/inc/tx_port.h **** /*                                                                        */
  31:Middlewares/ST/threadx/ports/cortex_m7/gnu/inc/tx_port.h **** /*  AUTHOR                                                                */
  32:Middlewares/ST/threadx/ports/cortex_m7/gnu/inc/tx_port.h **** /*                                                                        */
  33:Middlewares/ST/threadx/ports/cortex_m7/gnu/inc/tx_port.h **** /*    Scott Larson, Microsoft Corporation                                 */
  34:Middlewares/ST/threadx/ports/cortex_m7/gnu/inc/tx_port.h **** /*                                                                        */
  35:Middlewares/ST/threadx/ports/cortex_m7/gnu/inc/tx_port.h **** /*  DESCRIPTION                                                           */
  36:Middlewares/ST/threadx/ports/cortex_m7/gnu/inc/tx_port.h **** /*                                                                        */
  37:Middlewares/ST/threadx/ports/cortex_m7/gnu/inc/tx_port.h **** /*    This file contains data type definitions that make the ThreadX      */
  38:Middlewares/ST/threadx/ports/cortex_m7/gnu/inc/tx_port.h **** /*    real-time kernel function identically on a variety of different     */
  39:Middlewares/ST/threadx/ports/cortex_m7/gnu/inc/tx_port.h **** /*    processor architectures.  For example, the size or number of bits   */
  40:Middlewares/ST/threadx/ports/cortex_m7/gnu/inc/tx_port.h **** /*    in an "int" data type vary between microprocessor architectures and */
  41:Middlewares/ST/threadx/ports/cortex_m7/gnu/inc/tx_port.h **** /*    even C compilers for the same microprocessor.  ThreadX does not     */
  42:Middlewares/ST/threadx/ports/cortex_m7/gnu/inc/tx_port.h **** /*    directly use native C data types.  Instead, ThreadX creates its     */
  43:Middlewares/ST/threadx/ports/cortex_m7/gnu/inc/tx_port.h **** /*    own special types that can be mapped to actual data types by this   */
  44:Middlewares/ST/threadx/ports/cortex_m7/gnu/inc/tx_port.h **** /*    file to guarantee consistency in the interface and functionality.   */
  45:Middlewares/ST/threadx/ports/cortex_m7/gnu/inc/tx_port.h **** /*                                                                        */
  46:Middlewares/ST/threadx/ports/cortex_m7/gnu/inc/tx_port.h **** /*    This file replaces the previous Cortex-M3/M4/M7 files. It unifies   */
  47:Middlewares/ST/threadx/ports/cortex_m7/gnu/inc/tx_port.h **** /*    the ARMv7-M architecture and compilers into one common file.        */
  48:Middlewares/ST/threadx/ports/cortex_m7/gnu/inc/tx_port.h **** /*                                                                        */
  49:Middlewares/ST/threadx/ports/cortex_m7/gnu/inc/tx_port.h **** /*  RELEASE HISTORY                                                       */
  50:Middlewares/ST/threadx/ports/cortex_m7/gnu/inc/tx_port.h **** /*                                                                        */
  51:Middlewares/ST/threadx/ports/cortex_m7/gnu/inc/tx_port.h **** /*    DATE              NAME                      DESCRIPTION             */
  52:Middlewares/ST/threadx/ports/cortex_m7/gnu/inc/tx_port.h **** /*                                                                        */
  53:Middlewares/ST/threadx/ports/cortex_m7/gnu/inc/tx_port.h **** /*  06-02-2021      Scott Larson            Initial Version 6.1.7         */
  54:Middlewares/ST/threadx/ports/cortex_m7/gnu/inc/tx_port.h **** /*  01-31-2022      Scott Larson            Modified comments, updated    */
  55:Middlewares/ST/threadx/ports/cortex_m7/gnu/inc/tx_port.h **** /*                                            typedef to fix misra        */
  56:Middlewares/ST/threadx/ports/cortex_m7/gnu/inc/tx_port.h **** /*                                            violation,                  */
  57:Middlewares/ST/threadx/ports/cortex_m7/gnu/inc/tx_port.h **** /*                                            fixed predefined macro,     */
  58:Middlewares/ST/threadx/ports/cortex_m7/gnu/inc/tx_port.h **** /*                                            resulting in version 6.1.10 */
  59:Middlewares/ST/threadx/ports/cortex_m7/gnu/inc/tx_port.h **** /*                                                                        */
  60:Middlewares/ST/threadx/ports/cortex_m7/gnu/inc/tx_port.h **** /**************************************************************************/
  61:Middlewares/ST/threadx/ports/cortex_m7/gnu/inc/tx_port.h **** 
  62:Middlewares/ST/threadx/ports/cortex_m7/gnu/inc/tx_port.h **** #ifndef TX_PORT_H
  63:Middlewares/ST/threadx/ports/cortex_m7/gnu/inc/tx_port.h **** #define TX_PORT_H
  64:Middlewares/ST/threadx/ports/cortex_m7/gnu/inc/tx_port.h **** 
  65:Middlewares/ST/threadx/ports/cortex_m7/gnu/inc/tx_port.h **** 
  66:Middlewares/ST/threadx/ports/cortex_m7/gnu/inc/tx_port.h **** /* Determine if the optional ThreadX user define file should be used.  */
  67:Middlewares/ST/threadx/ports/cortex_m7/gnu/inc/tx_port.h **** 
  68:Middlewares/ST/threadx/ports/cortex_m7/gnu/inc/tx_port.h **** #ifdef TX_INCLUDE_USER_DEFINE_FILE
  69:Middlewares/ST/threadx/ports/cortex_m7/gnu/inc/tx_port.h **** 
  70:Middlewares/ST/threadx/ports/cortex_m7/gnu/inc/tx_port.h **** /* Yes, include the user defines in tx_user.h. The defines in this file may
  71:Middlewares/ST/threadx/ports/cortex_m7/gnu/inc/tx_port.h ****    alternately be defined on the command line.  */
  72:Middlewares/ST/threadx/ports/cortex_m7/gnu/inc/tx_port.h **** 
  73:Middlewares/ST/threadx/ports/cortex_m7/gnu/inc/tx_port.h **** #include "tx_user.h"
  74:Middlewares/ST/threadx/ports/cortex_m7/gnu/inc/tx_port.h **** #endif
  75:Middlewares/ST/threadx/ports/cortex_m7/gnu/inc/tx_port.h **** 
  76:Middlewares/ST/threadx/ports/cortex_m7/gnu/inc/tx_port.h **** 
  77:Middlewares/ST/threadx/ports/cortex_m7/gnu/inc/tx_port.h **** /* Define compiler library include files.  */
  78:Middlewares/ST/threadx/ports/cortex_m7/gnu/inc/tx_port.h **** 
  79:Middlewares/ST/threadx/ports/cortex_m7/gnu/inc/tx_port.h **** #include <stdlib.h>
  80:Middlewares/ST/threadx/ports/cortex_m7/gnu/inc/tx_port.h **** #include <string.h>
  81:Middlewares/ST/threadx/ports/cortex_m7/gnu/inc/tx_port.h **** 
ARM GAS  /tmp/ccV7eCc9.s 			page 5


  82:Middlewares/ST/threadx/ports/cortex_m7/gnu/inc/tx_port.h **** #ifdef __ICCARM__
  83:Middlewares/ST/threadx/ports/cortex_m7/gnu/inc/tx_port.h **** #include <intrinsics.h>                     /* IAR Intrinsics */
  84:Middlewares/ST/threadx/ports/cortex_m7/gnu/inc/tx_port.h **** #define __asm__ __asm                       /* Define to make all inline asm look similar */
  85:Middlewares/ST/threadx/ports/cortex_m7/gnu/inc/tx_port.h **** #ifdef  TX_ENABLE_IAR_LIBRARY_SUPPORT
  86:Middlewares/ST/threadx/ports/cortex_m7/gnu/inc/tx_port.h **** #include <yvals.h>
  87:Middlewares/ST/threadx/ports/cortex_m7/gnu/inc/tx_port.h **** #endif
  88:Middlewares/ST/threadx/ports/cortex_m7/gnu/inc/tx_port.h **** #endif /* __ICCARM__ */
  89:Middlewares/ST/threadx/ports/cortex_m7/gnu/inc/tx_port.h **** 
  90:Middlewares/ST/threadx/ports/cortex_m7/gnu/inc/tx_port.h **** #ifdef __ghs__
  91:Middlewares/ST/threadx/ports/cortex_m7/gnu/inc/tx_port.h **** #include <arm_ghs.h>
  92:Middlewares/ST/threadx/ports/cortex_m7/gnu/inc/tx_port.h **** #include "tx_ghs.h"
  93:Middlewares/ST/threadx/ports/cortex_m7/gnu/inc/tx_port.h **** #endif  /* __ghs__ */
  94:Middlewares/ST/threadx/ports/cortex_m7/gnu/inc/tx_port.h **** 
  95:Middlewares/ST/threadx/ports/cortex_m7/gnu/inc/tx_port.h **** 
  96:Middlewares/ST/threadx/ports/cortex_m7/gnu/inc/tx_port.h **** #if !defined(__GNUC__) && !defined(__CC_ARM)
  97:Middlewares/ST/threadx/ports/cortex_m7/gnu/inc/tx_port.h **** #define __get_control_value __get_CONTROL
  98:Middlewares/ST/threadx/ports/cortex_m7/gnu/inc/tx_port.h **** #define __set_control_value __set_CONTROL
  99:Middlewares/ST/threadx/ports/cortex_m7/gnu/inc/tx_port.h **** #endif
 100:Middlewares/ST/threadx/ports/cortex_m7/gnu/inc/tx_port.h **** 
 101:Middlewares/ST/threadx/ports/cortex_m7/gnu/inc/tx_port.h **** #ifndef __GNUC__
 102:Middlewares/ST/threadx/ports/cortex_m7/gnu/inc/tx_port.h **** #define __get_ipsr_value __get_IPSR
 103:Middlewares/ST/threadx/ports/cortex_m7/gnu/inc/tx_port.h **** #endif
 104:Middlewares/ST/threadx/ports/cortex_m7/gnu/inc/tx_port.h **** 
 105:Middlewares/ST/threadx/ports/cortex_m7/gnu/inc/tx_port.h **** /* Define ThreadX basic types for this port.  */
 106:Middlewares/ST/threadx/ports/cortex_m7/gnu/inc/tx_port.h **** 
 107:Middlewares/ST/threadx/ports/cortex_m7/gnu/inc/tx_port.h **** #define VOID                                    void
 108:Middlewares/ST/threadx/ports/cortex_m7/gnu/inc/tx_port.h **** typedef char                                    CHAR;
 109:Middlewares/ST/threadx/ports/cortex_m7/gnu/inc/tx_port.h **** typedef unsigned char                           UCHAR;
 110:Middlewares/ST/threadx/ports/cortex_m7/gnu/inc/tx_port.h **** typedef int                                     INT;
 111:Middlewares/ST/threadx/ports/cortex_m7/gnu/inc/tx_port.h **** typedef unsigned int                            UINT;
 112:Middlewares/ST/threadx/ports/cortex_m7/gnu/inc/tx_port.h **** typedef long                                    LONG;
 113:Middlewares/ST/threadx/ports/cortex_m7/gnu/inc/tx_port.h **** typedef unsigned long                           ULONG;
 114:Middlewares/ST/threadx/ports/cortex_m7/gnu/inc/tx_port.h **** typedef unsigned long long                      ULONG64;
 115:Middlewares/ST/threadx/ports/cortex_m7/gnu/inc/tx_port.h **** typedef short                                   SHORT;
 116:Middlewares/ST/threadx/ports/cortex_m7/gnu/inc/tx_port.h **** typedef unsigned short                          USHORT;
 117:Middlewares/ST/threadx/ports/cortex_m7/gnu/inc/tx_port.h **** #define ULONG64_DEFINED
 118:Middlewares/ST/threadx/ports/cortex_m7/gnu/inc/tx_port.h **** 
 119:Middlewares/ST/threadx/ports/cortex_m7/gnu/inc/tx_port.h **** /* Define the priority levels for ThreadX.  Legal values range
 120:Middlewares/ST/threadx/ports/cortex_m7/gnu/inc/tx_port.h ****    from 32 to 1024 and MUST be evenly divisible by 32.  */
 121:Middlewares/ST/threadx/ports/cortex_m7/gnu/inc/tx_port.h **** 
 122:Middlewares/ST/threadx/ports/cortex_m7/gnu/inc/tx_port.h **** #ifndef TX_MAX_PRIORITIES
 123:Middlewares/ST/threadx/ports/cortex_m7/gnu/inc/tx_port.h **** #define TX_MAX_PRIORITIES                       32
 124:Middlewares/ST/threadx/ports/cortex_m7/gnu/inc/tx_port.h **** #endif
 125:Middlewares/ST/threadx/ports/cortex_m7/gnu/inc/tx_port.h **** 
 126:Middlewares/ST/threadx/ports/cortex_m7/gnu/inc/tx_port.h **** 
 127:Middlewares/ST/threadx/ports/cortex_m7/gnu/inc/tx_port.h **** /* Define the minimum stack for a ThreadX thread on this processor. If the size supplied during
 128:Middlewares/ST/threadx/ports/cortex_m7/gnu/inc/tx_port.h ****    thread creation is less than this value, the thread create call will return an error.  */
 129:Middlewares/ST/threadx/ports/cortex_m7/gnu/inc/tx_port.h **** 
 130:Middlewares/ST/threadx/ports/cortex_m7/gnu/inc/tx_port.h **** #ifndef TX_MINIMUM_STACK
 131:Middlewares/ST/threadx/ports/cortex_m7/gnu/inc/tx_port.h **** #define TX_MINIMUM_STACK                        200         /* Minimum stack size for this port  */
 132:Middlewares/ST/threadx/ports/cortex_m7/gnu/inc/tx_port.h **** #endif
 133:Middlewares/ST/threadx/ports/cortex_m7/gnu/inc/tx_port.h **** 
 134:Middlewares/ST/threadx/ports/cortex_m7/gnu/inc/tx_port.h **** 
 135:Middlewares/ST/threadx/ports/cortex_m7/gnu/inc/tx_port.h **** /* Define the system timer thread's default stack size and priority.  These are only applicable
 136:Middlewares/ST/threadx/ports/cortex_m7/gnu/inc/tx_port.h ****    if TX_TIMER_PROCESS_IN_ISR is not defined.  */
 137:Middlewares/ST/threadx/ports/cortex_m7/gnu/inc/tx_port.h **** 
 138:Middlewares/ST/threadx/ports/cortex_m7/gnu/inc/tx_port.h **** #ifndef TX_TIMER_THREAD_STACK_SIZE
ARM GAS  /tmp/ccV7eCc9.s 			page 6


 139:Middlewares/ST/threadx/ports/cortex_m7/gnu/inc/tx_port.h **** #define TX_TIMER_THREAD_STACK_SIZE              1024        /* Default timer thread stack size  */
 140:Middlewares/ST/threadx/ports/cortex_m7/gnu/inc/tx_port.h **** #endif
 141:Middlewares/ST/threadx/ports/cortex_m7/gnu/inc/tx_port.h **** 
 142:Middlewares/ST/threadx/ports/cortex_m7/gnu/inc/tx_port.h **** #ifndef TX_TIMER_THREAD_PRIORITY
 143:Middlewares/ST/threadx/ports/cortex_m7/gnu/inc/tx_port.h **** #define TX_TIMER_THREAD_PRIORITY                0           /* Default timer thread priority    */
 144:Middlewares/ST/threadx/ports/cortex_m7/gnu/inc/tx_port.h **** #endif
 145:Middlewares/ST/threadx/ports/cortex_m7/gnu/inc/tx_port.h **** 
 146:Middlewares/ST/threadx/ports/cortex_m7/gnu/inc/tx_port.h **** 
 147:Middlewares/ST/threadx/ports/cortex_m7/gnu/inc/tx_port.h **** /* Define various constants for the ThreadX Cortex-M port.  */
 148:Middlewares/ST/threadx/ports/cortex_m7/gnu/inc/tx_port.h **** 
 149:Middlewares/ST/threadx/ports/cortex_m7/gnu/inc/tx_port.h **** #define TX_INT_DISABLE                          1           /* Disable interrupts               */
 150:Middlewares/ST/threadx/ports/cortex_m7/gnu/inc/tx_port.h **** #define TX_INT_ENABLE                           0           /* Enable interrupts                */
 151:Middlewares/ST/threadx/ports/cortex_m7/gnu/inc/tx_port.h **** 
 152:Middlewares/ST/threadx/ports/cortex_m7/gnu/inc/tx_port.h **** 
 153:Middlewares/ST/threadx/ports/cortex_m7/gnu/inc/tx_port.h **** /* Define the clock source for trace event entry time stamp. The following two item are port specif
 154:Middlewares/ST/threadx/ports/cortex_m7/gnu/inc/tx_port.h ****    For example, if the time source is at the address 0x0a800024 and is 16-bits in size, the clock
 155:Middlewares/ST/threadx/ports/cortex_m7/gnu/inc/tx_port.h ****    source constants would be:
 156:Middlewares/ST/threadx/ports/cortex_m7/gnu/inc/tx_port.h **** 
 157:Middlewares/ST/threadx/ports/cortex_m7/gnu/inc/tx_port.h **** #define TX_TRACE_TIME_SOURCE                    *((ULONG *) 0x0a800024)
 158:Middlewares/ST/threadx/ports/cortex_m7/gnu/inc/tx_port.h **** #define TX_TRACE_TIME_MASK                      0x0000FFFFUL
 159:Middlewares/ST/threadx/ports/cortex_m7/gnu/inc/tx_port.h **** 
 160:Middlewares/ST/threadx/ports/cortex_m7/gnu/inc/tx_port.h **** */
 161:Middlewares/ST/threadx/ports/cortex_m7/gnu/inc/tx_port.h **** 
 162:Middlewares/ST/threadx/ports/cortex_m7/gnu/inc/tx_port.h **** #ifndef TX_MISRA_ENABLE
 163:Middlewares/ST/threadx/ports/cortex_m7/gnu/inc/tx_port.h **** #ifndef TX_TRACE_TIME_SOURCE
 164:Middlewares/ST/threadx/ports/cortex_m7/gnu/inc/tx_port.h **** #define TX_TRACE_TIME_SOURCE                    *((ULONG *) 0xE0001004)
 165:Middlewares/ST/threadx/ports/cortex_m7/gnu/inc/tx_port.h **** #endif
 166:Middlewares/ST/threadx/ports/cortex_m7/gnu/inc/tx_port.h **** #else
 167:Middlewares/ST/threadx/ports/cortex_m7/gnu/inc/tx_port.h **** ULONG   _tx_misra_time_stamp_get(VOID);
 168:Middlewares/ST/threadx/ports/cortex_m7/gnu/inc/tx_port.h **** #define TX_TRACE_TIME_SOURCE                    _tx_misra_time_stamp_get()
 169:Middlewares/ST/threadx/ports/cortex_m7/gnu/inc/tx_port.h **** #endif
 170:Middlewares/ST/threadx/ports/cortex_m7/gnu/inc/tx_port.h **** 
 171:Middlewares/ST/threadx/ports/cortex_m7/gnu/inc/tx_port.h **** #ifndef TX_TRACE_TIME_MASK
 172:Middlewares/ST/threadx/ports/cortex_m7/gnu/inc/tx_port.h **** #define TX_TRACE_TIME_MASK                      0xFFFFFFFFUL
 173:Middlewares/ST/threadx/ports/cortex_m7/gnu/inc/tx_port.h **** #endif
 174:Middlewares/ST/threadx/ports/cortex_m7/gnu/inc/tx_port.h **** 
 175:Middlewares/ST/threadx/ports/cortex_m7/gnu/inc/tx_port.h **** #ifdef __ghs__
 176:Middlewares/ST/threadx/ports/cortex_m7/gnu/inc/tx_port.h **** /* Define constants for Green Hills EventAnalyzer.  */
 177:Middlewares/ST/threadx/ports/cortex_m7/gnu/inc/tx_port.h **** 
 178:Middlewares/ST/threadx/ports/cortex_m7/gnu/inc/tx_port.h **** /* Define the number of ticks per second. This informs the EventAnalyzer what the timestamps
 179:Middlewares/ST/threadx/ports/cortex_m7/gnu/inc/tx_port.h ****    represent.  By default, this is set to 1,000,000 i.e., one tick every microsecond. */
 180:Middlewares/ST/threadx/ports/cortex_m7/gnu/inc/tx_port.h **** 
 181:Middlewares/ST/threadx/ports/cortex_m7/gnu/inc/tx_port.h **** #define TX_EL_TICKS_PER_SECOND                  1000000
 182:Middlewares/ST/threadx/ports/cortex_m7/gnu/inc/tx_port.h **** 
 183:Middlewares/ST/threadx/ports/cortex_m7/gnu/inc/tx_port.h **** /* Define the method of how to get the upper and lower 32-bits of the time stamp. By default, simpl
 184:Middlewares/ST/threadx/ports/cortex_m7/gnu/inc/tx_port.h ****    simulate the time-stamp source with a counter.  */
 185:Middlewares/ST/threadx/ports/cortex_m7/gnu/inc/tx_port.h **** 
 186:Middlewares/ST/threadx/ports/cortex_m7/gnu/inc/tx_port.h **** #define read_tbu()                              _tx_el_time_base_upper
 187:Middlewares/ST/threadx/ports/cortex_m7/gnu/inc/tx_port.h **** #define read_tbl()                              ++_tx_el_time_base_lower
 188:Middlewares/ST/threadx/ports/cortex_m7/gnu/inc/tx_port.h **** #endif  /* __ghs__ */
 189:Middlewares/ST/threadx/ports/cortex_m7/gnu/inc/tx_port.h **** 
 190:Middlewares/ST/threadx/ports/cortex_m7/gnu/inc/tx_port.h **** /* Define the port specific options for the _tx_build_options variable. This variable indicates
 191:Middlewares/ST/threadx/ports/cortex_m7/gnu/inc/tx_port.h ****    how the ThreadX library was built.  */
 192:Middlewares/ST/threadx/ports/cortex_m7/gnu/inc/tx_port.h **** 
 193:Middlewares/ST/threadx/ports/cortex_m7/gnu/inc/tx_port.h **** #define TX_PORT_SPECIFIC_BUILD_OPTIONS          (0)
 194:Middlewares/ST/threadx/ports/cortex_m7/gnu/inc/tx_port.h **** 
 195:Middlewares/ST/threadx/ports/cortex_m7/gnu/inc/tx_port.h **** 
ARM GAS  /tmp/ccV7eCc9.s 			page 7


 196:Middlewares/ST/threadx/ports/cortex_m7/gnu/inc/tx_port.h **** /* Define the in-line initialization constant so that modules with in-line
 197:Middlewares/ST/threadx/ports/cortex_m7/gnu/inc/tx_port.h ****    initialization capabilities can prevent their initialization from being
 198:Middlewares/ST/threadx/ports/cortex_m7/gnu/inc/tx_port.h ****    a function call.  */
 199:Middlewares/ST/threadx/ports/cortex_m7/gnu/inc/tx_port.h **** 
 200:Middlewares/ST/threadx/ports/cortex_m7/gnu/inc/tx_port.h **** #ifdef TX_MISRA_ENABLE
 201:Middlewares/ST/threadx/ports/cortex_m7/gnu/inc/tx_port.h **** #define TX_DISABLE_INLINE
 202:Middlewares/ST/threadx/ports/cortex_m7/gnu/inc/tx_port.h **** #else
 203:Middlewares/ST/threadx/ports/cortex_m7/gnu/inc/tx_port.h **** #define TX_INLINE_INITIALIZATION
 204:Middlewares/ST/threadx/ports/cortex_m7/gnu/inc/tx_port.h **** #endif
 205:Middlewares/ST/threadx/ports/cortex_m7/gnu/inc/tx_port.h **** 
 206:Middlewares/ST/threadx/ports/cortex_m7/gnu/inc/tx_port.h **** 
 207:Middlewares/ST/threadx/ports/cortex_m7/gnu/inc/tx_port.h **** /* Determine whether or not stack checking is enabled. By default, ThreadX stack checking is
 208:Middlewares/ST/threadx/ports/cortex_m7/gnu/inc/tx_port.h ****    disabled. When the following is defined, ThreadX thread stack checking is enabled.  If stack
 209:Middlewares/ST/threadx/ports/cortex_m7/gnu/inc/tx_port.h ****    checking is enabled (TX_ENABLE_STACK_CHECKING is defined), the TX_DISABLE_STACK_FILLING
 210:Middlewares/ST/threadx/ports/cortex_m7/gnu/inc/tx_port.h ****    define is negated, thereby forcing the stack fill which is necessary for the stack checking
 211:Middlewares/ST/threadx/ports/cortex_m7/gnu/inc/tx_port.h ****    logic.  */
 212:Middlewares/ST/threadx/ports/cortex_m7/gnu/inc/tx_port.h **** 
 213:Middlewares/ST/threadx/ports/cortex_m7/gnu/inc/tx_port.h **** #ifndef TX_MISRA_ENABLE
 214:Middlewares/ST/threadx/ports/cortex_m7/gnu/inc/tx_port.h **** #ifdef TX_ENABLE_STACK_CHECKING
 215:Middlewares/ST/threadx/ports/cortex_m7/gnu/inc/tx_port.h **** #undef TX_DISABLE_STACK_FILLING
 216:Middlewares/ST/threadx/ports/cortex_m7/gnu/inc/tx_port.h **** #endif
 217:Middlewares/ST/threadx/ports/cortex_m7/gnu/inc/tx_port.h **** #endif
 218:Middlewares/ST/threadx/ports/cortex_m7/gnu/inc/tx_port.h **** 
 219:Middlewares/ST/threadx/ports/cortex_m7/gnu/inc/tx_port.h **** 
 220:Middlewares/ST/threadx/ports/cortex_m7/gnu/inc/tx_port.h **** /* Define the TX_THREAD control block extensions for this port. The main reason
 221:Middlewares/ST/threadx/ports/cortex_m7/gnu/inc/tx_port.h ****    for the multiple macros is so that backward compatibility can be maintained with
 222:Middlewares/ST/threadx/ports/cortex_m7/gnu/inc/tx_port.h ****    existing ThreadX kernel awareness modules.  */
 223:Middlewares/ST/threadx/ports/cortex_m7/gnu/inc/tx_port.h **** 
 224:Middlewares/ST/threadx/ports/cortex_m7/gnu/inc/tx_port.h **** #define TX_THREAD_EXTENSION_0
 225:Middlewares/ST/threadx/ports/cortex_m7/gnu/inc/tx_port.h **** #define TX_THREAD_EXTENSION_1
 226:Middlewares/ST/threadx/ports/cortex_m7/gnu/inc/tx_port.h **** #ifdef  TX_ENABLE_IAR_LIBRARY_SUPPORT
 227:Middlewares/ST/threadx/ports/cortex_m7/gnu/inc/tx_port.h **** #define TX_THREAD_EXTENSION_2           VOID    *tx_thread_iar_tls_pointer;
 228:Middlewares/ST/threadx/ports/cortex_m7/gnu/inc/tx_port.h **** #elif defined(__ghs__)
 229:Middlewares/ST/threadx/ports/cortex_m7/gnu/inc/tx_port.h **** #define TX_THREAD_EXTENSION_2           VOID *  tx_thread_eh_globals;                           \
 230:Middlewares/ST/threadx/ports/cortex_m7/gnu/inc/tx_port.h ****                                         int     Errno;             /* errno.  */                \
 231:Middlewares/ST/threadx/ports/cortex_m7/gnu/inc/tx_port.h ****                                         char *  strtok_saved_pos;  /* strtok() position.  */
 232:Middlewares/ST/threadx/ports/cortex_m7/gnu/inc/tx_port.h **** #else
 233:Middlewares/ST/threadx/ports/cortex_m7/gnu/inc/tx_port.h **** #define TX_THREAD_EXTENSION_2
 234:Middlewares/ST/threadx/ports/cortex_m7/gnu/inc/tx_port.h **** #endif
 235:Middlewares/ST/threadx/ports/cortex_m7/gnu/inc/tx_port.h **** 
 236:Middlewares/ST/threadx/ports/cortex_m7/gnu/inc/tx_port.h **** 
 237:Middlewares/ST/threadx/ports/cortex_m7/gnu/inc/tx_port.h **** #define TX_THREAD_EXTENSION_3
 238:Middlewares/ST/threadx/ports/cortex_m7/gnu/inc/tx_port.h **** 
 239:Middlewares/ST/threadx/ports/cortex_m7/gnu/inc/tx_port.h **** 
 240:Middlewares/ST/threadx/ports/cortex_m7/gnu/inc/tx_port.h **** 
 241:Middlewares/ST/threadx/ports/cortex_m7/gnu/inc/tx_port.h **** /* Define the port extensions of the remaining ThreadX objects.  */
 242:Middlewares/ST/threadx/ports/cortex_m7/gnu/inc/tx_port.h **** 
 243:Middlewares/ST/threadx/ports/cortex_m7/gnu/inc/tx_port.h **** #define TX_BLOCK_POOL_EXTENSION
 244:Middlewares/ST/threadx/ports/cortex_m7/gnu/inc/tx_port.h **** #define TX_BYTE_POOL_EXTENSION
 245:Middlewares/ST/threadx/ports/cortex_m7/gnu/inc/tx_port.h **** #define TX_EVENT_FLAGS_GROUP_EXTENSION
 246:Middlewares/ST/threadx/ports/cortex_m7/gnu/inc/tx_port.h **** #define TX_MUTEX_EXTENSION
 247:Middlewares/ST/threadx/ports/cortex_m7/gnu/inc/tx_port.h **** #define TX_QUEUE_EXTENSION
 248:Middlewares/ST/threadx/ports/cortex_m7/gnu/inc/tx_port.h **** #define TX_SEMAPHORE_EXTENSION
 249:Middlewares/ST/threadx/ports/cortex_m7/gnu/inc/tx_port.h **** #define TX_TIMER_EXTENSION
 250:Middlewares/ST/threadx/ports/cortex_m7/gnu/inc/tx_port.h **** 
 251:Middlewares/ST/threadx/ports/cortex_m7/gnu/inc/tx_port.h **** 
 252:Middlewares/ST/threadx/ports/cortex_m7/gnu/inc/tx_port.h **** /* Define the user extension field of the thread control block.  Nothing
ARM GAS  /tmp/ccV7eCc9.s 			page 8


 253:Middlewares/ST/threadx/ports/cortex_m7/gnu/inc/tx_port.h ****    additional is needed for this port so it is defined as white space.  */
 254:Middlewares/ST/threadx/ports/cortex_m7/gnu/inc/tx_port.h **** 
 255:Middlewares/ST/threadx/ports/cortex_m7/gnu/inc/tx_port.h **** #ifndef TX_THREAD_USER_EXTENSION
 256:Middlewares/ST/threadx/ports/cortex_m7/gnu/inc/tx_port.h **** #define TX_THREAD_USER_EXTENSION
 257:Middlewares/ST/threadx/ports/cortex_m7/gnu/inc/tx_port.h **** #endif
 258:Middlewares/ST/threadx/ports/cortex_m7/gnu/inc/tx_port.h **** 
 259:Middlewares/ST/threadx/ports/cortex_m7/gnu/inc/tx_port.h **** 
 260:Middlewares/ST/threadx/ports/cortex_m7/gnu/inc/tx_port.h **** /* Define the macros for processing extensions in tx_thread_create, tx_thread_delete,
 261:Middlewares/ST/threadx/ports/cortex_m7/gnu/inc/tx_port.h ****    tx_thread_shell_entry, and tx_thread_terminate.  */
 262:Middlewares/ST/threadx/ports/cortex_m7/gnu/inc/tx_port.h **** 
 263:Middlewares/ST/threadx/ports/cortex_m7/gnu/inc/tx_port.h **** 
 264:Middlewares/ST/threadx/ports/cortex_m7/gnu/inc/tx_port.h **** #ifdef  TX_ENABLE_IAR_LIBRARY_SUPPORT
 265:Middlewares/ST/threadx/ports/cortex_m7/gnu/inc/tx_port.h **** #if (__VER__ < 8000000)
 266:Middlewares/ST/threadx/ports/cortex_m7/gnu/inc/tx_port.h **** #define TX_THREAD_CREATE_EXTENSION(thread_ptr)                      thread_ptr -> tx_thread_iar_tls
 267:Middlewares/ST/threadx/ports/cortex_m7/gnu/inc/tx_port.h **** #define TX_THREAD_DELETE_EXTENSION(thread_ptr)                      __iar_dlib_perthread_deallocate
 268:Middlewares/ST/threadx/ports/cortex_m7/gnu/inc/tx_port.h ****                                                                     thread_ptr -> tx_thread_iar_tls
 269:Middlewares/ST/threadx/ports/cortex_m7/gnu/inc/tx_port.h **** #define TX_PORT_SPECIFIC_PRE_SCHEDULER_INITIALIZATION               __iar_dlib_perthread_access(0);
 270:Middlewares/ST/threadx/ports/cortex_m7/gnu/inc/tx_port.h **** #else
 271:Middlewares/ST/threadx/ports/cortex_m7/gnu/inc/tx_port.h **** void    *_tx_iar_create_per_thread_tls_area(void);
 272:Middlewares/ST/threadx/ports/cortex_m7/gnu/inc/tx_port.h **** void    _tx_iar_destroy_per_thread_tls_area(void *tls_ptr);
 273:Middlewares/ST/threadx/ports/cortex_m7/gnu/inc/tx_port.h **** void    __iar_Initlocks(void);
 274:Middlewares/ST/threadx/ports/cortex_m7/gnu/inc/tx_port.h **** 
 275:Middlewares/ST/threadx/ports/cortex_m7/gnu/inc/tx_port.h **** #define TX_THREAD_CREATE_EXTENSION(thread_ptr)                      thread_ptr -> tx_thread_iar_tls
 276:Middlewares/ST/threadx/ports/cortex_m7/gnu/inc/tx_port.h **** #define TX_THREAD_DELETE_EXTENSION(thread_ptr)                      do {_tx_iar_destroy_per_thread_
 277:Middlewares/ST/threadx/ports/cortex_m7/gnu/inc/tx_port.h ****                                                                         thread_ptr -> tx_thread_iar
 278:Middlewares/ST/threadx/ports/cortex_m7/gnu/inc/tx_port.h **** #define TX_PORT_SPECIFIC_PRE_SCHEDULER_INITIALIZATION               do {__iar_Initlocks();} while(0
 279:Middlewares/ST/threadx/ports/cortex_m7/gnu/inc/tx_port.h **** #endif
 280:Middlewares/ST/threadx/ports/cortex_m7/gnu/inc/tx_port.h **** #else
 281:Middlewares/ST/threadx/ports/cortex_m7/gnu/inc/tx_port.h **** #define TX_THREAD_CREATE_EXTENSION(thread_ptr)
 282:Middlewares/ST/threadx/ports/cortex_m7/gnu/inc/tx_port.h **** #define TX_THREAD_DELETE_EXTENSION(thread_ptr)
 283:Middlewares/ST/threadx/ports/cortex_m7/gnu/inc/tx_port.h **** #endif
 284:Middlewares/ST/threadx/ports/cortex_m7/gnu/inc/tx_port.h **** 
 285:Middlewares/ST/threadx/ports/cortex_m7/gnu/inc/tx_port.h **** #if defined(__ARMVFP__) || defined(__ARM_PCS_VFP) || defined(__ARM_FP) || defined(__TARGET_FPU_VFP)
 286:Middlewares/ST/threadx/ports/cortex_m7/gnu/inc/tx_port.h **** 
 287:Middlewares/ST/threadx/ports/cortex_m7/gnu/inc/tx_port.h **** #ifdef TX_MISRA_ENABLE
 288:Middlewares/ST/threadx/ports/cortex_m7/gnu/inc/tx_port.h **** 
 289:Middlewares/ST/threadx/ports/cortex_m7/gnu/inc/tx_port.h **** ULONG  _tx_misra_control_get(void);
 290:Middlewares/ST/threadx/ports/cortex_m7/gnu/inc/tx_port.h **** void   _tx_misra_control_set(ULONG value);
 291:Middlewares/ST/threadx/ports/cortex_m7/gnu/inc/tx_port.h **** ULONG  _tx_misra_fpccr_get(void);
 292:Middlewares/ST/threadx/ports/cortex_m7/gnu/inc/tx_port.h **** void   _tx_misra_vfp_touch(void);
 293:Middlewares/ST/threadx/ports/cortex_m7/gnu/inc/tx_port.h **** 
 294:Middlewares/ST/threadx/ports/cortex_m7/gnu/inc/tx_port.h **** #else   /* TX_MISRA_ENABLE not defined */
 295:Middlewares/ST/threadx/ports/cortex_m7/gnu/inc/tx_port.h **** 
 296:Middlewares/ST/threadx/ports/cortex_m7/gnu/inc/tx_port.h **** /* Define some helper functions (these are intrinsics in some compilers). */
 297:Middlewares/ST/threadx/ports/cortex_m7/gnu/inc/tx_port.h **** #ifdef __GNUC__ /* GCC and ARM Compiler 6 */
 298:Middlewares/ST/threadx/ports/cortex_m7/gnu/inc/tx_port.h **** 
 299:Middlewares/ST/threadx/ports/cortex_m7/gnu/inc/tx_port.h **** __attribute__( ( always_inline ) ) static inline ULONG __get_control_value(void)
 300:Middlewares/ST/threadx/ports/cortex_m7/gnu/inc/tx_port.h **** {
 301:Middlewares/ST/threadx/ports/cortex_m7/gnu/inc/tx_port.h **** ULONG  control_value;
 302:Middlewares/ST/threadx/ports/cortex_m7/gnu/inc/tx_port.h **** 
 303:Middlewares/ST/threadx/ports/cortex_m7/gnu/inc/tx_port.h ****     __asm__ volatile (" MRS  %0,CONTROL ": "=r" (control_value) );
 304:Middlewares/ST/threadx/ports/cortex_m7/gnu/inc/tx_port.h ****     return(control_value);
 305:Middlewares/ST/threadx/ports/cortex_m7/gnu/inc/tx_port.h **** }
 306:Middlewares/ST/threadx/ports/cortex_m7/gnu/inc/tx_port.h **** 
 307:Middlewares/ST/threadx/ports/cortex_m7/gnu/inc/tx_port.h **** __attribute__( ( always_inline ) ) static inline void __set_control_value(ULONG control_value)
 308:Middlewares/ST/threadx/ports/cortex_m7/gnu/inc/tx_port.h **** {
 309:Middlewares/ST/threadx/ports/cortex_m7/gnu/inc/tx_port.h ****     __asm__ volatile (" MSR  CONTROL,%0": : "r" (control_value): "memory" );
ARM GAS  /tmp/ccV7eCc9.s 			page 9


 310:Middlewares/ST/threadx/ports/cortex_m7/gnu/inc/tx_port.h **** }
 311:Middlewares/ST/threadx/ports/cortex_m7/gnu/inc/tx_port.h **** 
 312:Middlewares/ST/threadx/ports/cortex_m7/gnu/inc/tx_port.h **** #define TX_VFP_TOUCH()  __asm__ volatile ("VMOV.F32 s0, s0");
 313:Middlewares/ST/threadx/ports/cortex_m7/gnu/inc/tx_port.h **** 
 314:Middlewares/ST/threadx/ports/cortex_m7/gnu/inc/tx_port.h **** #elif defined(__CC_ARM) /* ARM Compiler 5 */
 315:Middlewares/ST/threadx/ports/cortex_m7/gnu/inc/tx_port.h **** 
 316:Middlewares/ST/threadx/ports/cortex_m7/gnu/inc/tx_port.h **** __attribute__( ( always_inline ) ) ULONG __get_control_value(void)
 317:Middlewares/ST/threadx/ports/cortex_m7/gnu/inc/tx_port.h **** {
 318:Middlewares/ST/threadx/ports/cortex_m7/gnu/inc/tx_port.h **** ULONG  control_value;
 319:Middlewares/ST/threadx/ports/cortex_m7/gnu/inc/tx_port.h **** 
 320:Middlewares/ST/threadx/ports/cortex_m7/gnu/inc/tx_port.h ****     __asm volatile ("MRS control_value,CONTROL");
 321:Middlewares/ST/threadx/ports/cortex_m7/gnu/inc/tx_port.h ****     return(control_value);
 322:Middlewares/ST/threadx/ports/cortex_m7/gnu/inc/tx_port.h **** }
 323:Middlewares/ST/threadx/ports/cortex_m7/gnu/inc/tx_port.h **** 
 324:Middlewares/ST/threadx/ports/cortex_m7/gnu/inc/tx_port.h **** __attribute__( ( always_inline ) ) void __set_control_value(ULONG control_value)
 325:Middlewares/ST/threadx/ports/cortex_m7/gnu/inc/tx_port.h **** {
 326:Middlewares/ST/threadx/ports/cortex_m7/gnu/inc/tx_port.h ****     __asm__ volatile ("MSR CONTROL,control_value");
 327:Middlewares/ST/threadx/ports/cortex_m7/gnu/inc/tx_port.h **** }
 328:Middlewares/ST/threadx/ports/cortex_m7/gnu/inc/tx_port.h **** /* Can't access VFP registers with inline asm, so define this in tx_thread_schedule.  */
 329:Middlewares/ST/threadx/ports/cortex_m7/gnu/inc/tx_port.h **** void _tx_vfp_access(void);
 330:Middlewares/ST/threadx/ports/cortex_m7/gnu/inc/tx_port.h **** #define TX_VFP_TOUCH()  _tx_vfp_access();
 331:Middlewares/ST/threadx/ports/cortex_m7/gnu/inc/tx_port.h **** 
 332:Middlewares/ST/threadx/ports/cortex_m7/gnu/inc/tx_port.h **** #elif defined(__ICCARM__)  /* IAR */
 333:Middlewares/ST/threadx/ports/cortex_m7/gnu/inc/tx_port.h **** #define TX_VFP_TOUCH()  __asm__ volatile ("VMOV.F32 s0, s0");
 334:Middlewares/ST/threadx/ports/cortex_m7/gnu/inc/tx_port.h **** #endif  /* Helper functions for different compilers */
 335:Middlewares/ST/threadx/ports/cortex_m7/gnu/inc/tx_port.h **** 
 336:Middlewares/ST/threadx/ports/cortex_m7/gnu/inc/tx_port.h **** #endif  /* TX_MISRA_ENABLE */
 337:Middlewares/ST/threadx/ports/cortex_m7/gnu/inc/tx_port.h **** 
 338:Middlewares/ST/threadx/ports/cortex_m7/gnu/inc/tx_port.h **** 
 339:Middlewares/ST/threadx/ports/cortex_m7/gnu/inc/tx_port.h **** /* A completed thread falls into _thread_shell_entry and we can simply deactivate the FPU via CONTR
 340:Middlewares/ST/threadx/ports/cortex_m7/gnu/inc/tx_port.h ****    in order to ensure no lazy stacking will occur. */
 341:Middlewares/ST/threadx/ports/cortex_m7/gnu/inc/tx_port.h **** 
 342:Middlewares/ST/threadx/ports/cortex_m7/gnu/inc/tx_port.h **** #ifndef TX_MISRA_ENABLE
 343:Middlewares/ST/threadx/ports/cortex_m7/gnu/inc/tx_port.h **** 
 344:Middlewares/ST/threadx/ports/cortex_m7/gnu/inc/tx_port.h **** #define TX_THREAD_COMPLETED_EXTENSION(thread_ptr)   {                                              
 345:Middlewares/ST/threadx/ports/cortex_m7/gnu/inc/tx_port.h ****                                                     ULONG  _tx_vfp_state;                          
 346:Middlewares/ST/threadx/ports/cortex_m7/gnu/inc/tx_port.h ****                                                         _tx_vfp_state =  __get_control_value();    
 347:Middlewares/ST/threadx/ports/cortex_m7/gnu/inc/tx_port.h ****                                                         _tx_vfp_state =  _tx_vfp_state & ~((ULONG) 
 348:Middlewares/ST/threadx/ports/cortex_m7/gnu/inc/tx_port.h ****                                                         __set_control_value(_tx_vfp_state);        
 349:Middlewares/ST/threadx/ports/cortex_m7/gnu/inc/tx_port.h ****                                                     }
 350:Middlewares/ST/threadx/ports/cortex_m7/gnu/inc/tx_port.h **** #else
 351:Middlewares/ST/threadx/ports/cortex_m7/gnu/inc/tx_port.h **** 
 352:Middlewares/ST/threadx/ports/cortex_m7/gnu/inc/tx_port.h **** #define TX_THREAD_COMPLETED_EXTENSION(thread_ptr)   {                                              
 353:Middlewares/ST/threadx/ports/cortex_m7/gnu/inc/tx_port.h ****                                                     ULONG  _tx_vfp_state;                          
 354:Middlewares/ST/threadx/ports/cortex_m7/gnu/inc/tx_port.h ****                                                         _tx_vfp_state =  _tx_misra_control_get();  
 355:Middlewares/ST/threadx/ports/cortex_m7/gnu/inc/tx_port.h ****                                                         _tx_vfp_state =  _tx_vfp_state & ~((ULONG) 
 356:Middlewares/ST/threadx/ports/cortex_m7/gnu/inc/tx_port.h ****                                                         _tx_misra_control_set(_tx_vfp_state);      
 357:Middlewares/ST/threadx/ports/cortex_m7/gnu/inc/tx_port.h ****                                                     }
 358:Middlewares/ST/threadx/ports/cortex_m7/gnu/inc/tx_port.h **** 
 359:Middlewares/ST/threadx/ports/cortex_m7/gnu/inc/tx_port.h **** #endif
 360:Middlewares/ST/threadx/ports/cortex_m7/gnu/inc/tx_port.h **** 
 361:Middlewares/ST/threadx/ports/cortex_m7/gnu/inc/tx_port.h **** /* A thread can be terminated by another thread, so we first check if it's self-terminating and not
 362:Middlewares/ST/threadx/ports/cortex_m7/gnu/inc/tx_port.h ****    If so, deactivate the FPU via CONTROL.FPCA. Otherwise we are in an interrupt or another thread i
 363:Middlewares/ST/threadx/ports/cortex_m7/gnu/inc/tx_port.h ****    this one, so if the FPCCR.LSPACT bit is set, we need to save the CONTROL.FPCA state, touch the F
 364:Middlewares/ST/threadx/ports/cortex_m7/gnu/inc/tx_port.h ****    the lazy FPU save, then restore the CONTROL.FPCA state. */
 365:Middlewares/ST/threadx/ports/cortex_m7/gnu/inc/tx_port.h **** 
 366:Middlewares/ST/threadx/ports/cortex_m7/gnu/inc/tx_port.h **** #ifndef TX_MISRA_ENABLE
ARM GAS  /tmp/ccV7eCc9.s 			page 10


 367:Middlewares/ST/threadx/ports/cortex_m7/gnu/inc/tx_port.h **** 
 368:Middlewares/ST/threadx/ports/cortex_m7/gnu/inc/tx_port.h **** #define TX_THREAD_TERMINATED_EXTENSION(thread_ptr)  {                                              
 369:Middlewares/ST/threadx/ports/cortex_m7/gnu/inc/tx_port.h ****                                                     ULONG  _tx_system_state;                       
 370:Middlewares/ST/threadx/ports/cortex_m7/gnu/inc/tx_port.h ****                                                         _tx_system_state =  TX_THREAD_GET_SYSTEM_ST
 371:Middlewares/ST/threadx/ports/cortex_m7/gnu/inc/tx_port.h ****                                                         if ((_tx_system_state == ((ULONG) 0)) && ((
 372:Middlewares/ST/threadx/ports/cortex_m7/gnu/inc/tx_port.h ****                                                         {                                          
 373:Middlewares/ST/threadx/ports/cortex_m7/gnu/inc/tx_port.h ****                                                         ULONG  _tx_vfp_state;                      
 374:Middlewares/ST/threadx/ports/cortex_m7/gnu/inc/tx_port.h ****                                                             _tx_vfp_state =  __get_control_value();
 375:Middlewares/ST/threadx/ports/cortex_m7/gnu/inc/tx_port.h ****                                                             _tx_vfp_state =  _tx_vfp_state & ~((ULO
 376:Middlewares/ST/threadx/ports/cortex_m7/gnu/inc/tx_port.h ****                                                             __set_control_value(_tx_vfp_state);    
 377:Middlewares/ST/threadx/ports/cortex_m7/gnu/inc/tx_port.h ****                                                         }                                          
 378:Middlewares/ST/threadx/ports/cortex_m7/gnu/inc/tx_port.h ****                                                         else                                       
 379:Middlewares/ST/threadx/ports/cortex_m7/gnu/inc/tx_port.h ****                                                         {                                          
 380:Middlewares/ST/threadx/ports/cortex_m7/gnu/inc/tx_port.h ****                                                         ULONG  _tx_fpccr;                          
 381:Middlewares/ST/threadx/ports/cortex_m7/gnu/inc/tx_port.h ****                                                             _tx_fpccr =  *((ULONG *) 0xE000EF34);  
 382:Middlewares/ST/threadx/ports/cortex_m7/gnu/inc/tx_port.h ****                                                             _tx_fpccr =  _tx_fpccr & ((ULONG) 0x01)
 383:Middlewares/ST/threadx/ports/cortex_m7/gnu/inc/tx_port.h ****                                                             if (_tx_fpccr == ((ULONG) 0x01))       
 384:Middlewares/ST/threadx/ports/cortex_m7/gnu/inc/tx_port.h ****                                                             {                                      
 385:Middlewares/ST/threadx/ports/cortex_m7/gnu/inc/tx_port.h ****                                                             ULONG _tx_vfp_state;                   
 386:Middlewares/ST/threadx/ports/cortex_m7/gnu/inc/tx_port.h ****                                                                 _tx_vfp_state = __get_control_value
 387:Middlewares/ST/threadx/ports/cortex_m7/gnu/inc/tx_port.h ****                                                                 _tx_vfp_state =  _tx_vfp_state & ((
 388:Middlewares/ST/threadx/ports/cortex_m7/gnu/inc/tx_port.h ****                                                                 TX_VFP_TOUCH();                    
 389:Middlewares/ST/threadx/ports/cortex_m7/gnu/inc/tx_port.h ****                                                                 if (_tx_vfp_state == ((ULONG) 0))  
 390:Middlewares/ST/threadx/ports/cortex_m7/gnu/inc/tx_port.h ****                                                                 {                                  
 391:Middlewares/ST/threadx/ports/cortex_m7/gnu/inc/tx_port.h ****                                                                     _tx_vfp_state =  __get_control_
 392:Middlewares/ST/threadx/ports/cortex_m7/gnu/inc/tx_port.h ****                                                                     _tx_vfp_state =  _tx_vfp_state 
 393:Middlewares/ST/threadx/ports/cortex_m7/gnu/inc/tx_port.h ****                                                                     __set_control_value(_tx_vfp_sta
 394:Middlewares/ST/threadx/ports/cortex_m7/gnu/inc/tx_port.h ****                                                                 }                                  
 395:Middlewares/ST/threadx/ports/cortex_m7/gnu/inc/tx_port.h ****                                                             }                                      
 396:Middlewares/ST/threadx/ports/cortex_m7/gnu/inc/tx_port.h ****                                                         }                                          
 397:Middlewares/ST/threadx/ports/cortex_m7/gnu/inc/tx_port.h ****                                                     }
 398:Middlewares/ST/threadx/ports/cortex_m7/gnu/inc/tx_port.h **** #else
 399:Middlewares/ST/threadx/ports/cortex_m7/gnu/inc/tx_port.h **** 
 400:Middlewares/ST/threadx/ports/cortex_m7/gnu/inc/tx_port.h **** #define TX_THREAD_TERMINATED_EXTENSION(thread_ptr)  {                                              
 401:Middlewares/ST/threadx/ports/cortex_m7/gnu/inc/tx_port.h ****                                                     ULONG  _tx_system_state;                       
 402:Middlewares/ST/threadx/ports/cortex_m7/gnu/inc/tx_port.h ****                                                         _tx_system_state =  TX_THREAD_GET_SYSTEM_ST
 403:Middlewares/ST/threadx/ports/cortex_m7/gnu/inc/tx_port.h ****                                                         if ((_tx_system_state == ((ULONG) 0)) && ((
 404:Middlewares/ST/threadx/ports/cortex_m7/gnu/inc/tx_port.h ****                                                         {                                          
 405:Middlewares/ST/threadx/ports/cortex_m7/gnu/inc/tx_port.h ****                                                         ULONG  _tx_vfp_state;                      
 406:Middlewares/ST/threadx/ports/cortex_m7/gnu/inc/tx_port.h ****                                                             _tx_vfp_state =  _tx_misra_control_get(
 407:Middlewares/ST/threadx/ports/cortex_m7/gnu/inc/tx_port.h ****                                                             _tx_vfp_state =  _tx_vfp_state & ~((ULO
 408:Middlewares/ST/threadx/ports/cortex_m7/gnu/inc/tx_port.h ****                                                             _tx_misra_control_set(_tx_vfp_state);  
 409:Middlewares/ST/threadx/ports/cortex_m7/gnu/inc/tx_port.h ****                                                         }                                          
 410:Middlewares/ST/threadx/ports/cortex_m7/gnu/inc/tx_port.h ****                                                         else                                       
 411:Middlewares/ST/threadx/ports/cortex_m7/gnu/inc/tx_port.h ****                                                         {                                          
 412:Middlewares/ST/threadx/ports/cortex_m7/gnu/inc/tx_port.h ****                                                         ULONG  _tx_fpccr;                          
 413:Middlewares/ST/threadx/ports/cortex_m7/gnu/inc/tx_port.h ****                                                             _tx_fpccr =  _tx_misra_fpccr_get();    
 414:Middlewares/ST/threadx/ports/cortex_m7/gnu/inc/tx_port.h ****                                                             _tx_fpccr =  _tx_fpccr & ((ULONG) 0x01)
 415:Middlewares/ST/threadx/ports/cortex_m7/gnu/inc/tx_port.h ****                                                             if (_tx_fpccr == ((ULONG) 0x01))       
 416:Middlewares/ST/threadx/ports/cortex_m7/gnu/inc/tx_port.h ****                                                             {                                      
 417:Middlewares/ST/threadx/ports/cortex_m7/gnu/inc/tx_port.h ****                                                             ULONG _tx_vfp_state;                   
 418:Middlewares/ST/threadx/ports/cortex_m7/gnu/inc/tx_port.h ****                                                                 _tx_vfp_state = _tx_misra_control_g
 419:Middlewares/ST/threadx/ports/cortex_m7/gnu/inc/tx_port.h ****                                                                 _tx_vfp_state =  _tx_vfp_state & ((
 420:Middlewares/ST/threadx/ports/cortex_m7/gnu/inc/tx_port.h ****                                                                 _tx_misra_vfp_touch();             
 421:Middlewares/ST/threadx/ports/cortex_m7/gnu/inc/tx_port.h ****                                                                 if (_tx_vfp_state == ((ULONG) 0))  
 422:Middlewares/ST/threadx/ports/cortex_m7/gnu/inc/tx_port.h ****                                                                 {                                  
 423:Middlewares/ST/threadx/ports/cortex_m7/gnu/inc/tx_port.h ****                                                                     _tx_vfp_state =  _tx_misra_cont
ARM GAS  /tmp/ccV7eCc9.s 			page 11


 424:Middlewares/ST/threadx/ports/cortex_m7/gnu/inc/tx_port.h ****                                                                     _tx_vfp_state =  _tx_vfp_state 
 425:Middlewares/ST/threadx/ports/cortex_m7/gnu/inc/tx_port.h ****                                                                     _tx_misra_control_set(_tx_vfp_s
 426:Middlewares/ST/threadx/ports/cortex_m7/gnu/inc/tx_port.h ****                                                                 }                                  
 427:Middlewares/ST/threadx/ports/cortex_m7/gnu/inc/tx_port.h ****                                                             }                                      
 428:Middlewares/ST/threadx/ports/cortex_m7/gnu/inc/tx_port.h ****                                                         }                                          
 429:Middlewares/ST/threadx/ports/cortex_m7/gnu/inc/tx_port.h ****                                                     }
 430:Middlewares/ST/threadx/ports/cortex_m7/gnu/inc/tx_port.h **** #endif
 431:Middlewares/ST/threadx/ports/cortex_m7/gnu/inc/tx_port.h **** 
 432:Middlewares/ST/threadx/ports/cortex_m7/gnu/inc/tx_port.h **** #else   /* No VFP in use */
 433:Middlewares/ST/threadx/ports/cortex_m7/gnu/inc/tx_port.h **** 
 434:Middlewares/ST/threadx/ports/cortex_m7/gnu/inc/tx_port.h **** #define TX_THREAD_COMPLETED_EXTENSION(thread_ptr)
 435:Middlewares/ST/threadx/ports/cortex_m7/gnu/inc/tx_port.h **** #define TX_THREAD_TERMINATED_EXTENSION(thread_ptr)
 436:Middlewares/ST/threadx/ports/cortex_m7/gnu/inc/tx_port.h **** 
 437:Middlewares/ST/threadx/ports/cortex_m7/gnu/inc/tx_port.h **** #endif  /* defined(__ARMVFP__) || defined(__ARM_PCS_VFP) || defined(__ARM_FP) || defined(__TARGET_F
 438:Middlewares/ST/threadx/ports/cortex_m7/gnu/inc/tx_port.h **** 
 439:Middlewares/ST/threadx/ports/cortex_m7/gnu/inc/tx_port.h **** 
 440:Middlewares/ST/threadx/ports/cortex_m7/gnu/inc/tx_port.h **** /* Define the ThreadX object creation extensions for the remaining objects.  */
 441:Middlewares/ST/threadx/ports/cortex_m7/gnu/inc/tx_port.h **** 
 442:Middlewares/ST/threadx/ports/cortex_m7/gnu/inc/tx_port.h **** #define TX_BLOCK_POOL_CREATE_EXTENSION(pool_ptr)
 443:Middlewares/ST/threadx/ports/cortex_m7/gnu/inc/tx_port.h **** #define TX_BYTE_POOL_CREATE_EXTENSION(pool_ptr)
 444:Middlewares/ST/threadx/ports/cortex_m7/gnu/inc/tx_port.h **** #define TX_EVENT_FLAGS_GROUP_CREATE_EXTENSION(group_ptr)
 445:Middlewares/ST/threadx/ports/cortex_m7/gnu/inc/tx_port.h **** #define TX_MUTEX_CREATE_EXTENSION(mutex_ptr)
 446:Middlewares/ST/threadx/ports/cortex_m7/gnu/inc/tx_port.h **** #define TX_QUEUE_CREATE_EXTENSION(queue_ptr)
 447:Middlewares/ST/threadx/ports/cortex_m7/gnu/inc/tx_port.h **** #define TX_SEMAPHORE_CREATE_EXTENSION(semaphore_ptr)
 448:Middlewares/ST/threadx/ports/cortex_m7/gnu/inc/tx_port.h **** #define TX_TIMER_CREATE_EXTENSION(timer_ptr)
 449:Middlewares/ST/threadx/ports/cortex_m7/gnu/inc/tx_port.h **** 
 450:Middlewares/ST/threadx/ports/cortex_m7/gnu/inc/tx_port.h **** 
 451:Middlewares/ST/threadx/ports/cortex_m7/gnu/inc/tx_port.h **** /* Define the ThreadX object deletion extensions for the remaining objects.  */
 452:Middlewares/ST/threadx/ports/cortex_m7/gnu/inc/tx_port.h **** 
 453:Middlewares/ST/threadx/ports/cortex_m7/gnu/inc/tx_port.h **** #define TX_BLOCK_POOL_DELETE_EXTENSION(pool_ptr)
 454:Middlewares/ST/threadx/ports/cortex_m7/gnu/inc/tx_port.h **** #define TX_BYTE_POOL_DELETE_EXTENSION(pool_ptr)
 455:Middlewares/ST/threadx/ports/cortex_m7/gnu/inc/tx_port.h **** #define TX_EVENT_FLAGS_GROUP_DELETE_EXTENSION(group_ptr)
 456:Middlewares/ST/threadx/ports/cortex_m7/gnu/inc/tx_port.h **** #define TX_MUTEX_DELETE_EXTENSION(mutex_ptr)
 457:Middlewares/ST/threadx/ports/cortex_m7/gnu/inc/tx_port.h **** #define TX_QUEUE_DELETE_EXTENSION(queue_ptr)
 458:Middlewares/ST/threadx/ports/cortex_m7/gnu/inc/tx_port.h **** #define TX_SEMAPHORE_DELETE_EXTENSION(semaphore_ptr)
 459:Middlewares/ST/threadx/ports/cortex_m7/gnu/inc/tx_port.h **** #define TX_TIMER_DELETE_EXTENSION(timer_ptr)
 460:Middlewares/ST/threadx/ports/cortex_m7/gnu/inc/tx_port.h **** 
 461:Middlewares/ST/threadx/ports/cortex_m7/gnu/inc/tx_port.h **** 
 462:Middlewares/ST/threadx/ports/cortex_m7/gnu/inc/tx_port.h **** /* Define the get system state macro.  */
 463:Middlewares/ST/threadx/ports/cortex_m7/gnu/inc/tx_port.h **** 
 464:Middlewares/ST/threadx/ports/cortex_m7/gnu/inc/tx_port.h **** #ifndef TX_THREAD_GET_SYSTEM_STATE
 465:Middlewares/ST/threadx/ports/cortex_m7/gnu/inc/tx_port.h **** #ifndef TX_MISRA_ENABLE
 466:Middlewares/ST/threadx/ports/cortex_m7/gnu/inc/tx_port.h **** 
 467:Middlewares/ST/threadx/ports/cortex_m7/gnu/inc/tx_port.h **** #ifdef __CC_ARM /* ARM Compiler 5 */
 468:Middlewares/ST/threadx/ports/cortex_m7/gnu/inc/tx_port.h **** 
 469:Middlewares/ST/threadx/ports/cortex_m7/gnu/inc/tx_port.h **** register unsigned int _ipsr __asm("ipsr");
 470:Middlewares/ST/threadx/ports/cortex_m7/gnu/inc/tx_port.h **** #define TX_THREAD_GET_SYSTEM_STATE()        (_tx_thread_system_state | _ipsr)
 471:Middlewares/ST/threadx/ports/cortex_m7/gnu/inc/tx_port.h **** 
 472:Middlewares/ST/threadx/ports/cortex_m7/gnu/inc/tx_port.h **** #elif defined(__GNUC__) /* GCC and ARM Compiler 6 */
 473:Middlewares/ST/threadx/ports/cortex_m7/gnu/inc/tx_port.h **** 
 474:Middlewares/ST/threadx/ports/cortex_m7/gnu/inc/tx_port.h **** __attribute__( ( always_inline ) ) static inline unsigned int __get_ipsr_value(void)
 475:Middlewares/ST/threadx/ports/cortex_m7/gnu/inc/tx_port.h **** {
 476:Middlewares/ST/threadx/ports/cortex_m7/gnu/inc/tx_port.h **** unsigned int  ipsr_value;
 477:Middlewares/ST/threadx/ports/cortex_m7/gnu/inc/tx_port.h ****     __asm__ volatile (" MRS  %0,IPSR ": "=r" (ipsr_value) );
 478:Middlewares/ST/threadx/ports/cortex_m7/gnu/inc/tx_port.h ****     return(ipsr_value);
 479:Middlewares/ST/threadx/ports/cortex_m7/gnu/inc/tx_port.h **** }
 480:Middlewares/ST/threadx/ports/cortex_m7/gnu/inc/tx_port.h **** 
ARM GAS  /tmp/ccV7eCc9.s 			page 12


 481:Middlewares/ST/threadx/ports/cortex_m7/gnu/inc/tx_port.h **** #define TX_THREAD_GET_SYSTEM_STATE()        (_tx_thread_system_state | __get_ipsr_value())
 482:Middlewares/ST/threadx/ports/cortex_m7/gnu/inc/tx_port.h **** 
 483:Middlewares/ST/threadx/ports/cortex_m7/gnu/inc/tx_port.h **** #elif defined(__ICCARM__)   /* IAR */
 484:Middlewares/ST/threadx/ports/cortex_m7/gnu/inc/tx_port.h **** 
 485:Middlewares/ST/threadx/ports/cortex_m7/gnu/inc/tx_port.h **** #define TX_THREAD_GET_SYSTEM_STATE()        (_tx_thread_system_state | __get_IPSR())
 486:Middlewares/ST/threadx/ports/cortex_m7/gnu/inc/tx_port.h **** 
 487:Middlewares/ST/threadx/ports/cortex_m7/gnu/inc/tx_port.h **** #endif  /* TX_THREAD_GET_SYSTEM_STATE for different compilers */
 488:Middlewares/ST/threadx/ports/cortex_m7/gnu/inc/tx_port.h **** 
 489:Middlewares/ST/threadx/ports/cortex_m7/gnu/inc/tx_port.h **** #else   /* TX_MISRA_ENABLE is defined, use MISRA function. */
 490:Middlewares/ST/threadx/ports/cortex_m7/gnu/inc/tx_port.h **** ULONG   _tx_misra_ipsr_get(VOID);
 491:Middlewares/ST/threadx/ports/cortex_m7/gnu/inc/tx_port.h **** #define TX_THREAD_GET_SYSTEM_STATE()        (_tx_thread_system_state | _tx_misra_ipsr_get())
 492:Middlewares/ST/threadx/ports/cortex_m7/gnu/inc/tx_port.h **** #endif  /* TX_MISRA_ENABLE */
 493:Middlewares/ST/threadx/ports/cortex_m7/gnu/inc/tx_port.h **** #endif  /* TX_THREAD_GET_SYSTEM_STATE */
 494:Middlewares/ST/threadx/ports/cortex_m7/gnu/inc/tx_port.h **** 
 495:Middlewares/ST/threadx/ports/cortex_m7/gnu/inc/tx_port.h **** 
 496:Middlewares/ST/threadx/ports/cortex_m7/gnu/inc/tx_port.h **** /* Define the check for whether or not to call the _tx_thread_system_return function.  A non-zero v
 497:Middlewares/ST/threadx/ports/cortex_m7/gnu/inc/tx_port.h ****    indicates that _tx_thread_system_return should not be called. This overrides the definition in t
 498:Middlewares/ST/threadx/ports/cortex_m7/gnu/inc/tx_port.h ****    for Cortex-M since so we don't waste time checking the _tx_thread_system_state variable that is 
 499:Middlewares/ST/threadx/ports/cortex_m7/gnu/inc/tx_port.h ****    zero after initialization for Cortex-M ports. */
 500:Middlewares/ST/threadx/ports/cortex_m7/gnu/inc/tx_port.h **** 
 501:Middlewares/ST/threadx/ports/cortex_m7/gnu/inc/tx_port.h **** #ifndef TX_THREAD_SYSTEM_RETURN_CHECK
 502:Middlewares/ST/threadx/ports/cortex_m7/gnu/inc/tx_port.h **** #define TX_THREAD_SYSTEM_RETURN_CHECK(c)    (c) = ((ULONG) _tx_thread_preempt_disable);
 503:Middlewares/ST/threadx/ports/cortex_m7/gnu/inc/tx_port.h **** #endif
 504:Middlewares/ST/threadx/ports/cortex_m7/gnu/inc/tx_port.h **** 
 505:Middlewares/ST/threadx/ports/cortex_m7/gnu/inc/tx_port.h **** /* Define the macro to ensure _tx_thread_preempt_disable is set early in initialization in order to
 506:Middlewares/ST/threadx/ports/cortex_m7/gnu/inc/tx_port.h ****    prevent early scheduling on Cortex-M parts.  */
 507:Middlewares/ST/threadx/ports/cortex_m7/gnu/inc/tx_port.h **** 
 508:Middlewares/ST/threadx/ports/cortex_m7/gnu/inc/tx_port.h **** #define TX_PORT_SPECIFIC_POST_INITIALIZATION    _tx_thread_preempt_disable++;
 509:Middlewares/ST/threadx/ports/cortex_m7/gnu/inc/tx_port.h **** 
 510:Middlewares/ST/threadx/ports/cortex_m7/gnu/inc/tx_port.h **** 
 511:Middlewares/ST/threadx/ports/cortex_m7/gnu/inc/tx_port.h **** 
 512:Middlewares/ST/threadx/ports/cortex_m7/gnu/inc/tx_port.h **** 
 513:Middlewares/ST/threadx/ports/cortex_m7/gnu/inc/tx_port.h **** #ifndef TX_DISABLE_INLINE
 514:Middlewares/ST/threadx/ports/cortex_m7/gnu/inc/tx_port.h **** 
 515:Middlewares/ST/threadx/ports/cortex_m7/gnu/inc/tx_port.h **** /* Define the TX_LOWEST_SET_BIT_CALCULATE macro for each compiler. */
 516:Middlewares/ST/threadx/ports/cortex_m7/gnu/inc/tx_port.h **** #ifdef __ICCARM__       /* IAR Compiler */
 517:Middlewares/ST/threadx/ports/cortex_m7/gnu/inc/tx_port.h **** #define TX_LOWEST_SET_BIT_CALCULATE(m, b)       (b) = (UINT) __CLZ(__RBIT((m)));
 518:Middlewares/ST/threadx/ports/cortex_m7/gnu/inc/tx_port.h **** #elif defined(__CC_ARM) /* AC5 Compiler */
 519:Middlewares/ST/threadx/ports/cortex_m7/gnu/inc/tx_port.h **** #define TX_LOWEST_SET_BIT_CALCULATE(m, b)       (b) = (UINT) __clz(__rbit((m)));
 520:Middlewares/ST/threadx/ports/cortex_m7/gnu/inc/tx_port.h **** #elif defined(__GNUC__) /* GCC and AC6 Compiler */
 521:Middlewares/ST/threadx/ports/cortex_m7/gnu/inc/tx_port.h **** #define TX_LOWEST_SET_BIT_CALCULATE(m, b)       __asm__ volatile (" RBIT %0,%1 ": "=r" (m) : "r" (m
 522:Middlewares/ST/threadx/ports/cortex_m7/gnu/inc/tx_port.h ****                                                 __asm__ volatile (" CLZ  %0,%1 ": "=r" (b) : "r" (m
 523:Middlewares/ST/threadx/ports/cortex_m7/gnu/inc/tx_port.h **** #endif
 524:Middlewares/ST/threadx/ports/cortex_m7/gnu/inc/tx_port.h **** 
 525:Middlewares/ST/threadx/ports/cortex_m7/gnu/inc/tx_port.h **** 
 526:Middlewares/ST/threadx/ports/cortex_m7/gnu/inc/tx_port.h **** 
 527:Middlewares/ST/threadx/ports/cortex_m7/gnu/inc/tx_port.h **** /* Define the interrupt disable/restore macros for each compiler. */
 528:Middlewares/ST/threadx/ports/cortex_m7/gnu/inc/tx_port.h **** 
 529:Middlewares/ST/threadx/ports/cortex_m7/gnu/inc/tx_port.h **** #if defined(__GNUC__) || defined(__ICCARM__)
 530:Middlewares/ST/threadx/ports/cortex_m7/gnu/inc/tx_port.h **** 
 531:Middlewares/ST/threadx/ports/cortex_m7/gnu/inc/tx_port.h **** /*** GCC/AC6 and IAR ***/
 532:Middlewares/ST/threadx/ports/cortex_m7/gnu/inc/tx_port.h **** 
 533:Middlewares/ST/threadx/ports/cortex_m7/gnu/inc/tx_port.h **** __attribute__( ( always_inline ) ) static inline unsigned int __get_interrupt_posture(void)
 534:Middlewares/ST/threadx/ports/cortex_m7/gnu/inc/tx_port.h **** {
 535:Middlewares/ST/threadx/ports/cortex_m7/gnu/inc/tx_port.h **** unsigned int posture;
 536:Middlewares/ST/threadx/ports/cortex_m7/gnu/inc/tx_port.h **** #ifdef TX_PORT_USE_BASEPRI
 537:Middlewares/ST/threadx/ports/cortex_m7/gnu/inc/tx_port.h ****     __asm__ volatile ("MRS  %0, BASEPRI ": "=r" (posture));
ARM GAS  /tmp/ccV7eCc9.s 			page 13


 538:Middlewares/ST/threadx/ports/cortex_m7/gnu/inc/tx_port.h **** #else
 539:Middlewares/ST/threadx/ports/cortex_m7/gnu/inc/tx_port.h ****     __asm__ volatile ("MRS  %0, PRIMASK ": "=r" (posture));
 540:Middlewares/ST/threadx/ports/cortex_m7/gnu/inc/tx_port.h **** #endif
 541:Middlewares/ST/threadx/ports/cortex_m7/gnu/inc/tx_port.h ****     return(posture);
 542:Middlewares/ST/threadx/ports/cortex_m7/gnu/inc/tx_port.h **** }
 543:Middlewares/ST/threadx/ports/cortex_m7/gnu/inc/tx_port.h **** 
 544:Middlewares/ST/threadx/ports/cortex_m7/gnu/inc/tx_port.h **** #ifdef TX_PORT_USE_BASEPRI
 545:Middlewares/ST/threadx/ports/cortex_m7/gnu/inc/tx_port.h **** __attribute__( ( always_inline ) ) static inline void __set_basepri_value(unsigned int basepri_valu
 546:Middlewares/ST/threadx/ports/cortex_m7/gnu/inc/tx_port.h **** {
 547:Middlewares/ST/threadx/ports/cortex_m7/gnu/inc/tx_port.h ****     __asm__ volatile ("MSR  BASEPRI,%0 ": : "r" (basepri_value));
 548:Middlewares/ST/threadx/ports/cortex_m7/gnu/inc/tx_port.h **** }
 549:Middlewares/ST/threadx/ports/cortex_m7/gnu/inc/tx_port.h **** #else
 550:Middlewares/ST/threadx/ports/cortex_m7/gnu/inc/tx_port.h **** __attribute__( ( always_inline ) ) static inline void __enable_interrupts(void)
 551:Middlewares/ST/threadx/ports/cortex_m7/gnu/inc/tx_port.h **** {
 552:Middlewares/ST/threadx/ports/cortex_m7/gnu/inc/tx_port.h ****     __asm__ volatile ("CPSIE  i": : : "memory");
 553:Middlewares/ST/threadx/ports/cortex_m7/gnu/inc/tx_port.h **** }
 554:Middlewares/ST/threadx/ports/cortex_m7/gnu/inc/tx_port.h **** #endif
 555:Middlewares/ST/threadx/ports/cortex_m7/gnu/inc/tx_port.h **** 
 556:Middlewares/ST/threadx/ports/cortex_m7/gnu/inc/tx_port.h **** __attribute__( ( always_inline ) ) static inline void __restore_interrupt(unsigned int int_posture)
 557:Middlewares/ST/threadx/ports/cortex_m7/gnu/inc/tx_port.h **** {
 558:Middlewares/ST/threadx/ports/cortex_m7/gnu/inc/tx_port.h **** #ifdef TX_PORT_USE_BASEPRI
 559:Middlewares/ST/threadx/ports/cortex_m7/gnu/inc/tx_port.h ****     __set_basepri_value(int_posture);
 560:Middlewares/ST/threadx/ports/cortex_m7/gnu/inc/tx_port.h ****     //__asm__ volatile ("MSR  BASEPRI,%0": : "r" (int_posture): "memory");
 561:Middlewares/ST/threadx/ports/cortex_m7/gnu/inc/tx_port.h **** #else
 562:Middlewares/ST/threadx/ports/cortex_m7/gnu/inc/tx_port.h ****     __asm__ volatile ("MSR  PRIMASK,%0": : "r" (int_posture): "memory");
 563:Middlewares/ST/threadx/ports/cortex_m7/gnu/inc/tx_port.h **** #endif
 564:Middlewares/ST/threadx/ports/cortex_m7/gnu/inc/tx_port.h **** }
 565:Middlewares/ST/threadx/ports/cortex_m7/gnu/inc/tx_port.h **** 
 566:Middlewares/ST/threadx/ports/cortex_m7/gnu/inc/tx_port.h **** __attribute__( ( always_inline ) ) static inline unsigned int __disable_interrupts(void)
  57              		.loc 2 566 63 view .LVU11
  58              	.LBB22:
 567:Middlewares/ST/threadx/ports/cortex_m7/gnu/inc/tx_port.h **** {
 568:Middlewares/ST/threadx/ports/cortex_m7/gnu/inc/tx_port.h **** unsigned int int_posture;
  59              		.loc 2 568 1 view .LVU12
 569:Middlewares/ST/threadx/ports/cortex_m7/gnu/inc/tx_port.h **** 
 570:Middlewares/ST/threadx/ports/cortex_m7/gnu/inc/tx_port.h ****     int_posture = __get_interrupt_posture();
  60              		.loc 2 570 5 view .LVU13
  61              	.LBB23:
  62              	.LBI23:
 533:Middlewares/ST/threadx/ports/cortex_m7/gnu/inc/tx_port.h **** {
  63              		.loc 2 533 63 view .LVU14
  64              	.LBB24:
 535:Middlewares/ST/threadx/ports/cortex_m7/gnu/inc/tx_port.h **** #ifdef TX_PORT_USE_BASEPRI
  65              		.loc 2 535 1 view .LVU15
 539:Middlewares/ST/threadx/ports/cortex_m7/gnu/inc/tx_port.h **** #endif
  66              		.loc 2 539 5 view .LVU16
  67              		.syntax unified
  68              	@ 539 "Middlewares/ST/threadx/ports/cortex_m7/gnu/inc/tx_port.h" 1
  69 0006 EFF31087 		MRS  r7, PRIMASK 
  70              	@ 0 "" 2
  71              	.LVL1:
 541:Middlewares/ST/threadx/ports/cortex_m7/gnu/inc/tx_port.h **** }
  72              		.loc 2 541 5 view .LVU17
 541:Middlewares/ST/threadx/ports/cortex_m7/gnu/inc/tx_port.h **** }
  73              		.loc 2 541 5 is_stmt 0 view .LVU18
  74              		.thumb
  75              		.syntax unified
ARM GAS  /tmp/ccV7eCc9.s 			page 14


  76              	.LBE24:
  77              	.LBE23:
 571:Middlewares/ST/threadx/ports/cortex_m7/gnu/inc/tx_port.h **** 
 572:Middlewares/ST/threadx/ports/cortex_m7/gnu/inc/tx_port.h **** #ifdef TX_PORT_USE_BASEPRI
 573:Middlewares/ST/threadx/ports/cortex_m7/gnu/inc/tx_port.h ****     __set_basepri_value(TX_PORT_BASEPRI);
 574:Middlewares/ST/threadx/ports/cortex_m7/gnu/inc/tx_port.h **** #else
 575:Middlewares/ST/threadx/ports/cortex_m7/gnu/inc/tx_port.h ****     __asm__ volatile ("CPSID i" : : : "memory");
  78              		.loc 2 575 5 is_stmt 1 view .LVU19
  79              		.syntax unified
  80              	@ 575 "Middlewares/ST/threadx/ports/cortex_m7/gnu/inc/tx_port.h" 1
  81 000a 72B6     		CPSID i
  82              	@ 0 "" 2
 576:Middlewares/ST/threadx/ports/cortex_m7/gnu/inc/tx_port.h **** #endif
 577:Middlewares/ST/threadx/ports/cortex_m7/gnu/inc/tx_port.h ****     return(int_posture);
  83              		.loc 2 577 5 view .LVU20
  84              	.LVL2:
  85              		.loc 2 577 5 is_stmt 0 view .LVU21
  86              		.thumb
  87              		.syntax unified
  88              	.LBE22:
  89              	.LBE21:
  90              	.LBB25:
  93:Middlewares/ST/threadx/common/src/tx_mutex_get.c **** 
  94:Middlewares/ST/threadx/common/src/tx_mutex_get.c **** #ifdef TX_MUTEX_ENABLE_PERFORMANCE_INFO
  95:Middlewares/ST/threadx/common/src/tx_mutex_get.c **** 
  96:Middlewares/ST/threadx/common/src/tx_mutex_get.c ****     /* Increment the total mutex get counter.  */
  97:Middlewares/ST/threadx/common/src/tx_mutex_get.c ****     _tx_mutex_performance_get_count++;
  98:Middlewares/ST/threadx/common/src/tx_mutex_get.c **** 
  99:Middlewares/ST/threadx/common/src/tx_mutex_get.c ****     /* Increment the number of attempts to get this mutex.  */
 100:Middlewares/ST/threadx/common/src/tx_mutex_get.c ****     mutex_ptr -> tx_mutex_performance_get_count++;
 101:Middlewares/ST/threadx/common/src/tx_mutex_get.c **** #endif
 102:Middlewares/ST/threadx/common/src/tx_mutex_get.c **** 
 103:Middlewares/ST/threadx/common/src/tx_mutex_get.c ****     /* If trace is enabled, insert this event into the trace buffer.  */
 104:Middlewares/ST/threadx/common/src/tx_mutex_get.c ****     TX_TRACE_IN_LINE_INSERT(TX_TRACE_MUTEX_GET, mutex_ptr, wait_option, TX_POINTER_TO_ULONG_CONVERT
  91              		.loc 1 104 5 is_stmt 1 view .LVU22
  92              		.loc 1 104 5 view .LVU23
  93              		.loc 1 104 5 view .LVU24
  94              		.loc 1 104 5 view .LVU25
  95              		.loc 1 104 5 view .LVU26
  96 000c 5F4B     		ldr	r3, .L26
  97 000e 1B68     		ldr	r3, [r3]
  98              	.LVL3:
  99              		.loc 1 104 5 view .LVU27
 100 0010 002B     		cmp	r3, #0
 101 0012 40D0     		beq	.L2
 102              		.loc 1 104 5 is_stmt 0 discriminator 1 view .LVU28
 103 0014 5E4A     		ldr	r2, .L26+4
 104 0016 1268     		ldr	r2, [r2]
 105 0018 12F0200F 		tst	r2, #32
 106 001c 3BD0     		beq	.L2
 107              		.loc 1 104 5 is_stmt 1 discriminator 2 view .LVU29
 108              	.LBB26:
 109              	.LBI26:
 474:Middlewares/ST/threadx/ports/cortex_m7/gnu/inc/tx_port.h **** {
 110              		.loc 2 474 63 view .LVU30
 111              	.LBB27:
 476:Middlewares/ST/threadx/ports/cortex_m7/gnu/inc/tx_port.h ****     __asm__ volatile (" MRS  %0,IPSR ": "=r" (ipsr_value) );
ARM GAS  /tmp/ccV7eCc9.s 			page 15


 112              		.loc 2 476 1 view .LVU31
 477:Middlewares/ST/threadx/ports/cortex_m7/gnu/inc/tx_port.h ****     return(ipsr_value);
 113              		.loc 2 477 5 view .LVU32
 114              		.syntax unified
 115              	@ 477 "Middlewares/ST/threadx/ports/cortex_m7/gnu/inc/tx_port.h" 1
 116 001e EFF30580 		 MRS  r0,IPSR 
 117              	@ 0 "" 2
 118              	.LVL4:
 478:Middlewares/ST/threadx/ports/cortex_m7/gnu/inc/tx_port.h **** }
 119              		.loc 2 478 5 view .LVU33
 478:Middlewares/ST/threadx/ports/cortex_m7/gnu/inc/tx_port.h **** }
 120              		.loc 2 478 5 is_stmt 0 view .LVU34
 121              		.thumb
 122              		.syntax unified
 123              	.LBE27:
 124              	.LBE26:
 125              		.loc 1 104 5 discriminator 1 view .LVU35
 126 0022 5C4A     		ldr	r2, .L26+8
 127 0024 1268     		ldr	r2, [r2]
 128              	.LVL5:
 129              		.loc 1 104 5 is_stmt 1 discriminator 1 view .LVU36
 130 0026 5C49     		ldr	r1, .L26+12
 131              	.LVL6:
 132              		.loc 1 104 5 is_stmt 0 discriminator 1 view .LVU37
 133 0028 0968     		ldr	r1, [r1]
 134              	.LVL7:
 135              		.loc 1 104 5 is_stmt 1 discriminator 1 view .LVU38
 136 002a 0243     		orrs	r2, r2, r0
 137              	.LVL8:
 138              		.loc 1 104 5 is_stmt 0 discriminator 1 view .LVU39
 139 002c 23D1     		bne	.L3
 140              		.loc 1 104 5 is_stmt 1 discriminator 3 view .LVU40
 141 002e CA6A     		ldr	r2, [r1, #44]
 142              	.LVL9:
 143              		.loc 1 104 5 discriminator 3 view .LVU41
 144 0030 C86B     		ldr	r0, [r1, #60]
 145 0032 42EA0042 		orr	r2, r2, r0, lsl #16
 146              	.LVL10:
 147              		.loc 1 104 5 is_stmt 0 discriminator 3 view .LVU42
 148 0036 42F00042 		orr	r2, r2, #-2147483648
 149              	.LVL11:
 150              	.L4:
 151              		.loc 1 104 5 is_stmt 1 discriminator 9 view .LVU43
 152 003a 1960     		str	r1, [r3]
 153              		.loc 1 104 5 discriminator 9 view .LVU44
 154 003c 5A60     		str	r2, [r3, #4]
 155              		.loc 1 104 5 discriminator 9 view .LVU45
 156 003e 3422     		movs	r2, #52
 157              	.LVL12:
 158              		.loc 1 104 5 is_stmt 0 discriminator 9 view .LVU46
 159 0040 9A60     		str	r2, [r3, #8]
 160              		.loc 1 104 5 is_stmt 1 discriminator 9 view .LVU47
 161 0042 564A     		ldr	r2, .L26+16
 162 0044 5268     		ldr	r2, [r2, #4]
 163 0046 DA60     		str	r2, [r3, #12]
 164              		.loc 1 104 5 discriminator 9 view .LVU48
 165 0048 1C61     		str	r4, [r3, #16]
ARM GAS  /tmp/ccV7eCc9.s 			page 16


 166              		.loc 1 104 5 discriminator 9 view .LVU49
 167 004a 5E61     		str	r6, [r3, #20]
 168              		.loc 1 104 5 discriminator 9 view .LVU50
 169 004c E268     		ldr	r2, [r4, #12]
 170 004e 9A61     		str	r2, [r3, #24]
 171              		.loc 1 104 5 discriminator 9 view .LVU51
 172 0050 A268     		ldr	r2, [r4, #8]
 173 0052 DA61     		str	r2, [r3, #28]
 174              		.loc 1 104 5 discriminator 9 view .LVU52
 175 0054 2033     		adds	r3, r3, #32
 176              	.LVL13:
 177              		.loc 1 104 5 discriminator 9 view .LVU53
 178 0056 524A     		ldr	r2, .L26+20
 179 0058 1268     		ldr	r2, [r2]
 180 005a 9A42     		cmp	r2, r3
 181 005c 16D8     		bhi	.L5
 182              		.loc 1 104 5 discriminator 10 view .LVU54
 183 005e 514B     		ldr	r3, .L26+24
 184              	.LVL14:
 185              		.loc 1 104 5 is_stmt 0 discriminator 10 view .LVU55
 186 0060 1B68     		ldr	r3, [r3]
 187              	.LVL15:
 188              		.loc 1 104 5 is_stmt 1 discriminator 10 view .LVU56
 189 0062 4A4A     		ldr	r2, .L26
 190 0064 1360     		str	r3, [r2]
 191              		.loc 1 104 5 discriminator 10 view .LVU57
 192 0066 504A     		ldr	r2, .L26+28
 193 0068 1068     		ldr	r0, [r2]
 194 006a 0362     		str	r3, [r0, #32]
 195              		.loc 1 104 5 discriminator 10 view .LVU58
 196 006c 4F4B     		ldr	r3, .L26+32
 197              	.LVL16:
 198              		.loc 1 104 5 is_stmt 0 discriminator 10 view .LVU59
 199 006e 1B68     		ldr	r3, [r3]
 200 0070 8BB1     		cbz	r3, .L2
 201              		.loc 1 104 5 is_stmt 1 discriminator 12 view .LVU60
 202 0072 9847     		blx	r3
 203              	.LVL17:
 204              		.loc 1 104 5 is_stmt 0 discriminator 12 view .LVU61
 205 0074 0FE0     		b	.L2
 206              	.LVL18:
 207              	.L3:
 208              		.loc 1 104 5 is_stmt 1 discriminator 4 view .LVU62
 209 0076 B2F1F03F 		cmp	r2, #-252645136
 210 007a 03D2     		bcs	.L20
 211              		.loc 1 104 5 discriminator 6 view .LVU63
 212 007c 0A46     		mov	r2, r1
 213              	.LVL19:
 214              		.loc 1 104 5 discriminator 6 view .LVU64
 215              		.loc 1 104 5 is_stmt 0 discriminator 6 view .LVU65
 216 007e 4FF0FF31 		mov	r1, #-1
 217 0082 DAE7     		b	.L4
 218              	.LVL20:
 219              	.L20:
 220              		.loc 1 104 5 discriminator 7 view .LVU66
 221 0084 4FF0F031 		mov	r1, #-252645136
 222              	.LVL21:
ARM GAS  /tmp/ccV7eCc9.s 			page 17


 223              		.loc 1 104 5 discriminator 7 view .LVU67
 224 0088 0022     		movs	r2, #0
 225              	.LVL22:
 226              		.loc 1 104 5 discriminator 7 view .LVU68
 227 008a D6E7     		b	.L4
 228              	.LVL23:
 229              	.L5:
 230              		.loc 1 104 5 is_stmt 1 discriminator 11 view .LVU69
 231 008c 3F4A     		ldr	r2, .L26
 232 008e 1360     		str	r3, [r2]
 233              		.loc 1 104 5 discriminator 11 view .LVU70
 234 0090 454A     		ldr	r2, .L26+28
 235 0092 1268     		ldr	r2, [r2]
 236 0094 1362     		str	r3, [r2, #32]
 237              	.LVL24:
 238              	.L2:
 239              		.loc 1 104 5 is_stmt 0 discriminator 11 view .LVU71
 240              	.LBE25:
 105:Middlewares/ST/threadx/common/src/tx_mutex_get.c **** 
 106:Middlewares/ST/threadx/common/src/tx_mutex_get.c ****     /* Log this kernel call.  */
 107:Middlewares/ST/threadx/common/src/tx_mutex_get.c ****     TX_EL_MUTEX_GET_INSERT
 108:Middlewares/ST/threadx/common/src/tx_mutex_get.c **** 
 109:Middlewares/ST/threadx/common/src/tx_mutex_get.c ****     /* Pickup thread pointer.  */
 110:Middlewares/ST/threadx/common/src/tx_mutex_get.c ****     TX_THREAD_GET_CURRENT(thread_ptr)
 241              		.loc 1 110 5 is_stmt 1 view .LVU72
 242 0096 404B     		ldr	r3, .L26+12
 243 0098 1D68     		ldr	r5, [r3]
 244              	.LVL25:
 111:Middlewares/ST/threadx/common/src/tx_mutex_get.c **** 
 112:Middlewares/ST/threadx/common/src/tx_mutex_get.c ****     /* Determine if this mutex is available.  */
 113:Middlewares/ST/threadx/common/src/tx_mutex_get.c ****     if (mutex_ptr -> tx_mutex_ownership_count == ((UINT) 0))
 245              		.loc 1 113 5 view .LVU73
 246              		.loc 1 113 19 is_stmt 0 view .LVU74
 247 009a A068     		ldr	r0, [r4, #8]
 248              		.loc 1 113 8 view .LVU75
 249 009c 00BB     		cbnz	r0, .L6
 114:Middlewares/ST/threadx/common/src/tx_mutex_get.c ****     {
 115:Middlewares/ST/threadx/common/src/tx_mutex_get.c **** 
 116:Middlewares/ST/threadx/common/src/tx_mutex_get.c ****         /* Set the ownership count to 1.  */
 117:Middlewares/ST/threadx/common/src/tx_mutex_get.c ****         mutex_ptr -> tx_mutex_ownership_count =  ((UINT) 1);
 250              		.loc 1 117 9 is_stmt 1 view .LVU76
 251              		.loc 1 117 47 is_stmt 0 view .LVU77
 252 009e 0123     		movs	r3, #1
 253 00a0 A360     		str	r3, [r4, #8]
 118:Middlewares/ST/threadx/common/src/tx_mutex_get.c **** 
 119:Middlewares/ST/threadx/common/src/tx_mutex_get.c ****         /* Remember that the calling thread owns the mutex.  */
 120:Middlewares/ST/threadx/common/src/tx_mutex_get.c ****         mutex_ptr -> tx_mutex_owner =  thread_ptr;
 254              		.loc 1 120 9 is_stmt 1 view .LVU78
 255              		.loc 1 120 37 is_stmt 0 view .LVU79
 256 00a2 E560     		str	r5, [r4, #12]
 121:Middlewares/ST/threadx/common/src/tx_mutex_get.c **** 
 122:Middlewares/ST/threadx/common/src/tx_mutex_get.c ****         /* Determine if the thread pointer is valid.  */
 123:Middlewares/ST/threadx/common/src/tx_mutex_get.c ****         if (thread_ptr != TX_NULL)
 257              		.loc 1 123 9 is_stmt 1 view .LVU80
 258              		.loc 1 123 12 is_stmt 0 view .LVU81
 259 00a4 7DB1     		cbz	r5, .L7
 124:Middlewares/ST/threadx/common/src/tx_mutex_get.c ****         {
ARM GAS  /tmp/ccV7eCc9.s 			page 18


 125:Middlewares/ST/threadx/common/src/tx_mutex_get.c **** 
 126:Middlewares/ST/threadx/common/src/tx_mutex_get.c ****             /* Determine if priority inheritance is required.  */
 127:Middlewares/ST/threadx/common/src/tx_mutex_get.c ****             if (mutex_ptr -> tx_mutex_inherit == TX_TRUE)
 260              		.loc 1 127 13 is_stmt 1 view .LVU82
 261              		.loc 1 127 27 is_stmt 0 view .LVU83
 262 00a6 2369     		ldr	r3, [r4, #16]
 263              		.loc 1 127 16 view .LVU84
 264 00a8 012B     		cmp	r3, #1
 265 00aa 0FD0     		beq	.L22
 266              	.L8:
 128:Middlewares/ST/threadx/common/src/tx_mutex_get.c ****             {
 129:Middlewares/ST/threadx/common/src/tx_mutex_get.c **** 
 130:Middlewares/ST/threadx/common/src/tx_mutex_get.c ****                 /* Remember the current priority of thread.  */
 131:Middlewares/ST/threadx/common/src/tx_mutex_get.c ****                 mutex_ptr -> tx_mutex_original_priority =   thread_ptr -> tx_thread_priority;
 132:Middlewares/ST/threadx/common/src/tx_mutex_get.c **** 
 133:Middlewares/ST/threadx/common/src/tx_mutex_get.c ****                 /* Setup the highest priority waiting thread.  */
 134:Middlewares/ST/threadx/common/src/tx_mutex_get.c ****                 mutex_ptr -> tx_mutex_highest_priority_waiting =  ((UINT) TX_MAX_PRIORITIES);
 135:Middlewares/ST/threadx/common/src/tx_mutex_get.c ****             }
 136:Middlewares/ST/threadx/common/src/tx_mutex_get.c **** 
 137:Middlewares/ST/threadx/common/src/tx_mutex_get.c ****             /* Pickup next mutex pointer, which is the head of the list.  */
 138:Middlewares/ST/threadx/common/src/tx_mutex_get.c ****             next_mutex =  thread_ptr -> tx_thread_owned_mutex_list;
 267              		.loc 1 138 13 is_stmt 1 view .LVU85
 268              		.loc 1 138 24 is_stmt 0 view .LVU86
 269 00ac D5F8A430 		ldr	r3, [r5, #164]
 270              	.LVL26:
 139:Middlewares/ST/threadx/common/src/tx_mutex_get.c **** 
 140:Middlewares/ST/threadx/common/src/tx_mutex_get.c ****             /* Determine if this thread owns any other mutexes that have priority inheritance.  */
 141:Middlewares/ST/threadx/common/src/tx_mutex_get.c ****             if (next_mutex != TX_NULL)
 271              		.loc 1 141 13 is_stmt 1 view .LVU87
 272              		.loc 1 141 16 is_stmt 0 view .LVU88
 273 00b0 8BB1     		cbz	r3, .L9
 142:Middlewares/ST/threadx/common/src/tx_mutex_get.c ****             {
 143:Middlewares/ST/threadx/common/src/tx_mutex_get.c **** 
 144:Middlewares/ST/threadx/common/src/tx_mutex_get.c ****                 /* Non-empty list. Link up the mutex.  */
 145:Middlewares/ST/threadx/common/src/tx_mutex_get.c **** 
 146:Middlewares/ST/threadx/common/src/tx_mutex_get.c ****                 /* Pickup the next and previous mutex pointer.  */
 147:Middlewares/ST/threadx/common/src/tx_mutex_get.c ****                 previous_mutex =  next_mutex -> tx_mutex_owned_previous;
 274              		.loc 1 147 17 is_stmt 1 view .LVU89
 275              		.loc 1 147 32 is_stmt 0 view .LVU90
 276 00b2 1A6B     		ldr	r2, [r3, #48]
 277              	.LVL27:
 148:Middlewares/ST/threadx/common/src/tx_mutex_get.c **** 
 149:Middlewares/ST/threadx/common/src/tx_mutex_get.c ****                 /* Place the owned mutex in the list.  */
 150:Middlewares/ST/threadx/common/src/tx_mutex_get.c ****                 next_mutex -> tx_mutex_owned_previous =  mutex_ptr;
 278              		.loc 1 150 17 is_stmt 1 view .LVU91
 279              		.loc 1 150 55 is_stmt 0 view .LVU92
 280 00b4 1C63     		str	r4, [r3, #48]
 151:Middlewares/ST/threadx/common/src/tx_mutex_get.c ****                 previous_mutex -> tx_mutex_owned_next =  mutex_ptr;
 281              		.loc 1 151 17 is_stmt 1 view .LVU93
 282              		.loc 1 151 55 is_stmt 0 view .LVU94
 283 00b6 D462     		str	r4, [r2, #44]
 152:Middlewares/ST/threadx/common/src/tx_mutex_get.c **** 
 153:Middlewares/ST/threadx/common/src/tx_mutex_get.c ****                 /* Setup this mutex's next and previous created links.  */
 154:Middlewares/ST/threadx/common/src/tx_mutex_get.c ****                 mutex_ptr -> tx_mutex_owned_previous =  previous_mutex;
 284              		.loc 1 154 17 is_stmt 1 view .LVU95
 285              		.loc 1 154 54 is_stmt 0 view .LVU96
 286 00b8 2263     		str	r2, [r4, #48]
ARM GAS  /tmp/ccV7eCc9.s 			page 19


 155:Middlewares/ST/threadx/common/src/tx_mutex_get.c ****                 mutex_ptr -> tx_mutex_owned_next =      next_mutex;
 287              		.loc 1 155 17 is_stmt 1 view .LVU97
 288              		.loc 1 155 50 is_stmt 0 view .LVU98
 289 00ba E362     		str	r3, [r4, #44]
 290              	.LVL28:
 291              	.L10:
 156:Middlewares/ST/threadx/common/src/tx_mutex_get.c ****             }
 157:Middlewares/ST/threadx/common/src/tx_mutex_get.c ****             else
 158:Middlewares/ST/threadx/common/src/tx_mutex_get.c ****             {
 159:Middlewares/ST/threadx/common/src/tx_mutex_get.c **** 
 160:Middlewares/ST/threadx/common/src/tx_mutex_get.c ****                 /* The owned mutex list is empty.  Add mutex to empty list.  */
 161:Middlewares/ST/threadx/common/src/tx_mutex_get.c ****                 thread_ptr -> tx_thread_owned_mutex_list =     mutex_ptr;
 162:Middlewares/ST/threadx/common/src/tx_mutex_get.c ****                 mutex_ptr -> tx_mutex_owned_next =             mutex_ptr;
 163:Middlewares/ST/threadx/common/src/tx_mutex_get.c ****                 mutex_ptr -> tx_mutex_owned_previous =         mutex_ptr;
 164:Middlewares/ST/threadx/common/src/tx_mutex_get.c ****             }
 165:Middlewares/ST/threadx/common/src/tx_mutex_get.c **** 
 166:Middlewares/ST/threadx/common/src/tx_mutex_get.c ****             /* Increment the number of mutexes owned counter.  */
 167:Middlewares/ST/threadx/common/src/tx_mutex_get.c ****             thread_ptr -> tx_thread_owned_mutex_count++;
 292              		.loc 1 167 13 is_stmt 1 view .LVU99
 293              		.loc 1 167 24 is_stmt 0 view .LVU100
 294 00bc D5F8A030 		ldr	r3, [r5, #160]
 295              	.LVL29:
 296              		.loc 1 167 54 view .LVU101
 297 00c0 0133     		adds	r3, r3, #1
 298 00c2 C5F8A030 		str	r3, [r5, #160]
 299              	.LVL30:
 300              	.L7:
 168:Middlewares/ST/threadx/common/src/tx_mutex_get.c ****         }
 169:Middlewares/ST/threadx/common/src/tx_mutex_get.c **** 
 170:Middlewares/ST/threadx/common/src/tx_mutex_get.c ****         /* Restore interrupts.  */
 171:Middlewares/ST/threadx/common/src/tx_mutex_get.c ****         TX_RESTORE
 301              		.loc 1 171 9 is_stmt 1 view .LVU102
 302              	.LBB28:
 303              	.LBI28:
 556:Middlewares/ST/threadx/ports/cortex_m7/gnu/inc/tx_port.h **** {
 304              		.loc 2 556 55 view .LVU103
 305              	.LBB29:
 562:Middlewares/ST/threadx/ports/cortex_m7/gnu/inc/tx_port.h **** #endif
 306              		.loc 2 562 5 view .LVU104
 307              		.syntax unified
 308              	@ 562 "Middlewares/ST/threadx/ports/cortex_m7/gnu/inc/tx_port.h" 1
 309 00c6 87F31088 		MSR  PRIMASK,r7
 310              	@ 0 "" 2
 311              	.LVL31:
 562:Middlewares/ST/threadx/ports/cortex_m7/gnu/inc/tx_port.h **** #endif
 312              		.loc 2 562 5 is_stmt 0 view .LVU105
 313              		.thumb
 314              		.syntax unified
 315              	.LBE29:
 316              	.LBE28:
 172:Middlewares/ST/threadx/common/src/tx_mutex_get.c **** 
 173:Middlewares/ST/threadx/common/src/tx_mutex_get.c ****         /* Return success.  */
 174:Middlewares/ST/threadx/common/src/tx_mutex_get.c ****         status =  TX_SUCCESS;
 317              		.loc 1 174 9 is_stmt 1 view .LVU106
 318              	.L1:
 175:Middlewares/ST/threadx/common/src/tx_mutex_get.c ****     }
 176:Middlewares/ST/threadx/common/src/tx_mutex_get.c **** 
ARM GAS  /tmp/ccV7eCc9.s 			page 20


 177:Middlewares/ST/threadx/common/src/tx_mutex_get.c ****     /* Otherwise, see if the owning thread is trying to obtain the same mutex.  */
 178:Middlewares/ST/threadx/common/src/tx_mutex_get.c ****     else if (mutex_ptr -> tx_mutex_owner == thread_ptr)
 179:Middlewares/ST/threadx/common/src/tx_mutex_get.c ****     {
 180:Middlewares/ST/threadx/common/src/tx_mutex_get.c **** 
 181:Middlewares/ST/threadx/common/src/tx_mutex_get.c ****         /* The owning thread is requesting the mutex again, just
 182:Middlewares/ST/threadx/common/src/tx_mutex_get.c ****            increment the ownership count.  */
 183:Middlewares/ST/threadx/common/src/tx_mutex_get.c ****         mutex_ptr -> tx_mutex_ownership_count++;
 184:Middlewares/ST/threadx/common/src/tx_mutex_get.c **** 
 185:Middlewares/ST/threadx/common/src/tx_mutex_get.c ****         /* Restore interrupts.  */
 186:Middlewares/ST/threadx/common/src/tx_mutex_get.c ****         TX_RESTORE
 187:Middlewares/ST/threadx/common/src/tx_mutex_get.c **** 
 188:Middlewares/ST/threadx/common/src/tx_mutex_get.c ****         /* Return success.  */
 189:Middlewares/ST/threadx/common/src/tx_mutex_get.c ****         status =  TX_SUCCESS;
 190:Middlewares/ST/threadx/common/src/tx_mutex_get.c ****     }
 191:Middlewares/ST/threadx/common/src/tx_mutex_get.c ****     else
 192:Middlewares/ST/threadx/common/src/tx_mutex_get.c ****     {
 193:Middlewares/ST/threadx/common/src/tx_mutex_get.c **** 
 194:Middlewares/ST/threadx/common/src/tx_mutex_get.c ****         /* Determine if the request specifies suspension.  */
 195:Middlewares/ST/threadx/common/src/tx_mutex_get.c ****         if (wait_option != TX_NO_WAIT)
 196:Middlewares/ST/threadx/common/src/tx_mutex_get.c ****         {
 197:Middlewares/ST/threadx/common/src/tx_mutex_get.c **** 
 198:Middlewares/ST/threadx/common/src/tx_mutex_get.c ****             /* Determine if the preempt disable flag is non-zero.  */
 199:Middlewares/ST/threadx/common/src/tx_mutex_get.c ****             if (_tx_thread_preempt_disable != ((UINT) 0))
 200:Middlewares/ST/threadx/common/src/tx_mutex_get.c ****             {
 201:Middlewares/ST/threadx/common/src/tx_mutex_get.c **** 
 202:Middlewares/ST/threadx/common/src/tx_mutex_get.c ****                 /* Restore interrupts.  */
 203:Middlewares/ST/threadx/common/src/tx_mutex_get.c ****                 TX_RESTORE
 204:Middlewares/ST/threadx/common/src/tx_mutex_get.c **** 
 205:Middlewares/ST/threadx/common/src/tx_mutex_get.c ****                 /* Suspension is not allowed if the preempt disable flag is non-zero at this point 
 206:Middlewares/ST/threadx/common/src/tx_mutex_get.c ****                 status =  TX_NOT_AVAILABLE;
 207:Middlewares/ST/threadx/common/src/tx_mutex_get.c ****             }
 208:Middlewares/ST/threadx/common/src/tx_mutex_get.c ****             else
 209:Middlewares/ST/threadx/common/src/tx_mutex_get.c ****             {
 210:Middlewares/ST/threadx/common/src/tx_mutex_get.c **** 
 211:Middlewares/ST/threadx/common/src/tx_mutex_get.c ****                 /* Prepare for suspension of this thread.  */
 212:Middlewares/ST/threadx/common/src/tx_mutex_get.c **** 
 213:Middlewares/ST/threadx/common/src/tx_mutex_get.c ****                 /* Pickup the mutex owner.  */
 214:Middlewares/ST/threadx/common/src/tx_mutex_get.c ****                 mutex_owner =  mutex_ptr -> tx_mutex_owner;
 215:Middlewares/ST/threadx/common/src/tx_mutex_get.c **** 
 216:Middlewares/ST/threadx/common/src/tx_mutex_get.c **** #ifdef TX_MUTEX_ENABLE_PERFORMANCE_INFO
 217:Middlewares/ST/threadx/common/src/tx_mutex_get.c **** 
 218:Middlewares/ST/threadx/common/src/tx_mutex_get.c ****                 /* Increment the total mutex suspension counter.  */
 219:Middlewares/ST/threadx/common/src/tx_mutex_get.c ****                 _tx_mutex_performance_suspension_count++;
 220:Middlewares/ST/threadx/common/src/tx_mutex_get.c **** 
 221:Middlewares/ST/threadx/common/src/tx_mutex_get.c ****                 /* Increment the number of suspensions on this mutex.  */
 222:Middlewares/ST/threadx/common/src/tx_mutex_get.c ****                 mutex_ptr -> tx_mutex_performance_suspension_count++;
 223:Middlewares/ST/threadx/common/src/tx_mutex_get.c **** 
 224:Middlewares/ST/threadx/common/src/tx_mutex_get.c ****                 /* Determine if a priority inversion is present.  */
 225:Middlewares/ST/threadx/common/src/tx_mutex_get.c ****                 if (thread_ptr -> tx_thread_priority < mutex_owner -> tx_thread_priority)
 226:Middlewares/ST/threadx/common/src/tx_mutex_get.c ****                 {
 227:Middlewares/ST/threadx/common/src/tx_mutex_get.c **** 
 228:Middlewares/ST/threadx/common/src/tx_mutex_get.c ****                     /* Yes, priority inversion is present!  */
 229:Middlewares/ST/threadx/common/src/tx_mutex_get.c **** 
 230:Middlewares/ST/threadx/common/src/tx_mutex_get.c ****                     /* Increment the total mutex priority inversions counter.  */
 231:Middlewares/ST/threadx/common/src/tx_mutex_get.c ****                     _tx_mutex_performance_priority_inversion_count++;
 232:Middlewares/ST/threadx/common/src/tx_mutex_get.c **** 
 233:Middlewares/ST/threadx/common/src/tx_mutex_get.c ****                     /* Increment the number of priority inversions on this mutex.  */
ARM GAS  /tmp/ccV7eCc9.s 			page 21


 234:Middlewares/ST/threadx/common/src/tx_mutex_get.c ****                     mutex_ptr -> tx_mutex_performance_priority_inversion_count++;
 235:Middlewares/ST/threadx/common/src/tx_mutex_get.c **** 
 236:Middlewares/ST/threadx/common/src/tx_mutex_get.c **** #ifdef TX_THREAD_ENABLE_PERFORMANCE_INFO
 237:Middlewares/ST/threadx/common/src/tx_mutex_get.c **** 
 238:Middlewares/ST/threadx/common/src/tx_mutex_get.c ****                     /* Increment the number of total thread priority inversions.  */
 239:Middlewares/ST/threadx/common/src/tx_mutex_get.c ****                     _tx_thread_performance_priority_inversion_count++;
 240:Middlewares/ST/threadx/common/src/tx_mutex_get.c **** 
 241:Middlewares/ST/threadx/common/src/tx_mutex_get.c ****                     /* Increment the number of priority inversions for this thread.  */
 242:Middlewares/ST/threadx/common/src/tx_mutex_get.c ****                     thread_ptr -> tx_thread_performance_priority_inversion_count++;
 243:Middlewares/ST/threadx/common/src/tx_mutex_get.c **** #endif
 244:Middlewares/ST/threadx/common/src/tx_mutex_get.c ****                 }
 245:Middlewares/ST/threadx/common/src/tx_mutex_get.c **** #endif
 246:Middlewares/ST/threadx/common/src/tx_mutex_get.c **** 
 247:Middlewares/ST/threadx/common/src/tx_mutex_get.c ****                 /* Setup cleanup routine pointer.  */
 248:Middlewares/ST/threadx/common/src/tx_mutex_get.c ****                 thread_ptr -> tx_thread_suspend_cleanup =  &(_tx_mutex_cleanup);
 249:Middlewares/ST/threadx/common/src/tx_mutex_get.c **** 
 250:Middlewares/ST/threadx/common/src/tx_mutex_get.c ****                 /* Setup cleanup information, i.e. this mutex control
 251:Middlewares/ST/threadx/common/src/tx_mutex_get.c ****                    block.  */
 252:Middlewares/ST/threadx/common/src/tx_mutex_get.c ****                 thread_ptr -> tx_thread_suspend_control_block =  (VOID *) mutex_ptr;
 253:Middlewares/ST/threadx/common/src/tx_mutex_get.c **** 
 254:Middlewares/ST/threadx/common/src/tx_mutex_get.c **** #ifndef TX_NOT_INTERRUPTABLE
 255:Middlewares/ST/threadx/common/src/tx_mutex_get.c **** 
 256:Middlewares/ST/threadx/common/src/tx_mutex_get.c ****                 /* Increment the suspension sequence number, which is used to identify
 257:Middlewares/ST/threadx/common/src/tx_mutex_get.c ****                    this suspension event.  */
 258:Middlewares/ST/threadx/common/src/tx_mutex_get.c ****                 thread_ptr -> tx_thread_suspension_sequence++;
 259:Middlewares/ST/threadx/common/src/tx_mutex_get.c **** #endif
 260:Middlewares/ST/threadx/common/src/tx_mutex_get.c **** 
 261:Middlewares/ST/threadx/common/src/tx_mutex_get.c ****                 /* Setup suspension list.  */
 262:Middlewares/ST/threadx/common/src/tx_mutex_get.c ****                 if (mutex_ptr -> tx_mutex_suspended_count == TX_NO_SUSPENSIONS)
 263:Middlewares/ST/threadx/common/src/tx_mutex_get.c ****                 {
 264:Middlewares/ST/threadx/common/src/tx_mutex_get.c **** 
 265:Middlewares/ST/threadx/common/src/tx_mutex_get.c ****                     /* No other threads are suspended.  Setup the head pointer and
 266:Middlewares/ST/threadx/common/src/tx_mutex_get.c ****                        just setup this threads pointers to itself.  */
 267:Middlewares/ST/threadx/common/src/tx_mutex_get.c ****                     mutex_ptr -> tx_mutex_suspension_list =         thread_ptr;
 268:Middlewares/ST/threadx/common/src/tx_mutex_get.c ****                     thread_ptr -> tx_thread_suspended_next =        thread_ptr;
 269:Middlewares/ST/threadx/common/src/tx_mutex_get.c ****                     thread_ptr -> tx_thread_suspended_previous =    thread_ptr;
 270:Middlewares/ST/threadx/common/src/tx_mutex_get.c ****                 }
 271:Middlewares/ST/threadx/common/src/tx_mutex_get.c ****                 else
 272:Middlewares/ST/threadx/common/src/tx_mutex_get.c ****                 {
 273:Middlewares/ST/threadx/common/src/tx_mutex_get.c **** 
 274:Middlewares/ST/threadx/common/src/tx_mutex_get.c ****                     /* This list is not NULL, add current thread to the end. */
 275:Middlewares/ST/threadx/common/src/tx_mutex_get.c ****                     next_thread =                                   mutex_ptr -> tx_mutex_suspensio
 276:Middlewares/ST/threadx/common/src/tx_mutex_get.c ****                     thread_ptr -> tx_thread_suspended_next =        next_thread;
 277:Middlewares/ST/threadx/common/src/tx_mutex_get.c ****                     previous_thread =                               next_thread -> tx_thread_suspen
 278:Middlewares/ST/threadx/common/src/tx_mutex_get.c ****                     thread_ptr -> tx_thread_suspended_previous =    previous_thread;
 279:Middlewares/ST/threadx/common/src/tx_mutex_get.c ****                     previous_thread -> tx_thread_suspended_next =   thread_ptr;
 280:Middlewares/ST/threadx/common/src/tx_mutex_get.c ****                     next_thread -> tx_thread_suspended_previous =   thread_ptr;
 281:Middlewares/ST/threadx/common/src/tx_mutex_get.c ****                 }
 282:Middlewares/ST/threadx/common/src/tx_mutex_get.c **** 
 283:Middlewares/ST/threadx/common/src/tx_mutex_get.c ****                 /* Increment the suspension count.  */
 284:Middlewares/ST/threadx/common/src/tx_mutex_get.c ****                 mutex_ptr -> tx_mutex_suspended_count++;
 285:Middlewares/ST/threadx/common/src/tx_mutex_get.c **** 
 286:Middlewares/ST/threadx/common/src/tx_mutex_get.c ****                 /* Set the state to suspended.  */
 287:Middlewares/ST/threadx/common/src/tx_mutex_get.c ****                 thread_ptr -> tx_thread_state =    TX_MUTEX_SUSP;
 288:Middlewares/ST/threadx/common/src/tx_mutex_get.c **** 
 289:Middlewares/ST/threadx/common/src/tx_mutex_get.c **** #ifdef TX_NOT_INTERRUPTABLE
 290:Middlewares/ST/threadx/common/src/tx_mutex_get.c **** 
ARM GAS  /tmp/ccV7eCc9.s 			page 22


 291:Middlewares/ST/threadx/common/src/tx_mutex_get.c ****                 /* Determine if we need to raise the priority of the thread
 292:Middlewares/ST/threadx/common/src/tx_mutex_get.c ****                    owning the mutex.  */
 293:Middlewares/ST/threadx/common/src/tx_mutex_get.c ****                 if (mutex_ptr -> tx_mutex_inherit == TX_TRUE)
 294:Middlewares/ST/threadx/common/src/tx_mutex_get.c ****                 {
 295:Middlewares/ST/threadx/common/src/tx_mutex_get.c **** 
 296:Middlewares/ST/threadx/common/src/tx_mutex_get.c ****                     /* Determine if this is the highest priority to raise for this mutex.  */
 297:Middlewares/ST/threadx/common/src/tx_mutex_get.c ****                     if (mutex_ptr -> tx_mutex_highest_priority_waiting > thread_ptr -> tx_thread_pr
 298:Middlewares/ST/threadx/common/src/tx_mutex_get.c ****                     {
 299:Middlewares/ST/threadx/common/src/tx_mutex_get.c **** 
 300:Middlewares/ST/threadx/common/src/tx_mutex_get.c ****                         /* Remember this priority.  */
 301:Middlewares/ST/threadx/common/src/tx_mutex_get.c ****                         mutex_ptr -> tx_mutex_highest_priority_waiting =  thread_ptr -> tx_thread_p
 302:Middlewares/ST/threadx/common/src/tx_mutex_get.c ****                     }
 303:Middlewares/ST/threadx/common/src/tx_mutex_get.c **** 
 304:Middlewares/ST/threadx/common/src/tx_mutex_get.c ****                     /* Determine if we have to update inherit priority level of the mutex owner.  *
 305:Middlewares/ST/threadx/common/src/tx_mutex_get.c ****                     if (thread_ptr -> tx_thread_priority < mutex_owner -> tx_thread_inherit_priorit
 306:Middlewares/ST/threadx/common/src/tx_mutex_get.c ****                     {
 307:Middlewares/ST/threadx/common/src/tx_mutex_get.c **** 
 308:Middlewares/ST/threadx/common/src/tx_mutex_get.c ****                         /* Remember the new priority inheritance priority.  */
 309:Middlewares/ST/threadx/common/src/tx_mutex_get.c ****                         mutex_owner -> tx_thread_inherit_priority =  thread_ptr -> tx_thread_priori
 310:Middlewares/ST/threadx/common/src/tx_mutex_get.c ****                     }
 311:Middlewares/ST/threadx/common/src/tx_mutex_get.c **** 
 312:Middlewares/ST/threadx/common/src/tx_mutex_get.c ****                     /* Priority inheritance is requested, check to see if the thread that owns the 
 313:Middlewares/ST/threadx/common/src/tx_mutex_get.c ****                     if (mutex_owner -> tx_thread_priority > thread_ptr -> tx_thread_priority)
 314:Middlewares/ST/threadx/common/src/tx_mutex_get.c ****                     {
 315:Middlewares/ST/threadx/common/src/tx_mutex_get.c **** 
 316:Middlewares/ST/threadx/common/src/tx_mutex_get.c ****                         /* Yes, raise the suspended, owning thread's priority to that
 317:Middlewares/ST/threadx/common/src/tx_mutex_get.c ****                            of the current thread.  */
 318:Middlewares/ST/threadx/common/src/tx_mutex_get.c ****                         _tx_mutex_priority_change(mutex_owner, thread_ptr -> tx_thread_priority);
 319:Middlewares/ST/threadx/common/src/tx_mutex_get.c **** 
 320:Middlewares/ST/threadx/common/src/tx_mutex_get.c **** #ifdef TX_MUTEX_ENABLE_PERFORMANCE_INFO
 321:Middlewares/ST/threadx/common/src/tx_mutex_get.c **** 
 322:Middlewares/ST/threadx/common/src/tx_mutex_get.c ****                         /* Increment the total mutex priority inheritance counter.  */
 323:Middlewares/ST/threadx/common/src/tx_mutex_get.c ****                         _tx_mutex_performance__priority_inheritance_count++;
 324:Middlewares/ST/threadx/common/src/tx_mutex_get.c **** 
 325:Middlewares/ST/threadx/common/src/tx_mutex_get.c ****                         /* Increment the number of priority inheritance situations on this mutex.  
 326:Middlewares/ST/threadx/common/src/tx_mutex_get.c ****                         mutex_ptr -> tx_mutex_performance__priority_inheritance_count++;
 327:Middlewares/ST/threadx/common/src/tx_mutex_get.c **** #endif
 328:Middlewares/ST/threadx/common/src/tx_mutex_get.c ****                     }
 329:Middlewares/ST/threadx/common/src/tx_mutex_get.c ****                 }
 330:Middlewares/ST/threadx/common/src/tx_mutex_get.c **** 
 331:Middlewares/ST/threadx/common/src/tx_mutex_get.c ****                 /* Call actual non-interruptable thread suspension routine.  */
 332:Middlewares/ST/threadx/common/src/tx_mutex_get.c ****                 _tx_thread_system_ni_suspend(thread_ptr, wait_option);
 333:Middlewares/ST/threadx/common/src/tx_mutex_get.c **** 
 334:Middlewares/ST/threadx/common/src/tx_mutex_get.c ****                 /* Restore interrupts.  */
 335:Middlewares/ST/threadx/common/src/tx_mutex_get.c ****                 TX_RESTORE
 336:Middlewares/ST/threadx/common/src/tx_mutex_get.c **** #else
 337:Middlewares/ST/threadx/common/src/tx_mutex_get.c **** 
 338:Middlewares/ST/threadx/common/src/tx_mutex_get.c ****                 /* Set the suspending flag.  */
 339:Middlewares/ST/threadx/common/src/tx_mutex_get.c ****                 thread_ptr -> tx_thread_suspending =  TX_TRUE;
 340:Middlewares/ST/threadx/common/src/tx_mutex_get.c **** 
 341:Middlewares/ST/threadx/common/src/tx_mutex_get.c ****                 /* Setup the timeout period.  */
 342:Middlewares/ST/threadx/common/src/tx_mutex_get.c ****                 thread_ptr -> tx_thread_timer.tx_timer_internal_remaining_ticks =  wait_option;
 343:Middlewares/ST/threadx/common/src/tx_mutex_get.c **** 
 344:Middlewares/ST/threadx/common/src/tx_mutex_get.c ****                 /* Temporarily disable preemption.  */
 345:Middlewares/ST/threadx/common/src/tx_mutex_get.c ****                 _tx_thread_preempt_disable++;
 346:Middlewares/ST/threadx/common/src/tx_mutex_get.c **** 
 347:Middlewares/ST/threadx/common/src/tx_mutex_get.c ****                 /* Restore interrupts.  */
ARM GAS  /tmp/ccV7eCc9.s 			page 23


 348:Middlewares/ST/threadx/common/src/tx_mutex_get.c ****                 TX_RESTORE
 349:Middlewares/ST/threadx/common/src/tx_mutex_get.c **** 
 350:Middlewares/ST/threadx/common/src/tx_mutex_get.c ****                 /* Determine if we need to raise the priority of the thread
 351:Middlewares/ST/threadx/common/src/tx_mutex_get.c ****                    owning the mutex.  */
 352:Middlewares/ST/threadx/common/src/tx_mutex_get.c ****                 if (mutex_ptr -> tx_mutex_inherit == TX_TRUE)
 353:Middlewares/ST/threadx/common/src/tx_mutex_get.c ****                 {
 354:Middlewares/ST/threadx/common/src/tx_mutex_get.c **** 
 355:Middlewares/ST/threadx/common/src/tx_mutex_get.c ****                     /* Determine if this is the highest priority to raise for this mutex.  */
 356:Middlewares/ST/threadx/common/src/tx_mutex_get.c ****                     if (mutex_ptr -> tx_mutex_highest_priority_waiting > thread_ptr -> tx_thread_pr
 357:Middlewares/ST/threadx/common/src/tx_mutex_get.c ****                     {
 358:Middlewares/ST/threadx/common/src/tx_mutex_get.c **** 
 359:Middlewares/ST/threadx/common/src/tx_mutex_get.c ****                         /* Remember this priority.  */
 360:Middlewares/ST/threadx/common/src/tx_mutex_get.c ****                         mutex_ptr -> tx_mutex_highest_priority_waiting =  thread_ptr -> tx_thread_p
 361:Middlewares/ST/threadx/common/src/tx_mutex_get.c ****                     }
 362:Middlewares/ST/threadx/common/src/tx_mutex_get.c **** 
 363:Middlewares/ST/threadx/common/src/tx_mutex_get.c ****                     /* Determine if we have to update inherit priority level of the mutex owner.  *
 364:Middlewares/ST/threadx/common/src/tx_mutex_get.c ****                     if (thread_ptr -> tx_thread_priority < mutex_owner -> tx_thread_inherit_priorit
 365:Middlewares/ST/threadx/common/src/tx_mutex_get.c ****                     {
 366:Middlewares/ST/threadx/common/src/tx_mutex_get.c **** 
 367:Middlewares/ST/threadx/common/src/tx_mutex_get.c ****                         /* Remember the new priority inheritance priority.  */
 368:Middlewares/ST/threadx/common/src/tx_mutex_get.c ****                         mutex_owner -> tx_thread_inherit_priority =  thread_ptr -> tx_thread_priori
 369:Middlewares/ST/threadx/common/src/tx_mutex_get.c ****                     }
 370:Middlewares/ST/threadx/common/src/tx_mutex_get.c **** 
 371:Middlewares/ST/threadx/common/src/tx_mutex_get.c ****                     /* Priority inheritance is requested, check to see if the thread that owns the 
 372:Middlewares/ST/threadx/common/src/tx_mutex_get.c ****                     if (mutex_owner -> tx_thread_priority > thread_ptr -> tx_thread_priority)
 373:Middlewares/ST/threadx/common/src/tx_mutex_get.c ****                     {
 374:Middlewares/ST/threadx/common/src/tx_mutex_get.c **** 
 375:Middlewares/ST/threadx/common/src/tx_mutex_get.c ****                         /* Yes, raise the suspended, owning thread's priority to that
 376:Middlewares/ST/threadx/common/src/tx_mutex_get.c ****                            of the current thread.  */
 377:Middlewares/ST/threadx/common/src/tx_mutex_get.c ****                         _tx_mutex_priority_change(mutex_owner, thread_ptr -> tx_thread_priority);
 378:Middlewares/ST/threadx/common/src/tx_mutex_get.c **** 
 379:Middlewares/ST/threadx/common/src/tx_mutex_get.c **** #ifdef TX_MUTEX_ENABLE_PERFORMANCE_INFO
 380:Middlewares/ST/threadx/common/src/tx_mutex_get.c **** 
 381:Middlewares/ST/threadx/common/src/tx_mutex_get.c ****                         /* Increment the total mutex priority inheritance counter.  */
 382:Middlewares/ST/threadx/common/src/tx_mutex_get.c ****                         _tx_mutex_performance__priority_inheritance_count++;
 383:Middlewares/ST/threadx/common/src/tx_mutex_get.c **** 
 384:Middlewares/ST/threadx/common/src/tx_mutex_get.c ****                         /* Increment the number of priority inheritance situations on this mutex.  
 385:Middlewares/ST/threadx/common/src/tx_mutex_get.c ****                         mutex_ptr -> tx_mutex_performance__priority_inheritance_count++;
 386:Middlewares/ST/threadx/common/src/tx_mutex_get.c **** #endif
 387:Middlewares/ST/threadx/common/src/tx_mutex_get.c ****                     }
 388:Middlewares/ST/threadx/common/src/tx_mutex_get.c ****                 }
 389:Middlewares/ST/threadx/common/src/tx_mutex_get.c **** 
 390:Middlewares/ST/threadx/common/src/tx_mutex_get.c ****                 /* Call actual thread suspension routine.  */
 391:Middlewares/ST/threadx/common/src/tx_mutex_get.c ****                 _tx_thread_system_suspend(thread_ptr);
 392:Middlewares/ST/threadx/common/src/tx_mutex_get.c **** #endif
 393:Middlewares/ST/threadx/common/src/tx_mutex_get.c ****                 /* Return the completion status.  */
 394:Middlewares/ST/threadx/common/src/tx_mutex_get.c ****                 status =  thread_ptr -> tx_thread_suspend_status;
 395:Middlewares/ST/threadx/common/src/tx_mutex_get.c ****             }
 396:Middlewares/ST/threadx/common/src/tx_mutex_get.c ****         }
 397:Middlewares/ST/threadx/common/src/tx_mutex_get.c ****         else
 398:Middlewares/ST/threadx/common/src/tx_mutex_get.c ****         {
 399:Middlewares/ST/threadx/common/src/tx_mutex_get.c **** 
 400:Middlewares/ST/threadx/common/src/tx_mutex_get.c ****             /* Restore interrupts.  */
 401:Middlewares/ST/threadx/common/src/tx_mutex_get.c ****             TX_RESTORE
 402:Middlewares/ST/threadx/common/src/tx_mutex_get.c **** 
 403:Middlewares/ST/threadx/common/src/tx_mutex_get.c ****             /* Immediate return, return error completion.  */
 404:Middlewares/ST/threadx/common/src/tx_mutex_get.c ****             status =  TX_NOT_AVAILABLE;
ARM GAS  /tmp/ccV7eCc9.s 			page 24


 405:Middlewares/ST/threadx/common/src/tx_mutex_get.c ****         }
 406:Middlewares/ST/threadx/common/src/tx_mutex_get.c ****     }
 407:Middlewares/ST/threadx/common/src/tx_mutex_get.c **** 
 408:Middlewares/ST/threadx/common/src/tx_mutex_get.c ****     /* Return completion status.  */
 409:Middlewares/ST/threadx/common/src/tx_mutex_get.c ****     return(status);
 410:Middlewares/ST/threadx/common/src/tx_mutex_get.c **** }
 319              		.loc 1 410 1 is_stmt 0 view .LVU107
 320 00ca F8BD     		pop	{r3, r4, r5, r6, r7, pc}
 321              	.LVL32:
 322              	.L22:
 131:Middlewares/ST/threadx/common/src/tx_mutex_get.c **** 
 323              		.loc 1 131 17 is_stmt 1 view .LVU108
 131:Middlewares/ST/threadx/common/src/tx_mutex_get.c **** 
 324              		.loc 1 131 72 is_stmt 0 view .LVU109
 325 00cc EB6A     		ldr	r3, [r5, #44]
 131:Middlewares/ST/threadx/common/src/tx_mutex_get.c **** 
 326              		.loc 1 131 57 view .LVU110
 327 00ce 6361     		str	r3, [r4, #20]
 134:Middlewares/ST/threadx/common/src/tx_mutex_get.c ****             }
 328              		.loc 1 134 17 is_stmt 1 view .LVU111
 134:Middlewares/ST/threadx/common/src/tx_mutex_get.c ****             }
 329              		.loc 1 134 64 is_stmt 0 view .LVU112
 330 00d0 2023     		movs	r3, #32
 331 00d2 A362     		str	r3, [r4, #40]
 332 00d4 EAE7     		b	.L8
 333              	.LVL33:
 334              	.L9:
 161:Middlewares/ST/threadx/common/src/tx_mutex_get.c ****                 mutex_ptr -> tx_mutex_owned_next =             mutex_ptr;
 335              		.loc 1 161 17 is_stmt 1 view .LVU113
 161:Middlewares/ST/threadx/common/src/tx_mutex_get.c ****                 mutex_ptr -> tx_mutex_owned_next =             mutex_ptr;
 336              		.loc 1 161 58 is_stmt 0 view .LVU114
 337 00d6 C5F8A440 		str	r4, [r5, #164]
 162:Middlewares/ST/threadx/common/src/tx_mutex_get.c ****                 mutex_ptr -> tx_mutex_owned_previous =         mutex_ptr;
 338              		.loc 1 162 17 is_stmt 1 view .LVU115
 162:Middlewares/ST/threadx/common/src/tx_mutex_get.c ****                 mutex_ptr -> tx_mutex_owned_previous =         mutex_ptr;
 339              		.loc 1 162 50 is_stmt 0 view .LVU116
 340 00da E462     		str	r4, [r4, #44]
 163:Middlewares/ST/threadx/common/src/tx_mutex_get.c ****             }
 341              		.loc 1 163 17 is_stmt 1 view .LVU117
 163:Middlewares/ST/threadx/common/src/tx_mutex_get.c ****             }
 342              		.loc 1 163 54 is_stmt 0 view .LVU118
 343 00dc 2463     		str	r4, [r4, #48]
 344 00de EDE7     		b	.L10
 345              	.LVL34:
 346              	.L6:
 178:Middlewares/ST/threadx/common/src/tx_mutex_get.c ****     {
 347              		.loc 1 178 10 is_stmt 1 view .LVU119
 178:Middlewares/ST/threadx/common/src/tx_mutex_get.c ****     {
 348              		.loc 1 178 24 is_stmt 0 view .LVU120
 349 00e0 E368     		ldr	r3, [r4, #12]
 178:Middlewares/ST/threadx/common/src/tx_mutex_get.c ****     {
 350              		.loc 1 178 13 view .LVU121
 351 00e2 AB42     		cmp	r3, r5
 352 00e4 28D0     		beq	.L23
 195:Middlewares/ST/threadx/common/src/tx_mutex_get.c ****         {
 353              		.loc 1 195 9 is_stmt 1 view .LVU122
 195:Middlewares/ST/threadx/common/src/tx_mutex_get.c ****         {
ARM GAS  /tmp/ccV7eCc9.s 			page 25


 354              		.loc 1 195 12 is_stmt 0 view .LVU123
 355 00e6 002E     		cmp	r6, #0
 356 00e8 4BD0     		beq	.L13
 199:Middlewares/ST/threadx/common/src/tx_mutex_get.c ****             {
 357              		.loc 1 199 13 is_stmt 1 view .LVU124
 199:Middlewares/ST/threadx/common/src/tx_mutex_get.c ****             {
 358              		.loc 1 199 44 is_stmt 0 view .LVU125
 359 00ea 314A     		ldr	r2, .L26+36
 360 00ec 1268     		ldr	r2, [r2]
 199:Middlewares/ST/threadx/common/src/tx_mutex_get.c ****             {
 361              		.loc 1 199 16 view .LVU126
 362 00ee 4ABB     		cbnz	r2, .L24
 214:Middlewares/ST/threadx/common/src/tx_mutex_get.c **** 
 363              		.loc 1 214 17 is_stmt 1 view .LVU127
 364              	.LVL35:
 248:Middlewares/ST/threadx/common/src/tx_mutex_get.c **** 
 365              		.loc 1 248 17 view .LVU128
 248:Middlewares/ST/threadx/common/src/tx_mutex_get.c **** 
 366              		.loc 1 248 57 is_stmt 0 view .LVU129
 367 00f0 304A     		ldr	r2, .L26+40
 368 00f2 AA66     		str	r2, [r5, #104]
 252:Middlewares/ST/threadx/common/src/tx_mutex_get.c **** 
 369              		.loc 1 252 17 is_stmt 1 view .LVU130
 252:Middlewares/ST/threadx/common/src/tx_mutex_get.c **** 
 370              		.loc 1 252 63 is_stmt 0 view .LVU131
 371 00f4 EC66     		str	r4, [r5, #108]
 258:Middlewares/ST/threadx/common/src/tx_mutex_get.c **** #endif
 372              		.loc 1 258 17 is_stmt 1 view .LVU132
 258:Middlewares/ST/threadx/common/src/tx_mutex_get.c **** #endif
 373              		.loc 1 258 28 is_stmt 0 view .LVU133
 374 00f6 D5F8AC20 		ldr	r2, [r5, #172]
 258:Middlewares/ST/threadx/common/src/tx_mutex_get.c **** #endif
 375              		.loc 1 258 60 view .LVU134
 376 00fa 0132     		adds	r2, r2, #1
 377 00fc C5F8AC20 		str	r2, [r5, #172]
 262:Middlewares/ST/threadx/common/src/tx_mutex_get.c ****                 {
 378              		.loc 1 262 17 is_stmt 1 view .LVU135
 262:Middlewares/ST/threadx/common/src/tx_mutex_get.c ****                 {
 379              		.loc 1 262 31 is_stmt 0 view .LVU136
 380 0100 E269     		ldr	r2, [r4, #28]
 262:Middlewares/ST/threadx/common/src/tx_mutex_get.c ****                 {
 381              		.loc 1 262 20 view .LVU137
 382 0102 1ABB     		cbnz	r2, .L15
 267:Middlewares/ST/threadx/common/src/tx_mutex_get.c ****                     thread_ptr -> tx_thread_suspended_next =        thread_ptr;
 383              		.loc 1 267 21 is_stmt 1 view .LVU138
 267:Middlewares/ST/threadx/common/src/tx_mutex_get.c ****                     thread_ptr -> tx_thread_suspended_next =        thread_ptr;
 384              		.loc 1 267 59 is_stmt 0 view .LVU139
 385 0104 A561     		str	r5, [r4, #24]
 268:Middlewares/ST/threadx/common/src/tx_mutex_get.c ****                     thread_ptr -> tx_thread_suspended_previous =    thread_ptr;
 386              		.loc 1 268 21 is_stmt 1 view .LVU140
 268:Middlewares/ST/threadx/common/src/tx_mutex_get.c ****                     thread_ptr -> tx_thread_suspended_previous =    thread_ptr;
 387              		.loc 1 268 60 is_stmt 0 view .LVU141
 388 0106 2D67     		str	r5, [r5, #112]
 269:Middlewares/ST/threadx/common/src/tx_mutex_get.c ****                 }
 389              		.loc 1 269 21 is_stmt 1 view .LVU142
 269:Middlewares/ST/threadx/common/src/tx_mutex_get.c ****                 }
 390              		.loc 1 269 64 is_stmt 0 view .LVU143
ARM GAS  /tmp/ccV7eCc9.s 			page 26


 391 0108 6D67     		str	r5, [r5, #116]
 392              	.L16:
 284:Middlewares/ST/threadx/common/src/tx_mutex_get.c **** 
 393              		.loc 1 284 17 is_stmt 1 view .LVU144
 284:Middlewares/ST/threadx/common/src/tx_mutex_get.c **** 
 394              		.loc 1 284 27 is_stmt 0 view .LVU145
 395 010a E269     		ldr	r2, [r4, #28]
 284:Middlewares/ST/threadx/common/src/tx_mutex_get.c **** 
 396              		.loc 1 284 54 view .LVU146
 397 010c 0132     		adds	r2, r2, #1
 398 010e E261     		str	r2, [r4, #28]
 287:Middlewares/ST/threadx/common/src/tx_mutex_get.c **** 
 399              		.loc 1 287 17 is_stmt 1 view .LVU147
 287:Middlewares/ST/threadx/common/src/tx_mutex_get.c **** 
 400              		.loc 1 287 47 is_stmt 0 view .LVU148
 401 0110 0D22     		movs	r2, #13
 402 0112 2A63     		str	r2, [r5, #48]
 339:Middlewares/ST/threadx/common/src/tx_mutex_get.c **** 
 403              		.loc 1 339 17 is_stmt 1 view .LVU149
 339:Middlewares/ST/threadx/common/src/tx_mutex_get.c **** 
 404              		.loc 1 339 52 is_stmt 0 view .LVU150
 405 0114 0122     		movs	r2, #1
 406 0116 AA63     		str	r2, [r5, #56]
 342:Middlewares/ST/threadx/common/src/tx_mutex_get.c **** 
 407              		.loc 1 342 17 is_stmt 1 view .LVU151
 342:Middlewares/ST/threadx/common/src/tx_mutex_get.c **** 
 408              		.loc 1 342 81 is_stmt 0 view .LVU152
 409 0118 EE64     		str	r6, [r5, #76]
 345:Middlewares/ST/threadx/common/src/tx_mutex_get.c **** 
 410              		.loc 1 345 17 is_stmt 1 view .LVU153
 345:Middlewares/ST/threadx/common/src/tx_mutex_get.c **** 
 411              		.loc 1 345 43 is_stmt 0 view .LVU154
 412 011a 2549     		ldr	r1, .L26+36
 413 011c 0A68     		ldr	r2, [r1]
 414 011e 0132     		adds	r2, r2, #1
 415 0120 0A60     		str	r2, [r1]
 348:Middlewares/ST/threadx/common/src/tx_mutex_get.c **** 
 416              		.loc 1 348 17 is_stmt 1 view .LVU155
 417              	.LVL36:
 418              	.LBB30:
 419              	.LBI30:
 556:Middlewares/ST/threadx/ports/cortex_m7/gnu/inc/tx_port.h **** {
 420              		.loc 2 556 55 view .LVU156
 421              	.LBB31:
 562:Middlewares/ST/threadx/ports/cortex_m7/gnu/inc/tx_port.h **** #endif
 422              		.loc 2 562 5 view .LVU157
 423              		.syntax unified
 424              	@ 562 "Middlewares/ST/threadx/ports/cortex_m7/gnu/inc/tx_port.h" 1
 425 0122 87F31088 		MSR  PRIMASK,r7
 426              	@ 0 "" 2
 427              	.LVL37:
 562:Middlewares/ST/threadx/ports/cortex_m7/gnu/inc/tx_port.h **** #endif
 428              		.loc 2 562 5 is_stmt 0 view .LVU158
 429              		.thumb
 430              		.syntax unified
 431              	.LBE31:
 432              	.LBE30:
ARM GAS  /tmp/ccV7eCc9.s 			page 27


 352:Middlewares/ST/threadx/common/src/tx_mutex_get.c ****                 {
 433              		.loc 1 352 17 is_stmt 1 view .LVU159
 352:Middlewares/ST/threadx/common/src/tx_mutex_get.c ****                 {
 434              		.loc 1 352 31 is_stmt 0 view .LVU160
 435 0126 2269     		ldr	r2, [r4, #16]
 352:Middlewares/ST/threadx/common/src/tx_mutex_get.c ****                 {
 436              		.loc 1 352 20 view .LVU161
 437 0128 012A     		cmp	r2, #1
 438 012a 16D0     		beq	.L25
 439              	.LVL38:
 440              	.L17:
 391:Middlewares/ST/threadx/common/src/tx_mutex_get.c **** #endif
 441              		.loc 1 391 17 is_stmt 1 view .LVU162
 442 012c 2846     		mov	r0, r5
 443 012e FFF7FEFF 		bl	_tx_thread_system_suspend
 444              	.LVL39:
 394:Middlewares/ST/threadx/common/src/tx_mutex_get.c ****             }
 445              		.loc 1 394 17 view .LVU163
 394:Middlewares/ST/threadx/common/src/tx_mutex_get.c ****             }
 446              		.loc 1 394 24 is_stmt 0 view .LVU164
 447 0132 D5F88400 		ldr	r0, [r5, #132]
 448              	.LVL40:
 394:Middlewares/ST/threadx/common/src/tx_mutex_get.c ****             }
 449              		.loc 1 394 24 view .LVU165
 450 0136 C8E7     		b	.L1
 451              	.LVL41:
 452              	.L23:
 183:Middlewares/ST/threadx/common/src/tx_mutex_get.c **** 
 453              		.loc 1 183 9 is_stmt 1 view .LVU166
 183:Middlewares/ST/threadx/common/src/tx_mutex_get.c **** 
 454              		.loc 1 183 46 is_stmt 0 view .LVU167
 455 0138 0130     		adds	r0, r0, #1
 456 013a A060     		str	r0, [r4, #8]
 186:Middlewares/ST/threadx/common/src/tx_mutex_get.c **** 
 457              		.loc 1 186 9 is_stmt 1 view .LVU168
 458              	.LVL42:
 459              	.LBB32:
 460              	.LBI32:
 556:Middlewares/ST/threadx/ports/cortex_m7/gnu/inc/tx_port.h **** {
 461              		.loc 2 556 55 view .LVU169
 462              	.LBB33:
 562:Middlewares/ST/threadx/ports/cortex_m7/gnu/inc/tx_port.h **** #endif
 463              		.loc 2 562 5 view .LVU170
 464              		.syntax unified
 465              	@ 562 "Middlewares/ST/threadx/ports/cortex_m7/gnu/inc/tx_port.h" 1
 466 013c 87F31088 		MSR  PRIMASK,r7
 467              	@ 0 "" 2
 468              	.LVL43:
 562:Middlewares/ST/threadx/ports/cortex_m7/gnu/inc/tx_port.h **** #endif
 469              		.loc 2 562 5 is_stmt 0 view .LVU171
 470              		.thumb
 471              		.syntax unified
 472              	.LBE33:
 473              	.LBE32:
 189:Middlewares/ST/threadx/common/src/tx_mutex_get.c ****     }
 474              		.loc 1 189 9 is_stmt 1 view .LVU172
 189:Middlewares/ST/threadx/common/src/tx_mutex_get.c ****     }
ARM GAS  /tmp/ccV7eCc9.s 			page 28


 475              		.loc 1 189 16 is_stmt 0 view .LVU173
 476 0140 0020     		movs	r0, #0
 477 0142 C2E7     		b	.L1
 478              	.LVL44:
 479              	.L24:
 203:Middlewares/ST/threadx/common/src/tx_mutex_get.c **** 
 480              		.loc 1 203 17 is_stmt 1 view .LVU174
 481              	.LBB34:
 482              	.LBI34:
 556:Middlewares/ST/threadx/ports/cortex_m7/gnu/inc/tx_port.h **** {
 483              		.loc 2 556 55 view .LVU175
 484              	.LBB35:
 562:Middlewares/ST/threadx/ports/cortex_m7/gnu/inc/tx_port.h **** #endif
 485              		.loc 2 562 5 view .LVU176
 486              		.syntax unified
 487              	@ 562 "Middlewares/ST/threadx/ports/cortex_m7/gnu/inc/tx_port.h" 1
 488 0144 87F31088 		MSR  PRIMASK,r7
 489              	@ 0 "" 2
 490              	.LVL45:
 562:Middlewares/ST/threadx/ports/cortex_m7/gnu/inc/tx_port.h **** #endif
 491              		.loc 2 562 5 is_stmt 0 view .LVU177
 492              		.thumb
 493              		.syntax unified
 494              	.LBE35:
 495              	.LBE34:
 206:Middlewares/ST/threadx/common/src/tx_mutex_get.c ****             }
 496              		.loc 1 206 17 is_stmt 1 view .LVU178
 206:Middlewares/ST/threadx/common/src/tx_mutex_get.c ****             }
 497              		.loc 1 206 24 is_stmt 0 view .LVU179
 498 0148 1D20     		movs	r0, #29
 499 014a BEE7     		b	.L1
 500              	.LVL46:
 501              	.L15:
 275:Middlewares/ST/threadx/common/src/tx_mutex_get.c ****                     thread_ptr -> tx_thread_suspended_next =        next_thread;
 502              		.loc 1 275 21 is_stmt 1 view .LVU180
 275:Middlewares/ST/threadx/common/src/tx_mutex_get.c ****                     thread_ptr -> tx_thread_suspended_next =        next_thread;
 503              		.loc 1 275 33 is_stmt 0 view .LVU181
 504 014c A269     		ldr	r2, [r4, #24]
 505              	.LVL47:
 276:Middlewares/ST/threadx/common/src/tx_mutex_get.c ****                     previous_thread =                               next_thread -> tx_thread_suspen
 506              		.loc 1 276 21 is_stmt 1 view .LVU182
 276:Middlewares/ST/threadx/common/src/tx_mutex_get.c ****                     previous_thread =                               next_thread -> tx_thread_suspen
 507              		.loc 1 276 60 is_stmt 0 view .LVU183
 508 014e 2A67     		str	r2, [r5, #112]
 277:Middlewares/ST/threadx/common/src/tx_mutex_get.c ****                     thread_ptr -> tx_thread_suspended_previous =    previous_thread;
 509              		.loc 1 277 21 is_stmt 1 view .LVU184
 277:Middlewares/ST/threadx/common/src/tx_mutex_get.c ****                     thread_ptr -> tx_thread_suspended_previous =    previous_thread;
 510              		.loc 1 277 37 is_stmt 0 view .LVU185
 511 0150 516F     		ldr	r1, [r2, #116]
 512              	.LVL48:
 278:Middlewares/ST/threadx/common/src/tx_mutex_get.c ****                     previous_thread -> tx_thread_suspended_next =   thread_ptr;
 513              		.loc 1 278 21 is_stmt 1 view .LVU186
 278:Middlewares/ST/threadx/common/src/tx_mutex_get.c ****                     previous_thread -> tx_thread_suspended_next =   thread_ptr;
 514              		.loc 1 278 64 is_stmt 0 view .LVU187
 515 0152 6967     		str	r1, [r5, #116]
 279:Middlewares/ST/threadx/common/src/tx_mutex_get.c ****                     next_thread -> tx_thread_suspended_previous =   thread_ptr;
 516              		.loc 1 279 21 is_stmt 1 view .LVU188
ARM GAS  /tmp/ccV7eCc9.s 			page 29


 279:Middlewares/ST/threadx/common/src/tx_mutex_get.c ****                     next_thread -> tx_thread_suspended_previous =   thread_ptr;
 517              		.loc 1 279 65 is_stmt 0 view .LVU189
 518 0154 0D67     		str	r5, [r1, #112]
 280:Middlewares/ST/threadx/common/src/tx_mutex_get.c ****                 }
 519              		.loc 1 280 21 is_stmt 1 view .LVU190
 280:Middlewares/ST/threadx/common/src/tx_mutex_get.c ****                 }
 520              		.loc 1 280 65 is_stmt 0 view .LVU191
 521 0156 5567     		str	r5, [r2, #116]
 522 0158 D7E7     		b	.L16
 523              	.LVL49:
 524              	.L25:
 356:Middlewares/ST/threadx/common/src/tx_mutex_get.c ****                     {
 525              		.loc 1 356 21 is_stmt 1 view .LVU192
 356:Middlewares/ST/threadx/common/src/tx_mutex_get.c ****                     {
 526              		.loc 1 356 35 is_stmt 0 view .LVU193
 527 015a A16A     		ldr	r1, [r4, #40]
 356:Middlewares/ST/threadx/common/src/tx_mutex_get.c ****                     {
 528              		.loc 1 356 85 view .LVU194
 529 015c EA6A     		ldr	r2, [r5, #44]
 356:Middlewares/ST/threadx/common/src/tx_mutex_get.c ****                     {
 530              		.loc 1 356 24 view .LVU195
 531 015e 9142     		cmp	r1, r2
 532 0160 00D9     		bls	.L18
 360:Middlewares/ST/threadx/common/src/tx_mutex_get.c ****                     }
 533              		.loc 1 360 25 is_stmt 1 view .LVU196
 360:Middlewares/ST/threadx/common/src/tx_mutex_get.c ****                     }
 534              		.loc 1 360 72 is_stmt 0 view .LVU197
 535 0162 A262     		str	r2, [r4, #40]
 536              	.L18:
 364:Middlewares/ST/threadx/common/src/tx_mutex_get.c ****                     {
 537              		.loc 1 364 21 is_stmt 1 view .LVU198
 364:Middlewares/ST/threadx/common/src/tx_mutex_get.c ****                     {
 538              		.loc 1 364 36 is_stmt 0 view .LVU199
 539 0164 EA6A     		ldr	r2, [r5, #44]
 364:Middlewares/ST/threadx/common/src/tx_mutex_get.c ****                     {
 540              		.loc 1 364 72 view .LVU200
 541 0166 D3F89C10 		ldr	r1, [r3, #156]
 364:Middlewares/ST/threadx/common/src/tx_mutex_get.c ****                     {
 542              		.loc 1 364 24 view .LVU201
 543 016a 8A42     		cmp	r2, r1
 544 016c 01D2     		bcs	.L19
 368:Middlewares/ST/threadx/common/src/tx_mutex_get.c ****                     }
 545              		.loc 1 368 25 is_stmt 1 view .LVU202
 368:Middlewares/ST/threadx/common/src/tx_mutex_get.c ****                     }
 546              		.loc 1 368 67 is_stmt 0 view .LVU203
 547 016e C3F89C20 		str	r2, [r3, #156]
 548              	.L19:
 372:Middlewares/ST/threadx/common/src/tx_mutex_get.c ****                     {
 549              		.loc 1 372 21 is_stmt 1 view .LVU204
 372:Middlewares/ST/threadx/common/src/tx_mutex_get.c ****                     {
 550              		.loc 1 372 37 is_stmt 0 view .LVU205
 551 0172 DA6A     		ldr	r2, [r3, #44]
 372:Middlewares/ST/threadx/common/src/tx_mutex_get.c ****                     {
 552              		.loc 1 372 72 view .LVU206
 553 0174 E96A     		ldr	r1, [r5, #44]
 372:Middlewares/ST/threadx/common/src/tx_mutex_get.c ****                     {
 554              		.loc 1 372 24 view .LVU207
ARM GAS  /tmp/ccV7eCc9.s 			page 30


 555 0176 8A42     		cmp	r2, r1
 556 0178 D8D9     		bls	.L17
 377:Middlewares/ST/threadx/common/src/tx_mutex_get.c **** 
 557              		.loc 1 377 25 is_stmt 1 view .LVU208
 558 017a 1846     		mov	r0, r3
 559 017c FFF7FEFF 		bl	_tx_mutex_priority_change
 560              	.LVL50:
 377:Middlewares/ST/threadx/common/src/tx_mutex_get.c **** 
 561              		.loc 1 377 25 is_stmt 0 view .LVU209
 562 0180 D4E7     		b	.L17
 563              	.LVL51:
 564              	.L13:
 401:Middlewares/ST/threadx/common/src/tx_mutex_get.c **** 
 565              		.loc 1 401 13 is_stmt 1 view .LVU210
 566              	.LBB36:
 567              	.LBI36:
 556:Middlewares/ST/threadx/ports/cortex_m7/gnu/inc/tx_port.h **** {
 568              		.loc 2 556 55 view .LVU211
 569              	.LBB37:
 562:Middlewares/ST/threadx/ports/cortex_m7/gnu/inc/tx_port.h **** #endif
 570              		.loc 2 562 5 view .LVU212
 571              		.syntax unified
 572              	@ 562 "Middlewares/ST/threadx/ports/cortex_m7/gnu/inc/tx_port.h" 1
 573 0182 87F31088 		MSR  PRIMASK,r7
 574              	@ 0 "" 2
 575              	.LVL52:
 562:Middlewares/ST/threadx/ports/cortex_m7/gnu/inc/tx_port.h **** #endif
 576              		.loc 2 562 5 is_stmt 0 view .LVU213
 577              		.thumb
 578              		.syntax unified
 579              	.LBE37:
 580              	.LBE36:
 404:Middlewares/ST/threadx/common/src/tx_mutex_get.c ****         }
 581              		.loc 1 404 13 is_stmt 1 view .LVU214
 404:Middlewares/ST/threadx/common/src/tx_mutex_get.c ****         }
 582              		.loc 1 404 20 is_stmt 0 view .LVU215
 583 0186 1D20     		movs	r0, #29
 409:Middlewares/ST/threadx/common/src/tx_mutex_get.c **** }
 584              		.loc 1 409 5 is_stmt 1 view .LVU216
 409:Middlewares/ST/threadx/common/src/tx_mutex_get.c **** }
 585              		.loc 1 409 11 is_stmt 0 view .LVU217
 586 0188 9FE7     		b	.L1
 587              	.L27:
 588 018a 00BF     		.align	2
 589              	.L26:
 590 018c 00000000 		.word	_tx_trace_buffer_current_ptr
 591 0190 00000000 		.word	_tx_trace_event_enable_bits
 592 0194 00000000 		.word	_tx_thread_system_state
 593 0198 00000000 		.word	_tx_thread_current_ptr
 594 019c 001000E0 		.word	-536866816
 595 01a0 00000000 		.word	_tx_trace_buffer_end_ptr
 596 01a4 00000000 		.word	_tx_trace_buffer_start_ptr
 597 01a8 00000000 		.word	_tx_trace_header_ptr
 598 01ac 00000000 		.word	_tx_trace_full_notify_function
 599 01b0 00000000 		.word	_tx_thread_preempt_disable
 600 01b4 00000000 		.word	_tx_mutex_cleanup
 601              		.cfi_endproc
ARM GAS  /tmp/ccV7eCc9.s 			page 31


 602              	.LFE8:
 604              		.text
 605              	.Letext0:
 606              		.file 3 "Middlewares/ST/threadx/common/inc/tx_api.h"
 607              		.file 4 "Middlewares/ST/threadx/common/inc/tx_thread.h"
 608              		.file 5 "Middlewares/ST/threadx/common/inc/tx_trace.h"
 609              		.file 6 "Middlewares/ST/threadx/common/inc/tx_mutex.h"
ARM GAS  /tmp/ccV7eCc9.s 			page 32


DEFINED SYMBOLS
                            *ABS*:00000000 tx_mutex_get.c
     /tmp/ccV7eCc9.s:20     .text._tx_mutex_get:00000000 $t
     /tmp/ccV7eCc9.s:26     .text._tx_mutex_get:00000000 _tx_mutex_get
     /tmp/ccV7eCc9.s:590    .text._tx_mutex_get:0000018c $d

UNDEFINED SYMBOLS
_tx_thread_system_suspend
_tx_mutex_priority_change
_tx_trace_buffer_current_ptr
_tx_trace_event_enable_bits
_tx_thread_system_state
_tx_thread_current_ptr
_tx_trace_buffer_end_ptr
_tx_trace_buffer_start_ptr
_tx_trace_header_ptr
_tx_trace_full_notify_function
_tx_thread_preempt_disable
_tx_mutex_cleanup
