ARM GAS  /tmp/ccHCxrSy.s 			page 1


   1              		.cpu cortex-m7
   2              		.arch armv7e-m
   3              		.fpu fpv5-d16
   4              		.eabi_attribute 28, 1
   5              		.eabi_attribute 20, 1
   6              		.eabi_attribute 21, 1
   7              		.eabi_attribute 23, 3
   8              		.eabi_attribute 24, 1
   9              		.eabi_attribute 25, 1
  10              		.eabi_attribute 26, 1
  11              		.eabi_attribute 30, 1
  12              		.eabi_attribute 34, 1
  13              		.eabi_attribute 18, 4
  14              		.file	"tx_mutex_put.c"
  15              		.text
  16              	.Ltext0:
  17              		.cfi_sections	.debug_frame
  18              		.file 1 "Middlewares/ST/threadx/common/src/tx_mutex_put.c"
  19              		.section	.text._tx_mutex_put,"ax",%progbits
  20              		.align	1
  21              		.global	_tx_mutex_put
  22              		.syntax unified
  23              		.thumb
  24              		.thumb_func
  26              	_tx_mutex_put:
  27              	.LVL0:
  28              	.LFB8:
   1:Middlewares/ST/threadx/common/src/tx_mutex_put.c **** /**************************************************************************/
   2:Middlewares/ST/threadx/common/src/tx_mutex_put.c **** /*                                                                        */
   3:Middlewares/ST/threadx/common/src/tx_mutex_put.c **** /*       Copyright (c) Microsoft Corporation. All rights reserved.        */
   4:Middlewares/ST/threadx/common/src/tx_mutex_put.c **** /*                                                                        */
   5:Middlewares/ST/threadx/common/src/tx_mutex_put.c **** /*       This software is licensed under the Microsoft Software License   */
   6:Middlewares/ST/threadx/common/src/tx_mutex_put.c **** /*       Terms for Microsoft Azure RTOS. Full text of the license can be  */
   7:Middlewares/ST/threadx/common/src/tx_mutex_put.c **** /*       found in the LICENSE file at https://aka.ms/AzureRTOS_EULA       */
   8:Middlewares/ST/threadx/common/src/tx_mutex_put.c **** /*       and in the root directory of this software.                      */
   9:Middlewares/ST/threadx/common/src/tx_mutex_put.c **** /*                                                                        */
  10:Middlewares/ST/threadx/common/src/tx_mutex_put.c **** /**************************************************************************/
  11:Middlewares/ST/threadx/common/src/tx_mutex_put.c **** 
  12:Middlewares/ST/threadx/common/src/tx_mutex_put.c **** 
  13:Middlewares/ST/threadx/common/src/tx_mutex_put.c **** /**************************************************************************/
  14:Middlewares/ST/threadx/common/src/tx_mutex_put.c **** /**************************************************************************/
  15:Middlewares/ST/threadx/common/src/tx_mutex_put.c **** /**                                                                       */
  16:Middlewares/ST/threadx/common/src/tx_mutex_put.c **** /** ThreadX Component                                                     */
  17:Middlewares/ST/threadx/common/src/tx_mutex_put.c **** /**                                                                       */
  18:Middlewares/ST/threadx/common/src/tx_mutex_put.c **** /**   Mutex                                                               */
  19:Middlewares/ST/threadx/common/src/tx_mutex_put.c **** /**                                                                       */
  20:Middlewares/ST/threadx/common/src/tx_mutex_put.c **** /**************************************************************************/
  21:Middlewares/ST/threadx/common/src/tx_mutex_put.c **** /**************************************************************************/
  22:Middlewares/ST/threadx/common/src/tx_mutex_put.c **** 
  23:Middlewares/ST/threadx/common/src/tx_mutex_put.c **** #define TX_SOURCE_CODE
  24:Middlewares/ST/threadx/common/src/tx_mutex_put.c **** 
  25:Middlewares/ST/threadx/common/src/tx_mutex_put.c **** 
  26:Middlewares/ST/threadx/common/src/tx_mutex_put.c **** /* Include necessary system files.  */
  27:Middlewares/ST/threadx/common/src/tx_mutex_put.c **** 
  28:Middlewares/ST/threadx/common/src/tx_mutex_put.c **** #include "tx_api.h"
  29:Middlewares/ST/threadx/common/src/tx_mutex_put.c **** #include "tx_trace.h"
  30:Middlewares/ST/threadx/common/src/tx_mutex_put.c **** #include "tx_thread.h"
ARM GAS  /tmp/ccHCxrSy.s 			page 2


  31:Middlewares/ST/threadx/common/src/tx_mutex_put.c **** #include "tx_mutex.h"
  32:Middlewares/ST/threadx/common/src/tx_mutex_put.c **** 
  33:Middlewares/ST/threadx/common/src/tx_mutex_put.c **** 
  34:Middlewares/ST/threadx/common/src/tx_mutex_put.c **** /**************************************************************************/
  35:Middlewares/ST/threadx/common/src/tx_mutex_put.c **** /*                                                                        */
  36:Middlewares/ST/threadx/common/src/tx_mutex_put.c **** /*  FUNCTION                                               RELEASE        */
  37:Middlewares/ST/threadx/common/src/tx_mutex_put.c **** /*                                                                        */
  38:Middlewares/ST/threadx/common/src/tx_mutex_put.c **** /*    _tx_mutex_put                                       PORTABLE C      */
  39:Middlewares/ST/threadx/common/src/tx_mutex_put.c **** /*                                                           6.1          */
  40:Middlewares/ST/threadx/common/src/tx_mutex_put.c **** /*  AUTHOR                                                                */
  41:Middlewares/ST/threadx/common/src/tx_mutex_put.c **** /*                                                                        */
  42:Middlewares/ST/threadx/common/src/tx_mutex_put.c **** /*    William E. Lamie, Microsoft Corporation                             */
  43:Middlewares/ST/threadx/common/src/tx_mutex_put.c **** /*                                                                        */
  44:Middlewares/ST/threadx/common/src/tx_mutex_put.c **** /*  DESCRIPTION                                                           */
  45:Middlewares/ST/threadx/common/src/tx_mutex_put.c **** /*                                                                        */
  46:Middlewares/ST/threadx/common/src/tx_mutex_put.c **** /*    This function puts back an instance of the specified mutex.         */
  47:Middlewares/ST/threadx/common/src/tx_mutex_put.c **** /*                                                                        */
  48:Middlewares/ST/threadx/common/src/tx_mutex_put.c **** /*  INPUT                                                                 */
  49:Middlewares/ST/threadx/common/src/tx_mutex_put.c **** /*                                                                        */
  50:Middlewares/ST/threadx/common/src/tx_mutex_put.c **** /*    mutex_ptr                         Pointer to mutex control block    */
  51:Middlewares/ST/threadx/common/src/tx_mutex_put.c **** /*                                                                        */
  52:Middlewares/ST/threadx/common/src/tx_mutex_put.c **** /*  OUTPUT                                                                */
  53:Middlewares/ST/threadx/common/src/tx_mutex_put.c **** /*                                                                        */
  54:Middlewares/ST/threadx/common/src/tx_mutex_put.c **** /*    TX_SUCCESS                        Success completion status         */
  55:Middlewares/ST/threadx/common/src/tx_mutex_put.c **** /*                                                                        */
  56:Middlewares/ST/threadx/common/src/tx_mutex_put.c **** /*  CALLS                                                                 */
  57:Middlewares/ST/threadx/common/src/tx_mutex_put.c **** /*                                                                        */
  58:Middlewares/ST/threadx/common/src/tx_mutex_put.c **** /*    _tx_thread_system_preempt_check   Check for preemption              */
  59:Middlewares/ST/threadx/common/src/tx_mutex_put.c **** /*    _tx_thread_system_resume          Resume thread service             */
  60:Middlewares/ST/threadx/common/src/tx_mutex_put.c **** /*    _tx_thread_system_ni_resume       Non-interruptable resume thread   */
  61:Middlewares/ST/threadx/common/src/tx_mutex_put.c **** /*    _tx_mutex_priority_change         Restore previous thread priority  */
  62:Middlewares/ST/threadx/common/src/tx_mutex_put.c **** /*    _tx_mutex_prioritize              Prioritize the mutex suspension   */
  63:Middlewares/ST/threadx/common/src/tx_mutex_put.c **** /*    _tx_mutex_thread_release          Release all thread's mutexes      */
  64:Middlewares/ST/threadx/common/src/tx_mutex_put.c **** /*    _tx_mutex_delete                  Release ownership upon mutex      */
  65:Middlewares/ST/threadx/common/src/tx_mutex_put.c **** /*                                        deletion                        */
  66:Middlewares/ST/threadx/common/src/tx_mutex_put.c **** /*                                                                        */
  67:Middlewares/ST/threadx/common/src/tx_mutex_put.c **** /*  CALLED BY                                                             */
  68:Middlewares/ST/threadx/common/src/tx_mutex_put.c **** /*                                                                        */
  69:Middlewares/ST/threadx/common/src/tx_mutex_put.c **** /*    Application Code                                                    */
  70:Middlewares/ST/threadx/common/src/tx_mutex_put.c **** /*                                                                        */
  71:Middlewares/ST/threadx/common/src/tx_mutex_put.c **** /*  RELEASE HISTORY                                                       */
  72:Middlewares/ST/threadx/common/src/tx_mutex_put.c **** /*                                                                        */
  73:Middlewares/ST/threadx/common/src/tx_mutex_put.c **** /*    DATE              NAME                      DESCRIPTION             */
  74:Middlewares/ST/threadx/common/src/tx_mutex_put.c **** /*                                                                        */
  75:Middlewares/ST/threadx/common/src/tx_mutex_put.c **** /*  05-19-2020     William E. Lamie         Initial Version 6.0           */
  76:Middlewares/ST/threadx/common/src/tx_mutex_put.c **** /*  09-30-2020     Yuxin Zhou               Modified comment(s),          */
  77:Middlewares/ST/threadx/common/src/tx_mutex_put.c **** /*                                            resulting in version 6.1    */
  78:Middlewares/ST/threadx/common/src/tx_mutex_put.c **** /*                                                                        */
  79:Middlewares/ST/threadx/common/src/tx_mutex_put.c **** /**************************************************************************/
  80:Middlewares/ST/threadx/common/src/tx_mutex_put.c **** UINT  _tx_mutex_put(TX_MUTEX *mutex_ptr)
  81:Middlewares/ST/threadx/common/src/tx_mutex_put.c **** {
  29              		.loc 1 81 1 view -0
  30              		.cfi_startproc
  31              		@ args = 0, pretend = 0, frame = 8
  32              		@ frame_needed = 0, uses_anonymous_args = 0
  33              		.loc 1 81 1 is_stmt 0 view .LVU1
  34 0000 2DE9F041 		push	{r4, r5, r6, r7, r8, lr}
ARM GAS  /tmp/ccHCxrSy.s 			page 3


  35              	.LCFI0:
  36              		.cfi_def_cfa_offset 24
  37              		.cfi_offset 4, -24
  38              		.cfi_offset 5, -20
  39              		.cfi_offset 6, -16
  40              		.cfi_offset 7, -12
  41              		.cfi_offset 8, -8
  42              		.cfi_offset 14, -4
  43 0004 82B0     		sub	sp, sp, #8
  44              	.LCFI1:
  45              		.cfi_def_cfa_offset 32
  46 0006 0446     		mov	r4, r0
  82:Middlewares/ST/threadx/common/src/tx_mutex_put.c **** 
  83:Middlewares/ST/threadx/common/src/tx_mutex_put.c **** TX_INTERRUPT_SAVE_AREA
  47              		.loc 1 83 1 is_stmt 1 view .LVU2
  84:Middlewares/ST/threadx/common/src/tx_mutex_put.c **** 
  85:Middlewares/ST/threadx/common/src/tx_mutex_put.c **** TX_THREAD       *thread_ptr;
  48              		.loc 1 85 1 view .LVU3
  86:Middlewares/ST/threadx/common/src/tx_mutex_put.c **** TX_THREAD       *old_owner;
  49              		.loc 1 86 1 view .LVU4
  87:Middlewares/ST/threadx/common/src/tx_mutex_put.c **** UINT            old_priority;
  50              		.loc 1 87 1 view .LVU5
  88:Middlewares/ST/threadx/common/src/tx_mutex_put.c **** UINT            status;
  51              		.loc 1 88 1 view .LVU6
  89:Middlewares/ST/threadx/common/src/tx_mutex_put.c **** TX_MUTEX        *next_mutex;
  52              		.loc 1 89 1 view .LVU7
  90:Middlewares/ST/threadx/common/src/tx_mutex_put.c **** TX_MUTEX        *previous_mutex;
  53              		.loc 1 90 1 view .LVU8
  91:Middlewares/ST/threadx/common/src/tx_mutex_put.c **** UINT            owned_count;
  54              		.loc 1 91 1 view .LVU9
  92:Middlewares/ST/threadx/common/src/tx_mutex_put.c **** UINT            suspended_count;
  55              		.loc 1 92 1 view .LVU10
  93:Middlewares/ST/threadx/common/src/tx_mutex_put.c **** TX_THREAD       *current_thread;
  56              		.loc 1 93 1 view .LVU11
  94:Middlewares/ST/threadx/common/src/tx_mutex_put.c **** TX_THREAD       *next_thread;
  57              		.loc 1 94 1 view .LVU12
  95:Middlewares/ST/threadx/common/src/tx_mutex_put.c **** TX_THREAD       *previous_thread;
  58              		.loc 1 95 1 view .LVU13
  96:Middlewares/ST/threadx/common/src/tx_mutex_put.c **** TX_THREAD       *suspended_thread;
  59              		.loc 1 96 1 view .LVU14
  97:Middlewares/ST/threadx/common/src/tx_mutex_put.c **** UINT            inheritance_priority;
  60              		.loc 1 97 1 view .LVU15
  98:Middlewares/ST/threadx/common/src/tx_mutex_put.c **** 
  99:Middlewares/ST/threadx/common/src/tx_mutex_put.c **** 
 100:Middlewares/ST/threadx/common/src/tx_mutex_put.c ****     /* Setup status to indicate the processing is not complete.  */
 101:Middlewares/ST/threadx/common/src/tx_mutex_put.c ****     status =  TX_NOT_DONE;
  61              		.loc 1 101 5 view .LVU16
  62              	.LVL1:
 102:Middlewares/ST/threadx/common/src/tx_mutex_put.c **** 
 103:Middlewares/ST/threadx/common/src/tx_mutex_put.c ****     /* Disable interrupts to put an instance back to the mutex.  */
 104:Middlewares/ST/threadx/common/src/tx_mutex_put.c ****     TX_DISABLE
  63              		.loc 1 104 5 view .LVU17
  64              	.LBB49:
  65              	.LBI49:
  66              		.file 2 "Middlewares/ST/threadx/ports/cortex_m7/gnu/inc/tx_port.h"
   1:Middlewares/ST/threadx/ports/cortex_m7/gnu/inc/tx_port.h **** /**************************************************************************/
   2:Middlewares/ST/threadx/ports/cortex_m7/gnu/inc/tx_port.h **** /*                                                                        */
ARM GAS  /tmp/ccHCxrSy.s 			page 4


   3:Middlewares/ST/threadx/ports/cortex_m7/gnu/inc/tx_port.h **** /*       Copyright (c) Microsoft Corporation. All rights reserved.        */
   4:Middlewares/ST/threadx/ports/cortex_m7/gnu/inc/tx_port.h **** /*                                                                        */
   5:Middlewares/ST/threadx/ports/cortex_m7/gnu/inc/tx_port.h **** /*       This software is licensed under the Microsoft Software License   */
   6:Middlewares/ST/threadx/ports/cortex_m7/gnu/inc/tx_port.h **** /*       Terms for Microsoft Azure RTOS. Full text of the license can be  */
   7:Middlewares/ST/threadx/ports/cortex_m7/gnu/inc/tx_port.h **** /*       found in the LICENSE file at https://aka.ms/AzureRTOS_EULA       */
   8:Middlewares/ST/threadx/ports/cortex_m7/gnu/inc/tx_port.h **** /*       and in the root directory of this software.                      */
   9:Middlewares/ST/threadx/ports/cortex_m7/gnu/inc/tx_port.h **** /*                                                                        */
  10:Middlewares/ST/threadx/ports/cortex_m7/gnu/inc/tx_port.h **** /**************************************************************************/
  11:Middlewares/ST/threadx/ports/cortex_m7/gnu/inc/tx_port.h **** 
  12:Middlewares/ST/threadx/ports/cortex_m7/gnu/inc/tx_port.h **** 
  13:Middlewares/ST/threadx/ports/cortex_m7/gnu/inc/tx_port.h **** /**************************************************************************/
  14:Middlewares/ST/threadx/ports/cortex_m7/gnu/inc/tx_port.h **** /**************************************************************************/
  15:Middlewares/ST/threadx/ports/cortex_m7/gnu/inc/tx_port.h **** /**                                                                       */
  16:Middlewares/ST/threadx/ports/cortex_m7/gnu/inc/tx_port.h **** /** ThreadX Component                                                     */
  17:Middlewares/ST/threadx/ports/cortex_m7/gnu/inc/tx_port.h **** /**                                                                       */
  18:Middlewares/ST/threadx/ports/cortex_m7/gnu/inc/tx_port.h **** /**   Port Specific                                                       */
  19:Middlewares/ST/threadx/ports/cortex_m7/gnu/inc/tx_port.h **** /**                                                                       */
  20:Middlewares/ST/threadx/ports/cortex_m7/gnu/inc/tx_port.h **** /**************************************************************************/
  21:Middlewares/ST/threadx/ports/cortex_m7/gnu/inc/tx_port.h **** /**************************************************************************/
  22:Middlewares/ST/threadx/ports/cortex_m7/gnu/inc/tx_port.h **** 
  23:Middlewares/ST/threadx/ports/cortex_m7/gnu/inc/tx_port.h **** 
  24:Middlewares/ST/threadx/ports/cortex_m7/gnu/inc/tx_port.h **** /**************************************************************************/
  25:Middlewares/ST/threadx/ports/cortex_m7/gnu/inc/tx_port.h **** /*                                                                        */
  26:Middlewares/ST/threadx/ports/cortex_m7/gnu/inc/tx_port.h **** /*  PORT SPECIFIC C INFORMATION                            RELEASE        */
  27:Middlewares/ST/threadx/ports/cortex_m7/gnu/inc/tx_port.h **** /*                                                                        */
  28:Middlewares/ST/threadx/ports/cortex_m7/gnu/inc/tx_port.h **** /*    tx_port.h                                         Cortex-M7/GNU     */
  29:Middlewares/ST/threadx/ports/cortex_m7/gnu/inc/tx_port.h **** /*                                                           6.1.10       */
  30:Middlewares/ST/threadx/ports/cortex_m7/gnu/inc/tx_port.h **** /*                                                                        */
  31:Middlewares/ST/threadx/ports/cortex_m7/gnu/inc/tx_port.h **** /*  AUTHOR                                                                */
  32:Middlewares/ST/threadx/ports/cortex_m7/gnu/inc/tx_port.h **** /*                                                                        */
  33:Middlewares/ST/threadx/ports/cortex_m7/gnu/inc/tx_port.h **** /*    Scott Larson, Microsoft Corporation                                 */
  34:Middlewares/ST/threadx/ports/cortex_m7/gnu/inc/tx_port.h **** /*                                                                        */
  35:Middlewares/ST/threadx/ports/cortex_m7/gnu/inc/tx_port.h **** /*  DESCRIPTION                                                           */
  36:Middlewares/ST/threadx/ports/cortex_m7/gnu/inc/tx_port.h **** /*                                                                        */
  37:Middlewares/ST/threadx/ports/cortex_m7/gnu/inc/tx_port.h **** /*    This file contains data type definitions that make the ThreadX      */
  38:Middlewares/ST/threadx/ports/cortex_m7/gnu/inc/tx_port.h **** /*    real-time kernel function identically on a variety of different     */
  39:Middlewares/ST/threadx/ports/cortex_m7/gnu/inc/tx_port.h **** /*    processor architectures.  For example, the size or number of bits   */
  40:Middlewares/ST/threadx/ports/cortex_m7/gnu/inc/tx_port.h **** /*    in an "int" data type vary between microprocessor architectures and */
  41:Middlewares/ST/threadx/ports/cortex_m7/gnu/inc/tx_port.h **** /*    even C compilers for the same microprocessor.  ThreadX does not     */
  42:Middlewares/ST/threadx/ports/cortex_m7/gnu/inc/tx_port.h **** /*    directly use native C data types.  Instead, ThreadX creates its     */
  43:Middlewares/ST/threadx/ports/cortex_m7/gnu/inc/tx_port.h **** /*    own special types that can be mapped to actual data types by this   */
  44:Middlewares/ST/threadx/ports/cortex_m7/gnu/inc/tx_port.h **** /*    file to guarantee consistency in the interface and functionality.   */
  45:Middlewares/ST/threadx/ports/cortex_m7/gnu/inc/tx_port.h **** /*                                                                        */
  46:Middlewares/ST/threadx/ports/cortex_m7/gnu/inc/tx_port.h **** /*    This file replaces the previous Cortex-M3/M4/M7 files. It unifies   */
  47:Middlewares/ST/threadx/ports/cortex_m7/gnu/inc/tx_port.h **** /*    the ARMv7-M architecture and compilers into one common file.        */
  48:Middlewares/ST/threadx/ports/cortex_m7/gnu/inc/tx_port.h **** /*                                                                        */
  49:Middlewares/ST/threadx/ports/cortex_m7/gnu/inc/tx_port.h **** /*  RELEASE HISTORY                                                       */
  50:Middlewares/ST/threadx/ports/cortex_m7/gnu/inc/tx_port.h **** /*                                                                        */
  51:Middlewares/ST/threadx/ports/cortex_m7/gnu/inc/tx_port.h **** /*    DATE              NAME                      DESCRIPTION             */
  52:Middlewares/ST/threadx/ports/cortex_m7/gnu/inc/tx_port.h **** /*                                                                        */
  53:Middlewares/ST/threadx/ports/cortex_m7/gnu/inc/tx_port.h **** /*  06-02-2021      Scott Larson            Initial Version 6.1.7         */
  54:Middlewares/ST/threadx/ports/cortex_m7/gnu/inc/tx_port.h **** /*  01-31-2022      Scott Larson            Modified comments, updated    */
  55:Middlewares/ST/threadx/ports/cortex_m7/gnu/inc/tx_port.h **** /*                                            typedef to fix misra        */
  56:Middlewares/ST/threadx/ports/cortex_m7/gnu/inc/tx_port.h **** /*                                            violation,                  */
  57:Middlewares/ST/threadx/ports/cortex_m7/gnu/inc/tx_port.h **** /*                                            fixed predefined macro,     */
  58:Middlewares/ST/threadx/ports/cortex_m7/gnu/inc/tx_port.h **** /*                                            resulting in version 6.1.10 */
  59:Middlewares/ST/threadx/ports/cortex_m7/gnu/inc/tx_port.h **** /*                                                                        */
ARM GAS  /tmp/ccHCxrSy.s 			page 5


  60:Middlewares/ST/threadx/ports/cortex_m7/gnu/inc/tx_port.h **** /**************************************************************************/
  61:Middlewares/ST/threadx/ports/cortex_m7/gnu/inc/tx_port.h **** 
  62:Middlewares/ST/threadx/ports/cortex_m7/gnu/inc/tx_port.h **** #ifndef TX_PORT_H
  63:Middlewares/ST/threadx/ports/cortex_m7/gnu/inc/tx_port.h **** #define TX_PORT_H
  64:Middlewares/ST/threadx/ports/cortex_m7/gnu/inc/tx_port.h **** 
  65:Middlewares/ST/threadx/ports/cortex_m7/gnu/inc/tx_port.h **** 
  66:Middlewares/ST/threadx/ports/cortex_m7/gnu/inc/tx_port.h **** /* Determine if the optional ThreadX user define file should be used.  */
  67:Middlewares/ST/threadx/ports/cortex_m7/gnu/inc/tx_port.h **** 
  68:Middlewares/ST/threadx/ports/cortex_m7/gnu/inc/tx_port.h **** #ifdef TX_INCLUDE_USER_DEFINE_FILE
  69:Middlewares/ST/threadx/ports/cortex_m7/gnu/inc/tx_port.h **** 
  70:Middlewares/ST/threadx/ports/cortex_m7/gnu/inc/tx_port.h **** /* Yes, include the user defines in tx_user.h. The defines in this file may
  71:Middlewares/ST/threadx/ports/cortex_m7/gnu/inc/tx_port.h ****    alternately be defined on the command line.  */
  72:Middlewares/ST/threadx/ports/cortex_m7/gnu/inc/tx_port.h **** 
  73:Middlewares/ST/threadx/ports/cortex_m7/gnu/inc/tx_port.h **** #include "tx_user.h"
  74:Middlewares/ST/threadx/ports/cortex_m7/gnu/inc/tx_port.h **** #endif
  75:Middlewares/ST/threadx/ports/cortex_m7/gnu/inc/tx_port.h **** 
  76:Middlewares/ST/threadx/ports/cortex_m7/gnu/inc/tx_port.h **** 
  77:Middlewares/ST/threadx/ports/cortex_m7/gnu/inc/tx_port.h **** /* Define compiler library include files.  */
  78:Middlewares/ST/threadx/ports/cortex_m7/gnu/inc/tx_port.h **** 
  79:Middlewares/ST/threadx/ports/cortex_m7/gnu/inc/tx_port.h **** #include <stdlib.h>
  80:Middlewares/ST/threadx/ports/cortex_m7/gnu/inc/tx_port.h **** #include <string.h>
  81:Middlewares/ST/threadx/ports/cortex_m7/gnu/inc/tx_port.h **** 
  82:Middlewares/ST/threadx/ports/cortex_m7/gnu/inc/tx_port.h **** #ifdef __ICCARM__
  83:Middlewares/ST/threadx/ports/cortex_m7/gnu/inc/tx_port.h **** #include <intrinsics.h>                     /* IAR Intrinsics */
  84:Middlewares/ST/threadx/ports/cortex_m7/gnu/inc/tx_port.h **** #define __asm__ __asm                       /* Define to make all inline asm look similar */
  85:Middlewares/ST/threadx/ports/cortex_m7/gnu/inc/tx_port.h **** #ifdef  TX_ENABLE_IAR_LIBRARY_SUPPORT
  86:Middlewares/ST/threadx/ports/cortex_m7/gnu/inc/tx_port.h **** #include <yvals.h>
  87:Middlewares/ST/threadx/ports/cortex_m7/gnu/inc/tx_port.h **** #endif
  88:Middlewares/ST/threadx/ports/cortex_m7/gnu/inc/tx_port.h **** #endif /* __ICCARM__ */
  89:Middlewares/ST/threadx/ports/cortex_m7/gnu/inc/tx_port.h **** 
  90:Middlewares/ST/threadx/ports/cortex_m7/gnu/inc/tx_port.h **** #ifdef __ghs__
  91:Middlewares/ST/threadx/ports/cortex_m7/gnu/inc/tx_port.h **** #include <arm_ghs.h>
  92:Middlewares/ST/threadx/ports/cortex_m7/gnu/inc/tx_port.h **** #include "tx_ghs.h"
  93:Middlewares/ST/threadx/ports/cortex_m7/gnu/inc/tx_port.h **** #endif  /* __ghs__ */
  94:Middlewares/ST/threadx/ports/cortex_m7/gnu/inc/tx_port.h **** 
  95:Middlewares/ST/threadx/ports/cortex_m7/gnu/inc/tx_port.h **** 
  96:Middlewares/ST/threadx/ports/cortex_m7/gnu/inc/tx_port.h **** #if !defined(__GNUC__) && !defined(__CC_ARM)
  97:Middlewares/ST/threadx/ports/cortex_m7/gnu/inc/tx_port.h **** #define __get_control_value __get_CONTROL
  98:Middlewares/ST/threadx/ports/cortex_m7/gnu/inc/tx_port.h **** #define __set_control_value __set_CONTROL
  99:Middlewares/ST/threadx/ports/cortex_m7/gnu/inc/tx_port.h **** #endif
 100:Middlewares/ST/threadx/ports/cortex_m7/gnu/inc/tx_port.h **** 
 101:Middlewares/ST/threadx/ports/cortex_m7/gnu/inc/tx_port.h **** #ifndef __GNUC__
 102:Middlewares/ST/threadx/ports/cortex_m7/gnu/inc/tx_port.h **** #define __get_ipsr_value __get_IPSR
 103:Middlewares/ST/threadx/ports/cortex_m7/gnu/inc/tx_port.h **** #endif
 104:Middlewares/ST/threadx/ports/cortex_m7/gnu/inc/tx_port.h **** 
 105:Middlewares/ST/threadx/ports/cortex_m7/gnu/inc/tx_port.h **** /* Define ThreadX basic types for this port.  */
 106:Middlewares/ST/threadx/ports/cortex_m7/gnu/inc/tx_port.h **** 
 107:Middlewares/ST/threadx/ports/cortex_m7/gnu/inc/tx_port.h **** #define VOID                                    void
 108:Middlewares/ST/threadx/ports/cortex_m7/gnu/inc/tx_port.h **** typedef char                                    CHAR;
 109:Middlewares/ST/threadx/ports/cortex_m7/gnu/inc/tx_port.h **** typedef unsigned char                           UCHAR;
 110:Middlewares/ST/threadx/ports/cortex_m7/gnu/inc/tx_port.h **** typedef int                                     INT;
 111:Middlewares/ST/threadx/ports/cortex_m7/gnu/inc/tx_port.h **** typedef unsigned int                            UINT;
 112:Middlewares/ST/threadx/ports/cortex_m7/gnu/inc/tx_port.h **** typedef long                                    LONG;
 113:Middlewares/ST/threadx/ports/cortex_m7/gnu/inc/tx_port.h **** typedef unsigned long                           ULONG;
 114:Middlewares/ST/threadx/ports/cortex_m7/gnu/inc/tx_port.h **** typedef unsigned long long                      ULONG64;
 115:Middlewares/ST/threadx/ports/cortex_m7/gnu/inc/tx_port.h **** typedef short                                   SHORT;
 116:Middlewares/ST/threadx/ports/cortex_m7/gnu/inc/tx_port.h **** typedef unsigned short                          USHORT;
ARM GAS  /tmp/ccHCxrSy.s 			page 6


 117:Middlewares/ST/threadx/ports/cortex_m7/gnu/inc/tx_port.h **** #define ULONG64_DEFINED
 118:Middlewares/ST/threadx/ports/cortex_m7/gnu/inc/tx_port.h **** 
 119:Middlewares/ST/threadx/ports/cortex_m7/gnu/inc/tx_port.h **** /* Define the priority levels for ThreadX.  Legal values range
 120:Middlewares/ST/threadx/ports/cortex_m7/gnu/inc/tx_port.h ****    from 32 to 1024 and MUST be evenly divisible by 32.  */
 121:Middlewares/ST/threadx/ports/cortex_m7/gnu/inc/tx_port.h **** 
 122:Middlewares/ST/threadx/ports/cortex_m7/gnu/inc/tx_port.h **** #ifndef TX_MAX_PRIORITIES
 123:Middlewares/ST/threadx/ports/cortex_m7/gnu/inc/tx_port.h **** #define TX_MAX_PRIORITIES                       32
 124:Middlewares/ST/threadx/ports/cortex_m7/gnu/inc/tx_port.h **** #endif
 125:Middlewares/ST/threadx/ports/cortex_m7/gnu/inc/tx_port.h **** 
 126:Middlewares/ST/threadx/ports/cortex_m7/gnu/inc/tx_port.h **** 
 127:Middlewares/ST/threadx/ports/cortex_m7/gnu/inc/tx_port.h **** /* Define the minimum stack for a ThreadX thread on this processor. If the size supplied during
 128:Middlewares/ST/threadx/ports/cortex_m7/gnu/inc/tx_port.h ****    thread creation is less than this value, the thread create call will return an error.  */
 129:Middlewares/ST/threadx/ports/cortex_m7/gnu/inc/tx_port.h **** 
 130:Middlewares/ST/threadx/ports/cortex_m7/gnu/inc/tx_port.h **** #ifndef TX_MINIMUM_STACK
 131:Middlewares/ST/threadx/ports/cortex_m7/gnu/inc/tx_port.h **** #define TX_MINIMUM_STACK                        200         /* Minimum stack size for this port  */
 132:Middlewares/ST/threadx/ports/cortex_m7/gnu/inc/tx_port.h **** #endif
 133:Middlewares/ST/threadx/ports/cortex_m7/gnu/inc/tx_port.h **** 
 134:Middlewares/ST/threadx/ports/cortex_m7/gnu/inc/tx_port.h **** 
 135:Middlewares/ST/threadx/ports/cortex_m7/gnu/inc/tx_port.h **** /* Define the system timer thread's default stack size and priority.  These are only applicable
 136:Middlewares/ST/threadx/ports/cortex_m7/gnu/inc/tx_port.h ****    if TX_TIMER_PROCESS_IN_ISR is not defined.  */
 137:Middlewares/ST/threadx/ports/cortex_m7/gnu/inc/tx_port.h **** 
 138:Middlewares/ST/threadx/ports/cortex_m7/gnu/inc/tx_port.h **** #ifndef TX_TIMER_THREAD_STACK_SIZE
 139:Middlewares/ST/threadx/ports/cortex_m7/gnu/inc/tx_port.h **** #define TX_TIMER_THREAD_STACK_SIZE              1024        /* Default timer thread stack size  */
 140:Middlewares/ST/threadx/ports/cortex_m7/gnu/inc/tx_port.h **** #endif
 141:Middlewares/ST/threadx/ports/cortex_m7/gnu/inc/tx_port.h **** 
 142:Middlewares/ST/threadx/ports/cortex_m7/gnu/inc/tx_port.h **** #ifndef TX_TIMER_THREAD_PRIORITY
 143:Middlewares/ST/threadx/ports/cortex_m7/gnu/inc/tx_port.h **** #define TX_TIMER_THREAD_PRIORITY                0           /* Default timer thread priority    */
 144:Middlewares/ST/threadx/ports/cortex_m7/gnu/inc/tx_port.h **** #endif
 145:Middlewares/ST/threadx/ports/cortex_m7/gnu/inc/tx_port.h **** 
 146:Middlewares/ST/threadx/ports/cortex_m7/gnu/inc/tx_port.h **** 
 147:Middlewares/ST/threadx/ports/cortex_m7/gnu/inc/tx_port.h **** /* Define various constants for the ThreadX Cortex-M port.  */
 148:Middlewares/ST/threadx/ports/cortex_m7/gnu/inc/tx_port.h **** 
 149:Middlewares/ST/threadx/ports/cortex_m7/gnu/inc/tx_port.h **** #define TX_INT_DISABLE                          1           /* Disable interrupts               */
 150:Middlewares/ST/threadx/ports/cortex_m7/gnu/inc/tx_port.h **** #define TX_INT_ENABLE                           0           /* Enable interrupts                */
 151:Middlewares/ST/threadx/ports/cortex_m7/gnu/inc/tx_port.h **** 
 152:Middlewares/ST/threadx/ports/cortex_m7/gnu/inc/tx_port.h **** 
 153:Middlewares/ST/threadx/ports/cortex_m7/gnu/inc/tx_port.h **** /* Define the clock source for trace event entry time stamp. The following two item are port specif
 154:Middlewares/ST/threadx/ports/cortex_m7/gnu/inc/tx_port.h ****    For example, if the time source is at the address 0x0a800024 and is 16-bits in size, the clock
 155:Middlewares/ST/threadx/ports/cortex_m7/gnu/inc/tx_port.h ****    source constants would be:
 156:Middlewares/ST/threadx/ports/cortex_m7/gnu/inc/tx_port.h **** 
 157:Middlewares/ST/threadx/ports/cortex_m7/gnu/inc/tx_port.h **** #define TX_TRACE_TIME_SOURCE                    *((ULONG *) 0x0a800024)
 158:Middlewares/ST/threadx/ports/cortex_m7/gnu/inc/tx_port.h **** #define TX_TRACE_TIME_MASK                      0x0000FFFFUL
 159:Middlewares/ST/threadx/ports/cortex_m7/gnu/inc/tx_port.h **** 
 160:Middlewares/ST/threadx/ports/cortex_m7/gnu/inc/tx_port.h **** */
 161:Middlewares/ST/threadx/ports/cortex_m7/gnu/inc/tx_port.h **** 
 162:Middlewares/ST/threadx/ports/cortex_m7/gnu/inc/tx_port.h **** #ifndef TX_MISRA_ENABLE
 163:Middlewares/ST/threadx/ports/cortex_m7/gnu/inc/tx_port.h **** #ifndef TX_TRACE_TIME_SOURCE
 164:Middlewares/ST/threadx/ports/cortex_m7/gnu/inc/tx_port.h **** #define TX_TRACE_TIME_SOURCE                    *((ULONG *) 0xE0001004)
 165:Middlewares/ST/threadx/ports/cortex_m7/gnu/inc/tx_port.h **** #endif
 166:Middlewares/ST/threadx/ports/cortex_m7/gnu/inc/tx_port.h **** #else
 167:Middlewares/ST/threadx/ports/cortex_m7/gnu/inc/tx_port.h **** ULONG   _tx_misra_time_stamp_get(VOID);
 168:Middlewares/ST/threadx/ports/cortex_m7/gnu/inc/tx_port.h **** #define TX_TRACE_TIME_SOURCE                    _tx_misra_time_stamp_get()
 169:Middlewares/ST/threadx/ports/cortex_m7/gnu/inc/tx_port.h **** #endif
 170:Middlewares/ST/threadx/ports/cortex_m7/gnu/inc/tx_port.h **** 
 171:Middlewares/ST/threadx/ports/cortex_m7/gnu/inc/tx_port.h **** #ifndef TX_TRACE_TIME_MASK
 172:Middlewares/ST/threadx/ports/cortex_m7/gnu/inc/tx_port.h **** #define TX_TRACE_TIME_MASK                      0xFFFFFFFFUL
 173:Middlewares/ST/threadx/ports/cortex_m7/gnu/inc/tx_port.h **** #endif
ARM GAS  /tmp/ccHCxrSy.s 			page 7


 174:Middlewares/ST/threadx/ports/cortex_m7/gnu/inc/tx_port.h **** 
 175:Middlewares/ST/threadx/ports/cortex_m7/gnu/inc/tx_port.h **** #ifdef __ghs__
 176:Middlewares/ST/threadx/ports/cortex_m7/gnu/inc/tx_port.h **** /* Define constants for Green Hills EventAnalyzer.  */
 177:Middlewares/ST/threadx/ports/cortex_m7/gnu/inc/tx_port.h **** 
 178:Middlewares/ST/threadx/ports/cortex_m7/gnu/inc/tx_port.h **** /* Define the number of ticks per second. This informs the EventAnalyzer what the timestamps
 179:Middlewares/ST/threadx/ports/cortex_m7/gnu/inc/tx_port.h ****    represent.  By default, this is set to 1,000,000 i.e., one tick every microsecond. */
 180:Middlewares/ST/threadx/ports/cortex_m7/gnu/inc/tx_port.h **** 
 181:Middlewares/ST/threadx/ports/cortex_m7/gnu/inc/tx_port.h **** #define TX_EL_TICKS_PER_SECOND                  1000000
 182:Middlewares/ST/threadx/ports/cortex_m7/gnu/inc/tx_port.h **** 
 183:Middlewares/ST/threadx/ports/cortex_m7/gnu/inc/tx_port.h **** /* Define the method of how to get the upper and lower 32-bits of the time stamp. By default, simpl
 184:Middlewares/ST/threadx/ports/cortex_m7/gnu/inc/tx_port.h ****    simulate the time-stamp source with a counter.  */
 185:Middlewares/ST/threadx/ports/cortex_m7/gnu/inc/tx_port.h **** 
 186:Middlewares/ST/threadx/ports/cortex_m7/gnu/inc/tx_port.h **** #define read_tbu()                              _tx_el_time_base_upper
 187:Middlewares/ST/threadx/ports/cortex_m7/gnu/inc/tx_port.h **** #define read_tbl()                              ++_tx_el_time_base_lower
 188:Middlewares/ST/threadx/ports/cortex_m7/gnu/inc/tx_port.h **** #endif  /* __ghs__ */
 189:Middlewares/ST/threadx/ports/cortex_m7/gnu/inc/tx_port.h **** 
 190:Middlewares/ST/threadx/ports/cortex_m7/gnu/inc/tx_port.h **** /* Define the port specific options for the _tx_build_options variable. This variable indicates
 191:Middlewares/ST/threadx/ports/cortex_m7/gnu/inc/tx_port.h ****    how the ThreadX library was built.  */
 192:Middlewares/ST/threadx/ports/cortex_m7/gnu/inc/tx_port.h **** 
 193:Middlewares/ST/threadx/ports/cortex_m7/gnu/inc/tx_port.h **** #define TX_PORT_SPECIFIC_BUILD_OPTIONS          (0)
 194:Middlewares/ST/threadx/ports/cortex_m7/gnu/inc/tx_port.h **** 
 195:Middlewares/ST/threadx/ports/cortex_m7/gnu/inc/tx_port.h **** 
 196:Middlewares/ST/threadx/ports/cortex_m7/gnu/inc/tx_port.h **** /* Define the in-line initialization constant so that modules with in-line
 197:Middlewares/ST/threadx/ports/cortex_m7/gnu/inc/tx_port.h ****    initialization capabilities can prevent their initialization from being
 198:Middlewares/ST/threadx/ports/cortex_m7/gnu/inc/tx_port.h ****    a function call.  */
 199:Middlewares/ST/threadx/ports/cortex_m7/gnu/inc/tx_port.h **** 
 200:Middlewares/ST/threadx/ports/cortex_m7/gnu/inc/tx_port.h **** #ifdef TX_MISRA_ENABLE
 201:Middlewares/ST/threadx/ports/cortex_m7/gnu/inc/tx_port.h **** #define TX_DISABLE_INLINE
 202:Middlewares/ST/threadx/ports/cortex_m7/gnu/inc/tx_port.h **** #else
 203:Middlewares/ST/threadx/ports/cortex_m7/gnu/inc/tx_port.h **** #define TX_INLINE_INITIALIZATION
 204:Middlewares/ST/threadx/ports/cortex_m7/gnu/inc/tx_port.h **** #endif
 205:Middlewares/ST/threadx/ports/cortex_m7/gnu/inc/tx_port.h **** 
 206:Middlewares/ST/threadx/ports/cortex_m7/gnu/inc/tx_port.h **** 
 207:Middlewares/ST/threadx/ports/cortex_m7/gnu/inc/tx_port.h **** /* Determine whether or not stack checking is enabled. By default, ThreadX stack checking is
 208:Middlewares/ST/threadx/ports/cortex_m7/gnu/inc/tx_port.h ****    disabled. When the following is defined, ThreadX thread stack checking is enabled.  If stack
 209:Middlewares/ST/threadx/ports/cortex_m7/gnu/inc/tx_port.h ****    checking is enabled (TX_ENABLE_STACK_CHECKING is defined), the TX_DISABLE_STACK_FILLING
 210:Middlewares/ST/threadx/ports/cortex_m7/gnu/inc/tx_port.h ****    define is negated, thereby forcing the stack fill which is necessary for the stack checking
 211:Middlewares/ST/threadx/ports/cortex_m7/gnu/inc/tx_port.h ****    logic.  */
 212:Middlewares/ST/threadx/ports/cortex_m7/gnu/inc/tx_port.h **** 
 213:Middlewares/ST/threadx/ports/cortex_m7/gnu/inc/tx_port.h **** #ifndef TX_MISRA_ENABLE
 214:Middlewares/ST/threadx/ports/cortex_m7/gnu/inc/tx_port.h **** #ifdef TX_ENABLE_STACK_CHECKING
 215:Middlewares/ST/threadx/ports/cortex_m7/gnu/inc/tx_port.h **** #undef TX_DISABLE_STACK_FILLING
 216:Middlewares/ST/threadx/ports/cortex_m7/gnu/inc/tx_port.h **** #endif
 217:Middlewares/ST/threadx/ports/cortex_m7/gnu/inc/tx_port.h **** #endif
 218:Middlewares/ST/threadx/ports/cortex_m7/gnu/inc/tx_port.h **** 
 219:Middlewares/ST/threadx/ports/cortex_m7/gnu/inc/tx_port.h **** 
 220:Middlewares/ST/threadx/ports/cortex_m7/gnu/inc/tx_port.h **** /* Define the TX_THREAD control block extensions for this port. The main reason
 221:Middlewares/ST/threadx/ports/cortex_m7/gnu/inc/tx_port.h ****    for the multiple macros is so that backward compatibility can be maintained with
 222:Middlewares/ST/threadx/ports/cortex_m7/gnu/inc/tx_port.h ****    existing ThreadX kernel awareness modules.  */
 223:Middlewares/ST/threadx/ports/cortex_m7/gnu/inc/tx_port.h **** 
 224:Middlewares/ST/threadx/ports/cortex_m7/gnu/inc/tx_port.h **** #define TX_THREAD_EXTENSION_0
 225:Middlewares/ST/threadx/ports/cortex_m7/gnu/inc/tx_port.h **** #define TX_THREAD_EXTENSION_1
 226:Middlewares/ST/threadx/ports/cortex_m7/gnu/inc/tx_port.h **** #ifdef  TX_ENABLE_IAR_LIBRARY_SUPPORT
 227:Middlewares/ST/threadx/ports/cortex_m7/gnu/inc/tx_port.h **** #define TX_THREAD_EXTENSION_2           VOID    *tx_thread_iar_tls_pointer;
 228:Middlewares/ST/threadx/ports/cortex_m7/gnu/inc/tx_port.h **** #elif defined(__ghs__)
 229:Middlewares/ST/threadx/ports/cortex_m7/gnu/inc/tx_port.h **** #define TX_THREAD_EXTENSION_2           VOID *  tx_thread_eh_globals;                           \
 230:Middlewares/ST/threadx/ports/cortex_m7/gnu/inc/tx_port.h ****                                         int     Errno;             /* errno.  */                \
ARM GAS  /tmp/ccHCxrSy.s 			page 8


 231:Middlewares/ST/threadx/ports/cortex_m7/gnu/inc/tx_port.h ****                                         char *  strtok_saved_pos;  /* strtok() position.  */
 232:Middlewares/ST/threadx/ports/cortex_m7/gnu/inc/tx_port.h **** #else
 233:Middlewares/ST/threadx/ports/cortex_m7/gnu/inc/tx_port.h **** #define TX_THREAD_EXTENSION_2
 234:Middlewares/ST/threadx/ports/cortex_m7/gnu/inc/tx_port.h **** #endif
 235:Middlewares/ST/threadx/ports/cortex_m7/gnu/inc/tx_port.h **** 
 236:Middlewares/ST/threadx/ports/cortex_m7/gnu/inc/tx_port.h **** 
 237:Middlewares/ST/threadx/ports/cortex_m7/gnu/inc/tx_port.h **** #define TX_THREAD_EXTENSION_3
 238:Middlewares/ST/threadx/ports/cortex_m7/gnu/inc/tx_port.h **** 
 239:Middlewares/ST/threadx/ports/cortex_m7/gnu/inc/tx_port.h **** 
 240:Middlewares/ST/threadx/ports/cortex_m7/gnu/inc/tx_port.h **** 
 241:Middlewares/ST/threadx/ports/cortex_m7/gnu/inc/tx_port.h **** /* Define the port extensions of the remaining ThreadX objects.  */
 242:Middlewares/ST/threadx/ports/cortex_m7/gnu/inc/tx_port.h **** 
 243:Middlewares/ST/threadx/ports/cortex_m7/gnu/inc/tx_port.h **** #define TX_BLOCK_POOL_EXTENSION
 244:Middlewares/ST/threadx/ports/cortex_m7/gnu/inc/tx_port.h **** #define TX_BYTE_POOL_EXTENSION
 245:Middlewares/ST/threadx/ports/cortex_m7/gnu/inc/tx_port.h **** #define TX_EVENT_FLAGS_GROUP_EXTENSION
 246:Middlewares/ST/threadx/ports/cortex_m7/gnu/inc/tx_port.h **** #define TX_MUTEX_EXTENSION
 247:Middlewares/ST/threadx/ports/cortex_m7/gnu/inc/tx_port.h **** #define TX_QUEUE_EXTENSION
 248:Middlewares/ST/threadx/ports/cortex_m7/gnu/inc/tx_port.h **** #define TX_SEMAPHORE_EXTENSION
 249:Middlewares/ST/threadx/ports/cortex_m7/gnu/inc/tx_port.h **** #define TX_TIMER_EXTENSION
 250:Middlewares/ST/threadx/ports/cortex_m7/gnu/inc/tx_port.h **** 
 251:Middlewares/ST/threadx/ports/cortex_m7/gnu/inc/tx_port.h **** 
 252:Middlewares/ST/threadx/ports/cortex_m7/gnu/inc/tx_port.h **** /* Define the user extension field of the thread control block.  Nothing
 253:Middlewares/ST/threadx/ports/cortex_m7/gnu/inc/tx_port.h ****    additional is needed for this port so it is defined as white space.  */
 254:Middlewares/ST/threadx/ports/cortex_m7/gnu/inc/tx_port.h **** 
 255:Middlewares/ST/threadx/ports/cortex_m7/gnu/inc/tx_port.h **** #ifndef TX_THREAD_USER_EXTENSION
 256:Middlewares/ST/threadx/ports/cortex_m7/gnu/inc/tx_port.h **** #define TX_THREAD_USER_EXTENSION
 257:Middlewares/ST/threadx/ports/cortex_m7/gnu/inc/tx_port.h **** #endif
 258:Middlewares/ST/threadx/ports/cortex_m7/gnu/inc/tx_port.h **** 
 259:Middlewares/ST/threadx/ports/cortex_m7/gnu/inc/tx_port.h **** 
 260:Middlewares/ST/threadx/ports/cortex_m7/gnu/inc/tx_port.h **** /* Define the macros for processing extensions in tx_thread_create, tx_thread_delete,
 261:Middlewares/ST/threadx/ports/cortex_m7/gnu/inc/tx_port.h ****    tx_thread_shell_entry, and tx_thread_terminate.  */
 262:Middlewares/ST/threadx/ports/cortex_m7/gnu/inc/tx_port.h **** 
 263:Middlewares/ST/threadx/ports/cortex_m7/gnu/inc/tx_port.h **** 
 264:Middlewares/ST/threadx/ports/cortex_m7/gnu/inc/tx_port.h **** #ifdef  TX_ENABLE_IAR_LIBRARY_SUPPORT
 265:Middlewares/ST/threadx/ports/cortex_m7/gnu/inc/tx_port.h **** #if (__VER__ < 8000000)
 266:Middlewares/ST/threadx/ports/cortex_m7/gnu/inc/tx_port.h **** #define TX_THREAD_CREATE_EXTENSION(thread_ptr)                      thread_ptr -> tx_thread_iar_tls
 267:Middlewares/ST/threadx/ports/cortex_m7/gnu/inc/tx_port.h **** #define TX_THREAD_DELETE_EXTENSION(thread_ptr)                      __iar_dlib_perthread_deallocate
 268:Middlewares/ST/threadx/ports/cortex_m7/gnu/inc/tx_port.h ****                                                                     thread_ptr -> tx_thread_iar_tls
 269:Middlewares/ST/threadx/ports/cortex_m7/gnu/inc/tx_port.h **** #define TX_PORT_SPECIFIC_PRE_SCHEDULER_INITIALIZATION               __iar_dlib_perthread_access(0);
 270:Middlewares/ST/threadx/ports/cortex_m7/gnu/inc/tx_port.h **** #else
 271:Middlewares/ST/threadx/ports/cortex_m7/gnu/inc/tx_port.h **** void    *_tx_iar_create_per_thread_tls_area(void);
 272:Middlewares/ST/threadx/ports/cortex_m7/gnu/inc/tx_port.h **** void    _tx_iar_destroy_per_thread_tls_area(void *tls_ptr);
 273:Middlewares/ST/threadx/ports/cortex_m7/gnu/inc/tx_port.h **** void    __iar_Initlocks(void);
 274:Middlewares/ST/threadx/ports/cortex_m7/gnu/inc/tx_port.h **** 
 275:Middlewares/ST/threadx/ports/cortex_m7/gnu/inc/tx_port.h **** #define TX_THREAD_CREATE_EXTENSION(thread_ptr)                      thread_ptr -> tx_thread_iar_tls
 276:Middlewares/ST/threadx/ports/cortex_m7/gnu/inc/tx_port.h **** #define TX_THREAD_DELETE_EXTENSION(thread_ptr)                      do {_tx_iar_destroy_per_thread_
 277:Middlewares/ST/threadx/ports/cortex_m7/gnu/inc/tx_port.h ****                                                                         thread_ptr -> tx_thread_iar
 278:Middlewares/ST/threadx/ports/cortex_m7/gnu/inc/tx_port.h **** #define TX_PORT_SPECIFIC_PRE_SCHEDULER_INITIALIZATION               do {__iar_Initlocks();} while(0
 279:Middlewares/ST/threadx/ports/cortex_m7/gnu/inc/tx_port.h **** #endif
 280:Middlewares/ST/threadx/ports/cortex_m7/gnu/inc/tx_port.h **** #else
 281:Middlewares/ST/threadx/ports/cortex_m7/gnu/inc/tx_port.h **** #define TX_THREAD_CREATE_EXTENSION(thread_ptr)
 282:Middlewares/ST/threadx/ports/cortex_m7/gnu/inc/tx_port.h **** #define TX_THREAD_DELETE_EXTENSION(thread_ptr)
 283:Middlewares/ST/threadx/ports/cortex_m7/gnu/inc/tx_port.h **** #endif
 284:Middlewares/ST/threadx/ports/cortex_m7/gnu/inc/tx_port.h **** 
 285:Middlewares/ST/threadx/ports/cortex_m7/gnu/inc/tx_port.h **** #if defined(__ARMVFP__) || defined(__ARM_PCS_VFP) || defined(__ARM_FP) || defined(__TARGET_FPU_VFP)
 286:Middlewares/ST/threadx/ports/cortex_m7/gnu/inc/tx_port.h **** 
 287:Middlewares/ST/threadx/ports/cortex_m7/gnu/inc/tx_port.h **** #ifdef TX_MISRA_ENABLE
ARM GAS  /tmp/ccHCxrSy.s 			page 9


 288:Middlewares/ST/threadx/ports/cortex_m7/gnu/inc/tx_port.h **** 
 289:Middlewares/ST/threadx/ports/cortex_m7/gnu/inc/tx_port.h **** ULONG  _tx_misra_control_get(void);
 290:Middlewares/ST/threadx/ports/cortex_m7/gnu/inc/tx_port.h **** void   _tx_misra_control_set(ULONG value);
 291:Middlewares/ST/threadx/ports/cortex_m7/gnu/inc/tx_port.h **** ULONG  _tx_misra_fpccr_get(void);
 292:Middlewares/ST/threadx/ports/cortex_m7/gnu/inc/tx_port.h **** void   _tx_misra_vfp_touch(void);
 293:Middlewares/ST/threadx/ports/cortex_m7/gnu/inc/tx_port.h **** 
 294:Middlewares/ST/threadx/ports/cortex_m7/gnu/inc/tx_port.h **** #else   /* TX_MISRA_ENABLE not defined */
 295:Middlewares/ST/threadx/ports/cortex_m7/gnu/inc/tx_port.h **** 
 296:Middlewares/ST/threadx/ports/cortex_m7/gnu/inc/tx_port.h **** /* Define some helper functions (these are intrinsics in some compilers). */
 297:Middlewares/ST/threadx/ports/cortex_m7/gnu/inc/tx_port.h **** #ifdef __GNUC__ /* GCC and ARM Compiler 6 */
 298:Middlewares/ST/threadx/ports/cortex_m7/gnu/inc/tx_port.h **** 
 299:Middlewares/ST/threadx/ports/cortex_m7/gnu/inc/tx_port.h **** __attribute__( ( always_inline ) ) static inline ULONG __get_control_value(void)
 300:Middlewares/ST/threadx/ports/cortex_m7/gnu/inc/tx_port.h **** {
 301:Middlewares/ST/threadx/ports/cortex_m7/gnu/inc/tx_port.h **** ULONG  control_value;
 302:Middlewares/ST/threadx/ports/cortex_m7/gnu/inc/tx_port.h **** 
 303:Middlewares/ST/threadx/ports/cortex_m7/gnu/inc/tx_port.h ****     __asm__ volatile (" MRS  %0,CONTROL ": "=r" (control_value) );
 304:Middlewares/ST/threadx/ports/cortex_m7/gnu/inc/tx_port.h ****     return(control_value);
 305:Middlewares/ST/threadx/ports/cortex_m7/gnu/inc/tx_port.h **** }
 306:Middlewares/ST/threadx/ports/cortex_m7/gnu/inc/tx_port.h **** 
 307:Middlewares/ST/threadx/ports/cortex_m7/gnu/inc/tx_port.h **** __attribute__( ( always_inline ) ) static inline void __set_control_value(ULONG control_value)
 308:Middlewares/ST/threadx/ports/cortex_m7/gnu/inc/tx_port.h **** {
 309:Middlewares/ST/threadx/ports/cortex_m7/gnu/inc/tx_port.h ****     __asm__ volatile (" MSR  CONTROL,%0": : "r" (control_value): "memory" );
 310:Middlewares/ST/threadx/ports/cortex_m7/gnu/inc/tx_port.h **** }
 311:Middlewares/ST/threadx/ports/cortex_m7/gnu/inc/tx_port.h **** 
 312:Middlewares/ST/threadx/ports/cortex_m7/gnu/inc/tx_port.h **** #define TX_VFP_TOUCH()  __asm__ volatile ("VMOV.F32 s0, s0");
 313:Middlewares/ST/threadx/ports/cortex_m7/gnu/inc/tx_port.h **** 
 314:Middlewares/ST/threadx/ports/cortex_m7/gnu/inc/tx_port.h **** #elif defined(__CC_ARM) /* ARM Compiler 5 */
 315:Middlewares/ST/threadx/ports/cortex_m7/gnu/inc/tx_port.h **** 
 316:Middlewares/ST/threadx/ports/cortex_m7/gnu/inc/tx_port.h **** __attribute__( ( always_inline ) ) ULONG __get_control_value(void)
 317:Middlewares/ST/threadx/ports/cortex_m7/gnu/inc/tx_port.h **** {
 318:Middlewares/ST/threadx/ports/cortex_m7/gnu/inc/tx_port.h **** ULONG  control_value;
 319:Middlewares/ST/threadx/ports/cortex_m7/gnu/inc/tx_port.h **** 
 320:Middlewares/ST/threadx/ports/cortex_m7/gnu/inc/tx_port.h ****     __asm volatile ("MRS control_value,CONTROL");
 321:Middlewares/ST/threadx/ports/cortex_m7/gnu/inc/tx_port.h ****     return(control_value);
 322:Middlewares/ST/threadx/ports/cortex_m7/gnu/inc/tx_port.h **** }
 323:Middlewares/ST/threadx/ports/cortex_m7/gnu/inc/tx_port.h **** 
 324:Middlewares/ST/threadx/ports/cortex_m7/gnu/inc/tx_port.h **** __attribute__( ( always_inline ) ) void __set_control_value(ULONG control_value)
 325:Middlewares/ST/threadx/ports/cortex_m7/gnu/inc/tx_port.h **** {
 326:Middlewares/ST/threadx/ports/cortex_m7/gnu/inc/tx_port.h ****     __asm__ volatile ("MSR CONTROL,control_value");
 327:Middlewares/ST/threadx/ports/cortex_m7/gnu/inc/tx_port.h **** }
 328:Middlewares/ST/threadx/ports/cortex_m7/gnu/inc/tx_port.h **** /* Can't access VFP registers with inline asm, so define this in tx_thread_schedule.  */
 329:Middlewares/ST/threadx/ports/cortex_m7/gnu/inc/tx_port.h **** void _tx_vfp_access(void);
 330:Middlewares/ST/threadx/ports/cortex_m7/gnu/inc/tx_port.h **** #define TX_VFP_TOUCH()  _tx_vfp_access();
 331:Middlewares/ST/threadx/ports/cortex_m7/gnu/inc/tx_port.h **** 
 332:Middlewares/ST/threadx/ports/cortex_m7/gnu/inc/tx_port.h **** #elif defined(__ICCARM__)  /* IAR */
 333:Middlewares/ST/threadx/ports/cortex_m7/gnu/inc/tx_port.h **** #define TX_VFP_TOUCH()  __asm__ volatile ("VMOV.F32 s0, s0");
 334:Middlewares/ST/threadx/ports/cortex_m7/gnu/inc/tx_port.h **** #endif  /* Helper functions for different compilers */
 335:Middlewares/ST/threadx/ports/cortex_m7/gnu/inc/tx_port.h **** 
 336:Middlewares/ST/threadx/ports/cortex_m7/gnu/inc/tx_port.h **** #endif  /* TX_MISRA_ENABLE */
 337:Middlewares/ST/threadx/ports/cortex_m7/gnu/inc/tx_port.h **** 
 338:Middlewares/ST/threadx/ports/cortex_m7/gnu/inc/tx_port.h **** 
 339:Middlewares/ST/threadx/ports/cortex_m7/gnu/inc/tx_port.h **** /* A completed thread falls into _thread_shell_entry and we can simply deactivate the FPU via CONTR
 340:Middlewares/ST/threadx/ports/cortex_m7/gnu/inc/tx_port.h ****    in order to ensure no lazy stacking will occur. */
 341:Middlewares/ST/threadx/ports/cortex_m7/gnu/inc/tx_port.h **** 
 342:Middlewares/ST/threadx/ports/cortex_m7/gnu/inc/tx_port.h **** #ifndef TX_MISRA_ENABLE
 343:Middlewares/ST/threadx/ports/cortex_m7/gnu/inc/tx_port.h **** 
 344:Middlewares/ST/threadx/ports/cortex_m7/gnu/inc/tx_port.h **** #define TX_THREAD_COMPLETED_EXTENSION(thread_ptr)   {                                              
ARM GAS  /tmp/ccHCxrSy.s 			page 10


 345:Middlewares/ST/threadx/ports/cortex_m7/gnu/inc/tx_port.h ****                                                     ULONG  _tx_vfp_state;                          
 346:Middlewares/ST/threadx/ports/cortex_m7/gnu/inc/tx_port.h ****                                                         _tx_vfp_state =  __get_control_value();    
 347:Middlewares/ST/threadx/ports/cortex_m7/gnu/inc/tx_port.h ****                                                         _tx_vfp_state =  _tx_vfp_state & ~((ULONG) 
 348:Middlewares/ST/threadx/ports/cortex_m7/gnu/inc/tx_port.h ****                                                         __set_control_value(_tx_vfp_state);        
 349:Middlewares/ST/threadx/ports/cortex_m7/gnu/inc/tx_port.h ****                                                     }
 350:Middlewares/ST/threadx/ports/cortex_m7/gnu/inc/tx_port.h **** #else
 351:Middlewares/ST/threadx/ports/cortex_m7/gnu/inc/tx_port.h **** 
 352:Middlewares/ST/threadx/ports/cortex_m7/gnu/inc/tx_port.h **** #define TX_THREAD_COMPLETED_EXTENSION(thread_ptr)   {                                              
 353:Middlewares/ST/threadx/ports/cortex_m7/gnu/inc/tx_port.h ****                                                     ULONG  _tx_vfp_state;                          
 354:Middlewares/ST/threadx/ports/cortex_m7/gnu/inc/tx_port.h ****                                                         _tx_vfp_state =  _tx_misra_control_get();  
 355:Middlewares/ST/threadx/ports/cortex_m7/gnu/inc/tx_port.h ****                                                         _tx_vfp_state =  _tx_vfp_state & ~((ULONG) 
 356:Middlewares/ST/threadx/ports/cortex_m7/gnu/inc/tx_port.h ****                                                         _tx_misra_control_set(_tx_vfp_state);      
 357:Middlewares/ST/threadx/ports/cortex_m7/gnu/inc/tx_port.h ****                                                     }
 358:Middlewares/ST/threadx/ports/cortex_m7/gnu/inc/tx_port.h **** 
 359:Middlewares/ST/threadx/ports/cortex_m7/gnu/inc/tx_port.h **** #endif
 360:Middlewares/ST/threadx/ports/cortex_m7/gnu/inc/tx_port.h **** 
 361:Middlewares/ST/threadx/ports/cortex_m7/gnu/inc/tx_port.h **** /* A thread can be terminated by another thread, so we first check if it's self-terminating and not
 362:Middlewares/ST/threadx/ports/cortex_m7/gnu/inc/tx_port.h ****    If so, deactivate the FPU via CONTROL.FPCA. Otherwise we are in an interrupt or another thread i
 363:Middlewares/ST/threadx/ports/cortex_m7/gnu/inc/tx_port.h ****    this one, so if the FPCCR.LSPACT bit is set, we need to save the CONTROL.FPCA state, touch the F
 364:Middlewares/ST/threadx/ports/cortex_m7/gnu/inc/tx_port.h ****    the lazy FPU save, then restore the CONTROL.FPCA state. */
 365:Middlewares/ST/threadx/ports/cortex_m7/gnu/inc/tx_port.h **** 
 366:Middlewares/ST/threadx/ports/cortex_m7/gnu/inc/tx_port.h **** #ifndef TX_MISRA_ENABLE
 367:Middlewares/ST/threadx/ports/cortex_m7/gnu/inc/tx_port.h **** 
 368:Middlewares/ST/threadx/ports/cortex_m7/gnu/inc/tx_port.h **** #define TX_THREAD_TERMINATED_EXTENSION(thread_ptr)  {                                              
 369:Middlewares/ST/threadx/ports/cortex_m7/gnu/inc/tx_port.h ****                                                     ULONG  _tx_system_state;                       
 370:Middlewares/ST/threadx/ports/cortex_m7/gnu/inc/tx_port.h ****                                                         _tx_system_state =  TX_THREAD_GET_SYSTEM_ST
 371:Middlewares/ST/threadx/ports/cortex_m7/gnu/inc/tx_port.h ****                                                         if ((_tx_system_state == ((ULONG) 0)) && ((
 372:Middlewares/ST/threadx/ports/cortex_m7/gnu/inc/tx_port.h ****                                                         {                                          
 373:Middlewares/ST/threadx/ports/cortex_m7/gnu/inc/tx_port.h ****                                                         ULONG  _tx_vfp_state;                      
 374:Middlewares/ST/threadx/ports/cortex_m7/gnu/inc/tx_port.h ****                                                             _tx_vfp_state =  __get_control_value();
 375:Middlewares/ST/threadx/ports/cortex_m7/gnu/inc/tx_port.h ****                                                             _tx_vfp_state =  _tx_vfp_state & ~((ULO
 376:Middlewares/ST/threadx/ports/cortex_m7/gnu/inc/tx_port.h ****                                                             __set_control_value(_tx_vfp_state);    
 377:Middlewares/ST/threadx/ports/cortex_m7/gnu/inc/tx_port.h ****                                                         }                                          
 378:Middlewares/ST/threadx/ports/cortex_m7/gnu/inc/tx_port.h ****                                                         else                                       
 379:Middlewares/ST/threadx/ports/cortex_m7/gnu/inc/tx_port.h ****                                                         {                                          
 380:Middlewares/ST/threadx/ports/cortex_m7/gnu/inc/tx_port.h ****                                                         ULONG  _tx_fpccr;                          
 381:Middlewares/ST/threadx/ports/cortex_m7/gnu/inc/tx_port.h ****                                                             _tx_fpccr =  *((ULONG *) 0xE000EF34);  
 382:Middlewares/ST/threadx/ports/cortex_m7/gnu/inc/tx_port.h ****                                                             _tx_fpccr =  _tx_fpccr & ((ULONG) 0x01)
 383:Middlewares/ST/threadx/ports/cortex_m7/gnu/inc/tx_port.h ****                                                             if (_tx_fpccr == ((ULONG) 0x01))       
 384:Middlewares/ST/threadx/ports/cortex_m7/gnu/inc/tx_port.h ****                                                             {                                      
 385:Middlewares/ST/threadx/ports/cortex_m7/gnu/inc/tx_port.h ****                                                             ULONG _tx_vfp_state;                   
 386:Middlewares/ST/threadx/ports/cortex_m7/gnu/inc/tx_port.h ****                                                                 _tx_vfp_state = __get_control_value
 387:Middlewares/ST/threadx/ports/cortex_m7/gnu/inc/tx_port.h ****                                                                 _tx_vfp_state =  _tx_vfp_state & ((
 388:Middlewares/ST/threadx/ports/cortex_m7/gnu/inc/tx_port.h ****                                                                 TX_VFP_TOUCH();                    
 389:Middlewares/ST/threadx/ports/cortex_m7/gnu/inc/tx_port.h ****                                                                 if (_tx_vfp_state == ((ULONG) 0))  
 390:Middlewares/ST/threadx/ports/cortex_m7/gnu/inc/tx_port.h ****                                                                 {                                  
 391:Middlewares/ST/threadx/ports/cortex_m7/gnu/inc/tx_port.h ****                                                                     _tx_vfp_state =  __get_control_
 392:Middlewares/ST/threadx/ports/cortex_m7/gnu/inc/tx_port.h ****                                                                     _tx_vfp_state =  _tx_vfp_state 
 393:Middlewares/ST/threadx/ports/cortex_m7/gnu/inc/tx_port.h ****                                                                     __set_control_value(_tx_vfp_sta
 394:Middlewares/ST/threadx/ports/cortex_m7/gnu/inc/tx_port.h ****                                                                 }                                  
 395:Middlewares/ST/threadx/ports/cortex_m7/gnu/inc/tx_port.h ****                                                             }                                      
 396:Middlewares/ST/threadx/ports/cortex_m7/gnu/inc/tx_port.h ****                                                         }                                          
 397:Middlewares/ST/threadx/ports/cortex_m7/gnu/inc/tx_port.h ****                                                     }
 398:Middlewares/ST/threadx/ports/cortex_m7/gnu/inc/tx_port.h **** #else
 399:Middlewares/ST/threadx/ports/cortex_m7/gnu/inc/tx_port.h **** 
 400:Middlewares/ST/threadx/ports/cortex_m7/gnu/inc/tx_port.h **** #define TX_THREAD_TERMINATED_EXTENSION(thread_ptr)  {                                              
 401:Middlewares/ST/threadx/ports/cortex_m7/gnu/inc/tx_port.h ****                                                     ULONG  _tx_system_state;                       
ARM GAS  /tmp/ccHCxrSy.s 			page 11


 402:Middlewares/ST/threadx/ports/cortex_m7/gnu/inc/tx_port.h ****                                                         _tx_system_state =  TX_THREAD_GET_SYSTEM_ST
 403:Middlewares/ST/threadx/ports/cortex_m7/gnu/inc/tx_port.h ****                                                         if ((_tx_system_state == ((ULONG) 0)) && ((
 404:Middlewares/ST/threadx/ports/cortex_m7/gnu/inc/tx_port.h ****                                                         {                                          
 405:Middlewares/ST/threadx/ports/cortex_m7/gnu/inc/tx_port.h ****                                                         ULONG  _tx_vfp_state;                      
 406:Middlewares/ST/threadx/ports/cortex_m7/gnu/inc/tx_port.h ****                                                             _tx_vfp_state =  _tx_misra_control_get(
 407:Middlewares/ST/threadx/ports/cortex_m7/gnu/inc/tx_port.h ****                                                             _tx_vfp_state =  _tx_vfp_state & ~((ULO
 408:Middlewares/ST/threadx/ports/cortex_m7/gnu/inc/tx_port.h ****                                                             _tx_misra_control_set(_tx_vfp_state);  
 409:Middlewares/ST/threadx/ports/cortex_m7/gnu/inc/tx_port.h ****                                                         }                                          
 410:Middlewares/ST/threadx/ports/cortex_m7/gnu/inc/tx_port.h ****                                                         else                                       
 411:Middlewares/ST/threadx/ports/cortex_m7/gnu/inc/tx_port.h ****                                                         {                                          
 412:Middlewares/ST/threadx/ports/cortex_m7/gnu/inc/tx_port.h ****                                                         ULONG  _tx_fpccr;                          
 413:Middlewares/ST/threadx/ports/cortex_m7/gnu/inc/tx_port.h ****                                                             _tx_fpccr =  _tx_misra_fpccr_get();    
 414:Middlewares/ST/threadx/ports/cortex_m7/gnu/inc/tx_port.h ****                                                             _tx_fpccr =  _tx_fpccr & ((ULONG) 0x01)
 415:Middlewares/ST/threadx/ports/cortex_m7/gnu/inc/tx_port.h ****                                                             if (_tx_fpccr == ((ULONG) 0x01))       
 416:Middlewares/ST/threadx/ports/cortex_m7/gnu/inc/tx_port.h ****                                                             {                                      
 417:Middlewares/ST/threadx/ports/cortex_m7/gnu/inc/tx_port.h ****                                                             ULONG _tx_vfp_state;                   
 418:Middlewares/ST/threadx/ports/cortex_m7/gnu/inc/tx_port.h ****                                                                 _tx_vfp_state = _tx_misra_control_g
 419:Middlewares/ST/threadx/ports/cortex_m7/gnu/inc/tx_port.h ****                                                                 _tx_vfp_state =  _tx_vfp_state & ((
 420:Middlewares/ST/threadx/ports/cortex_m7/gnu/inc/tx_port.h ****                                                                 _tx_misra_vfp_touch();             
 421:Middlewares/ST/threadx/ports/cortex_m7/gnu/inc/tx_port.h ****                                                                 if (_tx_vfp_state == ((ULONG) 0))  
 422:Middlewares/ST/threadx/ports/cortex_m7/gnu/inc/tx_port.h ****                                                                 {                                  
 423:Middlewares/ST/threadx/ports/cortex_m7/gnu/inc/tx_port.h ****                                                                     _tx_vfp_state =  _tx_misra_cont
 424:Middlewares/ST/threadx/ports/cortex_m7/gnu/inc/tx_port.h ****                                                                     _tx_vfp_state =  _tx_vfp_state 
 425:Middlewares/ST/threadx/ports/cortex_m7/gnu/inc/tx_port.h ****                                                                     _tx_misra_control_set(_tx_vfp_s
 426:Middlewares/ST/threadx/ports/cortex_m7/gnu/inc/tx_port.h ****                                                                 }                                  
 427:Middlewares/ST/threadx/ports/cortex_m7/gnu/inc/tx_port.h ****                                                             }                                      
 428:Middlewares/ST/threadx/ports/cortex_m7/gnu/inc/tx_port.h ****                                                         }                                          
 429:Middlewares/ST/threadx/ports/cortex_m7/gnu/inc/tx_port.h ****                                                     }
 430:Middlewares/ST/threadx/ports/cortex_m7/gnu/inc/tx_port.h **** #endif
 431:Middlewares/ST/threadx/ports/cortex_m7/gnu/inc/tx_port.h **** 
 432:Middlewares/ST/threadx/ports/cortex_m7/gnu/inc/tx_port.h **** #else   /* No VFP in use */
 433:Middlewares/ST/threadx/ports/cortex_m7/gnu/inc/tx_port.h **** 
 434:Middlewares/ST/threadx/ports/cortex_m7/gnu/inc/tx_port.h **** #define TX_THREAD_COMPLETED_EXTENSION(thread_ptr)
 435:Middlewares/ST/threadx/ports/cortex_m7/gnu/inc/tx_port.h **** #define TX_THREAD_TERMINATED_EXTENSION(thread_ptr)
 436:Middlewares/ST/threadx/ports/cortex_m7/gnu/inc/tx_port.h **** 
 437:Middlewares/ST/threadx/ports/cortex_m7/gnu/inc/tx_port.h **** #endif  /* defined(__ARMVFP__) || defined(__ARM_PCS_VFP) || defined(__ARM_FP) || defined(__TARGET_F
 438:Middlewares/ST/threadx/ports/cortex_m7/gnu/inc/tx_port.h **** 
 439:Middlewares/ST/threadx/ports/cortex_m7/gnu/inc/tx_port.h **** 
 440:Middlewares/ST/threadx/ports/cortex_m7/gnu/inc/tx_port.h **** /* Define the ThreadX object creation extensions for the remaining objects.  */
 441:Middlewares/ST/threadx/ports/cortex_m7/gnu/inc/tx_port.h **** 
 442:Middlewares/ST/threadx/ports/cortex_m7/gnu/inc/tx_port.h **** #define TX_BLOCK_POOL_CREATE_EXTENSION(pool_ptr)
 443:Middlewares/ST/threadx/ports/cortex_m7/gnu/inc/tx_port.h **** #define TX_BYTE_POOL_CREATE_EXTENSION(pool_ptr)
 444:Middlewares/ST/threadx/ports/cortex_m7/gnu/inc/tx_port.h **** #define TX_EVENT_FLAGS_GROUP_CREATE_EXTENSION(group_ptr)
 445:Middlewares/ST/threadx/ports/cortex_m7/gnu/inc/tx_port.h **** #define TX_MUTEX_CREATE_EXTENSION(mutex_ptr)
 446:Middlewares/ST/threadx/ports/cortex_m7/gnu/inc/tx_port.h **** #define TX_QUEUE_CREATE_EXTENSION(queue_ptr)
 447:Middlewares/ST/threadx/ports/cortex_m7/gnu/inc/tx_port.h **** #define TX_SEMAPHORE_CREATE_EXTENSION(semaphore_ptr)
 448:Middlewares/ST/threadx/ports/cortex_m7/gnu/inc/tx_port.h **** #define TX_TIMER_CREATE_EXTENSION(timer_ptr)
 449:Middlewares/ST/threadx/ports/cortex_m7/gnu/inc/tx_port.h **** 
 450:Middlewares/ST/threadx/ports/cortex_m7/gnu/inc/tx_port.h **** 
 451:Middlewares/ST/threadx/ports/cortex_m7/gnu/inc/tx_port.h **** /* Define the ThreadX object deletion extensions for the remaining objects.  */
 452:Middlewares/ST/threadx/ports/cortex_m7/gnu/inc/tx_port.h **** 
 453:Middlewares/ST/threadx/ports/cortex_m7/gnu/inc/tx_port.h **** #define TX_BLOCK_POOL_DELETE_EXTENSION(pool_ptr)
 454:Middlewares/ST/threadx/ports/cortex_m7/gnu/inc/tx_port.h **** #define TX_BYTE_POOL_DELETE_EXTENSION(pool_ptr)
 455:Middlewares/ST/threadx/ports/cortex_m7/gnu/inc/tx_port.h **** #define TX_EVENT_FLAGS_GROUP_DELETE_EXTENSION(group_ptr)
 456:Middlewares/ST/threadx/ports/cortex_m7/gnu/inc/tx_port.h **** #define TX_MUTEX_DELETE_EXTENSION(mutex_ptr)
 457:Middlewares/ST/threadx/ports/cortex_m7/gnu/inc/tx_port.h **** #define TX_QUEUE_DELETE_EXTENSION(queue_ptr)
 458:Middlewares/ST/threadx/ports/cortex_m7/gnu/inc/tx_port.h **** #define TX_SEMAPHORE_DELETE_EXTENSION(semaphore_ptr)
ARM GAS  /tmp/ccHCxrSy.s 			page 12


 459:Middlewares/ST/threadx/ports/cortex_m7/gnu/inc/tx_port.h **** #define TX_TIMER_DELETE_EXTENSION(timer_ptr)
 460:Middlewares/ST/threadx/ports/cortex_m7/gnu/inc/tx_port.h **** 
 461:Middlewares/ST/threadx/ports/cortex_m7/gnu/inc/tx_port.h **** 
 462:Middlewares/ST/threadx/ports/cortex_m7/gnu/inc/tx_port.h **** /* Define the get system state macro.  */
 463:Middlewares/ST/threadx/ports/cortex_m7/gnu/inc/tx_port.h **** 
 464:Middlewares/ST/threadx/ports/cortex_m7/gnu/inc/tx_port.h **** #ifndef TX_THREAD_GET_SYSTEM_STATE
 465:Middlewares/ST/threadx/ports/cortex_m7/gnu/inc/tx_port.h **** #ifndef TX_MISRA_ENABLE
 466:Middlewares/ST/threadx/ports/cortex_m7/gnu/inc/tx_port.h **** 
 467:Middlewares/ST/threadx/ports/cortex_m7/gnu/inc/tx_port.h **** #ifdef __CC_ARM /* ARM Compiler 5 */
 468:Middlewares/ST/threadx/ports/cortex_m7/gnu/inc/tx_port.h **** 
 469:Middlewares/ST/threadx/ports/cortex_m7/gnu/inc/tx_port.h **** register unsigned int _ipsr __asm("ipsr");
 470:Middlewares/ST/threadx/ports/cortex_m7/gnu/inc/tx_port.h **** #define TX_THREAD_GET_SYSTEM_STATE()        (_tx_thread_system_state | _ipsr)
 471:Middlewares/ST/threadx/ports/cortex_m7/gnu/inc/tx_port.h **** 
 472:Middlewares/ST/threadx/ports/cortex_m7/gnu/inc/tx_port.h **** #elif defined(__GNUC__) /* GCC and ARM Compiler 6 */
 473:Middlewares/ST/threadx/ports/cortex_m7/gnu/inc/tx_port.h **** 
 474:Middlewares/ST/threadx/ports/cortex_m7/gnu/inc/tx_port.h **** __attribute__( ( always_inline ) ) static inline unsigned int __get_ipsr_value(void)
 475:Middlewares/ST/threadx/ports/cortex_m7/gnu/inc/tx_port.h **** {
 476:Middlewares/ST/threadx/ports/cortex_m7/gnu/inc/tx_port.h **** unsigned int  ipsr_value;
 477:Middlewares/ST/threadx/ports/cortex_m7/gnu/inc/tx_port.h ****     __asm__ volatile (" MRS  %0,IPSR ": "=r" (ipsr_value) );
 478:Middlewares/ST/threadx/ports/cortex_m7/gnu/inc/tx_port.h ****     return(ipsr_value);
 479:Middlewares/ST/threadx/ports/cortex_m7/gnu/inc/tx_port.h **** }
 480:Middlewares/ST/threadx/ports/cortex_m7/gnu/inc/tx_port.h **** 
 481:Middlewares/ST/threadx/ports/cortex_m7/gnu/inc/tx_port.h **** #define TX_THREAD_GET_SYSTEM_STATE()        (_tx_thread_system_state | __get_ipsr_value())
 482:Middlewares/ST/threadx/ports/cortex_m7/gnu/inc/tx_port.h **** 
 483:Middlewares/ST/threadx/ports/cortex_m7/gnu/inc/tx_port.h **** #elif defined(__ICCARM__)   /* IAR */
 484:Middlewares/ST/threadx/ports/cortex_m7/gnu/inc/tx_port.h **** 
 485:Middlewares/ST/threadx/ports/cortex_m7/gnu/inc/tx_port.h **** #define TX_THREAD_GET_SYSTEM_STATE()        (_tx_thread_system_state | __get_IPSR())
 486:Middlewares/ST/threadx/ports/cortex_m7/gnu/inc/tx_port.h **** 
 487:Middlewares/ST/threadx/ports/cortex_m7/gnu/inc/tx_port.h **** #endif  /* TX_THREAD_GET_SYSTEM_STATE for different compilers */
 488:Middlewares/ST/threadx/ports/cortex_m7/gnu/inc/tx_port.h **** 
 489:Middlewares/ST/threadx/ports/cortex_m7/gnu/inc/tx_port.h **** #else   /* TX_MISRA_ENABLE is defined, use MISRA function. */
 490:Middlewares/ST/threadx/ports/cortex_m7/gnu/inc/tx_port.h **** ULONG   _tx_misra_ipsr_get(VOID);
 491:Middlewares/ST/threadx/ports/cortex_m7/gnu/inc/tx_port.h **** #define TX_THREAD_GET_SYSTEM_STATE()        (_tx_thread_system_state | _tx_misra_ipsr_get())
 492:Middlewares/ST/threadx/ports/cortex_m7/gnu/inc/tx_port.h **** #endif  /* TX_MISRA_ENABLE */
 493:Middlewares/ST/threadx/ports/cortex_m7/gnu/inc/tx_port.h **** #endif  /* TX_THREAD_GET_SYSTEM_STATE */
 494:Middlewares/ST/threadx/ports/cortex_m7/gnu/inc/tx_port.h **** 
 495:Middlewares/ST/threadx/ports/cortex_m7/gnu/inc/tx_port.h **** 
 496:Middlewares/ST/threadx/ports/cortex_m7/gnu/inc/tx_port.h **** /* Define the check for whether or not to call the _tx_thread_system_return function.  A non-zero v
 497:Middlewares/ST/threadx/ports/cortex_m7/gnu/inc/tx_port.h ****    indicates that _tx_thread_system_return should not be called. This overrides the definition in t
 498:Middlewares/ST/threadx/ports/cortex_m7/gnu/inc/tx_port.h ****    for Cortex-M since so we don't waste time checking the _tx_thread_system_state variable that is 
 499:Middlewares/ST/threadx/ports/cortex_m7/gnu/inc/tx_port.h ****    zero after initialization for Cortex-M ports. */
 500:Middlewares/ST/threadx/ports/cortex_m7/gnu/inc/tx_port.h **** 
 501:Middlewares/ST/threadx/ports/cortex_m7/gnu/inc/tx_port.h **** #ifndef TX_THREAD_SYSTEM_RETURN_CHECK
 502:Middlewares/ST/threadx/ports/cortex_m7/gnu/inc/tx_port.h **** #define TX_THREAD_SYSTEM_RETURN_CHECK(c)    (c) = ((ULONG) _tx_thread_preempt_disable);
 503:Middlewares/ST/threadx/ports/cortex_m7/gnu/inc/tx_port.h **** #endif
 504:Middlewares/ST/threadx/ports/cortex_m7/gnu/inc/tx_port.h **** 
 505:Middlewares/ST/threadx/ports/cortex_m7/gnu/inc/tx_port.h **** /* Define the macro to ensure _tx_thread_preempt_disable is set early in initialization in order to
 506:Middlewares/ST/threadx/ports/cortex_m7/gnu/inc/tx_port.h ****    prevent early scheduling on Cortex-M parts.  */
 507:Middlewares/ST/threadx/ports/cortex_m7/gnu/inc/tx_port.h **** 
 508:Middlewares/ST/threadx/ports/cortex_m7/gnu/inc/tx_port.h **** #define TX_PORT_SPECIFIC_POST_INITIALIZATION    _tx_thread_preempt_disable++;
 509:Middlewares/ST/threadx/ports/cortex_m7/gnu/inc/tx_port.h **** 
 510:Middlewares/ST/threadx/ports/cortex_m7/gnu/inc/tx_port.h **** 
 511:Middlewares/ST/threadx/ports/cortex_m7/gnu/inc/tx_port.h **** 
 512:Middlewares/ST/threadx/ports/cortex_m7/gnu/inc/tx_port.h **** 
 513:Middlewares/ST/threadx/ports/cortex_m7/gnu/inc/tx_port.h **** #ifndef TX_DISABLE_INLINE
 514:Middlewares/ST/threadx/ports/cortex_m7/gnu/inc/tx_port.h **** 
 515:Middlewares/ST/threadx/ports/cortex_m7/gnu/inc/tx_port.h **** /* Define the TX_LOWEST_SET_BIT_CALCULATE macro for each compiler. */
ARM GAS  /tmp/ccHCxrSy.s 			page 13


 516:Middlewares/ST/threadx/ports/cortex_m7/gnu/inc/tx_port.h **** #ifdef __ICCARM__       /* IAR Compiler */
 517:Middlewares/ST/threadx/ports/cortex_m7/gnu/inc/tx_port.h **** #define TX_LOWEST_SET_BIT_CALCULATE(m, b)       (b) = (UINT) __CLZ(__RBIT((m)));
 518:Middlewares/ST/threadx/ports/cortex_m7/gnu/inc/tx_port.h **** #elif defined(__CC_ARM) /* AC5 Compiler */
 519:Middlewares/ST/threadx/ports/cortex_m7/gnu/inc/tx_port.h **** #define TX_LOWEST_SET_BIT_CALCULATE(m, b)       (b) = (UINT) __clz(__rbit((m)));
 520:Middlewares/ST/threadx/ports/cortex_m7/gnu/inc/tx_port.h **** #elif defined(__GNUC__) /* GCC and AC6 Compiler */
 521:Middlewares/ST/threadx/ports/cortex_m7/gnu/inc/tx_port.h **** #define TX_LOWEST_SET_BIT_CALCULATE(m, b)       __asm__ volatile (" RBIT %0,%1 ": "=r" (m) : "r" (m
 522:Middlewares/ST/threadx/ports/cortex_m7/gnu/inc/tx_port.h ****                                                 __asm__ volatile (" CLZ  %0,%1 ": "=r" (b) : "r" (m
 523:Middlewares/ST/threadx/ports/cortex_m7/gnu/inc/tx_port.h **** #endif
 524:Middlewares/ST/threadx/ports/cortex_m7/gnu/inc/tx_port.h **** 
 525:Middlewares/ST/threadx/ports/cortex_m7/gnu/inc/tx_port.h **** 
 526:Middlewares/ST/threadx/ports/cortex_m7/gnu/inc/tx_port.h **** 
 527:Middlewares/ST/threadx/ports/cortex_m7/gnu/inc/tx_port.h **** /* Define the interrupt disable/restore macros for each compiler. */
 528:Middlewares/ST/threadx/ports/cortex_m7/gnu/inc/tx_port.h **** 
 529:Middlewares/ST/threadx/ports/cortex_m7/gnu/inc/tx_port.h **** #if defined(__GNUC__) || defined(__ICCARM__)
 530:Middlewares/ST/threadx/ports/cortex_m7/gnu/inc/tx_port.h **** 
 531:Middlewares/ST/threadx/ports/cortex_m7/gnu/inc/tx_port.h **** /*** GCC/AC6 and IAR ***/
 532:Middlewares/ST/threadx/ports/cortex_m7/gnu/inc/tx_port.h **** 
 533:Middlewares/ST/threadx/ports/cortex_m7/gnu/inc/tx_port.h **** __attribute__( ( always_inline ) ) static inline unsigned int __get_interrupt_posture(void)
 534:Middlewares/ST/threadx/ports/cortex_m7/gnu/inc/tx_port.h **** {
 535:Middlewares/ST/threadx/ports/cortex_m7/gnu/inc/tx_port.h **** unsigned int posture;
 536:Middlewares/ST/threadx/ports/cortex_m7/gnu/inc/tx_port.h **** #ifdef TX_PORT_USE_BASEPRI
 537:Middlewares/ST/threadx/ports/cortex_m7/gnu/inc/tx_port.h ****     __asm__ volatile ("MRS  %0, BASEPRI ": "=r" (posture));
 538:Middlewares/ST/threadx/ports/cortex_m7/gnu/inc/tx_port.h **** #else
 539:Middlewares/ST/threadx/ports/cortex_m7/gnu/inc/tx_port.h ****     __asm__ volatile ("MRS  %0, PRIMASK ": "=r" (posture));
 540:Middlewares/ST/threadx/ports/cortex_m7/gnu/inc/tx_port.h **** #endif
 541:Middlewares/ST/threadx/ports/cortex_m7/gnu/inc/tx_port.h ****     return(posture);
 542:Middlewares/ST/threadx/ports/cortex_m7/gnu/inc/tx_port.h **** }
 543:Middlewares/ST/threadx/ports/cortex_m7/gnu/inc/tx_port.h **** 
 544:Middlewares/ST/threadx/ports/cortex_m7/gnu/inc/tx_port.h **** #ifdef TX_PORT_USE_BASEPRI
 545:Middlewares/ST/threadx/ports/cortex_m7/gnu/inc/tx_port.h **** __attribute__( ( always_inline ) ) static inline void __set_basepri_value(unsigned int basepri_valu
 546:Middlewares/ST/threadx/ports/cortex_m7/gnu/inc/tx_port.h **** {
 547:Middlewares/ST/threadx/ports/cortex_m7/gnu/inc/tx_port.h ****     __asm__ volatile ("MSR  BASEPRI,%0 ": : "r" (basepri_value));
 548:Middlewares/ST/threadx/ports/cortex_m7/gnu/inc/tx_port.h **** }
 549:Middlewares/ST/threadx/ports/cortex_m7/gnu/inc/tx_port.h **** #else
 550:Middlewares/ST/threadx/ports/cortex_m7/gnu/inc/tx_port.h **** __attribute__( ( always_inline ) ) static inline void __enable_interrupts(void)
 551:Middlewares/ST/threadx/ports/cortex_m7/gnu/inc/tx_port.h **** {
 552:Middlewares/ST/threadx/ports/cortex_m7/gnu/inc/tx_port.h ****     __asm__ volatile ("CPSIE  i": : : "memory");
 553:Middlewares/ST/threadx/ports/cortex_m7/gnu/inc/tx_port.h **** }
 554:Middlewares/ST/threadx/ports/cortex_m7/gnu/inc/tx_port.h **** #endif
 555:Middlewares/ST/threadx/ports/cortex_m7/gnu/inc/tx_port.h **** 
 556:Middlewares/ST/threadx/ports/cortex_m7/gnu/inc/tx_port.h **** __attribute__( ( always_inline ) ) static inline void __restore_interrupt(unsigned int int_posture)
 557:Middlewares/ST/threadx/ports/cortex_m7/gnu/inc/tx_port.h **** {
 558:Middlewares/ST/threadx/ports/cortex_m7/gnu/inc/tx_port.h **** #ifdef TX_PORT_USE_BASEPRI
 559:Middlewares/ST/threadx/ports/cortex_m7/gnu/inc/tx_port.h ****     __set_basepri_value(int_posture);
 560:Middlewares/ST/threadx/ports/cortex_m7/gnu/inc/tx_port.h ****     //__asm__ volatile ("MSR  BASEPRI,%0": : "r" (int_posture): "memory");
 561:Middlewares/ST/threadx/ports/cortex_m7/gnu/inc/tx_port.h **** #else
 562:Middlewares/ST/threadx/ports/cortex_m7/gnu/inc/tx_port.h ****     __asm__ volatile ("MSR  PRIMASK,%0": : "r" (int_posture): "memory");
 563:Middlewares/ST/threadx/ports/cortex_m7/gnu/inc/tx_port.h **** #endif
 564:Middlewares/ST/threadx/ports/cortex_m7/gnu/inc/tx_port.h **** }
 565:Middlewares/ST/threadx/ports/cortex_m7/gnu/inc/tx_port.h **** 
 566:Middlewares/ST/threadx/ports/cortex_m7/gnu/inc/tx_port.h **** __attribute__( ( always_inline ) ) static inline unsigned int __disable_interrupts(void)
  67              		.loc 2 566 63 view .LVU18
  68              	.LBB50:
 567:Middlewares/ST/threadx/ports/cortex_m7/gnu/inc/tx_port.h **** {
 568:Middlewares/ST/threadx/ports/cortex_m7/gnu/inc/tx_port.h **** unsigned int int_posture;
  69              		.loc 2 568 1 view .LVU19
 569:Middlewares/ST/threadx/ports/cortex_m7/gnu/inc/tx_port.h **** 
ARM GAS  /tmp/ccHCxrSy.s 			page 14


 570:Middlewares/ST/threadx/ports/cortex_m7/gnu/inc/tx_port.h ****     int_posture = __get_interrupt_posture();
  70              		.loc 2 570 5 view .LVU20
  71              	.LBB51:
  72              	.LBI51:
 533:Middlewares/ST/threadx/ports/cortex_m7/gnu/inc/tx_port.h **** {
  73              		.loc 2 533 63 view .LVU21
  74              	.LBB52:
 535:Middlewares/ST/threadx/ports/cortex_m7/gnu/inc/tx_port.h **** #ifdef TX_PORT_USE_BASEPRI
  75              		.loc 2 535 1 view .LVU22
 539:Middlewares/ST/threadx/ports/cortex_m7/gnu/inc/tx_port.h **** #endif
  76              		.loc 2 539 5 view .LVU23
  77              		.syntax unified
  78              	@ 539 "Middlewares/ST/threadx/ports/cortex_m7/gnu/inc/tx_port.h" 1
  79 0008 EFF31086 		MRS  r6, PRIMASK 
  80              	@ 0 "" 2
  81              	.LVL2:
 541:Middlewares/ST/threadx/ports/cortex_m7/gnu/inc/tx_port.h **** }
  82              		.loc 2 541 5 view .LVU24
 541:Middlewares/ST/threadx/ports/cortex_m7/gnu/inc/tx_port.h **** }
  83              		.loc 2 541 5 is_stmt 0 view .LVU25
  84              		.thumb
  85              		.syntax unified
  86              	.LBE52:
  87              	.LBE51:
 571:Middlewares/ST/threadx/ports/cortex_m7/gnu/inc/tx_port.h **** 
 572:Middlewares/ST/threadx/ports/cortex_m7/gnu/inc/tx_port.h **** #ifdef TX_PORT_USE_BASEPRI
 573:Middlewares/ST/threadx/ports/cortex_m7/gnu/inc/tx_port.h ****     __set_basepri_value(TX_PORT_BASEPRI);
 574:Middlewares/ST/threadx/ports/cortex_m7/gnu/inc/tx_port.h **** #else
 575:Middlewares/ST/threadx/ports/cortex_m7/gnu/inc/tx_port.h ****     __asm__ volatile ("CPSID i" : : : "memory");
  88              		.loc 2 575 5 is_stmt 1 view .LVU26
  89              		.syntax unified
  90              	@ 575 "Middlewares/ST/threadx/ports/cortex_m7/gnu/inc/tx_port.h" 1
  91 000c 72B6     		CPSID i
  92              	@ 0 "" 2
 576:Middlewares/ST/threadx/ports/cortex_m7/gnu/inc/tx_port.h **** #endif
 577:Middlewares/ST/threadx/ports/cortex_m7/gnu/inc/tx_port.h ****     return(int_posture);
  93              		.loc 2 577 5 view .LVU27
  94              	.LVL3:
  95              		.loc 2 577 5 is_stmt 0 view .LVU28
  96              		.thumb
  97              		.syntax unified
  98              	.LBE50:
  99              	.LBE49:
 100              	.LBB53:
 105:Middlewares/ST/threadx/common/src/tx_mutex_put.c **** 
 106:Middlewares/ST/threadx/common/src/tx_mutex_put.c **** #ifdef TX_MUTEX_ENABLE_PERFORMANCE_INFO
 107:Middlewares/ST/threadx/common/src/tx_mutex_put.c **** 
 108:Middlewares/ST/threadx/common/src/tx_mutex_put.c ****     /* Increment the total mutex put counter.  */
 109:Middlewares/ST/threadx/common/src/tx_mutex_put.c ****     _tx_mutex_performance_put_count++;
 110:Middlewares/ST/threadx/common/src/tx_mutex_put.c **** 
 111:Middlewares/ST/threadx/common/src/tx_mutex_put.c ****     /* Increment the number of attempts to put this mutex.  */
 112:Middlewares/ST/threadx/common/src/tx_mutex_put.c ****     mutex_ptr -> tx_mutex_performance_put_count++;
 113:Middlewares/ST/threadx/common/src/tx_mutex_put.c **** #endif
 114:Middlewares/ST/threadx/common/src/tx_mutex_put.c **** 
 115:Middlewares/ST/threadx/common/src/tx_mutex_put.c ****     /* If trace is enabled, insert this event into the trace buffer.  */
 116:Middlewares/ST/threadx/common/src/tx_mutex_put.c ****     TX_TRACE_IN_LINE_INSERT(TX_TRACE_MUTEX_PUT, mutex_ptr, TX_POINTER_TO_ULONG_CONVERT(mutex_ptr ->
 101              		.loc 1 116 5 is_stmt 1 view .LVU29
ARM GAS  /tmp/ccHCxrSy.s 			page 15


 102              		.loc 1 116 5 view .LVU30
 103              		.loc 1 116 5 view .LVU31
 104              		.loc 1 116 5 view .LVU32
 105              		.loc 1 116 5 view .LVU33
 106 000e 994B     		ldr	r3, .L44
 107 0010 1B68     		ldr	r3, [r3]
 108              	.LVL4:
 109              		.loc 1 116 5 view .LVU34
 110 0012 002B     		cmp	r3, #0
 111 0014 41D0     		beq	.L2
 112              		.loc 1 116 5 is_stmt 0 discriminator 1 view .LVU35
 113 0016 984A     		ldr	r2, .L44+4
 114 0018 1268     		ldr	r2, [r2]
 115 001a 12F0200F 		tst	r2, #32
 116 001e 3CD0     		beq	.L2
 117              		.loc 1 116 5 is_stmt 1 discriminator 2 view .LVU36
 118              	.LBB54:
 119              	.LBI54:
 474:Middlewares/ST/threadx/ports/cortex_m7/gnu/inc/tx_port.h **** {
 120              		.loc 2 474 63 view .LVU37
 121              	.LBB55:
 476:Middlewares/ST/threadx/ports/cortex_m7/gnu/inc/tx_port.h ****     __asm__ volatile (" MRS  %0,IPSR ": "=r" (ipsr_value) );
 122              		.loc 2 476 1 view .LVU38
 477:Middlewares/ST/threadx/ports/cortex_m7/gnu/inc/tx_port.h ****     return(ipsr_value);
 123              		.loc 2 477 5 view .LVU39
 124              		.syntax unified
 125              	@ 477 "Middlewares/ST/threadx/ports/cortex_m7/gnu/inc/tx_port.h" 1
 126 0020 EFF30580 		 MRS  r0,IPSR 
 127              	@ 0 "" 2
 128              	.LVL5:
 478:Middlewares/ST/threadx/ports/cortex_m7/gnu/inc/tx_port.h **** }
 129              		.loc 2 478 5 view .LVU40
 478:Middlewares/ST/threadx/ports/cortex_m7/gnu/inc/tx_port.h **** }
 130              		.loc 2 478 5 is_stmt 0 view .LVU41
 131              		.thumb
 132              		.syntax unified
 133              	.LBE55:
 134              	.LBE54:
 135              		.loc 1 116 5 discriminator 1 view .LVU42
 136 0024 954A     		ldr	r2, .L44+8
 137 0026 1268     		ldr	r2, [r2]
 138              	.LVL6:
 139              		.loc 1 116 5 is_stmt 1 discriminator 1 view .LVU43
 140 0028 9549     		ldr	r1, .L44+12
 141 002a 0968     		ldr	r1, [r1]
 142              	.LVL7:
 143              		.loc 1 116 5 discriminator 1 view .LVU44
 144 002c 0243     		orrs	r2, r2, r0
 145              	.LVL8:
 146              		.loc 1 116 5 is_stmt 0 discriminator 1 view .LVU45
 147 002e 24D1     		bne	.L3
 148              		.loc 1 116 5 is_stmt 1 discriminator 3 view .LVU46
 149 0030 CA6A     		ldr	r2, [r1, #44]
 150              	.LVL9:
 151              		.loc 1 116 5 discriminator 3 view .LVU47
 152 0032 C86B     		ldr	r0, [r1, #60]
 153 0034 42EA0042 		orr	r2, r2, r0, lsl #16
ARM GAS  /tmp/ccHCxrSy.s 			page 16


 154              	.LVL10:
 155              		.loc 1 116 5 is_stmt 0 discriminator 3 view .LVU48
 156 0038 42F00042 		orr	r2, r2, #-2147483648
 157              	.LVL11:
 158              	.L4:
 159              		.loc 1 116 5 is_stmt 1 discriminator 9 view .LVU49
 160 003c 1960     		str	r1, [r3]
 161              		.loc 1 116 5 discriminator 9 view .LVU50
 162 003e 5A60     		str	r2, [r3, #4]
 163              		.loc 1 116 5 discriminator 9 view .LVU51
 164 0040 3922     		movs	r2, #57
 165              	.LVL12:
 166              		.loc 1 116 5 is_stmt 0 discriminator 9 view .LVU52
 167 0042 9A60     		str	r2, [r3, #8]
 168              		.loc 1 116 5 is_stmt 1 discriminator 9 view .LVU53
 169 0044 8F4A     		ldr	r2, .L44+16
 170 0046 5268     		ldr	r2, [r2, #4]
 171 0048 DA60     		str	r2, [r3, #12]
 172              		.loc 1 116 5 discriminator 9 view .LVU54
 173 004a 1C61     		str	r4, [r3, #16]
 174              		.loc 1 116 5 discriminator 9 view .LVU55
 175 004c E268     		ldr	r2, [r4, #12]
 176 004e 5A61     		str	r2, [r3, #20]
 177              		.loc 1 116 5 discriminator 9 view .LVU56
 178 0050 A268     		ldr	r2, [r4, #8]
 179 0052 9A61     		str	r2, [r3, #24]
 180              		.loc 1 116 5 discriminator 9 view .LVU57
 181 0054 01AA     		add	r2, sp, #4
 182 0056 DA61     		str	r2, [r3, #28]
 183              		.loc 1 116 5 discriminator 9 view .LVU58
 184 0058 2033     		adds	r3, r3, #32
 185              	.LVL13:
 186              		.loc 1 116 5 discriminator 9 view .LVU59
 187 005a 8B4A     		ldr	r2, .L44+20
 188 005c 1268     		ldr	r2, [r2]
 189 005e 9A42     		cmp	r2, r3
 190 0060 16D8     		bhi	.L5
 191              		.loc 1 116 5 discriminator 10 view .LVU60
 192 0062 8A4B     		ldr	r3, .L44+24
 193              	.LVL14:
 194              		.loc 1 116 5 is_stmt 0 discriminator 10 view .LVU61
 195 0064 1B68     		ldr	r3, [r3]
 196              	.LVL15:
 197              		.loc 1 116 5 is_stmt 1 discriminator 10 view .LVU62
 198 0066 834A     		ldr	r2, .L44
 199 0068 1360     		str	r3, [r2]
 200              		.loc 1 116 5 discriminator 10 view .LVU63
 201 006a 894A     		ldr	r2, .L44+28
 202 006c 1068     		ldr	r0, [r2]
 203 006e 0362     		str	r3, [r0, #32]
 204              		.loc 1 116 5 discriminator 10 view .LVU64
 205 0070 884B     		ldr	r3, .L44+32
 206              	.LVL16:
 207              		.loc 1 116 5 is_stmt 0 discriminator 10 view .LVU65
 208 0072 1B68     		ldr	r3, [r3]
 209 0074 8BB1     		cbz	r3, .L2
 210              		.loc 1 116 5 is_stmt 1 discriminator 12 view .LVU66
ARM GAS  /tmp/ccHCxrSy.s 			page 17


 211 0076 9847     		blx	r3
 212              	.LVL17:
 213              		.loc 1 116 5 is_stmt 0 discriminator 12 view .LVU67
 214 0078 0FE0     		b	.L2
 215              	.LVL18:
 216              	.L3:
 217              		.loc 1 116 5 is_stmt 1 discriminator 4 view .LVU68
 218 007a B2F1F03F 		cmp	r2, #-252645136
 219 007e 03D2     		bcs	.L30
 220              		.loc 1 116 5 discriminator 6 view .LVU69
 221 0080 0A46     		mov	r2, r1
 222              	.LVL19:
 223              		.loc 1 116 5 discriminator 6 view .LVU70
 224              		.loc 1 116 5 is_stmt 0 discriminator 6 view .LVU71
 225 0082 4FF0FF31 		mov	r1, #-1
 226 0086 D9E7     		b	.L4
 227              	.LVL20:
 228              	.L30:
 229              		.loc 1 116 5 discriminator 7 view .LVU72
 230 0088 4FF0F031 		mov	r1, #-252645136
 231              	.LVL21:
 232              		.loc 1 116 5 discriminator 7 view .LVU73
 233 008c 0022     		movs	r2, #0
 234              	.LVL22:
 235              		.loc 1 116 5 discriminator 7 view .LVU74
 236 008e D5E7     		b	.L4
 237              	.LVL23:
 238              	.L5:
 239              		.loc 1 116 5 is_stmt 1 discriminator 11 view .LVU75
 240 0090 784A     		ldr	r2, .L44
 241 0092 1360     		str	r3, [r2]
 242              		.loc 1 116 5 discriminator 11 view .LVU76
 243 0094 7E4A     		ldr	r2, .L44+28
 244 0096 1268     		ldr	r2, [r2]
 245 0098 1362     		str	r3, [r2, #32]
 246              	.LVL24:
 247              	.L2:
 248              		.loc 1 116 5 is_stmt 0 discriminator 11 view .LVU77
 249              	.LBE53:
 117:Middlewares/ST/threadx/common/src/tx_mutex_put.c **** 
 118:Middlewares/ST/threadx/common/src/tx_mutex_put.c ****     /* Log this kernel call.  */
 119:Middlewares/ST/threadx/common/src/tx_mutex_put.c ****     TX_EL_MUTEX_PUT_INSERT
 120:Middlewares/ST/threadx/common/src/tx_mutex_put.c **** 
 121:Middlewares/ST/threadx/common/src/tx_mutex_put.c ****     /* Determine if this mutex is owned.  */
 122:Middlewares/ST/threadx/common/src/tx_mutex_put.c ****     if (mutex_ptr -> tx_mutex_ownership_count != ((UINT) 0))
 250              		.loc 1 122 5 is_stmt 1 view .LVU78
 251              		.loc 1 122 19 is_stmt 0 view .LVU79
 252 009a A568     		ldr	r5, [r4, #8]
 253              		.loc 1 122 8 view .LVU80
 254 009c 002D     		cmp	r5, #0
 255 009e 00F00A81 		beq	.L6
 123:Middlewares/ST/threadx/common/src/tx_mutex_put.c ****     {
 124:Middlewares/ST/threadx/common/src/tx_mutex_put.c **** 
 125:Middlewares/ST/threadx/common/src/tx_mutex_put.c ****         /* Pickup the owning thread pointer.  */
 126:Middlewares/ST/threadx/common/src/tx_mutex_put.c ****         thread_ptr =  mutex_ptr -> tx_mutex_owner;
 256              		.loc 1 126 9 is_stmt 1 view .LVU81
 257              		.loc 1 126 20 is_stmt 0 view .LVU82
ARM GAS  /tmp/ccHCxrSy.s 			page 18


 258 00a2 E268     		ldr	r2, [r4, #12]
 259              	.LVL25:
 127:Middlewares/ST/threadx/common/src/tx_mutex_put.c **** 
 128:Middlewares/ST/threadx/common/src/tx_mutex_put.c ****         /* Pickup thread pointer.  */
 129:Middlewares/ST/threadx/common/src/tx_mutex_put.c ****         TX_THREAD_GET_CURRENT(current_thread)
 260              		.loc 1 129 9 is_stmt 1 view .LVU83
 261 00a4 764B     		ldr	r3, .L44+12
 262 00a6 1B68     		ldr	r3, [r3]
 263              	.LVL26:
 130:Middlewares/ST/threadx/common/src/tx_mutex_put.c **** 
 131:Middlewares/ST/threadx/common/src/tx_mutex_put.c ****         /* Check to see if the mutex is owned by the calling thread.  */
 132:Middlewares/ST/threadx/common/src/tx_mutex_put.c ****         if (mutex_ptr -> tx_mutex_owner != current_thread)
 264              		.loc 1 132 9 view .LVU84
 265              		.loc 1 132 12 is_stmt 0 view .LVU85
 266 00a8 9A42     		cmp	r2, r3
 267 00aa 02D0     		beq	.L7
 133:Middlewares/ST/threadx/common/src/tx_mutex_put.c ****         {
 134:Middlewares/ST/threadx/common/src/tx_mutex_put.c **** 
 135:Middlewares/ST/threadx/common/src/tx_mutex_put.c ****             /* Determine if the preempt disable flag is set, indicating that
 136:Middlewares/ST/threadx/common/src/tx_mutex_put.c ****                the caller is not the application but from ThreadX. In such
 137:Middlewares/ST/threadx/common/src/tx_mutex_put.c ****                cases, the thread mutex owner does not need to match.  */
 138:Middlewares/ST/threadx/common/src/tx_mutex_put.c ****             if (_tx_thread_preempt_disable == ((UINT) 0))
 268              		.loc 1 138 13 is_stmt 1 view .LVU86
 269              		.loc 1 138 44 is_stmt 0 view .LVU87
 270 00ac 7A4B     		ldr	r3, .L44+36
 271              	.LVL27:
 272              		.loc 1 138 44 view .LVU88
 273 00ae 1B68     		ldr	r3, [r3]
 274              		.loc 1 138 16 view .LVU89
 275 00b0 33B1     		cbz	r3, .L34
 276              	.L7:
 277              	.LVL28:
 139:Middlewares/ST/threadx/common/src/tx_mutex_put.c ****             {
 140:Middlewares/ST/threadx/common/src/tx_mutex_put.c **** 
 141:Middlewares/ST/threadx/common/src/tx_mutex_put.c ****                 /* Invalid mutex release.  */
 142:Middlewares/ST/threadx/common/src/tx_mutex_put.c **** 
 143:Middlewares/ST/threadx/common/src/tx_mutex_put.c ****                 /* Restore interrupts.  */
 144:Middlewares/ST/threadx/common/src/tx_mutex_put.c ****                 TX_RESTORE
 145:Middlewares/ST/threadx/common/src/tx_mutex_put.c **** 
 146:Middlewares/ST/threadx/common/src/tx_mutex_put.c ****                 /* Caller does not own the mutex.  */
 147:Middlewares/ST/threadx/common/src/tx_mutex_put.c ****                 status =  TX_NOT_OWNED;
 148:Middlewares/ST/threadx/common/src/tx_mutex_put.c ****             }
 149:Middlewares/ST/threadx/common/src/tx_mutex_put.c ****         }
 150:Middlewares/ST/threadx/common/src/tx_mutex_put.c **** 
 151:Middlewares/ST/threadx/common/src/tx_mutex_put.c ****         /* Determine if we should continue.  */
 152:Middlewares/ST/threadx/common/src/tx_mutex_put.c ****         if (status == TX_NOT_DONE)
 153:Middlewares/ST/threadx/common/src/tx_mutex_put.c ****         {
 154:Middlewares/ST/threadx/common/src/tx_mutex_put.c **** 
 155:Middlewares/ST/threadx/common/src/tx_mutex_put.c ****             /* Decrement the mutex ownership count.  */
 156:Middlewares/ST/threadx/common/src/tx_mutex_put.c ****             mutex_ptr -> tx_mutex_ownership_count--;
 278              		.loc 1 156 13 is_stmt 1 view .LVU90
 279              		.loc 1 156 50 is_stmt 0 view .LVU91
 280 00b2 013D     		subs	r5, r5, #1
 281 00b4 A560     		str	r5, [r4, #8]
 157:Middlewares/ST/threadx/common/src/tx_mutex_put.c **** 
 158:Middlewares/ST/threadx/common/src/tx_mutex_put.c ****             /* Determine if the mutex is still owned by the current thread.  */
 159:Middlewares/ST/threadx/common/src/tx_mutex_put.c ****             if (mutex_ptr -> tx_mutex_ownership_count != ((UINT) 0))
ARM GAS  /tmp/ccHCxrSy.s 			page 19


 282              		.loc 1 159 13 is_stmt 1 view .LVU92
 283              		.loc 1 159 16 is_stmt 0 view .LVU93
 284 00b6 3DB1     		cbz	r5, .L9
 160:Middlewares/ST/threadx/common/src/tx_mutex_put.c ****             {
 161:Middlewares/ST/threadx/common/src/tx_mutex_put.c **** 
 162:Middlewares/ST/threadx/common/src/tx_mutex_put.c ****                 /* Restore interrupts.  */
 163:Middlewares/ST/threadx/common/src/tx_mutex_put.c ****                 TX_RESTORE
 285              		.loc 1 163 17 is_stmt 1 view .LVU94
 286              	.LVL29:
 287              	.LBB56:
 288              	.LBI56:
 556:Middlewares/ST/threadx/ports/cortex_m7/gnu/inc/tx_port.h **** {
 289              		.loc 2 556 55 view .LVU95
 290              	.LBB57:
 562:Middlewares/ST/threadx/ports/cortex_m7/gnu/inc/tx_port.h **** #endif
 291              		.loc 2 562 5 view .LVU96
 292              		.syntax unified
 293              	@ 562 "Middlewares/ST/threadx/ports/cortex_m7/gnu/inc/tx_port.h" 1
 294 00b8 86F31088 		MSR  PRIMASK,r6
 295              	@ 0 "" 2
 296              	.LVL30:
 562:Middlewares/ST/threadx/ports/cortex_m7/gnu/inc/tx_port.h **** #endif
 297              		.loc 2 562 5 is_stmt 0 view .LVU97
 298              		.thumb
 299              		.syntax unified
 300              	.LBE57:
 301              	.LBE56:
 164:Middlewares/ST/threadx/common/src/tx_mutex_put.c **** 
 165:Middlewares/ST/threadx/common/src/tx_mutex_put.c ****                 /* Mutex is still owned, just return successful status.  */
 166:Middlewares/ST/threadx/common/src/tx_mutex_put.c ****                 status =  TX_SUCCESS;
 302              		.loc 1 166 17 is_stmt 1 view .LVU98
 303              		.loc 1 166 24 is_stmt 0 view .LVU99
 304 00bc 0025     		movs	r5, #0
 305 00be FDE0     		b	.L1
 306              	.LVL31:
 307              	.L34:
 144:Middlewares/ST/threadx/common/src/tx_mutex_put.c **** 
 308              		.loc 1 144 17 is_stmt 1 view .LVU100
 309              	.LBB58:
 310              	.LBI58:
 556:Middlewares/ST/threadx/ports/cortex_m7/gnu/inc/tx_port.h **** {
 311              		.loc 2 556 55 view .LVU101
 312              	.LBB59:
 562:Middlewares/ST/threadx/ports/cortex_m7/gnu/inc/tx_port.h **** #endif
 313              		.loc 2 562 5 view .LVU102
 314              		.syntax unified
 315              	@ 562 "Middlewares/ST/threadx/ports/cortex_m7/gnu/inc/tx_port.h" 1
 316 00c0 86F31088 		MSR  PRIMASK,r6
 317              	@ 0 "" 2
 318              	.LVL32:
 562:Middlewares/ST/threadx/ports/cortex_m7/gnu/inc/tx_port.h **** #endif
 319              		.loc 2 562 5 is_stmt 0 view .LVU103
 320              		.thumb
 321              		.syntax unified
 322              	.LBE59:
 323              	.LBE58:
 147:Middlewares/ST/threadx/common/src/tx_mutex_put.c ****             }
ARM GAS  /tmp/ccHCxrSy.s 			page 20


 324              		.loc 1 147 17 is_stmt 1 view .LVU104
 152:Middlewares/ST/threadx/common/src/tx_mutex_put.c ****         {
 325              		.loc 1 152 9 view .LVU105
 147:Middlewares/ST/threadx/common/src/tx_mutex_put.c ****             }
 326              		.loc 1 147 24 is_stmt 0 view .LVU106
 327 00c4 1E25     		movs	r5, #30
 328 00c6 F9E0     		b	.L1
 329              	.LVL33:
 330              	.L9:
 167:Middlewares/ST/threadx/common/src/tx_mutex_put.c ****             }
 168:Middlewares/ST/threadx/common/src/tx_mutex_put.c ****             else
 169:Middlewares/ST/threadx/common/src/tx_mutex_put.c ****             {
 170:Middlewares/ST/threadx/common/src/tx_mutex_put.c **** 
 171:Middlewares/ST/threadx/common/src/tx_mutex_put.c ****                 /* Check for a NULL thread pointer, which can only happen during initialization.   
 172:Middlewares/ST/threadx/common/src/tx_mutex_put.c ****                 if (thread_ptr == TX_NULL)
 331              		.loc 1 172 17 is_stmt 1 view .LVU107
 332              		.loc 1 172 20 is_stmt 0 view .LVU108
 333 00c8 002A     		cmp	r2, #0
 334 00ca 48D0     		beq	.L35
 173:Middlewares/ST/threadx/common/src/tx_mutex_put.c ****                 {
 174:Middlewares/ST/threadx/common/src/tx_mutex_put.c **** 
 175:Middlewares/ST/threadx/common/src/tx_mutex_put.c ****                     /* Restore interrupts.  */
 176:Middlewares/ST/threadx/common/src/tx_mutex_put.c ****                     TX_RESTORE
 177:Middlewares/ST/threadx/common/src/tx_mutex_put.c **** 
 178:Middlewares/ST/threadx/common/src/tx_mutex_put.c ****                     /* Mutex is now available, return successful status.  */
 179:Middlewares/ST/threadx/common/src/tx_mutex_put.c ****                     status =  TX_SUCCESS;
 180:Middlewares/ST/threadx/common/src/tx_mutex_put.c ****                 }
 181:Middlewares/ST/threadx/common/src/tx_mutex_put.c ****                 else
 182:Middlewares/ST/threadx/common/src/tx_mutex_put.c ****                 {
 183:Middlewares/ST/threadx/common/src/tx_mutex_put.c **** 
 184:Middlewares/ST/threadx/common/src/tx_mutex_put.c ****                     /* The mutex is now available.   */
 185:Middlewares/ST/threadx/common/src/tx_mutex_put.c **** 
 186:Middlewares/ST/threadx/common/src/tx_mutex_put.c ****                     /* Remove this mutex from the owned mutex list.  */
 187:Middlewares/ST/threadx/common/src/tx_mutex_put.c **** 
 188:Middlewares/ST/threadx/common/src/tx_mutex_put.c ****                     /* Decrement the ownership count.  */
 189:Middlewares/ST/threadx/common/src/tx_mutex_put.c ****                     thread_ptr -> tx_thread_owned_mutex_count--;
 335              		.loc 1 189 21 is_stmt 1 view .LVU109
 336              		.loc 1 189 32 is_stmt 0 view .LVU110
 337 00cc D2F8A030 		ldr	r3, [r2, #160]
 338              		.loc 1 189 62 view .LVU111
 339 00d0 013B     		subs	r3, r3, #1
 340 00d2 C2F8A030 		str	r3, [r2, #160]
 190:Middlewares/ST/threadx/common/src/tx_mutex_put.c **** 
 191:Middlewares/ST/threadx/common/src/tx_mutex_put.c ****                     /* Determine if this mutex was the only one on the list.  */
 192:Middlewares/ST/threadx/common/src/tx_mutex_put.c ****                     if (thread_ptr -> tx_thread_owned_mutex_count == ((UINT) 0))
 341              		.loc 1 192 21 is_stmt 1 view .LVU112
 342              		.loc 1 192 24 is_stmt 0 view .LVU113
 343 00d6 002B     		cmp	r3, #0
 344 00d8 44D1     		bne	.L11
 193:Middlewares/ST/threadx/common/src/tx_mutex_put.c ****                     {
 194:Middlewares/ST/threadx/common/src/tx_mutex_put.c **** 
 195:Middlewares/ST/threadx/common/src/tx_mutex_put.c ****                         /* Yes, the list is empty.  Simply set the head pointer to NULL.  */
 196:Middlewares/ST/threadx/common/src/tx_mutex_put.c ****                         thread_ptr -> tx_thread_owned_mutex_list =  TX_NULL;
 345              		.loc 1 196 25 is_stmt 1 view .LVU114
 346              		.loc 1 196 66 is_stmt 0 view .LVU115
 347 00da C2F8A430 		str	r3, [r2, #164]
 348              	.L12:
ARM GAS  /tmp/ccHCxrSy.s 			page 21


 197:Middlewares/ST/threadx/common/src/tx_mutex_put.c ****                     }
 198:Middlewares/ST/threadx/common/src/tx_mutex_put.c ****                     else
 199:Middlewares/ST/threadx/common/src/tx_mutex_put.c ****                     {
 200:Middlewares/ST/threadx/common/src/tx_mutex_put.c **** 
 201:Middlewares/ST/threadx/common/src/tx_mutex_put.c ****                         /* No, there are more mutexes on the list.  */
 202:Middlewares/ST/threadx/common/src/tx_mutex_put.c **** 
 203:Middlewares/ST/threadx/common/src/tx_mutex_put.c ****                         /* Link-up the neighbors.  */
 204:Middlewares/ST/threadx/common/src/tx_mutex_put.c ****                         next_mutex =                             mutex_ptr -> tx_mutex_owned_next;
 205:Middlewares/ST/threadx/common/src/tx_mutex_put.c ****                         previous_mutex =                         mutex_ptr -> tx_mutex_owned_previo
 206:Middlewares/ST/threadx/common/src/tx_mutex_put.c ****                         next_mutex -> tx_mutex_owned_previous =  previous_mutex;
 207:Middlewares/ST/threadx/common/src/tx_mutex_put.c ****                         previous_mutex -> tx_mutex_owned_next =  next_mutex;
 208:Middlewares/ST/threadx/common/src/tx_mutex_put.c **** 
 209:Middlewares/ST/threadx/common/src/tx_mutex_put.c ****                         /* See if we have to update the created list head pointer.  */
 210:Middlewares/ST/threadx/common/src/tx_mutex_put.c ****                         if (thread_ptr -> tx_thread_owned_mutex_list == mutex_ptr)
 211:Middlewares/ST/threadx/common/src/tx_mutex_put.c ****                         {
 212:Middlewares/ST/threadx/common/src/tx_mutex_put.c **** 
 213:Middlewares/ST/threadx/common/src/tx_mutex_put.c ****                             /* Yes, move the head pointer to the next link. */
 214:Middlewares/ST/threadx/common/src/tx_mutex_put.c ****                             thread_ptr -> tx_thread_owned_mutex_list =  next_mutex;
 215:Middlewares/ST/threadx/common/src/tx_mutex_put.c ****                         }
 216:Middlewares/ST/threadx/common/src/tx_mutex_put.c ****                     }
 217:Middlewares/ST/threadx/common/src/tx_mutex_put.c **** 
 218:Middlewares/ST/threadx/common/src/tx_mutex_put.c ****                     /* Determine if the simple, non-suspension, non-priority inheritance case is pr
 219:Middlewares/ST/threadx/common/src/tx_mutex_put.c ****                     if (mutex_ptr -> tx_mutex_suspension_list == TX_NULL)
 349              		.loc 1 219 21 is_stmt 1 view .LVU116
 350              		.loc 1 219 35 is_stmt 0 view .LVU117
 351 00de A369     		ldr	r3, [r4, #24]
 352              		.loc 1 219 24 view .LVU118
 353 00e0 002B     		cmp	r3, #0
 354 00e2 4AD0     		beq	.L36
 355              	.L13:
 356              	.LVL34:
 220:Middlewares/ST/threadx/common/src/tx_mutex_put.c ****                     {
 221:Middlewares/ST/threadx/common/src/tx_mutex_put.c **** 
 222:Middlewares/ST/threadx/common/src/tx_mutex_put.c ****                         /* Is this a priority inheritance mutex?  */
 223:Middlewares/ST/threadx/common/src/tx_mutex_put.c ****                         if (mutex_ptr -> tx_mutex_inherit == TX_FALSE)
 224:Middlewares/ST/threadx/common/src/tx_mutex_put.c ****                         {
 225:Middlewares/ST/threadx/common/src/tx_mutex_put.c **** 
 226:Middlewares/ST/threadx/common/src/tx_mutex_put.c ****                             /* Yes, we are done - set the mutex owner to NULL.   */
 227:Middlewares/ST/threadx/common/src/tx_mutex_put.c ****                             mutex_ptr -> tx_mutex_owner =  TX_NULL;
 228:Middlewares/ST/threadx/common/src/tx_mutex_put.c **** 
 229:Middlewares/ST/threadx/common/src/tx_mutex_put.c ****                             /* Restore interrupts.  */
 230:Middlewares/ST/threadx/common/src/tx_mutex_put.c ****                             TX_RESTORE
 231:Middlewares/ST/threadx/common/src/tx_mutex_put.c **** 
 232:Middlewares/ST/threadx/common/src/tx_mutex_put.c ****                             /* Mutex is now available, return successful status.  */
 233:Middlewares/ST/threadx/common/src/tx_mutex_put.c ****                             status =  TX_SUCCESS;
 234:Middlewares/ST/threadx/common/src/tx_mutex_put.c ****                         }
 235:Middlewares/ST/threadx/common/src/tx_mutex_put.c ****                     }
 236:Middlewares/ST/threadx/common/src/tx_mutex_put.c **** 
 237:Middlewares/ST/threadx/common/src/tx_mutex_put.c ****                     /* Determine if the processing is complete.  */
 238:Middlewares/ST/threadx/common/src/tx_mutex_put.c ****                     if (status == TX_NOT_DONE)
 357              		.loc 1 238 21 is_stmt 1 view .LVU119
 239:Middlewares/ST/threadx/common/src/tx_mutex_put.c ****                     {
 240:Middlewares/ST/threadx/common/src/tx_mutex_put.c **** 
 241:Middlewares/ST/threadx/common/src/tx_mutex_put.c ****                         /* Initialize original owner and thread priority.  */
 242:Middlewares/ST/threadx/common/src/tx_mutex_put.c ****                         old_owner =      TX_NULL;
 358              		.loc 1 242 25 view .LVU120
 243:Middlewares/ST/threadx/common/src/tx_mutex_put.c ****                         old_priority =   thread_ptr -> tx_thread_user_priority;
ARM GAS  /tmp/ccHCxrSy.s 			page 22


 359              		.loc 1 243 25 view .LVU121
 360              		.loc 1 243 53 is_stmt 0 view .LVU122
 361 00e4 D2F89430 		ldr	r3, [r2, #148]
 362              		.loc 1 243 38 view .LVU123
 363 00e8 0193     		str	r3, [sp, #4]
 244:Middlewares/ST/threadx/common/src/tx_mutex_put.c **** 
 245:Middlewares/ST/threadx/common/src/tx_mutex_put.c ****                         /* Does this mutex support priority inheritance?  */
 246:Middlewares/ST/threadx/common/src/tx_mutex_put.c ****                         if (mutex_ptr -> tx_mutex_inherit == TX_TRUE)
 364              		.loc 1 246 25 is_stmt 1 view .LVU124
 365              		.loc 1 246 39 is_stmt 0 view .LVU125
 366 00ea 2369     		ldr	r3, [r4, #16]
 367              		.loc 1 246 28 view .LVU126
 368 00ec 012B     		cmp	r3, #1
 369 00ee 4DD0     		beq	.L37
 370              	.LVL35:
 371              	.L14:
 247:Middlewares/ST/threadx/common/src/tx_mutex_put.c ****                         {
 248:Middlewares/ST/threadx/common/src/tx_mutex_put.c **** 
 249:Middlewares/ST/threadx/common/src/tx_mutex_put.c **** #ifndef TX_NOT_INTERRUPTABLE
 250:Middlewares/ST/threadx/common/src/tx_mutex_put.c **** 
 251:Middlewares/ST/threadx/common/src/tx_mutex_put.c ****                             /* Temporarily disable preemption.  */
 252:Middlewares/ST/threadx/common/src/tx_mutex_put.c ****                             _tx_thread_preempt_disable++;
 253:Middlewares/ST/threadx/common/src/tx_mutex_put.c **** 
 254:Middlewares/ST/threadx/common/src/tx_mutex_put.c ****                             /* Restore interrupts.  */
 255:Middlewares/ST/threadx/common/src/tx_mutex_put.c ****                             TX_RESTORE
 256:Middlewares/ST/threadx/common/src/tx_mutex_put.c **** #endif
 257:Middlewares/ST/threadx/common/src/tx_mutex_put.c **** 
 258:Middlewares/ST/threadx/common/src/tx_mutex_put.c ****                             /* Default the inheritance priority to disabled.  */
 259:Middlewares/ST/threadx/common/src/tx_mutex_put.c ****                             inheritance_priority =  ((UINT) TX_MAX_PRIORITIES);
 260:Middlewares/ST/threadx/common/src/tx_mutex_put.c **** 
 261:Middlewares/ST/threadx/common/src/tx_mutex_put.c ****                             /* Search the owned mutexes for this thread to determine the highest pr
 262:Middlewares/ST/threadx/common/src/tx_mutex_put.c ****                                former mutex owner to return to.  */
 263:Middlewares/ST/threadx/common/src/tx_mutex_put.c ****                             next_mutex =  thread_ptr -> tx_thread_owned_mutex_list;
 264:Middlewares/ST/threadx/common/src/tx_mutex_put.c ****                             while (next_mutex != TX_NULL)
 265:Middlewares/ST/threadx/common/src/tx_mutex_put.c ****                             {
 266:Middlewares/ST/threadx/common/src/tx_mutex_put.c **** 
 267:Middlewares/ST/threadx/common/src/tx_mutex_put.c ****                                 /* Does this mutex support priority inheritance?  */
 268:Middlewares/ST/threadx/common/src/tx_mutex_put.c ****                                 if (next_mutex -> tx_mutex_inherit == TX_TRUE)
 269:Middlewares/ST/threadx/common/src/tx_mutex_put.c ****                                 {
 270:Middlewares/ST/threadx/common/src/tx_mutex_put.c **** 
 271:Middlewares/ST/threadx/common/src/tx_mutex_put.c ****                                     /* Determine if highest priority field of the mutex is higher t
 272:Middlewares/ST/threadx/common/src/tx_mutex_put.c ****                                        restore.  */
 273:Middlewares/ST/threadx/common/src/tx_mutex_put.c ****                                     if (next_mutex -> tx_mutex_highest_priority_waiting < inheritan
 274:Middlewares/ST/threadx/common/src/tx_mutex_put.c ****                                     {
 275:Middlewares/ST/threadx/common/src/tx_mutex_put.c **** 
 276:Middlewares/ST/threadx/common/src/tx_mutex_put.c ****                                         /* Use this priority to return releasing thread to.  */
 277:Middlewares/ST/threadx/common/src/tx_mutex_put.c ****                                         inheritance_priority =   next_mutex -> tx_mutex_highest_pri
 278:Middlewares/ST/threadx/common/src/tx_mutex_put.c ****                                     }
 279:Middlewares/ST/threadx/common/src/tx_mutex_put.c ****                                 }
 280:Middlewares/ST/threadx/common/src/tx_mutex_put.c **** 
 281:Middlewares/ST/threadx/common/src/tx_mutex_put.c ****                                 /* Move mutex pointer to the next mutex in the list.  */
 282:Middlewares/ST/threadx/common/src/tx_mutex_put.c ****                                 next_mutex =  next_mutex -> tx_mutex_owned_next;
 283:Middlewares/ST/threadx/common/src/tx_mutex_put.c **** 
 284:Middlewares/ST/threadx/common/src/tx_mutex_put.c ****                                 /* Are we at the end of the list?  */
 285:Middlewares/ST/threadx/common/src/tx_mutex_put.c ****                                 if (next_mutex == thread_ptr -> tx_thread_owned_mutex_list)
 286:Middlewares/ST/threadx/common/src/tx_mutex_put.c ****                                 {
 287:Middlewares/ST/threadx/common/src/tx_mutex_put.c **** 
ARM GAS  /tmp/ccHCxrSy.s 			page 23


 288:Middlewares/ST/threadx/common/src/tx_mutex_put.c ****                                     /* Yes, set the next mutex to NULL.  */
 289:Middlewares/ST/threadx/common/src/tx_mutex_put.c ****                                     next_mutex =  TX_NULL;
 290:Middlewares/ST/threadx/common/src/tx_mutex_put.c ****                                 }
 291:Middlewares/ST/threadx/common/src/tx_mutex_put.c ****                             }
 292:Middlewares/ST/threadx/common/src/tx_mutex_put.c **** 
 293:Middlewares/ST/threadx/common/src/tx_mutex_put.c **** #ifndef TX_NOT_INTERRUPTABLE
 294:Middlewares/ST/threadx/common/src/tx_mutex_put.c **** 
 295:Middlewares/ST/threadx/common/src/tx_mutex_put.c ****                             /* Disable interrupts.  */
 296:Middlewares/ST/threadx/common/src/tx_mutex_put.c ****                             TX_DISABLE
 297:Middlewares/ST/threadx/common/src/tx_mutex_put.c **** 
 298:Middlewares/ST/threadx/common/src/tx_mutex_put.c ****                             /* Undo the temporarily preemption disable.  */
 299:Middlewares/ST/threadx/common/src/tx_mutex_put.c ****                             _tx_thread_preempt_disable--;
 300:Middlewares/ST/threadx/common/src/tx_mutex_put.c **** #endif
 301:Middlewares/ST/threadx/common/src/tx_mutex_put.c **** 
 302:Middlewares/ST/threadx/common/src/tx_mutex_put.c ****                             /* Set the inherit priority to that of the highest priority thread wait
 303:Middlewares/ST/threadx/common/src/tx_mutex_put.c ****                             thread_ptr -> tx_thread_inherit_priority =  inheritance_priority;
 304:Middlewares/ST/threadx/common/src/tx_mutex_put.c **** 
 305:Middlewares/ST/threadx/common/src/tx_mutex_put.c ****                             /* Determine if the inheritance priority is less than the default old p
 306:Middlewares/ST/threadx/common/src/tx_mutex_put.c ****                             if (inheritance_priority < old_priority)
 307:Middlewares/ST/threadx/common/src/tx_mutex_put.c ****                             {
 308:Middlewares/ST/threadx/common/src/tx_mutex_put.c **** 
 309:Middlewares/ST/threadx/common/src/tx_mutex_put.c ****                                 /* Yes, update the old priority.  */
 310:Middlewares/ST/threadx/common/src/tx_mutex_put.c ****                                 old_priority =  inheritance_priority;
 311:Middlewares/ST/threadx/common/src/tx_mutex_put.c ****                             }
 312:Middlewares/ST/threadx/common/src/tx_mutex_put.c ****                         }
 313:Middlewares/ST/threadx/common/src/tx_mutex_put.c **** 
 314:Middlewares/ST/threadx/common/src/tx_mutex_put.c ****                         /* Determine if priority inheritance is in effect and there are one or more
 315:Middlewares/ST/threadx/common/src/tx_mutex_put.c ****                            threads suspended on the mutex.  */
 316:Middlewares/ST/threadx/common/src/tx_mutex_put.c ****                         if (mutex_ptr -> tx_mutex_suspended_count > ((UINT) 1))
 372              		.loc 1 316 25 is_stmt 1 view .LVU127
 373              		.loc 1 316 39 is_stmt 0 view .LVU128
 374 00f0 E369     		ldr	r3, [r4, #28]
 375              		.loc 1 316 28 view .LVU129
 376 00f2 012B     		cmp	r3, #1
 377 00f4 02D9     		bls	.L19
 317:Middlewares/ST/threadx/common/src/tx_mutex_put.c ****                         {
 318:Middlewares/ST/threadx/common/src/tx_mutex_put.c **** 
 319:Middlewares/ST/threadx/common/src/tx_mutex_put.c ****                             /* Is priority inheritance in effect?  */
 320:Middlewares/ST/threadx/common/src/tx_mutex_put.c ****                             if (mutex_ptr -> tx_mutex_inherit == TX_TRUE)
 378              		.loc 1 320 29 is_stmt 1 view .LVU130
 379              		.loc 1 320 43 is_stmt 0 view .LVU131
 380 00f6 2369     		ldr	r3, [r4, #16]
 381              		.loc 1 320 32 view .LVU132
 382 00f8 012B     		cmp	r3, #1
 383 00fa 6CD0     		beq	.L38
 384              	.LVL36:
 385              	.L19:
 321:Middlewares/ST/threadx/common/src/tx_mutex_put.c ****                             {
 322:Middlewares/ST/threadx/common/src/tx_mutex_put.c **** 
 323:Middlewares/ST/threadx/common/src/tx_mutex_put.c ****                                 /* Yes, this code is simply to ensure the highest priority thread i
 324:Middlewares/ST/threadx/common/src/tx_mutex_put.c ****                                    at the front of the suspension list.  */
 325:Middlewares/ST/threadx/common/src/tx_mutex_put.c **** 
 326:Middlewares/ST/threadx/common/src/tx_mutex_put.c **** #ifndef TX_NOT_INTERRUPTABLE
 327:Middlewares/ST/threadx/common/src/tx_mutex_put.c **** 
 328:Middlewares/ST/threadx/common/src/tx_mutex_put.c ****                                 /* Temporarily disable preemption.  */
 329:Middlewares/ST/threadx/common/src/tx_mutex_put.c ****                                 _tx_thread_preempt_disable++;
 330:Middlewares/ST/threadx/common/src/tx_mutex_put.c **** 
ARM GAS  /tmp/ccHCxrSy.s 			page 24


 331:Middlewares/ST/threadx/common/src/tx_mutex_put.c ****                                 /* Restore interrupts.  */
 332:Middlewares/ST/threadx/common/src/tx_mutex_put.c ****                                 TX_RESTORE
 333:Middlewares/ST/threadx/common/src/tx_mutex_put.c **** #endif
 334:Middlewares/ST/threadx/common/src/tx_mutex_put.c **** 
 335:Middlewares/ST/threadx/common/src/tx_mutex_put.c ****                                 /* Call the mutex prioritize processing to ensure the
 336:Middlewares/ST/threadx/common/src/tx_mutex_put.c ****                                    highest priority thread is resumed.  */
 337:Middlewares/ST/threadx/common/src/tx_mutex_put.c **** #ifdef TX_MISRA_ENABLE
 338:Middlewares/ST/threadx/common/src/tx_mutex_put.c ****                                 do
 339:Middlewares/ST/threadx/common/src/tx_mutex_put.c ****                                 {
 340:Middlewares/ST/threadx/common/src/tx_mutex_put.c ****                                     status =  _tx_mutex_prioritize(mutex_ptr);
 341:Middlewares/ST/threadx/common/src/tx_mutex_put.c ****                                 } while (status != TX_SUCCESS);
 342:Middlewares/ST/threadx/common/src/tx_mutex_put.c **** #else
 343:Middlewares/ST/threadx/common/src/tx_mutex_put.c ****                                 _tx_mutex_prioritize(mutex_ptr);
 344:Middlewares/ST/threadx/common/src/tx_mutex_put.c **** #endif
 345:Middlewares/ST/threadx/common/src/tx_mutex_put.c **** 
 346:Middlewares/ST/threadx/common/src/tx_mutex_put.c ****                                 /* At this point, the highest priority thread is at the
 347:Middlewares/ST/threadx/common/src/tx_mutex_put.c ****                                    front of the suspension list.  */
 348:Middlewares/ST/threadx/common/src/tx_mutex_put.c **** 
 349:Middlewares/ST/threadx/common/src/tx_mutex_put.c ****                                 /* Optional processing extension.  */
 350:Middlewares/ST/threadx/common/src/tx_mutex_put.c ****                                 TX_MUTEX_PUT_EXTENSION_1
 351:Middlewares/ST/threadx/common/src/tx_mutex_put.c **** 
 352:Middlewares/ST/threadx/common/src/tx_mutex_put.c **** #ifndef TX_NOT_INTERRUPTABLE
 353:Middlewares/ST/threadx/common/src/tx_mutex_put.c **** 
 354:Middlewares/ST/threadx/common/src/tx_mutex_put.c ****                                 /* Disable interrupts.  */
 355:Middlewares/ST/threadx/common/src/tx_mutex_put.c ****                                 TX_DISABLE
 356:Middlewares/ST/threadx/common/src/tx_mutex_put.c **** 
 357:Middlewares/ST/threadx/common/src/tx_mutex_put.c ****                                 /* Back off the preemption disable.  */
 358:Middlewares/ST/threadx/common/src/tx_mutex_put.c ****                                 _tx_thread_preempt_disable--;
 359:Middlewares/ST/threadx/common/src/tx_mutex_put.c **** #endif
 360:Middlewares/ST/threadx/common/src/tx_mutex_put.c ****                             }
 361:Middlewares/ST/threadx/common/src/tx_mutex_put.c ****                         }
 362:Middlewares/ST/threadx/common/src/tx_mutex_put.c **** 
 363:Middlewares/ST/threadx/common/src/tx_mutex_put.c ****                         /* Now determine if there are any threads still waiting on the mutex.  */
 364:Middlewares/ST/threadx/common/src/tx_mutex_put.c ****                         if (mutex_ptr -> tx_mutex_suspension_list == TX_NULL)
 386              		.loc 1 364 25 is_stmt 1 view .LVU133
 387              		.loc 1 364 39 is_stmt 0 view .LVU134
 388 00fc A769     		ldr	r7, [r4, #24]
 389              		.loc 1 364 28 view .LVU135
 390 00fe 002F     		cmp	r7, #0
 391 0100 79D0     		beq	.L39
 365:Middlewares/ST/threadx/common/src/tx_mutex_put.c ****                         {
 366:Middlewares/ST/threadx/common/src/tx_mutex_put.c **** 
 367:Middlewares/ST/threadx/common/src/tx_mutex_put.c ****                             /* No, there are no longer any threads waiting on the mutex.  */
 368:Middlewares/ST/threadx/common/src/tx_mutex_put.c **** 
 369:Middlewares/ST/threadx/common/src/tx_mutex_put.c **** #ifndef TX_NOT_INTERRUPTABLE
 370:Middlewares/ST/threadx/common/src/tx_mutex_put.c **** 
 371:Middlewares/ST/threadx/common/src/tx_mutex_put.c ****                             /* Temporarily disable preemption.  */
 372:Middlewares/ST/threadx/common/src/tx_mutex_put.c ****                             _tx_thread_preempt_disable++;
 373:Middlewares/ST/threadx/common/src/tx_mutex_put.c **** 
 374:Middlewares/ST/threadx/common/src/tx_mutex_put.c ****                             /* Restore interrupts.  */
 375:Middlewares/ST/threadx/common/src/tx_mutex_put.c ****                             TX_RESTORE
 376:Middlewares/ST/threadx/common/src/tx_mutex_put.c **** #endif
 377:Middlewares/ST/threadx/common/src/tx_mutex_put.c **** 
 378:Middlewares/ST/threadx/common/src/tx_mutex_put.c ****                             /* Mutex is not owned, but it is possible that a thread that
 379:Middlewares/ST/threadx/common/src/tx_mutex_put.c ****                                caused a priority inheritance to occur is no longer waiting
 380:Middlewares/ST/threadx/common/src/tx_mutex_put.c ****                                on the mutex.  */
 381:Middlewares/ST/threadx/common/src/tx_mutex_put.c **** 
ARM GAS  /tmp/ccHCxrSy.s 			page 25


 382:Middlewares/ST/threadx/common/src/tx_mutex_put.c ****                             /* Setup the highest priority waiting thread.  */
 383:Middlewares/ST/threadx/common/src/tx_mutex_put.c ****                             mutex_ptr -> tx_mutex_highest_priority_waiting =  (UINT) TX_MAX_PRIORIT
 384:Middlewares/ST/threadx/common/src/tx_mutex_put.c **** 
 385:Middlewares/ST/threadx/common/src/tx_mutex_put.c ****                             /* Determine if we need to restore priority.  */
 386:Middlewares/ST/threadx/common/src/tx_mutex_put.c ****                             if ((mutex_ptr -> tx_mutex_owner) -> tx_thread_priority != old_priority
 387:Middlewares/ST/threadx/common/src/tx_mutex_put.c ****                             {
 388:Middlewares/ST/threadx/common/src/tx_mutex_put.c **** 
 389:Middlewares/ST/threadx/common/src/tx_mutex_put.c ****                                 /* Yes, restore the priority of thread.  */
 390:Middlewares/ST/threadx/common/src/tx_mutex_put.c ****                                 _tx_mutex_priority_change(mutex_ptr -> tx_mutex_owner, old_priority
 391:Middlewares/ST/threadx/common/src/tx_mutex_put.c ****                             }
 392:Middlewares/ST/threadx/common/src/tx_mutex_put.c **** 
 393:Middlewares/ST/threadx/common/src/tx_mutex_put.c **** #ifndef TX_NOT_INTERRUPTABLE
 394:Middlewares/ST/threadx/common/src/tx_mutex_put.c **** 
 395:Middlewares/ST/threadx/common/src/tx_mutex_put.c ****                             /* Disable interrupts again.  */
 396:Middlewares/ST/threadx/common/src/tx_mutex_put.c ****                             TX_DISABLE
 397:Middlewares/ST/threadx/common/src/tx_mutex_put.c **** 
 398:Middlewares/ST/threadx/common/src/tx_mutex_put.c ****                             /* Back off the preemption disable.  */
 399:Middlewares/ST/threadx/common/src/tx_mutex_put.c ****                             _tx_thread_preempt_disable--;
 400:Middlewares/ST/threadx/common/src/tx_mutex_put.c **** #endif
 401:Middlewares/ST/threadx/common/src/tx_mutex_put.c **** 
 402:Middlewares/ST/threadx/common/src/tx_mutex_put.c ****                             /* Set the mutex owner to NULL.  */
 403:Middlewares/ST/threadx/common/src/tx_mutex_put.c ****                             mutex_ptr -> tx_mutex_owner =  TX_NULL;
 404:Middlewares/ST/threadx/common/src/tx_mutex_put.c **** 
 405:Middlewares/ST/threadx/common/src/tx_mutex_put.c ****                             /* Restore interrupts.  */
 406:Middlewares/ST/threadx/common/src/tx_mutex_put.c ****                             TX_RESTORE
 407:Middlewares/ST/threadx/common/src/tx_mutex_put.c **** 
 408:Middlewares/ST/threadx/common/src/tx_mutex_put.c ****                             /* Check for preemption.  */
 409:Middlewares/ST/threadx/common/src/tx_mutex_put.c ****                             _tx_thread_system_preempt_check();
 410:Middlewares/ST/threadx/common/src/tx_mutex_put.c **** 
 411:Middlewares/ST/threadx/common/src/tx_mutex_put.c ****                             /* Set status to success.  */
 412:Middlewares/ST/threadx/common/src/tx_mutex_put.c ****                             status =  TX_SUCCESS;
 413:Middlewares/ST/threadx/common/src/tx_mutex_put.c ****                         }
 414:Middlewares/ST/threadx/common/src/tx_mutex_put.c ****                         else
 415:Middlewares/ST/threadx/common/src/tx_mutex_put.c ****                         {
 416:Middlewares/ST/threadx/common/src/tx_mutex_put.c **** 
 417:Middlewares/ST/threadx/common/src/tx_mutex_put.c ****                             /* Pickup the thread at the front of the suspension list.  */
 418:Middlewares/ST/threadx/common/src/tx_mutex_put.c ****                             thread_ptr =  mutex_ptr -> tx_mutex_suspension_list;
 392              		.loc 1 418 29 is_stmt 1 view .LVU136
 393              	.LVL37:
 419:Middlewares/ST/threadx/common/src/tx_mutex_put.c **** 
 420:Middlewares/ST/threadx/common/src/tx_mutex_put.c ****                             /* Save the previous ownership information, if inheritance is
 421:Middlewares/ST/threadx/common/src/tx_mutex_put.c ****                                in effect.  */
 422:Middlewares/ST/threadx/common/src/tx_mutex_put.c ****                             if (mutex_ptr -> tx_mutex_inherit == TX_TRUE)
 394              		.loc 1 422 29 view .LVU137
 395              		.loc 1 422 43 is_stmt 0 view .LVU138
 396 0102 2369     		ldr	r3, [r4, #16]
 397              		.loc 1 422 32 view .LVU139
 398 0104 012B     		cmp	r3, #1
 399 0106 00F09480 		beq	.L40
 242:Middlewares/ST/threadx/common/src/tx_mutex_put.c ****                         old_priority =   thread_ptr -> tx_thread_user_priority;
 400              		.loc 1 242 35 view .LVU140
 401 010a 4FF00008 		mov	r8, #0
 402              	.LVL38:
 403              	.L22:
 423:Middlewares/ST/threadx/common/src/tx_mutex_put.c ****                             {
 424:Middlewares/ST/threadx/common/src/tx_mutex_put.c **** 
 425:Middlewares/ST/threadx/common/src/tx_mutex_put.c ****                                 /* Remember the old mutex owner.  */
ARM GAS  /tmp/ccHCxrSy.s 			page 26


 426:Middlewares/ST/threadx/common/src/tx_mutex_put.c ****                                 old_owner =  mutex_ptr -> tx_mutex_owner;
 427:Middlewares/ST/threadx/common/src/tx_mutex_put.c **** 
 428:Middlewares/ST/threadx/common/src/tx_mutex_put.c ****                                 /* Setup owner thread priority information.  */
 429:Middlewares/ST/threadx/common/src/tx_mutex_put.c ****                                 mutex_ptr -> tx_mutex_original_priority =   thread_ptr -> tx_thread
 430:Middlewares/ST/threadx/common/src/tx_mutex_put.c **** 
 431:Middlewares/ST/threadx/common/src/tx_mutex_put.c ****                                 /* Setup the highest priority waiting thread.  */
 432:Middlewares/ST/threadx/common/src/tx_mutex_put.c ****                                 mutex_ptr -> tx_mutex_highest_priority_waiting =  (UINT) TX_MAX_PRI
 433:Middlewares/ST/threadx/common/src/tx_mutex_put.c ****                             }
 434:Middlewares/ST/threadx/common/src/tx_mutex_put.c **** 
 435:Middlewares/ST/threadx/common/src/tx_mutex_put.c ****                             /* Determine how many mutexes are owned by this thread.  */
 436:Middlewares/ST/threadx/common/src/tx_mutex_put.c ****                             owned_count =  thread_ptr -> tx_thread_owned_mutex_count;
 404              		.loc 1 436 29 is_stmt 1 view .LVU141
 405              		.loc 1 436 41 is_stmt 0 view .LVU142
 406 010e D7F8A030 		ldr	r3, [r7, #160]
 407              	.LVL39:
 437:Middlewares/ST/threadx/common/src/tx_mutex_put.c **** 
 438:Middlewares/ST/threadx/common/src/tx_mutex_put.c ****                             /* Determine if this thread owns any other mutexes that have priority i
 439:Middlewares/ST/threadx/common/src/tx_mutex_put.c ****                             if (owned_count == ((UINT) 0))
 408              		.loc 1 439 29 is_stmt 1 view .LVU143
 409              		.loc 1 439 32 is_stmt 0 view .LVU144
 410 0112 002B     		cmp	r3, #0
 411 0114 40F09480 		bne	.L23
 440:Middlewares/ST/threadx/common/src/tx_mutex_put.c ****                             {
 441:Middlewares/ST/threadx/common/src/tx_mutex_put.c **** 
 442:Middlewares/ST/threadx/common/src/tx_mutex_put.c ****                                 /* The owned mutex list is empty.  Add mutex to empty list.  */
 443:Middlewares/ST/threadx/common/src/tx_mutex_put.c ****                                 thread_ptr -> tx_thread_owned_mutex_list =     mutex_ptr;
 412              		.loc 1 443 33 is_stmt 1 view .LVU145
 413              		.loc 1 443 74 is_stmt 0 view .LVU146
 414 0118 C7F8A440 		str	r4, [r7, #164]
 444:Middlewares/ST/threadx/common/src/tx_mutex_put.c ****                                 mutex_ptr -> tx_mutex_owned_next =             mutex_ptr;
 415              		.loc 1 444 33 is_stmt 1 view .LVU147
 416              		.loc 1 444 66 is_stmt 0 view .LVU148
 417 011c E462     		str	r4, [r4, #44]
 445:Middlewares/ST/threadx/common/src/tx_mutex_put.c ****                                 mutex_ptr -> tx_mutex_owned_previous =         mutex_ptr;
 418              		.loc 1 445 33 is_stmt 1 view .LVU149
 419              		.loc 1 445 70 is_stmt 0 view .LVU150
 420 011e 2463     		str	r4, [r4, #48]
 421              	.L24:
 446:Middlewares/ST/threadx/common/src/tx_mutex_put.c ****                             }
 447:Middlewares/ST/threadx/common/src/tx_mutex_put.c ****                             else
 448:Middlewares/ST/threadx/common/src/tx_mutex_put.c ****                             {
 449:Middlewares/ST/threadx/common/src/tx_mutex_put.c **** 
 450:Middlewares/ST/threadx/common/src/tx_mutex_put.c ****                                 /* Non-empty list. Link up the mutex.  */
 451:Middlewares/ST/threadx/common/src/tx_mutex_put.c **** 
 452:Middlewares/ST/threadx/common/src/tx_mutex_put.c ****                                 /* Pickup tail pointer.  */
 453:Middlewares/ST/threadx/common/src/tx_mutex_put.c ****                                 next_mutex =                            thread_ptr -> tx_thread_own
 454:Middlewares/ST/threadx/common/src/tx_mutex_put.c ****                                 previous_mutex =                        next_mutex -> tx_mutex_owne
 455:Middlewares/ST/threadx/common/src/tx_mutex_put.c **** 
 456:Middlewares/ST/threadx/common/src/tx_mutex_put.c ****                                 /* Place the owned mutex in the list.  */
 457:Middlewares/ST/threadx/common/src/tx_mutex_put.c ****                                 next_mutex -> tx_mutex_owned_previous =  mutex_ptr;
 458:Middlewares/ST/threadx/common/src/tx_mutex_put.c ****                                 previous_mutex -> tx_mutex_owned_next =  mutex_ptr;
 459:Middlewares/ST/threadx/common/src/tx_mutex_put.c **** 
 460:Middlewares/ST/threadx/common/src/tx_mutex_put.c ****                                 /* Setup this mutex's next and previous created links.  */
 461:Middlewares/ST/threadx/common/src/tx_mutex_put.c ****                                 mutex_ptr -> tx_mutex_owned_previous =   previous_mutex;
 462:Middlewares/ST/threadx/common/src/tx_mutex_put.c ****                                 mutex_ptr -> tx_mutex_owned_next =       next_mutex;
 463:Middlewares/ST/threadx/common/src/tx_mutex_put.c ****                             }
 464:Middlewares/ST/threadx/common/src/tx_mutex_put.c **** 
ARM GAS  /tmp/ccHCxrSy.s 			page 27


 465:Middlewares/ST/threadx/common/src/tx_mutex_put.c ****                             /* Increment the number of mutexes owned counter.  */
 466:Middlewares/ST/threadx/common/src/tx_mutex_put.c ****                             thread_ptr -> tx_thread_owned_mutex_count =  owned_count + ((UINT) 1);
 422              		.loc 1 466 29 is_stmt 1 view .LVU151
 423              		.loc 1 466 86 is_stmt 0 view .LVU152
 424 0120 0133     		adds	r3, r3, #1
 425              	.LVL40:
 426              		.loc 1 466 71 view .LVU153
 427 0122 C7F8A030 		str	r3, [r7, #160]
 467:Middlewares/ST/threadx/common/src/tx_mutex_put.c **** 
 468:Middlewares/ST/threadx/common/src/tx_mutex_put.c ****                             /* Mark the Mutex as owned and fill in the corresponding information.  
 469:Middlewares/ST/threadx/common/src/tx_mutex_put.c ****                             mutex_ptr -> tx_mutex_ownership_count =  (UINT) 1;
 428              		.loc 1 469 29 is_stmt 1 view .LVU154
 429              		.loc 1 469 67 is_stmt 0 view .LVU155
 430 0126 0123     		movs	r3, #1
 431              	.LVL41:
 432              		.loc 1 469 67 view .LVU156
 433 0128 A360     		str	r3, [r4, #8]
 434              	.LVL42:
 470:Middlewares/ST/threadx/common/src/tx_mutex_put.c ****                             mutex_ptr -> tx_mutex_owner =            thread_ptr;
 435              		.loc 1 470 29 is_stmt 1 view .LVU157
 436              		.loc 1 470 57 is_stmt 0 view .LVU158
 437 012a E760     		str	r7, [r4, #12]
 471:Middlewares/ST/threadx/common/src/tx_mutex_put.c **** 
 472:Middlewares/ST/threadx/common/src/tx_mutex_put.c ****                             /* Remove the suspended thread from the list.  */
 473:Middlewares/ST/threadx/common/src/tx_mutex_put.c **** 
 474:Middlewares/ST/threadx/common/src/tx_mutex_put.c ****                             /* Decrement the suspension count.  */
 475:Middlewares/ST/threadx/common/src/tx_mutex_put.c ****                             mutex_ptr -> tx_mutex_suspended_count--;
 438              		.loc 1 475 29 is_stmt 1 view .LVU159
 439              		.loc 1 475 39 is_stmt 0 view .LVU160
 440 012c E369     		ldr	r3, [r4, #28]
 441              		.loc 1 475 66 view .LVU161
 442 012e 013B     		subs	r3, r3, #1
 443 0130 E361     		str	r3, [r4, #28]
 476:Middlewares/ST/threadx/common/src/tx_mutex_put.c **** 
 477:Middlewares/ST/threadx/common/src/tx_mutex_put.c ****                             /* Pickup the suspended count.  */
 478:Middlewares/ST/threadx/common/src/tx_mutex_put.c ****                             suspended_count =  mutex_ptr -> tx_mutex_suspended_count;
 444              		.loc 1 478 29 is_stmt 1 view .LVU162
 445              	.LVL43:
 479:Middlewares/ST/threadx/common/src/tx_mutex_put.c **** 
 480:Middlewares/ST/threadx/common/src/tx_mutex_put.c ****                             /* See if this is the only suspended thread on the list.  */
 481:Middlewares/ST/threadx/common/src/tx_mutex_put.c ****                             if (suspended_count == TX_NO_SUSPENSIONS)
 446              		.loc 1 481 29 view .LVU163
 447              		.loc 1 481 32 is_stmt 0 view .LVU164
 448 0132 002B     		cmp	r3, #0
 449 0134 40F08C80 		bne	.L25
 482:Middlewares/ST/threadx/common/src/tx_mutex_put.c ****                             {
 483:Middlewares/ST/threadx/common/src/tx_mutex_put.c **** 
 484:Middlewares/ST/threadx/common/src/tx_mutex_put.c ****                                 /* Yes, the only suspended thread.  */
 485:Middlewares/ST/threadx/common/src/tx_mutex_put.c **** 
 486:Middlewares/ST/threadx/common/src/tx_mutex_put.c ****                                 /* Update the head pointer.  */
 487:Middlewares/ST/threadx/common/src/tx_mutex_put.c ****                                 mutex_ptr -> tx_mutex_suspension_list =  TX_NULL;
 450              		.loc 1 487 33 is_stmt 1 view .LVU165
 451              		.loc 1 487 71 is_stmt 0 view .LVU166
 452 0138 A361     		str	r3, [r4, #24]
 453              	.LVL44:
 454              	.L26:
 488:Middlewares/ST/threadx/common/src/tx_mutex_put.c ****                             }
ARM GAS  /tmp/ccHCxrSy.s 			page 28


 489:Middlewares/ST/threadx/common/src/tx_mutex_put.c ****                             else
 490:Middlewares/ST/threadx/common/src/tx_mutex_put.c ****                             {
 491:Middlewares/ST/threadx/common/src/tx_mutex_put.c **** 
 492:Middlewares/ST/threadx/common/src/tx_mutex_put.c ****                                 /* At least one more thread is on the same expiration list.  */
 493:Middlewares/ST/threadx/common/src/tx_mutex_put.c **** 
 494:Middlewares/ST/threadx/common/src/tx_mutex_put.c ****                                 /* Update the list head pointer.  */
 495:Middlewares/ST/threadx/common/src/tx_mutex_put.c ****                                 next_thread =                                  thread_ptr -> tx_thr
 496:Middlewares/ST/threadx/common/src/tx_mutex_put.c ****                                 mutex_ptr -> tx_mutex_suspension_list =        next_thread;
 497:Middlewares/ST/threadx/common/src/tx_mutex_put.c **** 
 498:Middlewares/ST/threadx/common/src/tx_mutex_put.c ****                                 /* Update the links of the adjacent threads.  */
 499:Middlewares/ST/threadx/common/src/tx_mutex_put.c ****                                 previous_thread =                              thread_ptr -> tx_thr
 500:Middlewares/ST/threadx/common/src/tx_mutex_put.c ****                                 next_thread -> tx_thread_suspended_previous =  previous_thread;
 501:Middlewares/ST/threadx/common/src/tx_mutex_put.c ****                                 previous_thread -> tx_thread_suspended_next =  next_thread;
 502:Middlewares/ST/threadx/common/src/tx_mutex_put.c ****                             }
 503:Middlewares/ST/threadx/common/src/tx_mutex_put.c **** 
 504:Middlewares/ST/threadx/common/src/tx_mutex_put.c ****                             /* Prepare for resumption of the first thread.  */
 505:Middlewares/ST/threadx/common/src/tx_mutex_put.c **** 
 506:Middlewares/ST/threadx/common/src/tx_mutex_put.c ****                             /* Clear cleanup routine to avoid timeout.  */
 507:Middlewares/ST/threadx/common/src/tx_mutex_put.c ****                             thread_ptr -> tx_thread_suspend_cleanup =  TX_NULL;
 455              		.loc 1 507 29 is_stmt 1 view .LVU167
 456              		.loc 1 507 69 is_stmt 0 view .LVU168
 457 013a 0023     		movs	r3, #0
 458 013c BB66     		str	r3, [r7, #104]
 508:Middlewares/ST/threadx/common/src/tx_mutex_put.c **** 
 509:Middlewares/ST/threadx/common/src/tx_mutex_put.c ****                             /* Put return status into the thread control block.  */
 510:Middlewares/ST/threadx/common/src/tx_mutex_put.c ****                             thread_ptr -> tx_thread_suspend_status =  TX_SUCCESS;
 459              		.loc 1 510 29 is_stmt 1 view .LVU169
 460              		.loc 1 510 68 is_stmt 0 view .LVU170
 461 013e C7F88430 		str	r3, [r7, #132]
 511:Middlewares/ST/threadx/common/src/tx_mutex_put.c **** 
 512:Middlewares/ST/threadx/common/src/tx_mutex_put.c **** #ifdef TX_NOT_INTERRUPTABLE
 513:Middlewares/ST/threadx/common/src/tx_mutex_put.c **** 
 514:Middlewares/ST/threadx/common/src/tx_mutex_put.c ****                             /* Determine if priority inheritance is enabled for this mutex.  */
 515:Middlewares/ST/threadx/common/src/tx_mutex_put.c ****                             if (mutex_ptr -> tx_mutex_inherit == TX_TRUE)
 516:Middlewares/ST/threadx/common/src/tx_mutex_put.c ****                             {
 517:Middlewares/ST/threadx/common/src/tx_mutex_put.c **** 
 518:Middlewares/ST/threadx/common/src/tx_mutex_put.c ****                                 /* Yes, priority inheritance is requested.  */
 519:Middlewares/ST/threadx/common/src/tx_mutex_put.c **** 
 520:Middlewares/ST/threadx/common/src/tx_mutex_put.c ****                                 /* Determine if there are any more threads still suspended on the m
 521:Middlewares/ST/threadx/common/src/tx_mutex_put.c ****                                 if (mutex_ptr -> tx_mutex_suspended_count != ((ULONG) 0))
 522:Middlewares/ST/threadx/common/src/tx_mutex_put.c ****                                 {
 523:Middlewares/ST/threadx/common/src/tx_mutex_put.c **** 
 524:Middlewares/ST/threadx/common/src/tx_mutex_put.c ****                                     /* Determine if there are more than one thread suspended on the
 525:Middlewares/ST/threadx/common/src/tx_mutex_put.c ****                                     if (mutex_ptr -> tx_mutex_suspended_count > ((ULONG) 1))
 526:Middlewares/ST/threadx/common/src/tx_mutex_put.c ****                                     {
 527:Middlewares/ST/threadx/common/src/tx_mutex_put.c **** 
 528:Middlewares/ST/threadx/common/src/tx_mutex_put.c ****                                         /* If so, prioritize the list so the highest priority threa
 529:Middlewares/ST/threadx/common/src/tx_mutex_put.c ****                                            front of the suspension list.  */
 530:Middlewares/ST/threadx/common/src/tx_mutex_put.c **** #ifdef TX_MISRA_ENABLE
 531:Middlewares/ST/threadx/common/src/tx_mutex_put.c ****                                         do
 532:Middlewares/ST/threadx/common/src/tx_mutex_put.c ****                                         {
 533:Middlewares/ST/threadx/common/src/tx_mutex_put.c ****                                             status =  _tx_mutex_prioritize(mutex_ptr);
 534:Middlewares/ST/threadx/common/src/tx_mutex_put.c ****                                         } while (status != TX_SUCCESS);
 535:Middlewares/ST/threadx/common/src/tx_mutex_put.c **** #else
 536:Middlewares/ST/threadx/common/src/tx_mutex_put.c ****                                         _tx_mutex_prioritize(mutex_ptr);
 537:Middlewares/ST/threadx/common/src/tx_mutex_put.c **** #endif
 538:Middlewares/ST/threadx/common/src/tx_mutex_put.c ****                                     }
ARM GAS  /tmp/ccHCxrSy.s 			page 29


 539:Middlewares/ST/threadx/common/src/tx_mutex_put.c **** 
 540:Middlewares/ST/threadx/common/src/tx_mutex_put.c ****                                     /* Now, pickup the list head and set the priority.  */
 541:Middlewares/ST/threadx/common/src/tx_mutex_put.c **** 
 542:Middlewares/ST/threadx/common/src/tx_mutex_put.c ****                                     /* Determine if there still are threads suspended for this mute
 543:Middlewares/ST/threadx/common/src/tx_mutex_put.c ****                                     suspended_thread =  mutex_ptr -> tx_mutex_suspension_list;
 544:Middlewares/ST/threadx/common/src/tx_mutex_put.c ****                                     if (suspended_thread != TX_NULL)
 545:Middlewares/ST/threadx/common/src/tx_mutex_put.c ****                                     {
 546:Middlewares/ST/threadx/common/src/tx_mutex_put.c **** 
 547:Middlewares/ST/threadx/common/src/tx_mutex_put.c ****                                         /* Setup the highest priority thread waiting on this mutex.
 548:Middlewares/ST/threadx/common/src/tx_mutex_put.c ****                                         mutex_ptr -> tx_mutex_highest_priority_waiting =  suspended
 549:Middlewares/ST/threadx/common/src/tx_mutex_put.c ****                                     }
 550:Middlewares/ST/threadx/common/src/tx_mutex_put.c ****                                 }
 551:Middlewares/ST/threadx/common/src/tx_mutex_put.c **** 
 552:Middlewares/ST/threadx/common/src/tx_mutex_put.c ****                                 /* Restore previous priority needs to be restored after priority
 553:Middlewares/ST/threadx/common/src/tx_mutex_put.c ****                                    inheritance.  */
 554:Middlewares/ST/threadx/common/src/tx_mutex_put.c **** 
 555:Middlewares/ST/threadx/common/src/tx_mutex_put.c ****                                 /* Determine if we need to restore priority.  */
 556:Middlewares/ST/threadx/common/src/tx_mutex_put.c ****                                 if (old_owner -> tx_thread_priority != old_priority)
 557:Middlewares/ST/threadx/common/src/tx_mutex_put.c ****                                 {
 558:Middlewares/ST/threadx/common/src/tx_mutex_put.c **** 
 559:Middlewares/ST/threadx/common/src/tx_mutex_put.c ****                                     /* Restore priority of thread.  */
 560:Middlewares/ST/threadx/common/src/tx_mutex_put.c ****                                     _tx_mutex_priority_change(old_owner, old_priority);
 561:Middlewares/ST/threadx/common/src/tx_mutex_put.c ****                                 }
 562:Middlewares/ST/threadx/common/src/tx_mutex_put.c ****                             }
 563:Middlewares/ST/threadx/common/src/tx_mutex_put.c **** 
 564:Middlewares/ST/threadx/common/src/tx_mutex_put.c ****                             /* Resume the thread!  */
 565:Middlewares/ST/threadx/common/src/tx_mutex_put.c ****                             _tx_thread_system_ni_resume(thread_ptr);
 566:Middlewares/ST/threadx/common/src/tx_mutex_put.c **** 
 567:Middlewares/ST/threadx/common/src/tx_mutex_put.c ****                             /* Restore interrupts.  */
 568:Middlewares/ST/threadx/common/src/tx_mutex_put.c ****                             TX_RESTORE
 569:Middlewares/ST/threadx/common/src/tx_mutex_put.c **** #else
 570:Middlewares/ST/threadx/common/src/tx_mutex_put.c **** 
 571:Middlewares/ST/threadx/common/src/tx_mutex_put.c ****                             /* Temporarily disable preemption.  */
 572:Middlewares/ST/threadx/common/src/tx_mutex_put.c ****                             _tx_thread_preempt_disable++;
 462              		.loc 1 572 29 is_stmt 1 view .LVU171
 463              		.loc 1 572 55 is_stmt 0 view .LVU172
 464 0142 554A     		ldr	r2, .L44+36
 465 0144 1368     		ldr	r3, [r2]
 466 0146 0133     		adds	r3, r3, #1
 467 0148 1360     		str	r3, [r2]
 573:Middlewares/ST/threadx/common/src/tx_mutex_put.c **** 
 574:Middlewares/ST/threadx/common/src/tx_mutex_put.c ****                             /* Restore interrupts.  */
 575:Middlewares/ST/threadx/common/src/tx_mutex_put.c ****                             TX_RESTORE
 468              		.loc 1 575 29 is_stmt 1 view .LVU173
 469              	.LVL45:
 470              	.LBB60:
 471              	.LBI60:
 556:Middlewares/ST/threadx/ports/cortex_m7/gnu/inc/tx_port.h **** {
 472              		.loc 2 556 55 view .LVU174
 473              	.LBB61:
 562:Middlewares/ST/threadx/ports/cortex_m7/gnu/inc/tx_port.h **** #endif
 474              		.loc 2 562 5 view .LVU175
 475              		.syntax unified
 476              	@ 562 "Middlewares/ST/threadx/ports/cortex_m7/gnu/inc/tx_port.h" 1
 477 014a 86F31088 		MSR  PRIMASK,r6
 478              	@ 0 "" 2
 479              	.LVL46:
ARM GAS  /tmp/ccHCxrSy.s 			page 30


 562:Middlewares/ST/threadx/ports/cortex_m7/gnu/inc/tx_port.h **** #endif
 480              		.loc 2 562 5 is_stmt 0 view .LVU176
 481              		.thumb
 482              		.syntax unified
 483              	.LBE61:
 484              	.LBE60:
 576:Middlewares/ST/threadx/common/src/tx_mutex_put.c **** 
 577:Middlewares/ST/threadx/common/src/tx_mutex_put.c ****                             /* Determine if priority inheritance is enabled for this mutex.  */
 578:Middlewares/ST/threadx/common/src/tx_mutex_put.c ****                             if (mutex_ptr -> tx_mutex_inherit == TX_TRUE)
 485              		.loc 1 578 29 is_stmt 1 view .LVU177
 486              		.loc 1 578 43 is_stmt 0 view .LVU178
 487 014e 2369     		ldr	r3, [r4, #16]
 488              		.loc 1 578 32 view .LVU179
 489 0150 012B     		cmp	r3, #1
 490 0152 00F08380 		beq	.L41
 491              	.LVL47:
 492              	.L27:
 579:Middlewares/ST/threadx/common/src/tx_mutex_put.c ****                             {
 580:Middlewares/ST/threadx/common/src/tx_mutex_put.c **** 
 581:Middlewares/ST/threadx/common/src/tx_mutex_put.c ****                                 /* Yes, priority inheritance is requested.  */
 582:Middlewares/ST/threadx/common/src/tx_mutex_put.c **** 
 583:Middlewares/ST/threadx/common/src/tx_mutex_put.c ****                                 /* Determine if there are any more threads still suspended on the m
 584:Middlewares/ST/threadx/common/src/tx_mutex_put.c ****                                 if (mutex_ptr -> tx_mutex_suspended_count != TX_NO_SUSPENSIONS)
 585:Middlewares/ST/threadx/common/src/tx_mutex_put.c ****                                 {
 586:Middlewares/ST/threadx/common/src/tx_mutex_put.c **** 
 587:Middlewares/ST/threadx/common/src/tx_mutex_put.c ****                                     /* Prioritize the list so the highest priority thread is placed
 588:Middlewares/ST/threadx/common/src/tx_mutex_put.c ****                                        front of the suspension list.  */
 589:Middlewares/ST/threadx/common/src/tx_mutex_put.c **** #ifdef TX_MISRA_ENABLE
 590:Middlewares/ST/threadx/common/src/tx_mutex_put.c ****                                     do
 591:Middlewares/ST/threadx/common/src/tx_mutex_put.c ****                                     {
 592:Middlewares/ST/threadx/common/src/tx_mutex_put.c ****                                         status =  _tx_mutex_prioritize(mutex_ptr);
 593:Middlewares/ST/threadx/common/src/tx_mutex_put.c ****                                     } while (status != TX_SUCCESS);
 594:Middlewares/ST/threadx/common/src/tx_mutex_put.c **** #else
 595:Middlewares/ST/threadx/common/src/tx_mutex_put.c ****                                     _tx_mutex_prioritize(mutex_ptr);
 596:Middlewares/ST/threadx/common/src/tx_mutex_put.c **** #endif
 597:Middlewares/ST/threadx/common/src/tx_mutex_put.c **** 
 598:Middlewares/ST/threadx/common/src/tx_mutex_put.c ****                                     /* Now, pickup the list head and set the priority.  */
 599:Middlewares/ST/threadx/common/src/tx_mutex_put.c **** 
 600:Middlewares/ST/threadx/common/src/tx_mutex_put.c ****                                     /* Optional processing extension.  */
 601:Middlewares/ST/threadx/common/src/tx_mutex_put.c ****                                     TX_MUTEX_PUT_EXTENSION_2
 602:Middlewares/ST/threadx/common/src/tx_mutex_put.c **** 
 603:Middlewares/ST/threadx/common/src/tx_mutex_put.c ****                                     /* Disable interrupts.  */
 604:Middlewares/ST/threadx/common/src/tx_mutex_put.c ****                                     TX_DISABLE
 605:Middlewares/ST/threadx/common/src/tx_mutex_put.c **** 
 606:Middlewares/ST/threadx/common/src/tx_mutex_put.c ****                                     /* Determine if there still are threads suspended for this mute
 607:Middlewares/ST/threadx/common/src/tx_mutex_put.c ****                                     suspended_thread =  mutex_ptr -> tx_mutex_suspension_list;
 608:Middlewares/ST/threadx/common/src/tx_mutex_put.c ****                                     if (suspended_thread != TX_NULL)
 609:Middlewares/ST/threadx/common/src/tx_mutex_put.c ****                                     {
 610:Middlewares/ST/threadx/common/src/tx_mutex_put.c **** 
 611:Middlewares/ST/threadx/common/src/tx_mutex_put.c ****                                         /* Setup the highest priority thread waiting on this mutex.
 612:Middlewares/ST/threadx/common/src/tx_mutex_put.c ****                                         mutex_ptr -> tx_mutex_highest_priority_waiting =  suspended
 613:Middlewares/ST/threadx/common/src/tx_mutex_put.c ****                                     }
 614:Middlewares/ST/threadx/common/src/tx_mutex_put.c **** 
 615:Middlewares/ST/threadx/common/src/tx_mutex_put.c ****                                     /* Restore interrupts.  */
 616:Middlewares/ST/threadx/common/src/tx_mutex_put.c ****                                     TX_RESTORE
 617:Middlewares/ST/threadx/common/src/tx_mutex_put.c ****                                 }
 618:Middlewares/ST/threadx/common/src/tx_mutex_put.c **** 
ARM GAS  /tmp/ccHCxrSy.s 			page 31


 619:Middlewares/ST/threadx/common/src/tx_mutex_put.c ****                                 /* Restore previous priority needs to be restored after priority
 620:Middlewares/ST/threadx/common/src/tx_mutex_put.c ****                                    inheritance.  */
 621:Middlewares/ST/threadx/common/src/tx_mutex_put.c **** 
 622:Middlewares/ST/threadx/common/src/tx_mutex_put.c ****                                 /* Is the priority different?  */
 623:Middlewares/ST/threadx/common/src/tx_mutex_put.c ****                                 if (old_owner -> tx_thread_priority != old_priority)
 624:Middlewares/ST/threadx/common/src/tx_mutex_put.c ****                                 {
 625:Middlewares/ST/threadx/common/src/tx_mutex_put.c **** 
 626:Middlewares/ST/threadx/common/src/tx_mutex_put.c ****                                     /* Restore the priority of thread.  */
 627:Middlewares/ST/threadx/common/src/tx_mutex_put.c ****                                     _tx_mutex_priority_change(old_owner, old_priority);
 628:Middlewares/ST/threadx/common/src/tx_mutex_put.c ****                                 }
 629:Middlewares/ST/threadx/common/src/tx_mutex_put.c ****                             }
 630:Middlewares/ST/threadx/common/src/tx_mutex_put.c **** 
 631:Middlewares/ST/threadx/common/src/tx_mutex_put.c ****                             /* Resume thread.  */
 632:Middlewares/ST/threadx/common/src/tx_mutex_put.c ****                             _tx_thread_system_resume(thread_ptr);
 493              		.loc 1 632 29 is_stmt 1 view .LVU180
 494 0156 3846     		mov	r0, r7
 495 0158 FFF7FEFF 		bl	_tx_thread_system_resume
 496              	.LVL48:
 633:Middlewares/ST/threadx/common/src/tx_mutex_put.c **** #endif
 634:Middlewares/ST/threadx/common/src/tx_mutex_put.c **** 
 635:Middlewares/ST/threadx/common/src/tx_mutex_put.c ****                             /* Return a successful status.  */
 636:Middlewares/ST/threadx/common/src/tx_mutex_put.c ****                             status =  TX_SUCCESS;
 497              		.loc 1 636 29 view .LVU181
 498              		.loc 1 636 29 is_stmt 0 view .LVU182
 499 015c AEE0     		b	.L1
 500              	.LVL49:
 501              	.L35:
 176:Middlewares/ST/threadx/common/src/tx_mutex_put.c **** 
 502              		.loc 1 176 21 is_stmt 1 view .LVU183
 503              	.LBB62:
 504              	.LBI62:
 556:Middlewares/ST/threadx/ports/cortex_m7/gnu/inc/tx_port.h **** {
 505              		.loc 2 556 55 view .LVU184
 506              	.LBB63:
 562:Middlewares/ST/threadx/ports/cortex_m7/gnu/inc/tx_port.h **** #endif
 507              		.loc 2 562 5 view .LVU185
 508              		.syntax unified
 509              	@ 562 "Middlewares/ST/threadx/ports/cortex_m7/gnu/inc/tx_port.h" 1
 510 015e 86F31088 		MSR  PRIMASK,r6
 511              	@ 0 "" 2
 512              	.LVL50:
 562:Middlewares/ST/threadx/ports/cortex_m7/gnu/inc/tx_port.h **** #endif
 513              		.loc 2 562 5 is_stmt 0 view .LVU186
 514              		.thumb
 515              		.syntax unified
 516              	.LBE63:
 517              	.LBE62:
 179:Middlewares/ST/threadx/common/src/tx_mutex_put.c ****                 }
 518              		.loc 1 179 21 is_stmt 1 view .LVU187
 179:Middlewares/ST/threadx/common/src/tx_mutex_put.c ****                 }
 519              		.loc 1 179 21 is_stmt 0 view .LVU188
 520 0162 ABE0     		b	.L1
 521              	.LVL51:
 522              	.L11:
 204:Middlewares/ST/threadx/common/src/tx_mutex_put.c ****                         previous_mutex =                         mutex_ptr -> tx_mutex_owned_previo
 523              		.loc 1 204 25 is_stmt 1 view .LVU189
 204:Middlewares/ST/threadx/common/src/tx_mutex_put.c ****                         previous_mutex =                         mutex_ptr -> tx_mutex_owned_previo
ARM GAS  /tmp/ccHCxrSy.s 			page 32


 524              		.loc 1 204 36 is_stmt 0 view .LVU190
 525 0164 E36A     		ldr	r3, [r4, #44]
 526              	.LVL52:
 205:Middlewares/ST/threadx/common/src/tx_mutex_put.c ****                         next_mutex -> tx_mutex_owned_previous =  previous_mutex;
 527              		.loc 1 205 25 is_stmt 1 view .LVU191
 205:Middlewares/ST/threadx/common/src/tx_mutex_put.c ****                         next_mutex -> tx_mutex_owned_previous =  previous_mutex;
 528              		.loc 1 205 40 is_stmt 0 view .LVU192
 529 0166 216B     		ldr	r1, [r4, #48]
 530              	.LVL53:
 206:Middlewares/ST/threadx/common/src/tx_mutex_put.c ****                         previous_mutex -> tx_mutex_owned_next =  next_mutex;
 531              		.loc 1 206 25 is_stmt 1 view .LVU193
 206:Middlewares/ST/threadx/common/src/tx_mutex_put.c ****                         previous_mutex -> tx_mutex_owned_next =  next_mutex;
 532              		.loc 1 206 63 is_stmt 0 view .LVU194
 533 0168 1963     		str	r1, [r3, #48]
 207:Middlewares/ST/threadx/common/src/tx_mutex_put.c **** 
 534              		.loc 1 207 25 is_stmt 1 view .LVU195
 207:Middlewares/ST/threadx/common/src/tx_mutex_put.c **** 
 535              		.loc 1 207 63 is_stmt 0 view .LVU196
 536 016a CB62     		str	r3, [r1, #44]
 210:Middlewares/ST/threadx/common/src/tx_mutex_put.c ****                         {
 537              		.loc 1 210 25 is_stmt 1 view .LVU197
 210:Middlewares/ST/threadx/common/src/tx_mutex_put.c ****                         {
 538              		.loc 1 210 40 is_stmt 0 view .LVU198
 539 016c D2F8A410 		ldr	r1, [r2, #164]
 540              	.LVL54:
 210:Middlewares/ST/threadx/common/src/tx_mutex_put.c ****                         {
 541              		.loc 1 210 28 view .LVU199
 542 0170 A142     		cmp	r1, r4
 543 0172 B4D1     		bne	.L12
 214:Middlewares/ST/threadx/common/src/tx_mutex_put.c ****                         }
 544              		.loc 1 214 29 is_stmt 1 view .LVU200
 214:Middlewares/ST/threadx/common/src/tx_mutex_put.c ****                         }
 545              		.loc 1 214 70 is_stmt 0 view .LVU201
 546 0174 C2F8A430 		str	r3, [r2, #164]
 547 0178 B1E7     		b	.L12
 548              	.LVL55:
 549              	.L36:
 223:Middlewares/ST/threadx/common/src/tx_mutex_put.c ****                         {
 550              		.loc 1 223 25 is_stmt 1 view .LVU202
 223:Middlewares/ST/threadx/common/src/tx_mutex_put.c ****                         {
 551              		.loc 1 223 39 is_stmt 0 view .LVU203
 552 017a 2369     		ldr	r3, [r4, #16]
 223:Middlewares/ST/threadx/common/src/tx_mutex_put.c ****                         {
 553              		.loc 1 223 28 view .LVU204
 554 017c 002B     		cmp	r3, #0
 555 017e B1D1     		bne	.L13
 227:Middlewares/ST/threadx/common/src/tx_mutex_put.c **** 
 556              		.loc 1 227 29 is_stmt 1 view .LVU205
 227:Middlewares/ST/threadx/common/src/tx_mutex_put.c **** 
 557              		.loc 1 227 57 is_stmt 0 view .LVU206
 558 0180 0022     		movs	r2, #0
 559              	.LVL56:
 227:Middlewares/ST/threadx/common/src/tx_mutex_put.c **** 
 560              		.loc 1 227 57 view .LVU207
 561 0182 E260     		str	r2, [r4, #12]
 230:Middlewares/ST/threadx/common/src/tx_mutex_put.c **** 
 562              		.loc 1 230 29 is_stmt 1 view .LVU208
ARM GAS  /tmp/ccHCxrSy.s 			page 33


 563              	.LVL57:
 564              	.LBB64:
 565              	.LBI64:
 556:Middlewares/ST/threadx/ports/cortex_m7/gnu/inc/tx_port.h **** {
 566              		.loc 2 556 55 view .LVU209
 567              	.LBB65:
 562:Middlewares/ST/threadx/ports/cortex_m7/gnu/inc/tx_port.h **** #endif
 568              		.loc 2 562 5 view .LVU210
 569              		.syntax unified
 570              	@ 562 "Middlewares/ST/threadx/ports/cortex_m7/gnu/inc/tx_port.h" 1
 571 0184 86F31088 		MSR  PRIMASK,r6
 572              	@ 0 "" 2
 573              	.LVL58:
 562:Middlewares/ST/threadx/ports/cortex_m7/gnu/inc/tx_port.h **** #endif
 574              		.loc 2 562 5 is_stmt 0 view .LVU211
 575              		.thumb
 576              		.syntax unified
 577              	.LBE65:
 578              	.LBE64:
 233:Middlewares/ST/threadx/common/src/tx_mutex_put.c ****                         }
 579              		.loc 1 233 29 is_stmt 1 view .LVU212
 238:Middlewares/ST/threadx/common/src/tx_mutex_put.c ****                     {
 580              		.loc 1 238 21 view .LVU213
 233:Middlewares/ST/threadx/common/src/tx_mutex_put.c ****                         }
 581              		.loc 1 233 36 is_stmt 0 view .LVU214
 582 0188 1D46     		mov	r5, r3
 583 018a 97E0     		b	.L1
 584              	.LVL59:
 585              	.L37:
 252:Middlewares/ST/threadx/common/src/tx_mutex_put.c **** 
 586              		.loc 1 252 29 is_stmt 1 view .LVU215
 252:Middlewares/ST/threadx/common/src/tx_mutex_put.c **** 
 587              		.loc 1 252 55 is_stmt 0 view .LVU216
 588 018c 4249     		ldr	r1, .L44+36
 589 018e 0B68     		ldr	r3, [r1]
 590 0190 0133     		adds	r3, r3, #1
 591 0192 0B60     		str	r3, [r1]
 255:Middlewares/ST/threadx/common/src/tx_mutex_put.c **** #endif
 592              		.loc 1 255 29 is_stmt 1 view .LVU217
 593              	.LVL60:
 594              	.LBB66:
 595              	.LBI66:
 556:Middlewares/ST/threadx/ports/cortex_m7/gnu/inc/tx_port.h **** {
 596              		.loc 2 556 55 view .LVU218
 597              	.LBB67:
 562:Middlewares/ST/threadx/ports/cortex_m7/gnu/inc/tx_port.h **** #endif
 598              		.loc 2 562 5 view .LVU219
 599              		.syntax unified
 600              	@ 562 "Middlewares/ST/threadx/ports/cortex_m7/gnu/inc/tx_port.h" 1
 601 0194 86F31088 		MSR  PRIMASK,r6
 602              	@ 0 "" 2
 603              	.LVL61:
 562:Middlewares/ST/threadx/ports/cortex_m7/gnu/inc/tx_port.h **** #endif
 604              		.loc 2 562 5 is_stmt 0 view .LVU220
 605              		.thumb
 606              		.syntax unified
 607              	.LBE67:
ARM GAS  /tmp/ccHCxrSy.s 			page 34


 608              	.LBE66:
 259:Middlewares/ST/threadx/common/src/tx_mutex_put.c **** 
 609              		.loc 1 259 29 is_stmt 1 view .LVU221
 263:Middlewares/ST/threadx/common/src/tx_mutex_put.c ****                             while (next_mutex != TX_NULL)
 610              		.loc 1 263 29 view .LVU222
 263:Middlewares/ST/threadx/common/src/tx_mutex_put.c ****                             while (next_mutex != TX_NULL)
 611              		.loc 1 263 40 is_stmt 0 view .LVU223
 612 0198 D2F8A400 		ldr	r0, [r2, #164]
 613              	.LVL62:
 264:Middlewares/ST/threadx/common/src/tx_mutex_put.c ****                             {
 614              		.loc 1 264 29 is_stmt 1 view .LVU224
 263:Middlewares/ST/threadx/common/src/tx_mutex_put.c ****                             while (next_mutex != TX_NULL)
 615              		.loc 1 263 40 is_stmt 0 view .LVU225
 616 019c 0346     		mov	r3, r0
 259:Middlewares/ST/threadx/common/src/tx_mutex_put.c **** 
 617              		.loc 1 259 50 view .LVU226
 618 019e 2027     		movs	r7, #32
 264:Middlewares/ST/threadx/common/src/tx_mutex_put.c ****                             {
 619              		.loc 1 264 35 view .LVU227
 620 01a0 02E0     		b	.L15
 621              	.LVL63:
 622              	.L16:
 282:Middlewares/ST/threadx/common/src/tx_mutex_put.c **** 
 623              		.loc 1 282 33 is_stmt 1 view .LVU228
 282:Middlewares/ST/threadx/common/src/tx_mutex_put.c **** 
 624              		.loc 1 282 44 is_stmt 0 view .LVU229
 625 01a2 DB6A     		ldr	r3, [r3, #44]
 626              	.LVL64:
 285:Middlewares/ST/threadx/common/src/tx_mutex_put.c ****                                 {
 627              		.loc 1 285 33 is_stmt 1 view .LVU230
 285:Middlewares/ST/threadx/common/src/tx_mutex_put.c ****                                 {
 628              		.loc 1 285 36 is_stmt 0 view .LVU231
 629 01a4 9842     		cmp	r0, r3
 630 01a6 08D0     		beq	.L17
 631              	.LVL65:
 632              	.L15:
 264:Middlewares/ST/threadx/common/src/tx_mutex_put.c ****                             {
 633              		.loc 1 264 47 is_stmt 1 view .LVU232
 634 01a8 3BB1     		cbz	r3, .L17
 268:Middlewares/ST/threadx/common/src/tx_mutex_put.c ****                                 {
 635              		.loc 1 268 33 view .LVU233
 268:Middlewares/ST/threadx/common/src/tx_mutex_put.c ****                                 {
 636              		.loc 1 268 48 is_stmt 0 view .LVU234
 637 01aa 1969     		ldr	r1, [r3, #16]
 268:Middlewares/ST/threadx/common/src/tx_mutex_put.c ****                                 {
 638              		.loc 1 268 36 view .LVU235
 639 01ac 0129     		cmp	r1, #1
 640 01ae F8D1     		bne	.L16
 273:Middlewares/ST/threadx/common/src/tx_mutex_put.c ****                                     {
 641              		.loc 1 273 37 is_stmt 1 view .LVU236
 273:Middlewares/ST/threadx/common/src/tx_mutex_put.c ****                                     {
 642              		.loc 1 273 52 is_stmt 0 view .LVU237
 643 01b0 996A     		ldr	r1, [r3, #40]
 273:Middlewares/ST/threadx/common/src/tx_mutex_put.c ****                                     {
 644              		.loc 1 273 40 view .LVU238
 645 01b2 B942     		cmp	r1, r7
 646 01b4 F5D2     		bcs	.L16
ARM GAS  /tmp/ccHCxrSy.s 			page 35


 277:Middlewares/ST/threadx/common/src/tx_mutex_put.c ****                                     }
 647              		.loc 1 277 62 view .LVU239
 648 01b6 0F46     		mov	r7, r1
 649              	.LVL66:
 277:Middlewares/ST/threadx/common/src/tx_mutex_put.c ****                                     }
 650              		.loc 1 277 62 view .LVU240
 651 01b8 F3E7     		b	.L16
 652              	.LVL67:
 653              	.L17:
 296:Middlewares/ST/threadx/common/src/tx_mutex_put.c **** 
 654              		.loc 1 296 29 is_stmt 1 view .LVU241
 655              	.LBB68:
 656              	.LBI68:
 566:Middlewares/ST/threadx/ports/cortex_m7/gnu/inc/tx_port.h **** {
 657              		.loc 2 566 63 view .LVU242
 658              	.LBB69:
 568:Middlewares/ST/threadx/ports/cortex_m7/gnu/inc/tx_port.h **** 
 659              		.loc 2 568 1 view .LVU243
 570:Middlewares/ST/threadx/ports/cortex_m7/gnu/inc/tx_port.h **** 
 660              		.loc 2 570 5 view .LVU244
 661              	.LBB70:
 662              	.LBI70:
 533:Middlewares/ST/threadx/ports/cortex_m7/gnu/inc/tx_port.h **** {
 663              		.loc 2 533 63 view .LVU245
 664              	.LBB71:
 535:Middlewares/ST/threadx/ports/cortex_m7/gnu/inc/tx_port.h **** #ifdef TX_PORT_USE_BASEPRI
 665              		.loc 2 535 1 view .LVU246
 539:Middlewares/ST/threadx/ports/cortex_m7/gnu/inc/tx_port.h **** #endif
 666              		.loc 2 539 5 view .LVU247
 667              		.syntax unified
 668              	@ 539 "Middlewares/ST/threadx/ports/cortex_m7/gnu/inc/tx_port.h" 1
 669 01ba EFF31086 		MRS  r6, PRIMASK 
 670              	@ 0 "" 2
 671              	.LVL68:
 541:Middlewares/ST/threadx/ports/cortex_m7/gnu/inc/tx_port.h **** }
 672              		.loc 2 541 5 view .LVU248
 541:Middlewares/ST/threadx/ports/cortex_m7/gnu/inc/tx_port.h **** }
 673              		.loc 2 541 5 is_stmt 0 view .LVU249
 674              		.thumb
 675              		.syntax unified
 676              	.LBE71:
 677              	.LBE70:
 575:Middlewares/ST/threadx/ports/cortex_m7/gnu/inc/tx_port.h **** #endif
 678              		.loc 2 575 5 is_stmt 1 view .LVU250
 679              		.syntax unified
 680              	@ 575 "Middlewares/ST/threadx/ports/cortex_m7/gnu/inc/tx_port.h" 1
 681 01be 72B6     		CPSID i
 682              	@ 0 "" 2
 683              		.loc 2 577 5 view .LVU251
 684              	.LVL69:
 685              		.loc 2 577 5 is_stmt 0 view .LVU252
 686              		.thumb
 687              		.syntax unified
 688              	.LBE69:
 689              	.LBE68:
 299:Middlewares/ST/threadx/common/src/tx_mutex_put.c **** #endif
 690              		.loc 1 299 29 is_stmt 1 view .LVU253
ARM GAS  /tmp/ccHCxrSy.s 			page 36


 299:Middlewares/ST/threadx/common/src/tx_mutex_put.c **** #endif
 691              		.loc 1 299 55 is_stmt 0 view .LVU254
 692 01c0 3549     		ldr	r1, .L44+36
 693 01c2 0B68     		ldr	r3, [r1]
 694 01c4 013B     		subs	r3, r3, #1
 695 01c6 0B60     		str	r3, [r1]
 303:Middlewares/ST/threadx/common/src/tx_mutex_put.c **** 
 696              		.loc 1 303 29 is_stmt 1 view .LVU255
 303:Middlewares/ST/threadx/common/src/tx_mutex_put.c **** 
 697              		.loc 1 303 70 is_stmt 0 view .LVU256
 698 01c8 C2F89C70 		str	r7, [r2, #156]
 306:Middlewares/ST/threadx/common/src/tx_mutex_put.c ****                             {
 699              		.loc 1 306 29 is_stmt 1 view .LVU257
 306:Middlewares/ST/threadx/common/src/tx_mutex_put.c ****                             {
 700              		.loc 1 306 54 is_stmt 0 view .LVU258
 701 01cc 019B     		ldr	r3, [sp, #4]
 306:Middlewares/ST/threadx/common/src/tx_mutex_put.c ****                             {
 702              		.loc 1 306 32 view .LVU259
 703 01ce BB42     		cmp	r3, r7
 704 01d0 8ED9     		bls	.L14
 310:Middlewares/ST/threadx/common/src/tx_mutex_put.c ****                             }
 705              		.loc 1 310 33 is_stmt 1 view .LVU260
 310:Middlewares/ST/threadx/common/src/tx_mutex_put.c ****                             }
 706              		.loc 1 310 46 is_stmt 0 view .LVU261
 707 01d2 0197     		str	r7, [sp, #4]
 708 01d4 8CE7     		b	.L14
 709              	.LVL70:
 710              	.L38:
 329:Middlewares/ST/threadx/common/src/tx_mutex_put.c **** 
 711              		.loc 1 329 33 is_stmt 1 view .LVU262
 329:Middlewares/ST/threadx/common/src/tx_mutex_put.c **** 
 712              		.loc 1 329 59 is_stmt 0 view .LVU263
 713 01d6 304F     		ldr	r7, .L44+36
 714 01d8 3B68     		ldr	r3, [r7]
 715 01da 0133     		adds	r3, r3, #1
 716 01dc 3B60     		str	r3, [r7]
 332:Middlewares/ST/threadx/common/src/tx_mutex_put.c **** #endif
 717              		.loc 1 332 33 is_stmt 1 view .LVU264
 718              	.LVL71:
 719              	.LBB72:
 720              	.LBI72:
 556:Middlewares/ST/threadx/ports/cortex_m7/gnu/inc/tx_port.h **** {
 721              		.loc 2 556 55 view .LVU265
 722              	.LBB73:
 562:Middlewares/ST/threadx/ports/cortex_m7/gnu/inc/tx_port.h **** #endif
 723              		.loc 2 562 5 view .LVU266
 724              		.syntax unified
 725              	@ 562 "Middlewares/ST/threadx/ports/cortex_m7/gnu/inc/tx_port.h" 1
 726 01de 86F31088 		MSR  PRIMASK,r6
 727              	@ 0 "" 2
 728              	.LVL72:
 562:Middlewares/ST/threadx/ports/cortex_m7/gnu/inc/tx_port.h **** #endif
 729              		.loc 2 562 5 is_stmt 0 view .LVU267
 730              		.thumb
 731              		.syntax unified
 732              	.LBE73:
 733              	.LBE72:
ARM GAS  /tmp/ccHCxrSy.s 			page 37


 343:Middlewares/ST/threadx/common/src/tx_mutex_put.c **** #endif
 734              		.loc 1 343 33 is_stmt 1 view .LVU268
 735 01e2 2046     		mov	r0, r4
 736 01e4 FFF7FEFF 		bl	_tx_mutex_prioritize
 737              	.LVL73:
 355:Middlewares/ST/threadx/common/src/tx_mutex_put.c **** 
 738              		.loc 1 355 33 view .LVU269
 739              	.LBB74:
 740              	.LBI74:
 566:Middlewares/ST/threadx/ports/cortex_m7/gnu/inc/tx_port.h **** {
 741              		.loc 2 566 63 view .LVU270
 742              	.LBB75:
 568:Middlewares/ST/threadx/ports/cortex_m7/gnu/inc/tx_port.h **** 
 743              		.loc 2 568 1 view .LVU271
 570:Middlewares/ST/threadx/ports/cortex_m7/gnu/inc/tx_port.h **** 
 744              		.loc 2 570 5 view .LVU272
 745              	.LBB76:
 746              	.LBI76:
 533:Middlewares/ST/threadx/ports/cortex_m7/gnu/inc/tx_port.h **** {
 747              		.loc 2 533 63 view .LVU273
 748              	.LBB77:
 535:Middlewares/ST/threadx/ports/cortex_m7/gnu/inc/tx_port.h **** #ifdef TX_PORT_USE_BASEPRI
 749              		.loc 2 535 1 view .LVU274
 539:Middlewares/ST/threadx/ports/cortex_m7/gnu/inc/tx_port.h **** #endif
 750              		.loc 2 539 5 view .LVU275
 751              		.syntax unified
 752              	@ 539 "Middlewares/ST/threadx/ports/cortex_m7/gnu/inc/tx_port.h" 1
 753 01e8 EFF31086 		MRS  r6, PRIMASK 
 754              	@ 0 "" 2
 755              	.LVL74:
 541:Middlewares/ST/threadx/ports/cortex_m7/gnu/inc/tx_port.h **** }
 756              		.loc 2 541 5 view .LVU276
 541:Middlewares/ST/threadx/ports/cortex_m7/gnu/inc/tx_port.h **** }
 757              		.loc 2 541 5 is_stmt 0 view .LVU277
 758              		.thumb
 759              		.syntax unified
 760              	.LBE77:
 761              	.LBE76:
 575:Middlewares/ST/threadx/ports/cortex_m7/gnu/inc/tx_port.h **** #endif
 762              		.loc 2 575 5 is_stmt 1 view .LVU278
 763              		.syntax unified
 764              	@ 575 "Middlewares/ST/threadx/ports/cortex_m7/gnu/inc/tx_port.h" 1
 765 01ec 72B6     		CPSID i
 766              	@ 0 "" 2
 767              		.loc 2 577 5 view .LVU279
 768              	.LVL75:
 769              		.loc 2 577 5 is_stmt 0 view .LVU280
 770              		.thumb
 771              		.syntax unified
 772              	.LBE75:
 773              	.LBE74:
 358:Middlewares/ST/threadx/common/src/tx_mutex_put.c **** #endif
 774              		.loc 1 358 33 is_stmt 1 view .LVU281
 358:Middlewares/ST/threadx/common/src/tx_mutex_put.c **** #endif
 775              		.loc 1 358 59 is_stmt 0 view .LVU282
 776 01ee 3B68     		ldr	r3, [r7]
 777 01f0 013B     		subs	r3, r3, #1
ARM GAS  /tmp/ccHCxrSy.s 			page 38


 778 01f2 3B60     		str	r3, [r7]
 779 01f4 82E7     		b	.L19
 780              	.LVL76:
 781              	.L39:
 372:Middlewares/ST/threadx/common/src/tx_mutex_put.c **** 
 782              		.loc 1 372 29 is_stmt 1 view .LVU283
 372:Middlewares/ST/threadx/common/src/tx_mutex_put.c **** 
 783              		.loc 1 372 55 is_stmt 0 view .LVU284
 784 01f6 284A     		ldr	r2, .L44+36
 785 01f8 1368     		ldr	r3, [r2]
 786 01fa 0133     		adds	r3, r3, #1
 787 01fc 1360     		str	r3, [r2]
 375:Middlewares/ST/threadx/common/src/tx_mutex_put.c **** #endif
 788              		.loc 1 375 29 is_stmt 1 view .LVU285
 789              	.LVL77:
 790              	.LBB78:
 791              	.LBI78:
 556:Middlewares/ST/threadx/ports/cortex_m7/gnu/inc/tx_port.h **** {
 792              		.loc 2 556 55 view .LVU286
 793              	.LBB79:
 562:Middlewares/ST/threadx/ports/cortex_m7/gnu/inc/tx_port.h **** #endif
 794              		.loc 2 562 5 view .LVU287
 795              		.syntax unified
 796              	@ 562 "Middlewares/ST/threadx/ports/cortex_m7/gnu/inc/tx_port.h" 1
 797 01fe 86F31088 		MSR  PRIMASK,r6
 798              	@ 0 "" 2
 799              	.LVL78:
 562:Middlewares/ST/threadx/ports/cortex_m7/gnu/inc/tx_port.h **** #endif
 800              		.loc 2 562 5 is_stmt 0 view .LVU288
 801              		.thumb
 802              		.syntax unified
 803              	.LBE79:
 804              	.LBE78:
 383:Middlewares/ST/threadx/common/src/tx_mutex_put.c **** 
 805              		.loc 1 383 29 is_stmt 1 view .LVU289
 383:Middlewares/ST/threadx/common/src/tx_mutex_put.c **** 
 806              		.loc 1 383 76 is_stmt 0 view .LVU290
 807 0202 2023     		movs	r3, #32
 808 0204 A362     		str	r3, [r4, #40]
 386:Middlewares/ST/threadx/common/src/tx_mutex_put.c ****                             {
 809              		.loc 1 386 29 is_stmt 1 view .LVU291
 386:Middlewares/ST/threadx/common/src/tx_mutex_put.c ****                             {
 810              		.loc 1 386 44 is_stmt 0 view .LVU292
 811 0206 E068     		ldr	r0, [r4, #12]
 386:Middlewares/ST/threadx/common/src/tx_mutex_put.c ****                             {
 812              		.loc 1 386 63 view .LVU293
 813 0208 C36A     		ldr	r3, [r0, #44]
 386:Middlewares/ST/threadx/common/src/tx_mutex_put.c ****                             {
 814              		.loc 1 386 85 view .LVU294
 815 020a 0199     		ldr	r1, [sp, #4]
 386:Middlewares/ST/threadx/common/src/tx_mutex_put.c ****                             {
 816              		.loc 1 386 32 view .LVU295
 817 020c 8B42     		cmp	r3, r1
 818 020e 0DD1     		bne	.L42
 819              	.L21:
 396:Middlewares/ST/threadx/common/src/tx_mutex_put.c **** 
 820              		.loc 1 396 29 is_stmt 1 view .LVU296
ARM GAS  /tmp/ccHCxrSy.s 			page 39


 821              	.LBB80:
 822              	.LBI80:
 566:Middlewares/ST/threadx/ports/cortex_m7/gnu/inc/tx_port.h **** {
 823              		.loc 2 566 63 view .LVU297
 824              	.LBB81:
 568:Middlewares/ST/threadx/ports/cortex_m7/gnu/inc/tx_port.h **** 
 825              		.loc 2 568 1 view .LVU298
 570:Middlewares/ST/threadx/ports/cortex_m7/gnu/inc/tx_port.h **** 
 826              		.loc 2 570 5 view .LVU299
 827              	.LBB82:
 828              	.LBI82:
 533:Middlewares/ST/threadx/ports/cortex_m7/gnu/inc/tx_port.h **** {
 829              		.loc 2 533 63 view .LVU300
 830              	.LBB83:
 535:Middlewares/ST/threadx/ports/cortex_m7/gnu/inc/tx_port.h **** #ifdef TX_PORT_USE_BASEPRI
 831              		.loc 2 535 1 view .LVU301
 539:Middlewares/ST/threadx/ports/cortex_m7/gnu/inc/tx_port.h **** #endif
 832              		.loc 2 539 5 view .LVU302
 833              		.syntax unified
 834              	@ 539 "Middlewares/ST/threadx/ports/cortex_m7/gnu/inc/tx_port.h" 1
 835 0210 EFF31081 		MRS  r1, PRIMASK 
 836              	@ 0 "" 2
 837              	.LVL79:
 541:Middlewares/ST/threadx/ports/cortex_m7/gnu/inc/tx_port.h **** }
 838              		.loc 2 541 5 view .LVU303
 541:Middlewares/ST/threadx/ports/cortex_m7/gnu/inc/tx_port.h **** }
 839              		.loc 2 541 5 is_stmt 0 view .LVU304
 840              		.thumb
 841              		.syntax unified
 842              	.LBE83:
 843              	.LBE82:
 575:Middlewares/ST/threadx/ports/cortex_m7/gnu/inc/tx_port.h **** #endif
 844              		.loc 2 575 5 is_stmt 1 view .LVU305
 845              		.syntax unified
 846              	@ 575 "Middlewares/ST/threadx/ports/cortex_m7/gnu/inc/tx_port.h" 1
 847 0214 72B6     		CPSID i
 848              	@ 0 "" 2
 849              		.loc 2 577 5 view .LVU306
 850              	.LVL80:
 851              		.loc 2 577 5 is_stmt 0 view .LVU307
 852              		.thumb
 853              		.syntax unified
 854              	.LBE81:
 855              	.LBE80:
 399:Middlewares/ST/threadx/common/src/tx_mutex_put.c **** #endif
 856              		.loc 1 399 29 is_stmt 1 view .LVU308
 399:Middlewares/ST/threadx/common/src/tx_mutex_put.c **** #endif
 857              		.loc 1 399 55 is_stmt 0 view .LVU309
 858 0216 204A     		ldr	r2, .L44+36
 859 0218 1368     		ldr	r3, [r2]
 860 021a 013B     		subs	r3, r3, #1
 861 021c 1360     		str	r3, [r2]
 403:Middlewares/ST/threadx/common/src/tx_mutex_put.c **** 
 862              		.loc 1 403 29 is_stmt 1 view .LVU310
 403:Middlewares/ST/threadx/common/src/tx_mutex_put.c **** 
 863              		.loc 1 403 57 is_stmt 0 view .LVU311
 864 021e 0023     		movs	r3, #0
ARM GAS  /tmp/ccHCxrSy.s 			page 40


 865 0220 E360     		str	r3, [r4, #12]
 406:Middlewares/ST/threadx/common/src/tx_mutex_put.c **** 
 866              		.loc 1 406 29 is_stmt 1 view .LVU312
 867              	.LVL81:
 868              	.LBB84:
 869              	.LBI84:
 556:Middlewares/ST/threadx/ports/cortex_m7/gnu/inc/tx_port.h **** {
 870              		.loc 2 556 55 view .LVU313
 871              	.LBB85:
 562:Middlewares/ST/threadx/ports/cortex_m7/gnu/inc/tx_port.h **** #endif
 872              		.loc 2 562 5 view .LVU314
 873              		.syntax unified
 874              	@ 562 "Middlewares/ST/threadx/ports/cortex_m7/gnu/inc/tx_port.h" 1
 875 0222 81F31088 		MSR  PRIMASK,r1
 876              	@ 0 "" 2
 877              	.LVL82:
 562:Middlewares/ST/threadx/ports/cortex_m7/gnu/inc/tx_port.h **** #endif
 878              		.loc 2 562 5 is_stmt 0 view .LVU315
 879              		.thumb
 880              		.syntax unified
 881              	.LBE85:
 882              	.LBE84:
 409:Middlewares/ST/threadx/common/src/tx_mutex_put.c **** 
 883              		.loc 1 409 29 is_stmt 1 view .LVU316
 884 0226 FFF7FEFF 		bl	_tx_thread_system_preempt_check
 885              	.LVL83:
 412:Middlewares/ST/threadx/common/src/tx_mutex_put.c ****                         }
 886              		.loc 1 412 29 view .LVU317
 412:Middlewares/ST/threadx/common/src/tx_mutex_put.c ****                         }
 887              		.loc 1 412 29 is_stmt 0 view .LVU318
 888 022a 47E0     		b	.L1
 889              	.LVL84:
 890              	.L42:
 390:Middlewares/ST/threadx/common/src/tx_mutex_put.c ****                             }
 891              		.loc 1 390 33 is_stmt 1 view .LVU319
 892 022c FFF7FEFF 		bl	_tx_mutex_priority_change
 893              	.LVL85:
 894 0230 EEE7     		b	.L21
 895              	.LVL86:
 896              	.L40:
 426:Middlewares/ST/threadx/common/src/tx_mutex_put.c **** 
 897              		.loc 1 426 33 view .LVU320
 426:Middlewares/ST/threadx/common/src/tx_mutex_put.c **** 
 898              		.loc 1 426 43 is_stmt 0 view .LVU321
 899 0232 D4F80C80 		ldr	r8, [r4, #12]
 900              	.LVL87:
 429:Middlewares/ST/threadx/common/src/tx_mutex_put.c **** 
 901              		.loc 1 429 33 is_stmt 1 view .LVU322
 429:Middlewares/ST/threadx/common/src/tx_mutex_put.c **** 
 902              		.loc 1 429 88 is_stmt 0 view .LVU323
 903 0236 FB6A     		ldr	r3, [r7, #44]
 429:Middlewares/ST/threadx/common/src/tx_mutex_put.c **** 
 904              		.loc 1 429 73 view .LVU324
 905 0238 6361     		str	r3, [r4, #20]
 432:Middlewares/ST/threadx/common/src/tx_mutex_put.c ****                             }
 906              		.loc 1 432 33 is_stmt 1 view .LVU325
 432:Middlewares/ST/threadx/common/src/tx_mutex_put.c ****                             }
ARM GAS  /tmp/ccHCxrSy.s 			page 41


 907              		.loc 1 432 80 is_stmt 0 view .LVU326
 908 023a 2023     		movs	r3, #32
 909 023c A362     		str	r3, [r4, #40]
 910 023e 66E7     		b	.L22
 911              	.LVL88:
 912              	.L23:
 453:Middlewares/ST/threadx/common/src/tx_mutex_put.c ****                                 previous_mutex =                        next_mutex -> tx_mutex_owne
 913              		.loc 1 453 33 is_stmt 1 view .LVU327
 453:Middlewares/ST/threadx/common/src/tx_mutex_put.c ****                                 previous_mutex =                        next_mutex -> tx_mutex_owne
 914              		.loc 1 453 44 is_stmt 0 view .LVU328
 915 0240 D7F8A420 		ldr	r2, [r7, #164]
 916              	.LVL89:
 454:Middlewares/ST/threadx/common/src/tx_mutex_put.c **** 
 917              		.loc 1 454 33 is_stmt 1 view .LVU329
 454:Middlewares/ST/threadx/common/src/tx_mutex_put.c **** 
 918              		.loc 1 454 48 is_stmt 0 view .LVU330
 919 0244 116B     		ldr	r1, [r2, #48]
 920              	.LVL90:
 457:Middlewares/ST/threadx/common/src/tx_mutex_put.c ****                                 previous_mutex -> tx_mutex_owned_next =  mutex_ptr;
 921              		.loc 1 457 33 is_stmt 1 view .LVU331
 457:Middlewares/ST/threadx/common/src/tx_mutex_put.c ****                                 previous_mutex -> tx_mutex_owned_next =  mutex_ptr;
 922              		.loc 1 457 71 is_stmt 0 view .LVU332
 923 0246 1463     		str	r4, [r2, #48]
 458:Middlewares/ST/threadx/common/src/tx_mutex_put.c **** 
 924              		.loc 1 458 33 is_stmt 1 view .LVU333
 458:Middlewares/ST/threadx/common/src/tx_mutex_put.c **** 
 925              		.loc 1 458 71 is_stmt 0 view .LVU334
 926 0248 CC62     		str	r4, [r1, #44]
 461:Middlewares/ST/threadx/common/src/tx_mutex_put.c ****                                 mutex_ptr -> tx_mutex_owned_next =       next_mutex;
 927              		.loc 1 461 33 is_stmt 1 view .LVU335
 461:Middlewares/ST/threadx/common/src/tx_mutex_put.c ****                                 mutex_ptr -> tx_mutex_owned_next =       next_mutex;
 928              		.loc 1 461 70 is_stmt 0 view .LVU336
 929 024a 2163     		str	r1, [r4, #48]
 462:Middlewares/ST/threadx/common/src/tx_mutex_put.c ****                             }
 930              		.loc 1 462 33 is_stmt 1 view .LVU337
 462:Middlewares/ST/threadx/common/src/tx_mutex_put.c ****                             }
 931              		.loc 1 462 66 is_stmt 0 view .LVU338
 932 024c E262     		str	r2, [r4, #44]
 933 024e 67E7     		b	.L24
 934              	.LVL91:
 935              	.L25:
 495:Middlewares/ST/threadx/common/src/tx_mutex_put.c ****                                 mutex_ptr -> tx_mutex_suspension_list =        next_thread;
 936              		.loc 1 495 33 is_stmt 1 view .LVU339
 495:Middlewares/ST/threadx/common/src/tx_mutex_put.c ****                                 mutex_ptr -> tx_mutex_suspension_list =        next_thread;
 937              		.loc 1 495 45 is_stmt 0 view .LVU340
 938 0250 3B6F     		ldr	r3, [r7, #112]
 939              	.LVL92:
 496:Middlewares/ST/threadx/common/src/tx_mutex_put.c **** 
 940              		.loc 1 496 33 is_stmt 1 view .LVU341
 496:Middlewares/ST/threadx/common/src/tx_mutex_put.c **** 
 941              		.loc 1 496 71 is_stmt 0 view .LVU342
 942 0252 A361     		str	r3, [r4, #24]
 499:Middlewares/ST/threadx/common/src/tx_mutex_put.c ****                                 next_thread -> tx_thread_suspended_previous =  previous_thread;
 943              		.loc 1 499 33 is_stmt 1 view .LVU343
 499:Middlewares/ST/threadx/common/src/tx_mutex_put.c ****                                 next_thread -> tx_thread_suspended_previous =  previous_thread;
 944              		.loc 1 499 49 is_stmt 0 view .LVU344
 945 0254 7A6F     		ldr	r2, [r7, #116]
ARM GAS  /tmp/ccHCxrSy.s 			page 42


 946              	.LVL93:
 500:Middlewares/ST/threadx/common/src/tx_mutex_put.c ****                                 previous_thread -> tx_thread_suspended_next =  next_thread;
 947              		.loc 1 500 33 is_stmt 1 view .LVU345
 500:Middlewares/ST/threadx/common/src/tx_mutex_put.c ****                                 previous_thread -> tx_thread_suspended_next =  next_thread;
 948              		.loc 1 500 77 is_stmt 0 view .LVU346
 949 0256 5A67     		str	r2, [r3, #116]
 950              	.LVL94:
 501:Middlewares/ST/threadx/common/src/tx_mutex_put.c ****                             }
 951              		.loc 1 501 33 is_stmt 1 view .LVU347
 501:Middlewares/ST/threadx/common/src/tx_mutex_put.c ****                             }
 952              		.loc 1 501 77 is_stmt 0 view .LVU348
 953 0258 1367     		str	r3, [r2, #112]
 954 025a 6EE7     		b	.L26
 955              	.LVL95:
 956              	.L41:
 584:Middlewares/ST/threadx/common/src/tx_mutex_put.c ****                                 {
 957              		.loc 1 584 33 is_stmt 1 view .LVU349
 584:Middlewares/ST/threadx/common/src/tx_mutex_put.c ****                                 {
 958              		.loc 1 584 47 is_stmt 0 view .LVU350
 959 025c E369     		ldr	r3, [r4, #28]
 584:Middlewares/ST/threadx/common/src/tx_mutex_put.c ****                                 {
 960              		.loc 1 584 36 view .LVU351
 961 025e EBB9     		cbnz	r3, .L43
 962              	.LVL96:
 963              	.L28:
 623:Middlewares/ST/threadx/common/src/tx_mutex_put.c ****                                 {
 964              		.loc 1 623 33 is_stmt 1 view .LVU352
 623:Middlewares/ST/threadx/common/src/tx_mutex_put.c ****                                 {
 965              		.loc 1 623 47 is_stmt 0 view .LVU353
 966 0260 D8F82C30 		ldr	r3, [r8, #44]
 623:Middlewares/ST/threadx/common/src/tx_mutex_put.c ****                                 {
 967              		.loc 1 623 69 view .LVU354
 968 0264 0199     		ldr	r1, [sp, #4]
 623:Middlewares/ST/threadx/common/src/tx_mutex_put.c ****                                 {
 969              		.loc 1 623 36 view .LVU355
 970 0266 8B42     		cmp	r3, r1
 971 0268 3FF475AF 		beq	.L27
 627:Middlewares/ST/threadx/common/src/tx_mutex_put.c ****                                 }
 972              		.loc 1 627 37 is_stmt 1 view .LVU356
 973 026c 4046     		mov	r0, r8
 974 026e FFF7FEFF 		bl	_tx_mutex_priority_change
 975              	.LVL97:
 976 0272 70E7     		b	.L27
 977              	.L45:
 978              		.align	2
 979              	.L44:
 980 0274 00000000 		.word	_tx_trace_buffer_current_ptr
 981 0278 00000000 		.word	_tx_trace_event_enable_bits
 982 027c 00000000 		.word	_tx_thread_system_state
 983 0280 00000000 		.word	_tx_thread_current_ptr
 984 0284 001000E0 		.word	-536866816
 985 0288 00000000 		.word	_tx_trace_buffer_end_ptr
 986 028c 00000000 		.word	_tx_trace_buffer_start_ptr
 987 0290 00000000 		.word	_tx_trace_header_ptr
 988 0294 00000000 		.word	_tx_trace_full_notify_function
 989 0298 00000000 		.word	_tx_thread_preempt_disable
 990              	.LVL98:
ARM GAS  /tmp/ccHCxrSy.s 			page 43


 991              	.L43:
 595:Middlewares/ST/threadx/common/src/tx_mutex_put.c **** #endif
 992              		.loc 1 595 37 view .LVU357
 993 029c 2046     		mov	r0, r4
 994 029e FFF7FEFF 		bl	_tx_mutex_prioritize
 995              	.LVL99:
 604:Middlewares/ST/threadx/common/src/tx_mutex_put.c **** 
 996              		.loc 1 604 37 view .LVU358
 997              	.LBB86:
 998              	.LBI86:
 566:Middlewares/ST/threadx/ports/cortex_m7/gnu/inc/tx_port.h **** {
 999              		.loc 2 566 63 view .LVU359
 1000              	.LBB87:
 568:Middlewares/ST/threadx/ports/cortex_m7/gnu/inc/tx_port.h **** 
 1001              		.loc 2 568 1 view .LVU360
 570:Middlewares/ST/threadx/ports/cortex_m7/gnu/inc/tx_port.h **** 
 1002              		.loc 2 570 5 view .LVU361
 1003              	.LBB88:
 1004              	.LBI88:
 533:Middlewares/ST/threadx/ports/cortex_m7/gnu/inc/tx_port.h **** {
 1005              		.loc 2 533 63 view .LVU362
 1006              	.LBB89:
 535:Middlewares/ST/threadx/ports/cortex_m7/gnu/inc/tx_port.h **** #ifdef TX_PORT_USE_BASEPRI
 1007              		.loc 2 535 1 view .LVU363
 539:Middlewares/ST/threadx/ports/cortex_m7/gnu/inc/tx_port.h **** #endif
 1008              		.loc 2 539 5 view .LVU364
 1009              		.syntax unified
 1010              	@ 539 "Middlewares/ST/threadx/ports/cortex_m7/gnu/inc/tx_port.h" 1
 1011 02a2 EFF31082 		MRS  r2, PRIMASK 
 1012              	@ 0 "" 2
 1013              	.LVL100:
 541:Middlewares/ST/threadx/ports/cortex_m7/gnu/inc/tx_port.h **** }
 1014              		.loc 2 541 5 view .LVU365
 541:Middlewares/ST/threadx/ports/cortex_m7/gnu/inc/tx_port.h **** }
 1015              		.loc 2 541 5 is_stmt 0 view .LVU366
 1016              		.thumb
 1017              		.syntax unified
 1018              	.LBE89:
 1019              	.LBE88:
 575:Middlewares/ST/threadx/ports/cortex_m7/gnu/inc/tx_port.h **** #endif
 1020              		.loc 2 575 5 is_stmt 1 view .LVU367
 1021              		.syntax unified
 1022              	@ 575 "Middlewares/ST/threadx/ports/cortex_m7/gnu/inc/tx_port.h" 1
 1023 02a6 72B6     		CPSID i
 1024              	@ 0 "" 2
 1025              		.loc 2 577 5 view .LVU368
 1026              	.LVL101:
 1027              		.loc 2 577 5 is_stmt 0 view .LVU369
 1028              		.thumb
 1029              		.syntax unified
 1030              	.LBE87:
 1031              	.LBE86:
 607:Middlewares/ST/threadx/common/src/tx_mutex_put.c ****                                     if (suspended_thread != TX_NULL)
 1032              		.loc 1 607 37 is_stmt 1 view .LVU370
 607:Middlewares/ST/threadx/common/src/tx_mutex_put.c ****                                     if (suspended_thread != TX_NULL)
 1033              		.loc 1 607 54 is_stmt 0 view .LVU371
 1034 02a8 A369     		ldr	r3, [r4, #24]
ARM GAS  /tmp/ccHCxrSy.s 			page 44


 1035              	.LVL102:
 608:Middlewares/ST/threadx/common/src/tx_mutex_put.c ****                                     {
 1036              		.loc 1 608 37 is_stmt 1 view .LVU372
 608:Middlewares/ST/threadx/common/src/tx_mutex_put.c ****                                     {
 1037              		.loc 1 608 40 is_stmt 0 view .LVU373
 1038 02aa 0BB1     		cbz	r3, .L29
 612:Middlewares/ST/threadx/common/src/tx_mutex_put.c ****                                     }
 1039              		.loc 1 612 41 is_stmt 1 view .LVU374
 612:Middlewares/ST/threadx/common/src/tx_mutex_put.c ****                                     }
 1040              		.loc 1 612 108 is_stmt 0 view .LVU375
 1041 02ac DB6A     		ldr	r3, [r3, #44]
 1042              	.LVL103:
 612:Middlewares/ST/threadx/common/src/tx_mutex_put.c ****                                     }
 1043              		.loc 1 612 88 view .LVU376
 1044 02ae A362     		str	r3, [r4, #40]
 1045              	.L29:
 616:Middlewares/ST/threadx/common/src/tx_mutex_put.c ****                                 }
 1046              		.loc 1 616 37 is_stmt 1 view .LVU377
 1047              	.LVL104:
 1048              	.LBB90:
 1049              	.LBI90:
 556:Middlewares/ST/threadx/ports/cortex_m7/gnu/inc/tx_port.h **** {
 1050              		.loc 2 556 55 view .LVU378
 1051              	.LBB91:
 562:Middlewares/ST/threadx/ports/cortex_m7/gnu/inc/tx_port.h **** #endif
 1052              		.loc 2 562 5 view .LVU379
 1053              		.syntax unified
 1054              	@ 562 "Middlewares/ST/threadx/ports/cortex_m7/gnu/inc/tx_port.h" 1
 1055 02b0 82F31088 		MSR  PRIMASK,r2
 1056              	@ 0 "" 2
 1057              	.LVL105:
 564:Middlewares/ST/threadx/ports/cortex_m7/gnu/inc/tx_port.h **** 
 1058              		.loc 2 564 1 is_stmt 0 view .LVU380
 1059              		.thumb
 1060              		.syntax unified
 1061 02b4 D4E7     		b	.L28
 1062              	.LVL106:
 1063              	.L6:
 564:Middlewares/ST/threadx/ports/cortex_m7/gnu/inc/tx_port.h **** 
 1064              		.loc 2 564 1 view .LVU381
 1065              	.LBE91:
 1066              	.LBE90:
 637:Middlewares/ST/threadx/common/src/tx_mutex_put.c ****                         }
 638:Middlewares/ST/threadx/common/src/tx_mutex_put.c ****                     }
 639:Middlewares/ST/threadx/common/src/tx_mutex_put.c ****                 }
 640:Middlewares/ST/threadx/common/src/tx_mutex_put.c ****             }
 641:Middlewares/ST/threadx/common/src/tx_mutex_put.c ****         }
 642:Middlewares/ST/threadx/common/src/tx_mutex_put.c ****     }
 643:Middlewares/ST/threadx/common/src/tx_mutex_put.c ****     else
 644:Middlewares/ST/threadx/common/src/tx_mutex_put.c ****     {
 645:Middlewares/ST/threadx/common/src/tx_mutex_put.c **** 
 646:Middlewares/ST/threadx/common/src/tx_mutex_put.c ****         /* Restore interrupts.  */
 647:Middlewares/ST/threadx/common/src/tx_mutex_put.c ****         TX_RESTORE
 1067              		.loc 1 647 9 is_stmt 1 view .LVU382
 1068              	.LBB92:
 1069              	.LBI92:
 556:Middlewares/ST/threadx/ports/cortex_m7/gnu/inc/tx_port.h **** {
ARM GAS  /tmp/ccHCxrSy.s 			page 45


 1070              		.loc 2 556 55 view .LVU383
 1071              	.LBB93:
 562:Middlewares/ST/threadx/ports/cortex_m7/gnu/inc/tx_port.h **** #endif
 1072              		.loc 2 562 5 view .LVU384
 1073              		.syntax unified
 1074              	@ 562 "Middlewares/ST/threadx/ports/cortex_m7/gnu/inc/tx_port.h" 1
 1075 02b6 86F31088 		MSR  PRIMASK,r6
 1076              	@ 0 "" 2
 1077              	.LVL107:
 562:Middlewares/ST/threadx/ports/cortex_m7/gnu/inc/tx_port.h **** #endif
 1078              		.loc 2 562 5 is_stmt 0 view .LVU385
 1079              		.thumb
 1080              		.syntax unified
 1081              	.LBE93:
 1082              	.LBE92:
 648:Middlewares/ST/threadx/common/src/tx_mutex_put.c **** 
 649:Middlewares/ST/threadx/common/src/tx_mutex_put.c ****         /* Caller does not own the mutex.  */
 650:Middlewares/ST/threadx/common/src/tx_mutex_put.c ****         status =  TX_NOT_OWNED;
 1083              		.loc 1 650 9 is_stmt 1 view .LVU386
 1084              		.loc 1 650 16 is_stmt 0 view .LVU387
 1085 02ba 1E25     		movs	r5, #30
 651:Middlewares/ST/threadx/common/src/tx_mutex_put.c ****     }
 652:Middlewares/ST/threadx/common/src/tx_mutex_put.c **** 
 653:Middlewares/ST/threadx/common/src/tx_mutex_put.c ****     /* Return the completion status.  */
 654:Middlewares/ST/threadx/common/src/tx_mutex_put.c ****     return(status);
 1086              		.loc 1 654 5 is_stmt 1 view .LVU388
 1087              	.LVL108:
 1088              	.L1:
 655:Middlewares/ST/threadx/common/src/tx_mutex_put.c **** }
 1089              		.loc 1 655 1 is_stmt 0 view .LVU389
 1090 02bc 2846     		mov	r0, r5
 1091 02be 02B0     		add	sp, sp, #8
 1092              	.LCFI2:
 1093              		.cfi_def_cfa_offset 24
 1094              		@ sp needed
 1095 02c0 BDE8F081 		pop	{r4, r5, r6, r7, r8, pc}
 1096              		.loc 1 655 1 view .LVU390
 1097              		.cfi_endproc
 1098              	.LFE8:
 1100              		.text
 1101              	.Letext0:
 1102              		.file 3 "Middlewares/ST/threadx/common/inc/tx_api.h"
 1103              		.file 4 "Middlewares/ST/threadx/common/inc/tx_thread.h"
 1104              		.file 5 "Middlewares/ST/threadx/common/inc/tx_trace.h"
 1105              		.file 6 "Middlewares/ST/threadx/common/inc/tx_mutex.h"
ARM GAS  /tmp/ccHCxrSy.s 			page 46


DEFINED SYMBOLS
                            *ABS*:00000000 tx_mutex_put.c
     /tmp/ccHCxrSy.s:20     .text._tx_mutex_put:00000000 $t
     /tmp/ccHCxrSy.s:26     .text._tx_mutex_put:00000000 _tx_mutex_put
     /tmp/ccHCxrSy.s:980    .text._tx_mutex_put:00000274 $d
     /tmp/ccHCxrSy.s:993    .text._tx_mutex_put:0000029c $t

UNDEFINED SYMBOLS
_tx_thread_system_resume
_tx_mutex_prioritize
_tx_thread_system_preempt_check
_tx_mutex_priority_change
_tx_trace_buffer_current_ptr
_tx_trace_event_enable_bits
_tx_thread_system_state
_tx_thread_current_ptr
_tx_trace_buffer_end_ptr
_tx_trace_buffer_start_ptr
_tx_trace_header_ptr
_tx_trace_full_notify_function
_tx_thread_preempt_disable
