ARM GAS  /tmp/cc9HYvAG.s 			page 1


   1              		.cpu cortex-m7
   2              		.arch armv7e-m
   3              		.fpu fpv5-d16
   4              		.eabi_attribute 28, 1
   5              		.eabi_attribute 20, 1
   6              		.eabi_attribute 21, 1
   7              		.eabi_attribute 23, 3
   8              		.eabi_attribute 24, 1
   9              		.eabi_attribute 25, 1
  10              		.eabi_attribute 26, 1
  11              		.eabi_attribute 30, 1
  12              		.eabi_attribute 34, 1
  13              		.eabi_attribute 18, 4
  14              		.file	"tx_semaphore_ceiling_put.c"
  15              		.text
  16              	.Ltext0:
  17              		.cfi_sections	.debug_frame
  18              		.file 1 "Middlewares/ST/threadx/common/src/tx_semaphore_ceiling_put.c"
  19              		.section	.text._tx_semaphore_ceiling_put,"ax",%progbits
  20              		.align	1
  21              		.global	_tx_semaphore_ceiling_put
  22              		.syntax unified
  23              		.thumb
  24              		.thumb_func
  26              	_tx_semaphore_ceiling_put:
  27              	.LVL0:
  28              	.LFB8:
   1:Middlewares/ST/threadx/common/src/tx_semaphore_ceiling_put.c **** /**************************************************************************/
   2:Middlewares/ST/threadx/common/src/tx_semaphore_ceiling_put.c **** /*                                                                        */
   3:Middlewares/ST/threadx/common/src/tx_semaphore_ceiling_put.c **** /*       Copyright (c) Microsoft Corporation. All rights reserved.        */
   4:Middlewares/ST/threadx/common/src/tx_semaphore_ceiling_put.c **** /*                                                                        */
   5:Middlewares/ST/threadx/common/src/tx_semaphore_ceiling_put.c **** /*       This software is licensed under the Microsoft Software License   */
   6:Middlewares/ST/threadx/common/src/tx_semaphore_ceiling_put.c **** /*       Terms for Microsoft Azure RTOS. Full text of the license can be  */
   7:Middlewares/ST/threadx/common/src/tx_semaphore_ceiling_put.c **** /*       found in the LICENSE file at https://aka.ms/AzureRTOS_EULA       */
   8:Middlewares/ST/threadx/common/src/tx_semaphore_ceiling_put.c **** /*       and in the root directory of this software.                      */
   9:Middlewares/ST/threadx/common/src/tx_semaphore_ceiling_put.c **** /*                                                                        */
  10:Middlewares/ST/threadx/common/src/tx_semaphore_ceiling_put.c **** /**************************************************************************/
  11:Middlewares/ST/threadx/common/src/tx_semaphore_ceiling_put.c **** 
  12:Middlewares/ST/threadx/common/src/tx_semaphore_ceiling_put.c **** 
  13:Middlewares/ST/threadx/common/src/tx_semaphore_ceiling_put.c **** /**************************************************************************/
  14:Middlewares/ST/threadx/common/src/tx_semaphore_ceiling_put.c **** /**************************************************************************/
  15:Middlewares/ST/threadx/common/src/tx_semaphore_ceiling_put.c **** /**                                                                       */
  16:Middlewares/ST/threadx/common/src/tx_semaphore_ceiling_put.c **** /** ThreadX Component                                                     */
  17:Middlewares/ST/threadx/common/src/tx_semaphore_ceiling_put.c **** /**                                                                       */
  18:Middlewares/ST/threadx/common/src/tx_semaphore_ceiling_put.c **** /**   Semaphore                                                           */
  19:Middlewares/ST/threadx/common/src/tx_semaphore_ceiling_put.c **** /**                                                                       */
  20:Middlewares/ST/threadx/common/src/tx_semaphore_ceiling_put.c **** /**************************************************************************/
  21:Middlewares/ST/threadx/common/src/tx_semaphore_ceiling_put.c **** /**************************************************************************/
  22:Middlewares/ST/threadx/common/src/tx_semaphore_ceiling_put.c **** 
  23:Middlewares/ST/threadx/common/src/tx_semaphore_ceiling_put.c **** #define TX_SOURCE_CODE
  24:Middlewares/ST/threadx/common/src/tx_semaphore_ceiling_put.c **** 
  25:Middlewares/ST/threadx/common/src/tx_semaphore_ceiling_put.c **** 
  26:Middlewares/ST/threadx/common/src/tx_semaphore_ceiling_put.c **** /* Include necessary system files.  */
  27:Middlewares/ST/threadx/common/src/tx_semaphore_ceiling_put.c **** 
  28:Middlewares/ST/threadx/common/src/tx_semaphore_ceiling_put.c **** #include "tx_api.h"
  29:Middlewares/ST/threadx/common/src/tx_semaphore_ceiling_put.c **** #include "tx_trace.h"
  30:Middlewares/ST/threadx/common/src/tx_semaphore_ceiling_put.c **** #include "tx_thread.h"
ARM GAS  /tmp/cc9HYvAG.s 			page 2


  31:Middlewares/ST/threadx/common/src/tx_semaphore_ceiling_put.c **** #include "tx_semaphore.h"
  32:Middlewares/ST/threadx/common/src/tx_semaphore_ceiling_put.c **** 
  33:Middlewares/ST/threadx/common/src/tx_semaphore_ceiling_put.c **** 
  34:Middlewares/ST/threadx/common/src/tx_semaphore_ceiling_put.c **** /**************************************************************************/
  35:Middlewares/ST/threadx/common/src/tx_semaphore_ceiling_put.c **** /*                                                                        */
  36:Middlewares/ST/threadx/common/src/tx_semaphore_ceiling_put.c **** /*  FUNCTION                                               RELEASE        */
  37:Middlewares/ST/threadx/common/src/tx_semaphore_ceiling_put.c **** /*                                                                        */
  38:Middlewares/ST/threadx/common/src/tx_semaphore_ceiling_put.c **** /*    _tx_semaphore_ceiling_put                           PORTABLE C      */
  39:Middlewares/ST/threadx/common/src/tx_semaphore_ceiling_put.c **** /*                                                           6.1          */
  40:Middlewares/ST/threadx/common/src/tx_semaphore_ceiling_put.c **** /*  AUTHOR                                                                */
  41:Middlewares/ST/threadx/common/src/tx_semaphore_ceiling_put.c **** /*                                                                        */
  42:Middlewares/ST/threadx/common/src/tx_semaphore_ceiling_put.c **** /*    William E. Lamie, Microsoft Corporation                             */
  43:Middlewares/ST/threadx/common/src/tx_semaphore_ceiling_put.c **** /*                                                                        */
  44:Middlewares/ST/threadx/common/src/tx_semaphore_ceiling_put.c **** /*  DESCRIPTION                                                           */
  45:Middlewares/ST/threadx/common/src/tx_semaphore_ceiling_put.c **** /*                                                                        */
  46:Middlewares/ST/threadx/common/src/tx_semaphore_ceiling_put.c **** /*    This function puts an instance into the specified counting          */
  47:Middlewares/ST/threadx/common/src/tx_semaphore_ceiling_put.c **** /*    semaphore up to the specified semaphore ceiling.                    */
  48:Middlewares/ST/threadx/common/src/tx_semaphore_ceiling_put.c **** /*                                                                        */
  49:Middlewares/ST/threadx/common/src/tx_semaphore_ceiling_put.c **** /*  INPUT                                                                 */
  50:Middlewares/ST/threadx/common/src/tx_semaphore_ceiling_put.c **** /*                                                                        */
  51:Middlewares/ST/threadx/common/src/tx_semaphore_ceiling_put.c **** /*    semaphore_ptr                         Pointer to semaphore          */
  52:Middlewares/ST/threadx/common/src/tx_semaphore_ceiling_put.c **** /*    ceiling                               Maximum value of semaphore    */
  53:Middlewares/ST/threadx/common/src/tx_semaphore_ceiling_put.c **** /*                                                                        */
  54:Middlewares/ST/threadx/common/src/tx_semaphore_ceiling_put.c **** /*  OUTPUT                                                                */
  55:Middlewares/ST/threadx/common/src/tx_semaphore_ceiling_put.c **** /*                                                                        */
  56:Middlewares/ST/threadx/common/src/tx_semaphore_ceiling_put.c **** /*    status                                Completion status             */
  57:Middlewares/ST/threadx/common/src/tx_semaphore_ceiling_put.c **** /*                                                                        */
  58:Middlewares/ST/threadx/common/src/tx_semaphore_ceiling_put.c **** /*  CALLS                                                                 */
  59:Middlewares/ST/threadx/common/src/tx_semaphore_ceiling_put.c **** /*                                                                        */
  60:Middlewares/ST/threadx/common/src/tx_semaphore_ceiling_put.c **** /*    _tx_thread_system_resume              Resume thread service         */
  61:Middlewares/ST/threadx/common/src/tx_semaphore_ceiling_put.c **** /*    _tx_thread_system_ni_resume           Non-interruptable resume      */
  62:Middlewares/ST/threadx/common/src/tx_semaphore_ceiling_put.c **** /*                                            thread                      */
  63:Middlewares/ST/threadx/common/src/tx_semaphore_ceiling_put.c **** /*                                                                        */
  64:Middlewares/ST/threadx/common/src/tx_semaphore_ceiling_put.c **** /*  CALLED BY                                                             */
  65:Middlewares/ST/threadx/common/src/tx_semaphore_ceiling_put.c **** /*                                                                        */
  66:Middlewares/ST/threadx/common/src/tx_semaphore_ceiling_put.c **** /*    Application Code                                                    */
  67:Middlewares/ST/threadx/common/src/tx_semaphore_ceiling_put.c **** /*                                                                        */
  68:Middlewares/ST/threadx/common/src/tx_semaphore_ceiling_put.c **** /*  RELEASE HISTORY                                                       */
  69:Middlewares/ST/threadx/common/src/tx_semaphore_ceiling_put.c **** /*                                                                        */
  70:Middlewares/ST/threadx/common/src/tx_semaphore_ceiling_put.c **** /*    DATE              NAME                      DESCRIPTION             */
  71:Middlewares/ST/threadx/common/src/tx_semaphore_ceiling_put.c **** /*                                                                        */
  72:Middlewares/ST/threadx/common/src/tx_semaphore_ceiling_put.c **** /*  05-19-2020     William E. Lamie         Initial Version 6.0           */
  73:Middlewares/ST/threadx/common/src/tx_semaphore_ceiling_put.c **** /*  09-30-2020     Yuxin Zhou               Modified comment(s),          */
  74:Middlewares/ST/threadx/common/src/tx_semaphore_ceiling_put.c **** /*                                            resulting in version 6.1    */
  75:Middlewares/ST/threadx/common/src/tx_semaphore_ceiling_put.c **** /*                                                                        */
  76:Middlewares/ST/threadx/common/src/tx_semaphore_ceiling_put.c **** /**************************************************************************/
  77:Middlewares/ST/threadx/common/src/tx_semaphore_ceiling_put.c **** UINT  _tx_semaphore_ceiling_put(TX_SEMAPHORE *semaphore_ptr, ULONG ceiling)
  78:Middlewares/ST/threadx/common/src/tx_semaphore_ceiling_put.c **** {
  29              		.loc 1 78 1 view -0
  30              		.cfi_startproc
  31              		@ args = 0, pretend = 0, frame = 0
  32              		@ frame_needed = 0, uses_anonymous_args = 0
  33              		.loc 1 78 1 is_stmt 0 view .LVU1
  34 0000 70B5     		push	{r4, r5, r6, lr}
  35              	.LCFI0:
  36              		.cfi_def_cfa_offset 16
  37              		.cfi_offset 4, -16
ARM GAS  /tmp/cc9HYvAG.s 			page 3


  38              		.cfi_offset 5, -12
  39              		.cfi_offset 6, -8
  40              		.cfi_offset 14, -4
  41 0002 0446     		mov	r4, r0
  42 0004 0E46     		mov	r6, r1
  79:Middlewares/ST/threadx/common/src/tx_semaphore_ceiling_put.c **** 
  80:Middlewares/ST/threadx/common/src/tx_semaphore_ceiling_put.c **** TX_INTERRUPT_SAVE_AREA
  43              		.loc 1 80 1 is_stmt 1 view .LVU2
  81:Middlewares/ST/threadx/common/src/tx_semaphore_ceiling_put.c **** 
  82:Middlewares/ST/threadx/common/src/tx_semaphore_ceiling_put.c **** #ifndef TX_DISABLE_NOTIFY_CALLBACKS
  83:Middlewares/ST/threadx/common/src/tx_semaphore_ceiling_put.c **** VOID            (*semaphore_put_notify)(struct TX_SEMAPHORE_STRUCT *notify_semaphore_ptr);
  84:Middlewares/ST/threadx/common/src/tx_semaphore_ceiling_put.c **** #endif
  85:Middlewares/ST/threadx/common/src/tx_semaphore_ceiling_put.c **** 
  86:Middlewares/ST/threadx/common/src/tx_semaphore_ceiling_put.c **** TX_THREAD       *thread_ptr;
  44              		.loc 1 86 1 view .LVU3
  87:Middlewares/ST/threadx/common/src/tx_semaphore_ceiling_put.c **** UINT            suspended_count;
  45              		.loc 1 87 1 view .LVU4
  88:Middlewares/ST/threadx/common/src/tx_semaphore_ceiling_put.c **** TX_THREAD       *next_thread;
  46              		.loc 1 88 1 view .LVU5
  89:Middlewares/ST/threadx/common/src/tx_semaphore_ceiling_put.c **** TX_THREAD       *previous_thread;
  47              		.loc 1 89 1 view .LVU6
  90:Middlewares/ST/threadx/common/src/tx_semaphore_ceiling_put.c **** UINT            status;
  48              		.loc 1 90 1 view .LVU7
  91:Middlewares/ST/threadx/common/src/tx_semaphore_ceiling_put.c **** 
  92:Middlewares/ST/threadx/common/src/tx_semaphore_ceiling_put.c **** 
  93:Middlewares/ST/threadx/common/src/tx_semaphore_ceiling_put.c ****     /* Default the status to TX_SUCCESS.  */
  94:Middlewares/ST/threadx/common/src/tx_semaphore_ceiling_put.c ****     status =  TX_SUCCESS;
  49              		.loc 1 94 5 view .LVU8
  50              	.LVL1:
  95:Middlewares/ST/threadx/common/src/tx_semaphore_ceiling_put.c **** 
  96:Middlewares/ST/threadx/common/src/tx_semaphore_ceiling_put.c ****     /* Disable interrupts to put an instance back to the semaphore.  */
  97:Middlewares/ST/threadx/common/src/tx_semaphore_ceiling_put.c ****     TX_DISABLE
  51              		.loc 1 97 5 view .LVU9
  52              	.LBB17:
  53              	.LBI17:
  54              		.file 2 "Middlewares/ST/threadx/ports/cortex_m7/gnu/inc/tx_port.h"
   1:Middlewares/ST/threadx/ports/cortex_m7/gnu/inc/tx_port.h **** /**************************************************************************/
   2:Middlewares/ST/threadx/ports/cortex_m7/gnu/inc/tx_port.h **** /*                                                                        */
   3:Middlewares/ST/threadx/ports/cortex_m7/gnu/inc/tx_port.h **** /*       Copyright (c) Microsoft Corporation. All rights reserved.        */
   4:Middlewares/ST/threadx/ports/cortex_m7/gnu/inc/tx_port.h **** /*                                                                        */
   5:Middlewares/ST/threadx/ports/cortex_m7/gnu/inc/tx_port.h **** /*       This software is licensed under the Microsoft Software License   */
   6:Middlewares/ST/threadx/ports/cortex_m7/gnu/inc/tx_port.h **** /*       Terms for Microsoft Azure RTOS. Full text of the license can be  */
   7:Middlewares/ST/threadx/ports/cortex_m7/gnu/inc/tx_port.h **** /*       found in the LICENSE file at https://aka.ms/AzureRTOS_EULA       */
   8:Middlewares/ST/threadx/ports/cortex_m7/gnu/inc/tx_port.h **** /*       and in the root directory of this software.                      */
   9:Middlewares/ST/threadx/ports/cortex_m7/gnu/inc/tx_port.h **** /*                                                                        */
  10:Middlewares/ST/threadx/ports/cortex_m7/gnu/inc/tx_port.h **** /**************************************************************************/
  11:Middlewares/ST/threadx/ports/cortex_m7/gnu/inc/tx_port.h **** 
  12:Middlewares/ST/threadx/ports/cortex_m7/gnu/inc/tx_port.h **** 
  13:Middlewares/ST/threadx/ports/cortex_m7/gnu/inc/tx_port.h **** /**************************************************************************/
  14:Middlewares/ST/threadx/ports/cortex_m7/gnu/inc/tx_port.h **** /**************************************************************************/
  15:Middlewares/ST/threadx/ports/cortex_m7/gnu/inc/tx_port.h **** /**                                                                       */
  16:Middlewares/ST/threadx/ports/cortex_m7/gnu/inc/tx_port.h **** /** ThreadX Component                                                     */
  17:Middlewares/ST/threadx/ports/cortex_m7/gnu/inc/tx_port.h **** /**                                                                       */
  18:Middlewares/ST/threadx/ports/cortex_m7/gnu/inc/tx_port.h **** /**   Port Specific                                                       */
  19:Middlewares/ST/threadx/ports/cortex_m7/gnu/inc/tx_port.h **** /**                                                                       */
  20:Middlewares/ST/threadx/ports/cortex_m7/gnu/inc/tx_port.h **** /**************************************************************************/
  21:Middlewares/ST/threadx/ports/cortex_m7/gnu/inc/tx_port.h **** /**************************************************************************/
ARM GAS  /tmp/cc9HYvAG.s 			page 4


  22:Middlewares/ST/threadx/ports/cortex_m7/gnu/inc/tx_port.h **** 
  23:Middlewares/ST/threadx/ports/cortex_m7/gnu/inc/tx_port.h **** 
  24:Middlewares/ST/threadx/ports/cortex_m7/gnu/inc/tx_port.h **** /**************************************************************************/
  25:Middlewares/ST/threadx/ports/cortex_m7/gnu/inc/tx_port.h **** /*                                                                        */
  26:Middlewares/ST/threadx/ports/cortex_m7/gnu/inc/tx_port.h **** /*  PORT SPECIFIC C INFORMATION                            RELEASE        */
  27:Middlewares/ST/threadx/ports/cortex_m7/gnu/inc/tx_port.h **** /*                                                                        */
  28:Middlewares/ST/threadx/ports/cortex_m7/gnu/inc/tx_port.h **** /*    tx_port.h                                         Cortex-M7/GNU     */
  29:Middlewares/ST/threadx/ports/cortex_m7/gnu/inc/tx_port.h **** /*                                                           6.1.10       */
  30:Middlewares/ST/threadx/ports/cortex_m7/gnu/inc/tx_port.h **** /*                                                                        */
  31:Middlewares/ST/threadx/ports/cortex_m7/gnu/inc/tx_port.h **** /*  AUTHOR                                                                */
  32:Middlewares/ST/threadx/ports/cortex_m7/gnu/inc/tx_port.h **** /*                                                                        */
  33:Middlewares/ST/threadx/ports/cortex_m7/gnu/inc/tx_port.h **** /*    Scott Larson, Microsoft Corporation                                 */
  34:Middlewares/ST/threadx/ports/cortex_m7/gnu/inc/tx_port.h **** /*                                                                        */
  35:Middlewares/ST/threadx/ports/cortex_m7/gnu/inc/tx_port.h **** /*  DESCRIPTION                                                           */
  36:Middlewares/ST/threadx/ports/cortex_m7/gnu/inc/tx_port.h **** /*                                                                        */
  37:Middlewares/ST/threadx/ports/cortex_m7/gnu/inc/tx_port.h **** /*    This file contains data type definitions that make the ThreadX      */
  38:Middlewares/ST/threadx/ports/cortex_m7/gnu/inc/tx_port.h **** /*    real-time kernel function identically on a variety of different     */
  39:Middlewares/ST/threadx/ports/cortex_m7/gnu/inc/tx_port.h **** /*    processor architectures.  For example, the size or number of bits   */
  40:Middlewares/ST/threadx/ports/cortex_m7/gnu/inc/tx_port.h **** /*    in an "int" data type vary between microprocessor architectures and */
  41:Middlewares/ST/threadx/ports/cortex_m7/gnu/inc/tx_port.h **** /*    even C compilers for the same microprocessor.  ThreadX does not     */
  42:Middlewares/ST/threadx/ports/cortex_m7/gnu/inc/tx_port.h **** /*    directly use native C data types.  Instead, ThreadX creates its     */
  43:Middlewares/ST/threadx/ports/cortex_m7/gnu/inc/tx_port.h **** /*    own special types that can be mapped to actual data types by this   */
  44:Middlewares/ST/threadx/ports/cortex_m7/gnu/inc/tx_port.h **** /*    file to guarantee consistency in the interface and functionality.   */
  45:Middlewares/ST/threadx/ports/cortex_m7/gnu/inc/tx_port.h **** /*                                                                        */
  46:Middlewares/ST/threadx/ports/cortex_m7/gnu/inc/tx_port.h **** /*    This file replaces the previous Cortex-M3/M4/M7 files. It unifies   */
  47:Middlewares/ST/threadx/ports/cortex_m7/gnu/inc/tx_port.h **** /*    the ARMv7-M architecture and compilers into one common file.        */
  48:Middlewares/ST/threadx/ports/cortex_m7/gnu/inc/tx_port.h **** /*                                                                        */
  49:Middlewares/ST/threadx/ports/cortex_m7/gnu/inc/tx_port.h **** /*  RELEASE HISTORY                                                       */
  50:Middlewares/ST/threadx/ports/cortex_m7/gnu/inc/tx_port.h **** /*                                                                        */
  51:Middlewares/ST/threadx/ports/cortex_m7/gnu/inc/tx_port.h **** /*    DATE              NAME                      DESCRIPTION             */
  52:Middlewares/ST/threadx/ports/cortex_m7/gnu/inc/tx_port.h **** /*                                                                        */
  53:Middlewares/ST/threadx/ports/cortex_m7/gnu/inc/tx_port.h **** /*  06-02-2021      Scott Larson            Initial Version 6.1.7         */
  54:Middlewares/ST/threadx/ports/cortex_m7/gnu/inc/tx_port.h **** /*  01-31-2022      Scott Larson            Modified comments, updated    */
  55:Middlewares/ST/threadx/ports/cortex_m7/gnu/inc/tx_port.h **** /*                                            typedef to fix misra        */
  56:Middlewares/ST/threadx/ports/cortex_m7/gnu/inc/tx_port.h **** /*                                            violation,                  */
  57:Middlewares/ST/threadx/ports/cortex_m7/gnu/inc/tx_port.h **** /*                                            fixed predefined macro,     */
  58:Middlewares/ST/threadx/ports/cortex_m7/gnu/inc/tx_port.h **** /*                                            resulting in version 6.1.10 */
  59:Middlewares/ST/threadx/ports/cortex_m7/gnu/inc/tx_port.h **** /*                                                                        */
  60:Middlewares/ST/threadx/ports/cortex_m7/gnu/inc/tx_port.h **** /**************************************************************************/
  61:Middlewares/ST/threadx/ports/cortex_m7/gnu/inc/tx_port.h **** 
  62:Middlewares/ST/threadx/ports/cortex_m7/gnu/inc/tx_port.h **** #ifndef TX_PORT_H
  63:Middlewares/ST/threadx/ports/cortex_m7/gnu/inc/tx_port.h **** #define TX_PORT_H
  64:Middlewares/ST/threadx/ports/cortex_m7/gnu/inc/tx_port.h **** 
  65:Middlewares/ST/threadx/ports/cortex_m7/gnu/inc/tx_port.h **** 
  66:Middlewares/ST/threadx/ports/cortex_m7/gnu/inc/tx_port.h **** /* Determine if the optional ThreadX user define file should be used.  */
  67:Middlewares/ST/threadx/ports/cortex_m7/gnu/inc/tx_port.h **** 
  68:Middlewares/ST/threadx/ports/cortex_m7/gnu/inc/tx_port.h **** #ifdef TX_INCLUDE_USER_DEFINE_FILE
  69:Middlewares/ST/threadx/ports/cortex_m7/gnu/inc/tx_port.h **** 
  70:Middlewares/ST/threadx/ports/cortex_m7/gnu/inc/tx_port.h **** /* Yes, include the user defines in tx_user.h. The defines in this file may
  71:Middlewares/ST/threadx/ports/cortex_m7/gnu/inc/tx_port.h ****    alternately be defined on the command line.  */
  72:Middlewares/ST/threadx/ports/cortex_m7/gnu/inc/tx_port.h **** 
  73:Middlewares/ST/threadx/ports/cortex_m7/gnu/inc/tx_port.h **** #include "tx_user.h"
  74:Middlewares/ST/threadx/ports/cortex_m7/gnu/inc/tx_port.h **** #endif
  75:Middlewares/ST/threadx/ports/cortex_m7/gnu/inc/tx_port.h **** 
  76:Middlewares/ST/threadx/ports/cortex_m7/gnu/inc/tx_port.h **** 
  77:Middlewares/ST/threadx/ports/cortex_m7/gnu/inc/tx_port.h **** /* Define compiler library include files.  */
  78:Middlewares/ST/threadx/ports/cortex_m7/gnu/inc/tx_port.h **** 
ARM GAS  /tmp/cc9HYvAG.s 			page 5


  79:Middlewares/ST/threadx/ports/cortex_m7/gnu/inc/tx_port.h **** #include <stdlib.h>
  80:Middlewares/ST/threadx/ports/cortex_m7/gnu/inc/tx_port.h **** #include <string.h>
  81:Middlewares/ST/threadx/ports/cortex_m7/gnu/inc/tx_port.h **** 
  82:Middlewares/ST/threadx/ports/cortex_m7/gnu/inc/tx_port.h **** #ifdef __ICCARM__
  83:Middlewares/ST/threadx/ports/cortex_m7/gnu/inc/tx_port.h **** #include <intrinsics.h>                     /* IAR Intrinsics */
  84:Middlewares/ST/threadx/ports/cortex_m7/gnu/inc/tx_port.h **** #define __asm__ __asm                       /* Define to make all inline asm look similar */
  85:Middlewares/ST/threadx/ports/cortex_m7/gnu/inc/tx_port.h **** #ifdef  TX_ENABLE_IAR_LIBRARY_SUPPORT
  86:Middlewares/ST/threadx/ports/cortex_m7/gnu/inc/tx_port.h **** #include <yvals.h>
  87:Middlewares/ST/threadx/ports/cortex_m7/gnu/inc/tx_port.h **** #endif
  88:Middlewares/ST/threadx/ports/cortex_m7/gnu/inc/tx_port.h **** #endif /* __ICCARM__ */
  89:Middlewares/ST/threadx/ports/cortex_m7/gnu/inc/tx_port.h **** 
  90:Middlewares/ST/threadx/ports/cortex_m7/gnu/inc/tx_port.h **** #ifdef __ghs__
  91:Middlewares/ST/threadx/ports/cortex_m7/gnu/inc/tx_port.h **** #include <arm_ghs.h>
  92:Middlewares/ST/threadx/ports/cortex_m7/gnu/inc/tx_port.h **** #include "tx_ghs.h"
  93:Middlewares/ST/threadx/ports/cortex_m7/gnu/inc/tx_port.h **** #endif  /* __ghs__ */
  94:Middlewares/ST/threadx/ports/cortex_m7/gnu/inc/tx_port.h **** 
  95:Middlewares/ST/threadx/ports/cortex_m7/gnu/inc/tx_port.h **** 
  96:Middlewares/ST/threadx/ports/cortex_m7/gnu/inc/tx_port.h **** #if !defined(__GNUC__) && !defined(__CC_ARM)
  97:Middlewares/ST/threadx/ports/cortex_m7/gnu/inc/tx_port.h **** #define __get_control_value __get_CONTROL
  98:Middlewares/ST/threadx/ports/cortex_m7/gnu/inc/tx_port.h **** #define __set_control_value __set_CONTROL
  99:Middlewares/ST/threadx/ports/cortex_m7/gnu/inc/tx_port.h **** #endif
 100:Middlewares/ST/threadx/ports/cortex_m7/gnu/inc/tx_port.h **** 
 101:Middlewares/ST/threadx/ports/cortex_m7/gnu/inc/tx_port.h **** #ifndef __GNUC__
 102:Middlewares/ST/threadx/ports/cortex_m7/gnu/inc/tx_port.h **** #define __get_ipsr_value __get_IPSR
 103:Middlewares/ST/threadx/ports/cortex_m7/gnu/inc/tx_port.h **** #endif
 104:Middlewares/ST/threadx/ports/cortex_m7/gnu/inc/tx_port.h **** 
 105:Middlewares/ST/threadx/ports/cortex_m7/gnu/inc/tx_port.h **** /* Define ThreadX basic types for this port.  */
 106:Middlewares/ST/threadx/ports/cortex_m7/gnu/inc/tx_port.h **** 
 107:Middlewares/ST/threadx/ports/cortex_m7/gnu/inc/tx_port.h **** #define VOID                                    void
 108:Middlewares/ST/threadx/ports/cortex_m7/gnu/inc/tx_port.h **** typedef char                                    CHAR;
 109:Middlewares/ST/threadx/ports/cortex_m7/gnu/inc/tx_port.h **** typedef unsigned char                           UCHAR;
 110:Middlewares/ST/threadx/ports/cortex_m7/gnu/inc/tx_port.h **** typedef int                                     INT;
 111:Middlewares/ST/threadx/ports/cortex_m7/gnu/inc/tx_port.h **** typedef unsigned int                            UINT;
 112:Middlewares/ST/threadx/ports/cortex_m7/gnu/inc/tx_port.h **** typedef long                                    LONG;
 113:Middlewares/ST/threadx/ports/cortex_m7/gnu/inc/tx_port.h **** typedef unsigned long                           ULONG;
 114:Middlewares/ST/threadx/ports/cortex_m7/gnu/inc/tx_port.h **** typedef unsigned long long                      ULONG64;
 115:Middlewares/ST/threadx/ports/cortex_m7/gnu/inc/tx_port.h **** typedef short                                   SHORT;
 116:Middlewares/ST/threadx/ports/cortex_m7/gnu/inc/tx_port.h **** typedef unsigned short                          USHORT;
 117:Middlewares/ST/threadx/ports/cortex_m7/gnu/inc/tx_port.h **** #define ULONG64_DEFINED
 118:Middlewares/ST/threadx/ports/cortex_m7/gnu/inc/tx_port.h **** 
 119:Middlewares/ST/threadx/ports/cortex_m7/gnu/inc/tx_port.h **** /* Define the priority levels for ThreadX.  Legal values range
 120:Middlewares/ST/threadx/ports/cortex_m7/gnu/inc/tx_port.h ****    from 32 to 1024 and MUST be evenly divisible by 32.  */
 121:Middlewares/ST/threadx/ports/cortex_m7/gnu/inc/tx_port.h **** 
 122:Middlewares/ST/threadx/ports/cortex_m7/gnu/inc/tx_port.h **** #ifndef TX_MAX_PRIORITIES
 123:Middlewares/ST/threadx/ports/cortex_m7/gnu/inc/tx_port.h **** #define TX_MAX_PRIORITIES                       32
 124:Middlewares/ST/threadx/ports/cortex_m7/gnu/inc/tx_port.h **** #endif
 125:Middlewares/ST/threadx/ports/cortex_m7/gnu/inc/tx_port.h **** 
 126:Middlewares/ST/threadx/ports/cortex_m7/gnu/inc/tx_port.h **** 
 127:Middlewares/ST/threadx/ports/cortex_m7/gnu/inc/tx_port.h **** /* Define the minimum stack for a ThreadX thread on this processor. If the size supplied during
 128:Middlewares/ST/threadx/ports/cortex_m7/gnu/inc/tx_port.h ****    thread creation is less than this value, the thread create call will return an error.  */
 129:Middlewares/ST/threadx/ports/cortex_m7/gnu/inc/tx_port.h **** 
 130:Middlewares/ST/threadx/ports/cortex_m7/gnu/inc/tx_port.h **** #ifndef TX_MINIMUM_STACK
 131:Middlewares/ST/threadx/ports/cortex_m7/gnu/inc/tx_port.h **** #define TX_MINIMUM_STACK                        200         /* Minimum stack size for this port  */
 132:Middlewares/ST/threadx/ports/cortex_m7/gnu/inc/tx_port.h **** #endif
 133:Middlewares/ST/threadx/ports/cortex_m7/gnu/inc/tx_port.h **** 
 134:Middlewares/ST/threadx/ports/cortex_m7/gnu/inc/tx_port.h **** 
 135:Middlewares/ST/threadx/ports/cortex_m7/gnu/inc/tx_port.h **** /* Define the system timer thread's default stack size and priority.  These are only applicable
ARM GAS  /tmp/cc9HYvAG.s 			page 6


 136:Middlewares/ST/threadx/ports/cortex_m7/gnu/inc/tx_port.h ****    if TX_TIMER_PROCESS_IN_ISR is not defined.  */
 137:Middlewares/ST/threadx/ports/cortex_m7/gnu/inc/tx_port.h **** 
 138:Middlewares/ST/threadx/ports/cortex_m7/gnu/inc/tx_port.h **** #ifndef TX_TIMER_THREAD_STACK_SIZE
 139:Middlewares/ST/threadx/ports/cortex_m7/gnu/inc/tx_port.h **** #define TX_TIMER_THREAD_STACK_SIZE              1024        /* Default timer thread stack size  */
 140:Middlewares/ST/threadx/ports/cortex_m7/gnu/inc/tx_port.h **** #endif
 141:Middlewares/ST/threadx/ports/cortex_m7/gnu/inc/tx_port.h **** 
 142:Middlewares/ST/threadx/ports/cortex_m7/gnu/inc/tx_port.h **** #ifndef TX_TIMER_THREAD_PRIORITY
 143:Middlewares/ST/threadx/ports/cortex_m7/gnu/inc/tx_port.h **** #define TX_TIMER_THREAD_PRIORITY                0           /* Default timer thread priority    */
 144:Middlewares/ST/threadx/ports/cortex_m7/gnu/inc/tx_port.h **** #endif
 145:Middlewares/ST/threadx/ports/cortex_m7/gnu/inc/tx_port.h **** 
 146:Middlewares/ST/threadx/ports/cortex_m7/gnu/inc/tx_port.h **** 
 147:Middlewares/ST/threadx/ports/cortex_m7/gnu/inc/tx_port.h **** /* Define various constants for the ThreadX Cortex-M port.  */
 148:Middlewares/ST/threadx/ports/cortex_m7/gnu/inc/tx_port.h **** 
 149:Middlewares/ST/threadx/ports/cortex_m7/gnu/inc/tx_port.h **** #define TX_INT_DISABLE                          1           /* Disable interrupts               */
 150:Middlewares/ST/threadx/ports/cortex_m7/gnu/inc/tx_port.h **** #define TX_INT_ENABLE                           0           /* Enable interrupts                */
 151:Middlewares/ST/threadx/ports/cortex_m7/gnu/inc/tx_port.h **** 
 152:Middlewares/ST/threadx/ports/cortex_m7/gnu/inc/tx_port.h **** 
 153:Middlewares/ST/threadx/ports/cortex_m7/gnu/inc/tx_port.h **** /* Define the clock source for trace event entry time stamp. The following two item are port specif
 154:Middlewares/ST/threadx/ports/cortex_m7/gnu/inc/tx_port.h ****    For example, if the time source is at the address 0x0a800024 and is 16-bits in size, the clock
 155:Middlewares/ST/threadx/ports/cortex_m7/gnu/inc/tx_port.h ****    source constants would be:
 156:Middlewares/ST/threadx/ports/cortex_m7/gnu/inc/tx_port.h **** 
 157:Middlewares/ST/threadx/ports/cortex_m7/gnu/inc/tx_port.h **** #define TX_TRACE_TIME_SOURCE                    *((ULONG *) 0x0a800024)
 158:Middlewares/ST/threadx/ports/cortex_m7/gnu/inc/tx_port.h **** #define TX_TRACE_TIME_MASK                      0x0000FFFFUL
 159:Middlewares/ST/threadx/ports/cortex_m7/gnu/inc/tx_port.h **** 
 160:Middlewares/ST/threadx/ports/cortex_m7/gnu/inc/tx_port.h **** */
 161:Middlewares/ST/threadx/ports/cortex_m7/gnu/inc/tx_port.h **** 
 162:Middlewares/ST/threadx/ports/cortex_m7/gnu/inc/tx_port.h **** #ifndef TX_MISRA_ENABLE
 163:Middlewares/ST/threadx/ports/cortex_m7/gnu/inc/tx_port.h **** #ifndef TX_TRACE_TIME_SOURCE
 164:Middlewares/ST/threadx/ports/cortex_m7/gnu/inc/tx_port.h **** #define TX_TRACE_TIME_SOURCE                    *((ULONG *) 0xE0001004)
 165:Middlewares/ST/threadx/ports/cortex_m7/gnu/inc/tx_port.h **** #endif
 166:Middlewares/ST/threadx/ports/cortex_m7/gnu/inc/tx_port.h **** #else
 167:Middlewares/ST/threadx/ports/cortex_m7/gnu/inc/tx_port.h **** ULONG   _tx_misra_time_stamp_get(VOID);
 168:Middlewares/ST/threadx/ports/cortex_m7/gnu/inc/tx_port.h **** #define TX_TRACE_TIME_SOURCE                    _tx_misra_time_stamp_get()
 169:Middlewares/ST/threadx/ports/cortex_m7/gnu/inc/tx_port.h **** #endif
 170:Middlewares/ST/threadx/ports/cortex_m7/gnu/inc/tx_port.h **** 
 171:Middlewares/ST/threadx/ports/cortex_m7/gnu/inc/tx_port.h **** #ifndef TX_TRACE_TIME_MASK
 172:Middlewares/ST/threadx/ports/cortex_m7/gnu/inc/tx_port.h **** #define TX_TRACE_TIME_MASK                      0xFFFFFFFFUL
 173:Middlewares/ST/threadx/ports/cortex_m7/gnu/inc/tx_port.h **** #endif
 174:Middlewares/ST/threadx/ports/cortex_m7/gnu/inc/tx_port.h **** 
 175:Middlewares/ST/threadx/ports/cortex_m7/gnu/inc/tx_port.h **** #ifdef __ghs__
 176:Middlewares/ST/threadx/ports/cortex_m7/gnu/inc/tx_port.h **** /* Define constants for Green Hills EventAnalyzer.  */
 177:Middlewares/ST/threadx/ports/cortex_m7/gnu/inc/tx_port.h **** 
 178:Middlewares/ST/threadx/ports/cortex_m7/gnu/inc/tx_port.h **** /* Define the number of ticks per second. This informs the EventAnalyzer what the timestamps
 179:Middlewares/ST/threadx/ports/cortex_m7/gnu/inc/tx_port.h ****    represent.  By default, this is set to 1,000,000 i.e., one tick every microsecond. */
 180:Middlewares/ST/threadx/ports/cortex_m7/gnu/inc/tx_port.h **** 
 181:Middlewares/ST/threadx/ports/cortex_m7/gnu/inc/tx_port.h **** #define TX_EL_TICKS_PER_SECOND                  1000000
 182:Middlewares/ST/threadx/ports/cortex_m7/gnu/inc/tx_port.h **** 
 183:Middlewares/ST/threadx/ports/cortex_m7/gnu/inc/tx_port.h **** /* Define the method of how to get the upper and lower 32-bits of the time stamp. By default, simpl
 184:Middlewares/ST/threadx/ports/cortex_m7/gnu/inc/tx_port.h ****    simulate the time-stamp source with a counter.  */
 185:Middlewares/ST/threadx/ports/cortex_m7/gnu/inc/tx_port.h **** 
 186:Middlewares/ST/threadx/ports/cortex_m7/gnu/inc/tx_port.h **** #define read_tbu()                              _tx_el_time_base_upper
 187:Middlewares/ST/threadx/ports/cortex_m7/gnu/inc/tx_port.h **** #define read_tbl()                              ++_tx_el_time_base_lower
 188:Middlewares/ST/threadx/ports/cortex_m7/gnu/inc/tx_port.h **** #endif  /* __ghs__ */
 189:Middlewares/ST/threadx/ports/cortex_m7/gnu/inc/tx_port.h **** 
 190:Middlewares/ST/threadx/ports/cortex_m7/gnu/inc/tx_port.h **** /* Define the port specific options for the _tx_build_options variable. This variable indicates
 191:Middlewares/ST/threadx/ports/cortex_m7/gnu/inc/tx_port.h ****    how the ThreadX library was built.  */
 192:Middlewares/ST/threadx/ports/cortex_m7/gnu/inc/tx_port.h **** 
ARM GAS  /tmp/cc9HYvAG.s 			page 7


 193:Middlewares/ST/threadx/ports/cortex_m7/gnu/inc/tx_port.h **** #define TX_PORT_SPECIFIC_BUILD_OPTIONS          (0)
 194:Middlewares/ST/threadx/ports/cortex_m7/gnu/inc/tx_port.h **** 
 195:Middlewares/ST/threadx/ports/cortex_m7/gnu/inc/tx_port.h **** 
 196:Middlewares/ST/threadx/ports/cortex_m7/gnu/inc/tx_port.h **** /* Define the in-line initialization constant so that modules with in-line
 197:Middlewares/ST/threadx/ports/cortex_m7/gnu/inc/tx_port.h ****    initialization capabilities can prevent their initialization from being
 198:Middlewares/ST/threadx/ports/cortex_m7/gnu/inc/tx_port.h ****    a function call.  */
 199:Middlewares/ST/threadx/ports/cortex_m7/gnu/inc/tx_port.h **** 
 200:Middlewares/ST/threadx/ports/cortex_m7/gnu/inc/tx_port.h **** #ifdef TX_MISRA_ENABLE
 201:Middlewares/ST/threadx/ports/cortex_m7/gnu/inc/tx_port.h **** #define TX_DISABLE_INLINE
 202:Middlewares/ST/threadx/ports/cortex_m7/gnu/inc/tx_port.h **** #else
 203:Middlewares/ST/threadx/ports/cortex_m7/gnu/inc/tx_port.h **** #define TX_INLINE_INITIALIZATION
 204:Middlewares/ST/threadx/ports/cortex_m7/gnu/inc/tx_port.h **** #endif
 205:Middlewares/ST/threadx/ports/cortex_m7/gnu/inc/tx_port.h **** 
 206:Middlewares/ST/threadx/ports/cortex_m7/gnu/inc/tx_port.h **** 
 207:Middlewares/ST/threadx/ports/cortex_m7/gnu/inc/tx_port.h **** /* Determine whether or not stack checking is enabled. By default, ThreadX stack checking is
 208:Middlewares/ST/threadx/ports/cortex_m7/gnu/inc/tx_port.h ****    disabled. When the following is defined, ThreadX thread stack checking is enabled.  If stack
 209:Middlewares/ST/threadx/ports/cortex_m7/gnu/inc/tx_port.h ****    checking is enabled (TX_ENABLE_STACK_CHECKING is defined), the TX_DISABLE_STACK_FILLING
 210:Middlewares/ST/threadx/ports/cortex_m7/gnu/inc/tx_port.h ****    define is negated, thereby forcing the stack fill which is necessary for the stack checking
 211:Middlewares/ST/threadx/ports/cortex_m7/gnu/inc/tx_port.h ****    logic.  */
 212:Middlewares/ST/threadx/ports/cortex_m7/gnu/inc/tx_port.h **** 
 213:Middlewares/ST/threadx/ports/cortex_m7/gnu/inc/tx_port.h **** #ifndef TX_MISRA_ENABLE
 214:Middlewares/ST/threadx/ports/cortex_m7/gnu/inc/tx_port.h **** #ifdef TX_ENABLE_STACK_CHECKING
 215:Middlewares/ST/threadx/ports/cortex_m7/gnu/inc/tx_port.h **** #undef TX_DISABLE_STACK_FILLING
 216:Middlewares/ST/threadx/ports/cortex_m7/gnu/inc/tx_port.h **** #endif
 217:Middlewares/ST/threadx/ports/cortex_m7/gnu/inc/tx_port.h **** #endif
 218:Middlewares/ST/threadx/ports/cortex_m7/gnu/inc/tx_port.h **** 
 219:Middlewares/ST/threadx/ports/cortex_m7/gnu/inc/tx_port.h **** 
 220:Middlewares/ST/threadx/ports/cortex_m7/gnu/inc/tx_port.h **** /* Define the TX_THREAD control block extensions for this port. The main reason
 221:Middlewares/ST/threadx/ports/cortex_m7/gnu/inc/tx_port.h ****    for the multiple macros is so that backward compatibility can be maintained with
 222:Middlewares/ST/threadx/ports/cortex_m7/gnu/inc/tx_port.h ****    existing ThreadX kernel awareness modules.  */
 223:Middlewares/ST/threadx/ports/cortex_m7/gnu/inc/tx_port.h **** 
 224:Middlewares/ST/threadx/ports/cortex_m7/gnu/inc/tx_port.h **** #define TX_THREAD_EXTENSION_0
 225:Middlewares/ST/threadx/ports/cortex_m7/gnu/inc/tx_port.h **** #define TX_THREAD_EXTENSION_1
 226:Middlewares/ST/threadx/ports/cortex_m7/gnu/inc/tx_port.h **** #ifdef  TX_ENABLE_IAR_LIBRARY_SUPPORT
 227:Middlewares/ST/threadx/ports/cortex_m7/gnu/inc/tx_port.h **** #define TX_THREAD_EXTENSION_2           VOID    *tx_thread_iar_tls_pointer;
 228:Middlewares/ST/threadx/ports/cortex_m7/gnu/inc/tx_port.h **** #elif defined(__ghs__)
 229:Middlewares/ST/threadx/ports/cortex_m7/gnu/inc/tx_port.h **** #define TX_THREAD_EXTENSION_2           VOID *  tx_thread_eh_globals;                           \
 230:Middlewares/ST/threadx/ports/cortex_m7/gnu/inc/tx_port.h ****                                         int     Errno;             /* errno.  */                \
 231:Middlewares/ST/threadx/ports/cortex_m7/gnu/inc/tx_port.h ****                                         char *  strtok_saved_pos;  /* strtok() position.  */
 232:Middlewares/ST/threadx/ports/cortex_m7/gnu/inc/tx_port.h **** #else
 233:Middlewares/ST/threadx/ports/cortex_m7/gnu/inc/tx_port.h **** #define TX_THREAD_EXTENSION_2
 234:Middlewares/ST/threadx/ports/cortex_m7/gnu/inc/tx_port.h **** #endif
 235:Middlewares/ST/threadx/ports/cortex_m7/gnu/inc/tx_port.h **** 
 236:Middlewares/ST/threadx/ports/cortex_m7/gnu/inc/tx_port.h **** 
 237:Middlewares/ST/threadx/ports/cortex_m7/gnu/inc/tx_port.h **** #define TX_THREAD_EXTENSION_3
 238:Middlewares/ST/threadx/ports/cortex_m7/gnu/inc/tx_port.h **** 
 239:Middlewares/ST/threadx/ports/cortex_m7/gnu/inc/tx_port.h **** 
 240:Middlewares/ST/threadx/ports/cortex_m7/gnu/inc/tx_port.h **** 
 241:Middlewares/ST/threadx/ports/cortex_m7/gnu/inc/tx_port.h **** /* Define the port extensions of the remaining ThreadX objects.  */
 242:Middlewares/ST/threadx/ports/cortex_m7/gnu/inc/tx_port.h **** 
 243:Middlewares/ST/threadx/ports/cortex_m7/gnu/inc/tx_port.h **** #define TX_BLOCK_POOL_EXTENSION
 244:Middlewares/ST/threadx/ports/cortex_m7/gnu/inc/tx_port.h **** #define TX_BYTE_POOL_EXTENSION
 245:Middlewares/ST/threadx/ports/cortex_m7/gnu/inc/tx_port.h **** #define TX_EVENT_FLAGS_GROUP_EXTENSION
 246:Middlewares/ST/threadx/ports/cortex_m7/gnu/inc/tx_port.h **** #define TX_MUTEX_EXTENSION
 247:Middlewares/ST/threadx/ports/cortex_m7/gnu/inc/tx_port.h **** #define TX_QUEUE_EXTENSION
 248:Middlewares/ST/threadx/ports/cortex_m7/gnu/inc/tx_port.h **** #define TX_SEMAPHORE_EXTENSION
 249:Middlewares/ST/threadx/ports/cortex_m7/gnu/inc/tx_port.h **** #define TX_TIMER_EXTENSION
ARM GAS  /tmp/cc9HYvAG.s 			page 8


 250:Middlewares/ST/threadx/ports/cortex_m7/gnu/inc/tx_port.h **** 
 251:Middlewares/ST/threadx/ports/cortex_m7/gnu/inc/tx_port.h **** 
 252:Middlewares/ST/threadx/ports/cortex_m7/gnu/inc/tx_port.h **** /* Define the user extension field of the thread control block.  Nothing
 253:Middlewares/ST/threadx/ports/cortex_m7/gnu/inc/tx_port.h ****    additional is needed for this port so it is defined as white space.  */
 254:Middlewares/ST/threadx/ports/cortex_m7/gnu/inc/tx_port.h **** 
 255:Middlewares/ST/threadx/ports/cortex_m7/gnu/inc/tx_port.h **** #ifndef TX_THREAD_USER_EXTENSION
 256:Middlewares/ST/threadx/ports/cortex_m7/gnu/inc/tx_port.h **** #define TX_THREAD_USER_EXTENSION
 257:Middlewares/ST/threadx/ports/cortex_m7/gnu/inc/tx_port.h **** #endif
 258:Middlewares/ST/threadx/ports/cortex_m7/gnu/inc/tx_port.h **** 
 259:Middlewares/ST/threadx/ports/cortex_m7/gnu/inc/tx_port.h **** 
 260:Middlewares/ST/threadx/ports/cortex_m7/gnu/inc/tx_port.h **** /* Define the macros for processing extensions in tx_thread_create, tx_thread_delete,
 261:Middlewares/ST/threadx/ports/cortex_m7/gnu/inc/tx_port.h ****    tx_thread_shell_entry, and tx_thread_terminate.  */
 262:Middlewares/ST/threadx/ports/cortex_m7/gnu/inc/tx_port.h **** 
 263:Middlewares/ST/threadx/ports/cortex_m7/gnu/inc/tx_port.h **** 
 264:Middlewares/ST/threadx/ports/cortex_m7/gnu/inc/tx_port.h **** #ifdef  TX_ENABLE_IAR_LIBRARY_SUPPORT
 265:Middlewares/ST/threadx/ports/cortex_m7/gnu/inc/tx_port.h **** #if (__VER__ < 8000000)
 266:Middlewares/ST/threadx/ports/cortex_m7/gnu/inc/tx_port.h **** #define TX_THREAD_CREATE_EXTENSION(thread_ptr)                      thread_ptr -> tx_thread_iar_tls
 267:Middlewares/ST/threadx/ports/cortex_m7/gnu/inc/tx_port.h **** #define TX_THREAD_DELETE_EXTENSION(thread_ptr)                      __iar_dlib_perthread_deallocate
 268:Middlewares/ST/threadx/ports/cortex_m7/gnu/inc/tx_port.h ****                                                                     thread_ptr -> tx_thread_iar_tls
 269:Middlewares/ST/threadx/ports/cortex_m7/gnu/inc/tx_port.h **** #define TX_PORT_SPECIFIC_PRE_SCHEDULER_INITIALIZATION               __iar_dlib_perthread_access(0);
 270:Middlewares/ST/threadx/ports/cortex_m7/gnu/inc/tx_port.h **** #else
 271:Middlewares/ST/threadx/ports/cortex_m7/gnu/inc/tx_port.h **** void    *_tx_iar_create_per_thread_tls_area(void);
 272:Middlewares/ST/threadx/ports/cortex_m7/gnu/inc/tx_port.h **** void    _tx_iar_destroy_per_thread_tls_area(void *tls_ptr);
 273:Middlewares/ST/threadx/ports/cortex_m7/gnu/inc/tx_port.h **** void    __iar_Initlocks(void);
 274:Middlewares/ST/threadx/ports/cortex_m7/gnu/inc/tx_port.h **** 
 275:Middlewares/ST/threadx/ports/cortex_m7/gnu/inc/tx_port.h **** #define TX_THREAD_CREATE_EXTENSION(thread_ptr)                      thread_ptr -> tx_thread_iar_tls
 276:Middlewares/ST/threadx/ports/cortex_m7/gnu/inc/tx_port.h **** #define TX_THREAD_DELETE_EXTENSION(thread_ptr)                      do {_tx_iar_destroy_per_thread_
 277:Middlewares/ST/threadx/ports/cortex_m7/gnu/inc/tx_port.h ****                                                                         thread_ptr -> tx_thread_iar
 278:Middlewares/ST/threadx/ports/cortex_m7/gnu/inc/tx_port.h **** #define TX_PORT_SPECIFIC_PRE_SCHEDULER_INITIALIZATION               do {__iar_Initlocks();} while(0
 279:Middlewares/ST/threadx/ports/cortex_m7/gnu/inc/tx_port.h **** #endif
 280:Middlewares/ST/threadx/ports/cortex_m7/gnu/inc/tx_port.h **** #else
 281:Middlewares/ST/threadx/ports/cortex_m7/gnu/inc/tx_port.h **** #define TX_THREAD_CREATE_EXTENSION(thread_ptr)
 282:Middlewares/ST/threadx/ports/cortex_m7/gnu/inc/tx_port.h **** #define TX_THREAD_DELETE_EXTENSION(thread_ptr)
 283:Middlewares/ST/threadx/ports/cortex_m7/gnu/inc/tx_port.h **** #endif
 284:Middlewares/ST/threadx/ports/cortex_m7/gnu/inc/tx_port.h **** 
 285:Middlewares/ST/threadx/ports/cortex_m7/gnu/inc/tx_port.h **** #if defined(__ARMVFP__) || defined(__ARM_PCS_VFP) || defined(__ARM_FP) || defined(__TARGET_FPU_VFP)
 286:Middlewares/ST/threadx/ports/cortex_m7/gnu/inc/tx_port.h **** 
 287:Middlewares/ST/threadx/ports/cortex_m7/gnu/inc/tx_port.h **** #ifdef TX_MISRA_ENABLE
 288:Middlewares/ST/threadx/ports/cortex_m7/gnu/inc/tx_port.h **** 
 289:Middlewares/ST/threadx/ports/cortex_m7/gnu/inc/tx_port.h **** ULONG  _tx_misra_control_get(void);
 290:Middlewares/ST/threadx/ports/cortex_m7/gnu/inc/tx_port.h **** void   _tx_misra_control_set(ULONG value);
 291:Middlewares/ST/threadx/ports/cortex_m7/gnu/inc/tx_port.h **** ULONG  _tx_misra_fpccr_get(void);
 292:Middlewares/ST/threadx/ports/cortex_m7/gnu/inc/tx_port.h **** void   _tx_misra_vfp_touch(void);
 293:Middlewares/ST/threadx/ports/cortex_m7/gnu/inc/tx_port.h **** 
 294:Middlewares/ST/threadx/ports/cortex_m7/gnu/inc/tx_port.h **** #else   /* TX_MISRA_ENABLE not defined */
 295:Middlewares/ST/threadx/ports/cortex_m7/gnu/inc/tx_port.h **** 
 296:Middlewares/ST/threadx/ports/cortex_m7/gnu/inc/tx_port.h **** /* Define some helper functions (these are intrinsics in some compilers). */
 297:Middlewares/ST/threadx/ports/cortex_m7/gnu/inc/tx_port.h **** #ifdef __GNUC__ /* GCC and ARM Compiler 6 */
 298:Middlewares/ST/threadx/ports/cortex_m7/gnu/inc/tx_port.h **** 
 299:Middlewares/ST/threadx/ports/cortex_m7/gnu/inc/tx_port.h **** __attribute__( ( always_inline ) ) static inline ULONG __get_control_value(void)
 300:Middlewares/ST/threadx/ports/cortex_m7/gnu/inc/tx_port.h **** {
 301:Middlewares/ST/threadx/ports/cortex_m7/gnu/inc/tx_port.h **** ULONG  control_value;
 302:Middlewares/ST/threadx/ports/cortex_m7/gnu/inc/tx_port.h **** 
 303:Middlewares/ST/threadx/ports/cortex_m7/gnu/inc/tx_port.h ****     __asm__ volatile (" MRS  %0,CONTROL ": "=r" (control_value) );
 304:Middlewares/ST/threadx/ports/cortex_m7/gnu/inc/tx_port.h ****     return(control_value);
 305:Middlewares/ST/threadx/ports/cortex_m7/gnu/inc/tx_port.h **** }
 306:Middlewares/ST/threadx/ports/cortex_m7/gnu/inc/tx_port.h **** 
ARM GAS  /tmp/cc9HYvAG.s 			page 9


 307:Middlewares/ST/threadx/ports/cortex_m7/gnu/inc/tx_port.h **** __attribute__( ( always_inline ) ) static inline void __set_control_value(ULONG control_value)
 308:Middlewares/ST/threadx/ports/cortex_m7/gnu/inc/tx_port.h **** {
 309:Middlewares/ST/threadx/ports/cortex_m7/gnu/inc/tx_port.h ****     __asm__ volatile (" MSR  CONTROL,%0": : "r" (control_value): "memory" );
 310:Middlewares/ST/threadx/ports/cortex_m7/gnu/inc/tx_port.h **** }
 311:Middlewares/ST/threadx/ports/cortex_m7/gnu/inc/tx_port.h **** 
 312:Middlewares/ST/threadx/ports/cortex_m7/gnu/inc/tx_port.h **** #define TX_VFP_TOUCH()  __asm__ volatile ("VMOV.F32 s0, s0");
 313:Middlewares/ST/threadx/ports/cortex_m7/gnu/inc/tx_port.h **** 
 314:Middlewares/ST/threadx/ports/cortex_m7/gnu/inc/tx_port.h **** #elif defined(__CC_ARM) /* ARM Compiler 5 */
 315:Middlewares/ST/threadx/ports/cortex_m7/gnu/inc/tx_port.h **** 
 316:Middlewares/ST/threadx/ports/cortex_m7/gnu/inc/tx_port.h **** __attribute__( ( always_inline ) ) ULONG __get_control_value(void)
 317:Middlewares/ST/threadx/ports/cortex_m7/gnu/inc/tx_port.h **** {
 318:Middlewares/ST/threadx/ports/cortex_m7/gnu/inc/tx_port.h **** ULONG  control_value;
 319:Middlewares/ST/threadx/ports/cortex_m7/gnu/inc/tx_port.h **** 
 320:Middlewares/ST/threadx/ports/cortex_m7/gnu/inc/tx_port.h ****     __asm volatile ("MRS control_value,CONTROL");
 321:Middlewares/ST/threadx/ports/cortex_m7/gnu/inc/tx_port.h ****     return(control_value);
 322:Middlewares/ST/threadx/ports/cortex_m7/gnu/inc/tx_port.h **** }
 323:Middlewares/ST/threadx/ports/cortex_m7/gnu/inc/tx_port.h **** 
 324:Middlewares/ST/threadx/ports/cortex_m7/gnu/inc/tx_port.h **** __attribute__( ( always_inline ) ) void __set_control_value(ULONG control_value)
 325:Middlewares/ST/threadx/ports/cortex_m7/gnu/inc/tx_port.h **** {
 326:Middlewares/ST/threadx/ports/cortex_m7/gnu/inc/tx_port.h ****     __asm__ volatile ("MSR CONTROL,control_value");
 327:Middlewares/ST/threadx/ports/cortex_m7/gnu/inc/tx_port.h **** }
 328:Middlewares/ST/threadx/ports/cortex_m7/gnu/inc/tx_port.h **** /* Can't access VFP registers with inline asm, so define this in tx_thread_schedule.  */
 329:Middlewares/ST/threadx/ports/cortex_m7/gnu/inc/tx_port.h **** void _tx_vfp_access(void);
 330:Middlewares/ST/threadx/ports/cortex_m7/gnu/inc/tx_port.h **** #define TX_VFP_TOUCH()  _tx_vfp_access();
 331:Middlewares/ST/threadx/ports/cortex_m7/gnu/inc/tx_port.h **** 
 332:Middlewares/ST/threadx/ports/cortex_m7/gnu/inc/tx_port.h **** #elif defined(__ICCARM__)  /* IAR */
 333:Middlewares/ST/threadx/ports/cortex_m7/gnu/inc/tx_port.h **** #define TX_VFP_TOUCH()  __asm__ volatile ("VMOV.F32 s0, s0");
 334:Middlewares/ST/threadx/ports/cortex_m7/gnu/inc/tx_port.h **** #endif  /* Helper functions for different compilers */
 335:Middlewares/ST/threadx/ports/cortex_m7/gnu/inc/tx_port.h **** 
 336:Middlewares/ST/threadx/ports/cortex_m7/gnu/inc/tx_port.h **** #endif  /* TX_MISRA_ENABLE */
 337:Middlewares/ST/threadx/ports/cortex_m7/gnu/inc/tx_port.h **** 
 338:Middlewares/ST/threadx/ports/cortex_m7/gnu/inc/tx_port.h **** 
 339:Middlewares/ST/threadx/ports/cortex_m7/gnu/inc/tx_port.h **** /* A completed thread falls into _thread_shell_entry and we can simply deactivate the FPU via CONTR
 340:Middlewares/ST/threadx/ports/cortex_m7/gnu/inc/tx_port.h ****    in order to ensure no lazy stacking will occur. */
 341:Middlewares/ST/threadx/ports/cortex_m7/gnu/inc/tx_port.h **** 
 342:Middlewares/ST/threadx/ports/cortex_m7/gnu/inc/tx_port.h **** #ifndef TX_MISRA_ENABLE
 343:Middlewares/ST/threadx/ports/cortex_m7/gnu/inc/tx_port.h **** 
 344:Middlewares/ST/threadx/ports/cortex_m7/gnu/inc/tx_port.h **** #define TX_THREAD_COMPLETED_EXTENSION(thread_ptr)   {                                              
 345:Middlewares/ST/threadx/ports/cortex_m7/gnu/inc/tx_port.h ****                                                     ULONG  _tx_vfp_state;                          
 346:Middlewares/ST/threadx/ports/cortex_m7/gnu/inc/tx_port.h ****                                                         _tx_vfp_state =  __get_control_value();    
 347:Middlewares/ST/threadx/ports/cortex_m7/gnu/inc/tx_port.h ****                                                         _tx_vfp_state =  _tx_vfp_state & ~((ULONG) 
 348:Middlewares/ST/threadx/ports/cortex_m7/gnu/inc/tx_port.h ****                                                         __set_control_value(_tx_vfp_state);        
 349:Middlewares/ST/threadx/ports/cortex_m7/gnu/inc/tx_port.h ****                                                     }
 350:Middlewares/ST/threadx/ports/cortex_m7/gnu/inc/tx_port.h **** #else
 351:Middlewares/ST/threadx/ports/cortex_m7/gnu/inc/tx_port.h **** 
 352:Middlewares/ST/threadx/ports/cortex_m7/gnu/inc/tx_port.h **** #define TX_THREAD_COMPLETED_EXTENSION(thread_ptr)   {                                              
 353:Middlewares/ST/threadx/ports/cortex_m7/gnu/inc/tx_port.h ****                                                     ULONG  _tx_vfp_state;                          
 354:Middlewares/ST/threadx/ports/cortex_m7/gnu/inc/tx_port.h ****                                                         _tx_vfp_state =  _tx_misra_control_get();  
 355:Middlewares/ST/threadx/ports/cortex_m7/gnu/inc/tx_port.h ****                                                         _tx_vfp_state =  _tx_vfp_state & ~((ULONG) 
 356:Middlewares/ST/threadx/ports/cortex_m7/gnu/inc/tx_port.h ****                                                         _tx_misra_control_set(_tx_vfp_state);      
 357:Middlewares/ST/threadx/ports/cortex_m7/gnu/inc/tx_port.h ****                                                     }
 358:Middlewares/ST/threadx/ports/cortex_m7/gnu/inc/tx_port.h **** 
 359:Middlewares/ST/threadx/ports/cortex_m7/gnu/inc/tx_port.h **** #endif
 360:Middlewares/ST/threadx/ports/cortex_m7/gnu/inc/tx_port.h **** 
 361:Middlewares/ST/threadx/ports/cortex_m7/gnu/inc/tx_port.h **** /* A thread can be terminated by another thread, so we first check if it's self-terminating and not
 362:Middlewares/ST/threadx/ports/cortex_m7/gnu/inc/tx_port.h ****    If so, deactivate the FPU via CONTROL.FPCA. Otherwise we are in an interrupt or another thread i
 363:Middlewares/ST/threadx/ports/cortex_m7/gnu/inc/tx_port.h ****    this one, so if the FPCCR.LSPACT bit is set, we need to save the CONTROL.FPCA state, touch the F
ARM GAS  /tmp/cc9HYvAG.s 			page 10


 364:Middlewares/ST/threadx/ports/cortex_m7/gnu/inc/tx_port.h ****    the lazy FPU save, then restore the CONTROL.FPCA state. */
 365:Middlewares/ST/threadx/ports/cortex_m7/gnu/inc/tx_port.h **** 
 366:Middlewares/ST/threadx/ports/cortex_m7/gnu/inc/tx_port.h **** #ifndef TX_MISRA_ENABLE
 367:Middlewares/ST/threadx/ports/cortex_m7/gnu/inc/tx_port.h **** 
 368:Middlewares/ST/threadx/ports/cortex_m7/gnu/inc/tx_port.h **** #define TX_THREAD_TERMINATED_EXTENSION(thread_ptr)  {                                              
 369:Middlewares/ST/threadx/ports/cortex_m7/gnu/inc/tx_port.h ****                                                     ULONG  _tx_system_state;                       
 370:Middlewares/ST/threadx/ports/cortex_m7/gnu/inc/tx_port.h ****                                                         _tx_system_state =  TX_THREAD_GET_SYSTEM_ST
 371:Middlewares/ST/threadx/ports/cortex_m7/gnu/inc/tx_port.h ****                                                         if ((_tx_system_state == ((ULONG) 0)) && ((
 372:Middlewares/ST/threadx/ports/cortex_m7/gnu/inc/tx_port.h ****                                                         {                                          
 373:Middlewares/ST/threadx/ports/cortex_m7/gnu/inc/tx_port.h ****                                                         ULONG  _tx_vfp_state;                      
 374:Middlewares/ST/threadx/ports/cortex_m7/gnu/inc/tx_port.h ****                                                             _tx_vfp_state =  __get_control_value();
 375:Middlewares/ST/threadx/ports/cortex_m7/gnu/inc/tx_port.h ****                                                             _tx_vfp_state =  _tx_vfp_state & ~((ULO
 376:Middlewares/ST/threadx/ports/cortex_m7/gnu/inc/tx_port.h ****                                                             __set_control_value(_tx_vfp_state);    
 377:Middlewares/ST/threadx/ports/cortex_m7/gnu/inc/tx_port.h ****                                                         }                                          
 378:Middlewares/ST/threadx/ports/cortex_m7/gnu/inc/tx_port.h ****                                                         else                                       
 379:Middlewares/ST/threadx/ports/cortex_m7/gnu/inc/tx_port.h ****                                                         {                                          
 380:Middlewares/ST/threadx/ports/cortex_m7/gnu/inc/tx_port.h ****                                                         ULONG  _tx_fpccr;                          
 381:Middlewares/ST/threadx/ports/cortex_m7/gnu/inc/tx_port.h ****                                                             _tx_fpccr =  *((ULONG *) 0xE000EF34);  
 382:Middlewares/ST/threadx/ports/cortex_m7/gnu/inc/tx_port.h ****                                                             _tx_fpccr =  _tx_fpccr & ((ULONG) 0x01)
 383:Middlewares/ST/threadx/ports/cortex_m7/gnu/inc/tx_port.h ****                                                             if (_tx_fpccr == ((ULONG) 0x01))       
 384:Middlewares/ST/threadx/ports/cortex_m7/gnu/inc/tx_port.h ****                                                             {                                      
 385:Middlewares/ST/threadx/ports/cortex_m7/gnu/inc/tx_port.h ****                                                             ULONG _tx_vfp_state;                   
 386:Middlewares/ST/threadx/ports/cortex_m7/gnu/inc/tx_port.h ****                                                                 _tx_vfp_state = __get_control_value
 387:Middlewares/ST/threadx/ports/cortex_m7/gnu/inc/tx_port.h ****                                                                 _tx_vfp_state =  _tx_vfp_state & ((
 388:Middlewares/ST/threadx/ports/cortex_m7/gnu/inc/tx_port.h ****                                                                 TX_VFP_TOUCH();                    
 389:Middlewares/ST/threadx/ports/cortex_m7/gnu/inc/tx_port.h ****                                                                 if (_tx_vfp_state == ((ULONG) 0))  
 390:Middlewares/ST/threadx/ports/cortex_m7/gnu/inc/tx_port.h ****                                                                 {                                  
 391:Middlewares/ST/threadx/ports/cortex_m7/gnu/inc/tx_port.h ****                                                                     _tx_vfp_state =  __get_control_
 392:Middlewares/ST/threadx/ports/cortex_m7/gnu/inc/tx_port.h ****                                                                     _tx_vfp_state =  _tx_vfp_state 
 393:Middlewares/ST/threadx/ports/cortex_m7/gnu/inc/tx_port.h ****                                                                     __set_control_value(_tx_vfp_sta
 394:Middlewares/ST/threadx/ports/cortex_m7/gnu/inc/tx_port.h ****                                                                 }                                  
 395:Middlewares/ST/threadx/ports/cortex_m7/gnu/inc/tx_port.h ****                                                             }                                      
 396:Middlewares/ST/threadx/ports/cortex_m7/gnu/inc/tx_port.h ****                                                         }                                          
 397:Middlewares/ST/threadx/ports/cortex_m7/gnu/inc/tx_port.h ****                                                     }
 398:Middlewares/ST/threadx/ports/cortex_m7/gnu/inc/tx_port.h **** #else
 399:Middlewares/ST/threadx/ports/cortex_m7/gnu/inc/tx_port.h **** 
 400:Middlewares/ST/threadx/ports/cortex_m7/gnu/inc/tx_port.h **** #define TX_THREAD_TERMINATED_EXTENSION(thread_ptr)  {                                              
 401:Middlewares/ST/threadx/ports/cortex_m7/gnu/inc/tx_port.h ****                                                     ULONG  _tx_system_state;                       
 402:Middlewares/ST/threadx/ports/cortex_m7/gnu/inc/tx_port.h ****                                                         _tx_system_state =  TX_THREAD_GET_SYSTEM_ST
 403:Middlewares/ST/threadx/ports/cortex_m7/gnu/inc/tx_port.h ****                                                         if ((_tx_system_state == ((ULONG) 0)) && ((
 404:Middlewares/ST/threadx/ports/cortex_m7/gnu/inc/tx_port.h ****                                                         {                                          
 405:Middlewares/ST/threadx/ports/cortex_m7/gnu/inc/tx_port.h ****                                                         ULONG  _tx_vfp_state;                      
 406:Middlewares/ST/threadx/ports/cortex_m7/gnu/inc/tx_port.h ****                                                             _tx_vfp_state =  _tx_misra_control_get(
 407:Middlewares/ST/threadx/ports/cortex_m7/gnu/inc/tx_port.h ****                                                             _tx_vfp_state =  _tx_vfp_state & ~((ULO
 408:Middlewares/ST/threadx/ports/cortex_m7/gnu/inc/tx_port.h ****                                                             _tx_misra_control_set(_tx_vfp_state);  
 409:Middlewares/ST/threadx/ports/cortex_m7/gnu/inc/tx_port.h ****                                                         }                                          
 410:Middlewares/ST/threadx/ports/cortex_m7/gnu/inc/tx_port.h ****                                                         else                                       
 411:Middlewares/ST/threadx/ports/cortex_m7/gnu/inc/tx_port.h ****                                                         {                                          
 412:Middlewares/ST/threadx/ports/cortex_m7/gnu/inc/tx_port.h ****                                                         ULONG  _tx_fpccr;                          
 413:Middlewares/ST/threadx/ports/cortex_m7/gnu/inc/tx_port.h ****                                                             _tx_fpccr =  _tx_misra_fpccr_get();    
 414:Middlewares/ST/threadx/ports/cortex_m7/gnu/inc/tx_port.h ****                                                             _tx_fpccr =  _tx_fpccr & ((ULONG) 0x01)
 415:Middlewares/ST/threadx/ports/cortex_m7/gnu/inc/tx_port.h ****                                                             if (_tx_fpccr == ((ULONG) 0x01))       
 416:Middlewares/ST/threadx/ports/cortex_m7/gnu/inc/tx_port.h ****                                                             {                                      
 417:Middlewares/ST/threadx/ports/cortex_m7/gnu/inc/tx_port.h ****                                                             ULONG _tx_vfp_state;                   
 418:Middlewares/ST/threadx/ports/cortex_m7/gnu/inc/tx_port.h ****                                                                 _tx_vfp_state = _tx_misra_control_g
 419:Middlewares/ST/threadx/ports/cortex_m7/gnu/inc/tx_port.h ****                                                                 _tx_vfp_state =  _tx_vfp_state & ((
 420:Middlewares/ST/threadx/ports/cortex_m7/gnu/inc/tx_port.h ****                                                                 _tx_misra_vfp_touch();             
ARM GAS  /tmp/cc9HYvAG.s 			page 11


 421:Middlewares/ST/threadx/ports/cortex_m7/gnu/inc/tx_port.h ****                                                                 if (_tx_vfp_state == ((ULONG) 0))  
 422:Middlewares/ST/threadx/ports/cortex_m7/gnu/inc/tx_port.h ****                                                                 {                                  
 423:Middlewares/ST/threadx/ports/cortex_m7/gnu/inc/tx_port.h ****                                                                     _tx_vfp_state =  _tx_misra_cont
 424:Middlewares/ST/threadx/ports/cortex_m7/gnu/inc/tx_port.h ****                                                                     _tx_vfp_state =  _tx_vfp_state 
 425:Middlewares/ST/threadx/ports/cortex_m7/gnu/inc/tx_port.h ****                                                                     _tx_misra_control_set(_tx_vfp_s
 426:Middlewares/ST/threadx/ports/cortex_m7/gnu/inc/tx_port.h ****                                                                 }                                  
 427:Middlewares/ST/threadx/ports/cortex_m7/gnu/inc/tx_port.h ****                                                             }                                      
 428:Middlewares/ST/threadx/ports/cortex_m7/gnu/inc/tx_port.h ****                                                         }                                          
 429:Middlewares/ST/threadx/ports/cortex_m7/gnu/inc/tx_port.h ****                                                     }
 430:Middlewares/ST/threadx/ports/cortex_m7/gnu/inc/tx_port.h **** #endif
 431:Middlewares/ST/threadx/ports/cortex_m7/gnu/inc/tx_port.h **** 
 432:Middlewares/ST/threadx/ports/cortex_m7/gnu/inc/tx_port.h **** #else   /* No VFP in use */
 433:Middlewares/ST/threadx/ports/cortex_m7/gnu/inc/tx_port.h **** 
 434:Middlewares/ST/threadx/ports/cortex_m7/gnu/inc/tx_port.h **** #define TX_THREAD_COMPLETED_EXTENSION(thread_ptr)
 435:Middlewares/ST/threadx/ports/cortex_m7/gnu/inc/tx_port.h **** #define TX_THREAD_TERMINATED_EXTENSION(thread_ptr)
 436:Middlewares/ST/threadx/ports/cortex_m7/gnu/inc/tx_port.h **** 
 437:Middlewares/ST/threadx/ports/cortex_m7/gnu/inc/tx_port.h **** #endif  /* defined(__ARMVFP__) || defined(__ARM_PCS_VFP) || defined(__ARM_FP) || defined(__TARGET_F
 438:Middlewares/ST/threadx/ports/cortex_m7/gnu/inc/tx_port.h **** 
 439:Middlewares/ST/threadx/ports/cortex_m7/gnu/inc/tx_port.h **** 
 440:Middlewares/ST/threadx/ports/cortex_m7/gnu/inc/tx_port.h **** /* Define the ThreadX object creation extensions for the remaining objects.  */
 441:Middlewares/ST/threadx/ports/cortex_m7/gnu/inc/tx_port.h **** 
 442:Middlewares/ST/threadx/ports/cortex_m7/gnu/inc/tx_port.h **** #define TX_BLOCK_POOL_CREATE_EXTENSION(pool_ptr)
 443:Middlewares/ST/threadx/ports/cortex_m7/gnu/inc/tx_port.h **** #define TX_BYTE_POOL_CREATE_EXTENSION(pool_ptr)
 444:Middlewares/ST/threadx/ports/cortex_m7/gnu/inc/tx_port.h **** #define TX_EVENT_FLAGS_GROUP_CREATE_EXTENSION(group_ptr)
 445:Middlewares/ST/threadx/ports/cortex_m7/gnu/inc/tx_port.h **** #define TX_MUTEX_CREATE_EXTENSION(mutex_ptr)
 446:Middlewares/ST/threadx/ports/cortex_m7/gnu/inc/tx_port.h **** #define TX_QUEUE_CREATE_EXTENSION(queue_ptr)
 447:Middlewares/ST/threadx/ports/cortex_m7/gnu/inc/tx_port.h **** #define TX_SEMAPHORE_CREATE_EXTENSION(semaphore_ptr)
 448:Middlewares/ST/threadx/ports/cortex_m7/gnu/inc/tx_port.h **** #define TX_TIMER_CREATE_EXTENSION(timer_ptr)
 449:Middlewares/ST/threadx/ports/cortex_m7/gnu/inc/tx_port.h **** 
 450:Middlewares/ST/threadx/ports/cortex_m7/gnu/inc/tx_port.h **** 
 451:Middlewares/ST/threadx/ports/cortex_m7/gnu/inc/tx_port.h **** /* Define the ThreadX object deletion extensions for the remaining objects.  */
 452:Middlewares/ST/threadx/ports/cortex_m7/gnu/inc/tx_port.h **** 
 453:Middlewares/ST/threadx/ports/cortex_m7/gnu/inc/tx_port.h **** #define TX_BLOCK_POOL_DELETE_EXTENSION(pool_ptr)
 454:Middlewares/ST/threadx/ports/cortex_m7/gnu/inc/tx_port.h **** #define TX_BYTE_POOL_DELETE_EXTENSION(pool_ptr)
 455:Middlewares/ST/threadx/ports/cortex_m7/gnu/inc/tx_port.h **** #define TX_EVENT_FLAGS_GROUP_DELETE_EXTENSION(group_ptr)
 456:Middlewares/ST/threadx/ports/cortex_m7/gnu/inc/tx_port.h **** #define TX_MUTEX_DELETE_EXTENSION(mutex_ptr)
 457:Middlewares/ST/threadx/ports/cortex_m7/gnu/inc/tx_port.h **** #define TX_QUEUE_DELETE_EXTENSION(queue_ptr)
 458:Middlewares/ST/threadx/ports/cortex_m7/gnu/inc/tx_port.h **** #define TX_SEMAPHORE_DELETE_EXTENSION(semaphore_ptr)
 459:Middlewares/ST/threadx/ports/cortex_m7/gnu/inc/tx_port.h **** #define TX_TIMER_DELETE_EXTENSION(timer_ptr)
 460:Middlewares/ST/threadx/ports/cortex_m7/gnu/inc/tx_port.h **** 
 461:Middlewares/ST/threadx/ports/cortex_m7/gnu/inc/tx_port.h **** 
 462:Middlewares/ST/threadx/ports/cortex_m7/gnu/inc/tx_port.h **** /* Define the get system state macro.  */
 463:Middlewares/ST/threadx/ports/cortex_m7/gnu/inc/tx_port.h **** 
 464:Middlewares/ST/threadx/ports/cortex_m7/gnu/inc/tx_port.h **** #ifndef TX_THREAD_GET_SYSTEM_STATE
 465:Middlewares/ST/threadx/ports/cortex_m7/gnu/inc/tx_port.h **** #ifndef TX_MISRA_ENABLE
 466:Middlewares/ST/threadx/ports/cortex_m7/gnu/inc/tx_port.h **** 
 467:Middlewares/ST/threadx/ports/cortex_m7/gnu/inc/tx_port.h **** #ifdef __CC_ARM /* ARM Compiler 5 */
 468:Middlewares/ST/threadx/ports/cortex_m7/gnu/inc/tx_port.h **** 
 469:Middlewares/ST/threadx/ports/cortex_m7/gnu/inc/tx_port.h **** register unsigned int _ipsr __asm("ipsr");
 470:Middlewares/ST/threadx/ports/cortex_m7/gnu/inc/tx_port.h **** #define TX_THREAD_GET_SYSTEM_STATE()        (_tx_thread_system_state | _ipsr)
 471:Middlewares/ST/threadx/ports/cortex_m7/gnu/inc/tx_port.h **** 
 472:Middlewares/ST/threadx/ports/cortex_m7/gnu/inc/tx_port.h **** #elif defined(__GNUC__) /* GCC and ARM Compiler 6 */
 473:Middlewares/ST/threadx/ports/cortex_m7/gnu/inc/tx_port.h **** 
 474:Middlewares/ST/threadx/ports/cortex_m7/gnu/inc/tx_port.h **** __attribute__( ( always_inline ) ) static inline unsigned int __get_ipsr_value(void)
 475:Middlewares/ST/threadx/ports/cortex_m7/gnu/inc/tx_port.h **** {
 476:Middlewares/ST/threadx/ports/cortex_m7/gnu/inc/tx_port.h **** unsigned int  ipsr_value;
 477:Middlewares/ST/threadx/ports/cortex_m7/gnu/inc/tx_port.h ****     __asm__ volatile (" MRS  %0,IPSR ": "=r" (ipsr_value) );
ARM GAS  /tmp/cc9HYvAG.s 			page 12


 478:Middlewares/ST/threadx/ports/cortex_m7/gnu/inc/tx_port.h ****     return(ipsr_value);
 479:Middlewares/ST/threadx/ports/cortex_m7/gnu/inc/tx_port.h **** }
 480:Middlewares/ST/threadx/ports/cortex_m7/gnu/inc/tx_port.h **** 
 481:Middlewares/ST/threadx/ports/cortex_m7/gnu/inc/tx_port.h **** #define TX_THREAD_GET_SYSTEM_STATE()        (_tx_thread_system_state | __get_ipsr_value())
 482:Middlewares/ST/threadx/ports/cortex_m7/gnu/inc/tx_port.h **** 
 483:Middlewares/ST/threadx/ports/cortex_m7/gnu/inc/tx_port.h **** #elif defined(__ICCARM__)   /* IAR */
 484:Middlewares/ST/threadx/ports/cortex_m7/gnu/inc/tx_port.h **** 
 485:Middlewares/ST/threadx/ports/cortex_m7/gnu/inc/tx_port.h **** #define TX_THREAD_GET_SYSTEM_STATE()        (_tx_thread_system_state | __get_IPSR())
 486:Middlewares/ST/threadx/ports/cortex_m7/gnu/inc/tx_port.h **** 
 487:Middlewares/ST/threadx/ports/cortex_m7/gnu/inc/tx_port.h **** #endif  /* TX_THREAD_GET_SYSTEM_STATE for different compilers */
 488:Middlewares/ST/threadx/ports/cortex_m7/gnu/inc/tx_port.h **** 
 489:Middlewares/ST/threadx/ports/cortex_m7/gnu/inc/tx_port.h **** #else   /* TX_MISRA_ENABLE is defined, use MISRA function. */
 490:Middlewares/ST/threadx/ports/cortex_m7/gnu/inc/tx_port.h **** ULONG   _tx_misra_ipsr_get(VOID);
 491:Middlewares/ST/threadx/ports/cortex_m7/gnu/inc/tx_port.h **** #define TX_THREAD_GET_SYSTEM_STATE()        (_tx_thread_system_state | _tx_misra_ipsr_get())
 492:Middlewares/ST/threadx/ports/cortex_m7/gnu/inc/tx_port.h **** #endif  /* TX_MISRA_ENABLE */
 493:Middlewares/ST/threadx/ports/cortex_m7/gnu/inc/tx_port.h **** #endif  /* TX_THREAD_GET_SYSTEM_STATE */
 494:Middlewares/ST/threadx/ports/cortex_m7/gnu/inc/tx_port.h **** 
 495:Middlewares/ST/threadx/ports/cortex_m7/gnu/inc/tx_port.h **** 
 496:Middlewares/ST/threadx/ports/cortex_m7/gnu/inc/tx_port.h **** /* Define the check for whether or not to call the _tx_thread_system_return function.  A non-zero v
 497:Middlewares/ST/threadx/ports/cortex_m7/gnu/inc/tx_port.h ****    indicates that _tx_thread_system_return should not be called. This overrides the definition in t
 498:Middlewares/ST/threadx/ports/cortex_m7/gnu/inc/tx_port.h ****    for Cortex-M since so we don't waste time checking the _tx_thread_system_state variable that is 
 499:Middlewares/ST/threadx/ports/cortex_m7/gnu/inc/tx_port.h ****    zero after initialization for Cortex-M ports. */
 500:Middlewares/ST/threadx/ports/cortex_m7/gnu/inc/tx_port.h **** 
 501:Middlewares/ST/threadx/ports/cortex_m7/gnu/inc/tx_port.h **** #ifndef TX_THREAD_SYSTEM_RETURN_CHECK
 502:Middlewares/ST/threadx/ports/cortex_m7/gnu/inc/tx_port.h **** #define TX_THREAD_SYSTEM_RETURN_CHECK(c)    (c) = ((ULONG) _tx_thread_preempt_disable);
 503:Middlewares/ST/threadx/ports/cortex_m7/gnu/inc/tx_port.h **** #endif
 504:Middlewares/ST/threadx/ports/cortex_m7/gnu/inc/tx_port.h **** 
 505:Middlewares/ST/threadx/ports/cortex_m7/gnu/inc/tx_port.h **** /* Define the macro to ensure _tx_thread_preempt_disable is set early in initialization in order to
 506:Middlewares/ST/threadx/ports/cortex_m7/gnu/inc/tx_port.h ****    prevent early scheduling on Cortex-M parts.  */
 507:Middlewares/ST/threadx/ports/cortex_m7/gnu/inc/tx_port.h **** 
 508:Middlewares/ST/threadx/ports/cortex_m7/gnu/inc/tx_port.h **** #define TX_PORT_SPECIFIC_POST_INITIALIZATION    _tx_thread_preempt_disable++;
 509:Middlewares/ST/threadx/ports/cortex_m7/gnu/inc/tx_port.h **** 
 510:Middlewares/ST/threadx/ports/cortex_m7/gnu/inc/tx_port.h **** 
 511:Middlewares/ST/threadx/ports/cortex_m7/gnu/inc/tx_port.h **** 
 512:Middlewares/ST/threadx/ports/cortex_m7/gnu/inc/tx_port.h **** 
 513:Middlewares/ST/threadx/ports/cortex_m7/gnu/inc/tx_port.h **** #ifndef TX_DISABLE_INLINE
 514:Middlewares/ST/threadx/ports/cortex_m7/gnu/inc/tx_port.h **** 
 515:Middlewares/ST/threadx/ports/cortex_m7/gnu/inc/tx_port.h **** /* Define the TX_LOWEST_SET_BIT_CALCULATE macro for each compiler. */
 516:Middlewares/ST/threadx/ports/cortex_m7/gnu/inc/tx_port.h **** #ifdef __ICCARM__       /* IAR Compiler */
 517:Middlewares/ST/threadx/ports/cortex_m7/gnu/inc/tx_port.h **** #define TX_LOWEST_SET_BIT_CALCULATE(m, b)       (b) = (UINT) __CLZ(__RBIT((m)));
 518:Middlewares/ST/threadx/ports/cortex_m7/gnu/inc/tx_port.h **** #elif defined(__CC_ARM) /* AC5 Compiler */
 519:Middlewares/ST/threadx/ports/cortex_m7/gnu/inc/tx_port.h **** #define TX_LOWEST_SET_BIT_CALCULATE(m, b)       (b) = (UINT) __clz(__rbit((m)));
 520:Middlewares/ST/threadx/ports/cortex_m7/gnu/inc/tx_port.h **** #elif defined(__GNUC__) /* GCC and AC6 Compiler */
 521:Middlewares/ST/threadx/ports/cortex_m7/gnu/inc/tx_port.h **** #define TX_LOWEST_SET_BIT_CALCULATE(m, b)       __asm__ volatile (" RBIT %0,%1 ": "=r" (m) : "r" (m
 522:Middlewares/ST/threadx/ports/cortex_m7/gnu/inc/tx_port.h ****                                                 __asm__ volatile (" CLZ  %0,%1 ": "=r" (b) : "r" (m
 523:Middlewares/ST/threadx/ports/cortex_m7/gnu/inc/tx_port.h **** #endif
 524:Middlewares/ST/threadx/ports/cortex_m7/gnu/inc/tx_port.h **** 
 525:Middlewares/ST/threadx/ports/cortex_m7/gnu/inc/tx_port.h **** 
 526:Middlewares/ST/threadx/ports/cortex_m7/gnu/inc/tx_port.h **** 
 527:Middlewares/ST/threadx/ports/cortex_m7/gnu/inc/tx_port.h **** /* Define the interrupt disable/restore macros for each compiler. */
 528:Middlewares/ST/threadx/ports/cortex_m7/gnu/inc/tx_port.h **** 
 529:Middlewares/ST/threadx/ports/cortex_m7/gnu/inc/tx_port.h **** #if defined(__GNUC__) || defined(__ICCARM__)
 530:Middlewares/ST/threadx/ports/cortex_m7/gnu/inc/tx_port.h **** 
 531:Middlewares/ST/threadx/ports/cortex_m7/gnu/inc/tx_port.h **** /*** GCC/AC6 and IAR ***/
 532:Middlewares/ST/threadx/ports/cortex_m7/gnu/inc/tx_port.h **** 
 533:Middlewares/ST/threadx/ports/cortex_m7/gnu/inc/tx_port.h **** __attribute__( ( always_inline ) ) static inline unsigned int __get_interrupt_posture(void)
 534:Middlewares/ST/threadx/ports/cortex_m7/gnu/inc/tx_port.h **** {
ARM GAS  /tmp/cc9HYvAG.s 			page 13


 535:Middlewares/ST/threadx/ports/cortex_m7/gnu/inc/tx_port.h **** unsigned int posture;
 536:Middlewares/ST/threadx/ports/cortex_m7/gnu/inc/tx_port.h **** #ifdef TX_PORT_USE_BASEPRI
 537:Middlewares/ST/threadx/ports/cortex_m7/gnu/inc/tx_port.h ****     __asm__ volatile ("MRS  %0, BASEPRI ": "=r" (posture));
 538:Middlewares/ST/threadx/ports/cortex_m7/gnu/inc/tx_port.h **** #else
 539:Middlewares/ST/threadx/ports/cortex_m7/gnu/inc/tx_port.h ****     __asm__ volatile ("MRS  %0, PRIMASK ": "=r" (posture));
 540:Middlewares/ST/threadx/ports/cortex_m7/gnu/inc/tx_port.h **** #endif
 541:Middlewares/ST/threadx/ports/cortex_m7/gnu/inc/tx_port.h ****     return(posture);
 542:Middlewares/ST/threadx/ports/cortex_m7/gnu/inc/tx_port.h **** }
 543:Middlewares/ST/threadx/ports/cortex_m7/gnu/inc/tx_port.h **** 
 544:Middlewares/ST/threadx/ports/cortex_m7/gnu/inc/tx_port.h **** #ifdef TX_PORT_USE_BASEPRI
 545:Middlewares/ST/threadx/ports/cortex_m7/gnu/inc/tx_port.h **** __attribute__( ( always_inline ) ) static inline void __set_basepri_value(unsigned int basepri_valu
 546:Middlewares/ST/threadx/ports/cortex_m7/gnu/inc/tx_port.h **** {
 547:Middlewares/ST/threadx/ports/cortex_m7/gnu/inc/tx_port.h ****     __asm__ volatile ("MSR  BASEPRI,%0 ": : "r" (basepri_value));
 548:Middlewares/ST/threadx/ports/cortex_m7/gnu/inc/tx_port.h **** }
 549:Middlewares/ST/threadx/ports/cortex_m7/gnu/inc/tx_port.h **** #else
 550:Middlewares/ST/threadx/ports/cortex_m7/gnu/inc/tx_port.h **** __attribute__( ( always_inline ) ) static inline void __enable_interrupts(void)
 551:Middlewares/ST/threadx/ports/cortex_m7/gnu/inc/tx_port.h **** {
 552:Middlewares/ST/threadx/ports/cortex_m7/gnu/inc/tx_port.h ****     __asm__ volatile ("CPSIE  i": : : "memory");
 553:Middlewares/ST/threadx/ports/cortex_m7/gnu/inc/tx_port.h **** }
 554:Middlewares/ST/threadx/ports/cortex_m7/gnu/inc/tx_port.h **** #endif
 555:Middlewares/ST/threadx/ports/cortex_m7/gnu/inc/tx_port.h **** 
 556:Middlewares/ST/threadx/ports/cortex_m7/gnu/inc/tx_port.h **** __attribute__( ( always_inline ) ) static inline void __restore_interrupt(unsigned int int_posture)
 557:Middlewares/ST/threadx/ports/cortex_m7/gnu/inc/tx_port.h **** {
 558:Middlewares/ST/threadx/ports/cortex_m7/gnu/inc/tx_port.h **** #ifdef TX_PORT_USE_BASEPRI
 559:Middlewares/ST/threadx/ports/cortex_m7/gnu/inc/tx_port.h ****     __set_basepri_value(int_posture);
 560:Middlewares/ST/threadx/ports/cortex_m7/gnu/inc/tx_port.h ****     //__asm__ volatile ("MSR  BASEPRI,%0": : "r" (int_posture): "memory");
 561:Middlewares/ST/threadx/ports/cortex_m7/gnu/inc/tx_port.h **** #else
 562:Middlewares/ST/threadx/ports/cortex_m7/gnu/inc/tx_port.h ****     __asm__ volatile ("MSR  PRIMASK,%0": : "r" (int_posture): "memory");
 563:Middlewares/ST/threadx/ports/cortex_m7/gnu/inc/tx_port.h **** #endif
 564:Middlewares/ST/threadx/ports/cortex_m7/gnu/inc/tx_port.h **** }
 565:Middlewares/ST/threadx/ports/cortex_m7/gnu/inc/tx_port.h **** 
 566:Middlewares/ST/threadx/ports/cortex_m7/gnu/inc/tx_port.h **** __attribute__( ( always_inline ) ) static inline unsigned int __disable_interrupts(void)
  55              		.loc 2 566 63 view .LVU10
  56              	.LBB18:
 567:Middlewares/ST/threadx/ports/cortex_m7/gnu/inc/tx_port.h **** {
 568:Middlewares/ST/threadx/ports/cortex_m7/gnu/inc/tx_port.h **** unsigned int int_posture;
  57              		.loc 2 568 1 view .LVU11
 569:Middlewares/ST/threadx/ports/cortex_m7/gnu/inc/tx_port.h **** 
 570:Middlewares/ST/threadx/ports/cortex_m7/gnu/inc/tx_port.h ****     int_posture = __get_interrupt_posture();
  58              		.loc 2 570 5 view .LVU12
  59              	.LBB19:
  60              	.LBI19:
 533:Middlewares/ST/threadx/ports/cortex_m7/gnu/inc/tx_port.h **** {
  61              		.loc 2 533 63 view .LVU13
  62              	.LBB20:
 535:Middlewares/ST/threadx/ports/cortex_m7/gnu/inc/tx_port.h **** #ifdef TX_PORT_USE_BASEPRI
  63              		.loc 2 535 1 view .LVU14
 539:Middlewares/ST/threadx/ports/cortex_m7/gnu/inc/tx_port.h **** #endif
  64              		.loc 2 539 5 view .LVU15
  65              		.syntax unified
  66              	@ 539 "Middlewares/ST/threadx/ports/cortex_m7/gnu/inc/tx_port.h" 1
  67 0006 EFF31085 		MRS  r5, PRIMASK 
  68              	@ 0 "" 2
  69              	.LVL2:
 541:Middlewares/ST/threadx/ports/cortex_m7/gnu/inc/tx_port.h **** }
  70              		.loc 2 541 5 view .LVU16
 541:Middlewares/ST/threadx/ports/cortex_m7/gnu/inc/tx_port.h **** }
ARM GAS  /tmp/cc9HYvAG.s 			page 14


  71              		.loc 2 541 5 is_stmt 0 view .LVU17
  72              		.thumb
  73              		.syntax unified
  74              	.LBE20:
  75              	.LBE19:
 571:Middlewares/ST/threadx/ports/cortex_m7/gnu/inc/tx_port.h **** 
 572:Middlewares/ST/threadx/ports/cortex_m7/gnu/inc/tx_port.h **** #ifdef TX_PORT_USE_BASEPRI
 573:Middlewares/ST/threadx/ports/cortex_m7/gnu/inc/tx_port.h ****     __set_basepri_value(TX_PORT_BASEPRI);
 574:Middlewares/ST/threadx/ports/cortex_m7/gnu/inc/tx_port.h **** #else
 575:Middlewares/ST/threadx/ports/cortex_m7/gnu/inc/tx_port.h ****     __asm__ volatile ("CPSID i" : : : "memory");
  76              		.loc 2 575 5 is_stmt 1 view .LVU18
  77              		.syntax unified
  78              	@ 575 "Middlewares/ST/threadx/ports/cortex_m7/gnu/inc/tx_port.h" 1
  79 000a 72B6     		CPSID i
  80              	@ 0 "" 2
 576:Middlewares/ST/threadx/ports/cortex_m7/gnu/inc/tx_port.h **** #endif
 577:Middlewares/ST/threadx/ports/cortex_m7/gnu/inc/tx_port.h ****     return(int_posture);
  81              		.loc 2 577 5 view .LVU19
  82              	.LVL3:
  83              		.loc 2 577 5 is_stmt 0 view .LVU20
  84              		.thumb
  85              		.syntax unified
  86              	.LBE18:
  87              	.LBE17:
  88              	.LBB21:
  98:Middlewares/ST/threadx/common/src/tx_semaphore_ceiling_put.c **** 
  99:Middlewares/ST/threadx/common/src/tx_semaphore_ceiling_put.c **** #ifdef TX_SEMAPHORE_ENABLE_PERFORMANCE_INFO
 100:Middlewares/ST/threadx/common/src/tx_semaphore_ceiling_put.c **** 
 101:Middlewares/ST/threadx/common/src/tx_semaphore_ceiling_put.c ****     /* Increment the total semaphore put counter.  */
 102:Middlewares/ST/threadx/common/src/tx_semaphore_ceiling_put.c ****     _tx_semaphore_performance_put_count++;
 103:Middlewares/ST/threadx/common/src/tx_semaphore_ceiling_put.c **** 
 104:Middlewares/ST/threadx/common/src/tx_semaphore_ceiling_put.c ****     /* Increment the number of puts on this semaphore.  */
 105:Middlewares/ST/threadx/common/src/tx_semaphore_ceiling_put.c ****     semaphore_ptr -> tx_semaphore_performance_put_count++;
 106:Middlewares/ST/threadx/common/src/tx_semaphore_ceiling_put.c **** #endif
 107:Middlewares/ST/threadx/common/src/tx_semaphore_ceiling_put.c **** 
 108:Middlewares/ST/threadx/common/src/tx_semaphore_ceiling_put.c ****     /* If trace is enabled, insert this event into the trace buffer.  */
 109:Middlewares/ST/threadx/common/src/tx_semaphore_ceiling_put.c ****     TX_TRACE_IN_LINE_INSERT(TX_TRACE_SEMAPHORE_CEILING_PUT, semaphore_ptr, semaphore_ptr -> tx_sema
  89              		.loc 1 109 5 is_stmt 1 view .LVU21
  90              		.loc 1 109 5 view .LVU22
  91              		.loc 1 109 5 view .LVU23
  92              		.loc 1 109 5 view .LVU24
  93              		.loc 1 109 5 view .LVU25
  94 000c 364B     		ldr	r3, .L14
  95 000e 1B68     		ldr	r3, [r3]
  96              	.LVL4:
  97              		.loc 1 109 5 view .LVU26
  98 0010 002B     		cmp	r3, #0
  99 0012 40D0     		beq	.L2
 100              		.loc 1 109 5 is_stmt 0 discriminator 1 view .LVU27
 101 0014 354A     		ldr	r2, .L14+4
 102 0016 1268     		ldr	r2, [r2]
 103 0018 12F0800F 		tst	r2, #128
 104 001c 3BD0     		beq	.L2
 105              		.loc 1 109 5 is_stmt 1 discriminator 2 view .LVU28
 106              	.LBB22:
 107              	.LBI22:
 474:Middlewares/ST/threadx/ports/cortex_m7/gnu/inc/tx_port.h **** {
ARM GAS  /tmp/cc9HYvAG.s 			page 15


 108              		.loc 2 474 63 view .LVU29
 109              	.LBB23:
 476:Middlewares/ST/threadx/ports/cortex_m7/gnu/inc/tx_port.h ****     __asm__ volatile (" MRS  %0,IPSR ": "=r" (ipsr_value) );
 110              		.loc 2 476 1 view .LVU30
 477:Middlewares/ST/threadx/ports/cortex_m7/gnu/inc/tx_port.h ****     return(ipsr_value);
 111              		.loc 2 477 5 view .LVU31
 112              		.syntax unified
 113              	@ 477 "Middlewares/ST/threadx/ports/cortex_m7/gnu/inc/tx_port.h" 1
 114 001e EFF30580 		 MRS  r0,IPSR 
 115              	@ 0 "" 2
 116              	.LVL5:
 478:Middlewares/ST/threadx/ports/cortex_m7/gnu/inc/tx_port.h **** }
 117              		.loc 2 478 5 view .LVU32
 478:Middlewares/ST/threadx/ports/cortex_m7/gnu/inc/tx_port.h **** }
 118              		.loc 2 478 5 is_stmt 0 view .LVU33
 119              		.thumb
 120              		.syntax unified
 121              	.LBE23:
 122              	.LBE22:
 123              		.loc 1 109 5 discriminator 1 view .LVU34
 124 0022 334A     		ldr	r2, .L14+8
 125 0024 1268     		ldr	r2, [r2]
 126              	.LVL6:
 127              		.loc 1 109 5 is_stmt 1 discriminator 1 view .LVU35
 128 0026 3349     		ldr	r1, .L14+12
 129              	.LVL7:
 130              		.loc 1 109 5 is_stmt 0 discriminator 1 view .LVU36
 131 0028 0968     		ldr	r1, [r1]
 132              	.LVL8:
 133              		.loc 1 109 5 is_stmt 1 discriminator 1 view .LVU37
 134 002a 0243     		orrs	r2, r2, r0
 135              	.LVL9:
 136              		.loc 1 109 5 is_stmt 0 discriminator 1 view .LVU38
 137 002c 23D1     		bne	.L3
 138              		.loc 1 109 5 is_stmt 1 discriminator 3 view .LVU39
 139 002e CA6A     		ldr	r2, [r1, #44]
 140              	.LVL10:
 141              		.loc 1 109 5 discriminator 3 view .LVU40
 142 0030 C86B     		ldr	r0, [r1, #60]
 143 0032 42EA0042 		orr	r2, r2, r0, lsl #16
 144              	.LVL11:
 145              		.loc 1 109 5 is_stmt 0 discriminator 3 view .LVU41
 146 0036 42F00042 		orr	r2, r2, #-2147483648
 147              	.LVL12:
 148              	.L4:
 149              		.loc 1 109 5 is_stmt 1 discriminator 9 view .LVU42
 150 003a 1960     		str	r1, [r3]
 151              		.loc 1 109 5 discriminator 9 view .LVU43
 152 003c 5A60     		str	r2, [r3, #4]
 153              		.loc 1 109 5 discriminator 9 view .LVU44
 154 003e 5022     		movs	r2, #80
 155              	.LVL13:
 156              		.loc 1 109 5 is_stmt 0 discriminator 9 view .LVU45
 157 0040 9A60     		str	r2, [r3, #8]
 158              		.loc 1 109 5 is_stmt 1 discriminator 9 view .LVU46
 159 0042 2D4A     		ldr	r2, .L14+16
 160 0044 5268     		ldr	r2, [r2, #4]
ARM GAS  /tmp/cc9HYvAG.s 			page 16


 161 0046 DA60     		str	r2, [r3, #12]
 162              		.loc 1 109 5 discriminator 9 view .LVU47
 163 0048 1C61     		str	r4, [r3, #16]
 164              		.loc 1 109 5 discriminator 9 view .LVU48
 165 004a A268     		ldr	r2, [r4, #8]
 166 004c 5A61     		str	r2, [r3, #20]
 167              		.loc 1 109 5 discriminator 9 view .LVU49
 168 004e 2269     		ldr	r2, [r4, #16]
 169 0050 9A61     		str	r2, [r3, #24]
 170              		.loc 1 109 5 discriminator 9 view .LVU50
 171 0052 DE61     		str	r6, [r3, #28]
 172              		.loc 1 109 5 discriminator 9 view .LVU51
 173 0054 2033     		adds	r3, r3, #32
 174              	.LVL14:
 175              		.loc 1 109 5 discriminator 9 view .LVU52
 176 0056 294A     		ldr	r2, .L14+20
 177 0058 1268     		ldr	r2, [r2]
 178 005a 9A42     		cmp	r2, r3
 179 005c 16D8     		bhi	.L5
 180              		.loc 1 109 5 discriminator 10 view .LVU53
 181 005e 284B     		ldr	r3, .L14+24
 182              	.LVL15:
 183              		.loc 1 109 5 is_stmt 0 discriminator 10 view .LVU54
 184 0060 1B68     		ldr	r3, [r3]
 185              	.LVL16:
 186              		.loc 1 109 5 is_stmt 1 discriminator 10 view .LVU55
 187 0062 214A     		ldr	r2, .L14
 188 0064 1360     		str	r3, [r2]
 189              		.loc 1 109 5 discriminator 10 view .LVU56
 190 0066 274A     		ldr	r2, .L14+28
 191 0068 1068     		ldr	r0, [r2]
 192 006a 0362     		str	r3, [r0, #32]
 193              		.loc 1 109 5 discriminator 10 view .LVU57
 194 006c 264B     		ldr	r3, .L14+32
 195              	.LVL17:
 196              		.loc 1 109 5 is_stmt 0 discriminator 10 view .LVU58
 197 006e 1B68     		ldr	r3, [r3]
 198 0070 8BB1     		cbz	r3, .L2
 199              		.loc 1 109 5 is_stmt 1 discriminator 12 view .LVU59
 200 0072 9847     		blx	r3
 201              	.LVL18:
 202              		.loc 1 109 5 is_stmt 0 discriminator 12 view .LVU60
 203 0074 0FE0     		b	.L2
 204              	.LVL19:
 205              	.L3:
 206              		.loc 1 109 5 is_stmt 1 discriminator 4 view .LVU61
 207 0076 B2F1F03F 		cmp	r2, #-252645136
 208 007a 03D2     		bcs	.L11
 209              		.loc 1 109 5 discriminator 6 view .LVU62
 210 007c 0A46     		mov	r2, r1
 211              	.LVL20:
 212              		.loc 1 109 5 discriminator 6 view .LVU63
 213              		.loc 1 109 5 is_stmt 0 discriminator 6 view .LVU64
 214 007e 4FF0FF31 		mov	r1, #-1
 215 0082 DAE7     		b	.L4
 216              	.LVL21:
 217              	.L11:
ARM GAS  /tmp/cc9HYvAG.s 			page 17


 218              		.loc 1 109 5 discriminator 7 view .LVU65
 219 0084 4FF0F031 		mov	r1, #-252645136
 220              	.LVL22:
 221              		.loc 1 109 5 discriminator 7 view .LVU66
 222 0088 0022     		movs	r2, #0
 223              	.LVL23:
 224              		.loc 1 109 5 discriminator 7 view .LVU67
 225 008a D6E7     		b	.L4
 226              	.LVL24:
 227              	.L5:
 228              		.loc 1 109 5 is_stmt 1 discriminator 11 view .LVU68
 229 008c 164A     		ldr	r2, .L14
 230 008e 1360     		str	r3, [r2]
 231              		.loc 1 109 5 discriminator 11 view .LVU69
 232 0090 1C4A     		ldr	r2, .L14+28
 233 0092 1268     		ldr	r2, [r2]
 234 0094 1362     		str	r3, [r2, #32]
 235              	.LVL25:
 236              	.L2:
 237              		.loc 1 109 5 is_stmt 0 discriminator 11 view .LVU70
 238              	.LBE21:
 110:Middlewares/ST/threadx/common/src/tx_semaphore_ceiling_put.c **** 
 111:Middlewares/ST/threadx/common/src/tx_semaphore_ceiling_put.c ****     /* Log this kernel call.  */
 112:Middlewares/ST/threadx/common/src/tx_semaphore_ceiling_put.c ****     TX_EL_SEMAPHORE_CEILING_PUT_INSERT
 113:Middlewares/ST/threadx/common/src/tx_semaphore_ceiling_put.c **** 
 114:Middlewares/ST/threadx/common/src/tx_semaphore_ceiling_put.c ****     /* Pickup the number of suspended threads.  */
 115:Middlewares/ST/threadx/common/src/tx_semaphore_ceiling_put.c ****     suspended_count =  semaphore_ptr -> tx_semaphore_suspended_count;
 239              		.loc 1 115 5 is_stmt 1 view .LVU71
 240              		.loc 1 115 21 is_stmt 0 view .LVU72
 241 0096 2069     		ldr	r0, [r4, #16]
 242              	.LVL26:
 116:Middlewares/ST/threadx/common/src/tx_semaphore_ceiling_put.c **** 
 117:Middlewares/ST/threadx/common/src/tx_semaphore_ceiling_put.c ****     /* Determine if there are any threads suspended on the semaphore.  */
 118:Middlewares/ST/threadx/common/src/tx_semaphore_ceiling_put.c ****     if (suspended_count == TX_NO_SUSPENSIONS)
 243              		.loc 1 118 5 is_stmt 1 view .LVU73
 244              		.loc 1 118 8 is_stmt 0 view .LVU74
 245 0098 58B9     		cbnz	r0, .L6
 119:Middlewares/ST/threadx/common/src/tx_semaphore_ceiling_put.c ****     {
 120:Middlewares/ST/threadx/common/src/tx_semaphore_ceiling_put.c **** 
 121:Middlewares/ST/threadx/common/src/tx_semaphore_ceiling_put.c ****         /* Determine if the ceiling has been exceeded.  */
 122:Middlewares/ST/threadx/common/src/tx_semaphore_ceiling_put.c ****         if (semaphore_ptr -> tx_semaphore_count >= ceiling)
 246              		.loc 1 122 9 is_stmt 1 view .LVU75
 247              		.loc 1 122 27 is_stmt 0 view .LVU76
 248 009a A368     		ldr	r3, [r4, #8]
 249              		.loc 1 122 12 view .LVU77
 250 009c B342     		cmp	r3, r6
 251 009e 04D2     		bcs	.L13
 123:Middlewares/ST/threadx/common/src/tx_semaphore_ceiling_put.c ****         {
 124:Middlewares/ST/threadx/common/src/tx_semaphore_ceiling_put.c **** 
 125:Middlewares/ST/threadx/common/src/tx_semaphore_ceiling_put.c ****             /* Restore interrupts.  */
 126:Middlewares/ST/threadx/common/src/tx_semaphore_ceiling_put.c ****             TX_RESTORE
 127:Middlewares/ST/threadx/common/src/tx_semaphore_ceiling_put.c **** 
 128:Middlewares/ST/threadx/common/src/tx_semaphore_ceiling_put.c ****             /* Return an error.  */
 129:Middlewares/ST/threadx/common/src/tx_semaphore_ceiling_put.c ****             status =  TX_CEILING_EXCEEDED;
 130:Middlewares/ST/threadx/common/src/tx_semaphore_ceiling_put.c ****         }
 131:Middlewares/ST/threadx/common/src/tx_semaphore_ceiling_put.c ****         else
 132:Middlewares/ST/threadx/common/src/tx_semaphore_ceiling_put.c ****         {
ARM GAS  /tmp/cc9HYvAG.s 			page 18


 133:Middlewares/ST/threadx/common/src/tx_semaphore_ceiling_put.c **** 
 134:Middlewares/ST/threadx/common/src/tx_semaphore_ceiling_put.c ****             /* Increment the semaphore count.  */
 135:Middlewares/ST/threadx/common/src/tx_semaphore_ceiling_put.c ****             semaphore_ptr -> tx_semaphore_count++;
 252              		.loc 1 135 13 is_stmt 1 view .LVU78
 253              		.loc 1 135 48 is_stmt 0 view .LVU79
 254 00a0 0133     		adds	r3, r3, #1
 255 00a2 A360     		str	r3, [r4, #8]
 136:Middlewares/ST/threadx/common/src/tx_semaphore_ceiling_put.c **** 
 137:Middlewares/ST/threadx/common/src/tx_semaphore_ceiling_put.c **** #ifndef TX_DISABLE_NOTIFY_CALLBACKS
 138:Middlewares/ST/threadx/common/src/tx_semaphore_ceiling_put.c **** 
 139:Middlewares/ST/threadx/common/src/tx_semaphore_ceiling_put.c ****             /* Pickup the application notify function.  */
 140:Middlewares/ST/threadx/common/src/tx_semaphore_ceiling_put.c ****             semaphore_put_notify =  semaphore_ptr -> tx_semaphore_put_notify;
 141:Middlewares/ST/threadx/common/src/tx_semaphore_ceiling_put.c **** #endif
 142:Middlewares/ST/threadx/common/src/tx_semaphore_ceiling_put.c **** 
 143:Middlewares/ST/threadx/common/src/tx_semaphore_ceiling_put.c ****             /* Restore interrupts.  */
 144:Middlewares/ST/threadx/common/src/tx_semaphore_ceiling_put.c ****             TX_RESTORE
 256              		.loc 1 144 13 is_stmt 1 view .LVU80
 257              	.LVL27:
 258              	.LBB24:
 259              	.LBI24:
 556:Middlewares/ST/threadx/ports/cortex_m7/gnu/inc/tx_port.h **** {
 260              		.loc 2 556 55 view .LVU81
 261              	.LBB25:
 562:Middlewares/ST/threadx/ports/cortex_m7/gnu/inc/tx_port.h **** #endif
 262              		.loc 2 562 5 view .LVU82
 263              		.syntax unified
 264              	@ 562 "Middlewares/ST/threadx/ports/cortex_m7/gnu/inc/tx_port.h" 1
 265 00a4 85F31088 		MSR  PRIMASK,r5
 266              	@ 0 "" 2
 267              	.LVL28:
 562:Middlewares/ST/threadx/ports/cortex_m7/gnu/inc/tx_port.h **** #endif
 268              		.loc 2 562 5 is_stmt 0 view .LVU83
 269              		.thumb
 270              		.syntax unified
 271              	.LBE25:
 272              	.LBE24:
 145:Middlewares/ST/threadx/common/src/tx_semaphore_ceiling_put.c **** 
 146:Middlewares/ST/threadx/common/src/tx_semaphore_ceiling_put.c **** #ifndef TX_DISABLE_NOTIFY_CALLBACKS
 147:Middlewares/ST/threadx/common/src/tx_semaphore_ceiling_put.c **** 
 148:Middlewares/ST/threadx/common/src/tx_semaphore_ceiling_put.c ****             /* Determine if notification is required.  */
 149:Middlewares/ST/threadx/common/src/tx_semaphore_ceiling_put.c ****             if (semaphore_put_notify != TX_NULL)
 150:Middlewares/ST/threadx/common/src/tx_semaphore_ceiling_put.c ****             {
 151:Middlewares/ST/threadx/common/src/tx_semaphore_ceiling_put.c **** 
 152:Middlewares/ST/threadx/common/src/tx_semaphore_ceiling_put.c ****                 /* Yes, call the appropriate notify callback function.  */
 153:Middlewares/ST/threadx/common/src/tx_semaphore_ceiling_put.c ****                 (semaphore_put_notify)(semaphore_ptr);
 154:Middlewares/ST/threadx/common/src/tx_semaphore_ceiling_put.c ****             }
 155:Middlewares/ST/threadx/common/src/tx_semaphore_ceiling_put.c **** #endif
 156:Middlewares/ST/threadx/common/src/tx_semaphore_ceiling_put.c **** 
 157:Middlewares/ST/threadx/common/src/tx_semaphore_ceiling_put.c ****             /* Return successful completion status.  */
 158:Middlewares/ST/threadx/common/src/tx_semaphore_ceiling_put.c ****             status =  TX_SUCCESS;
 273              		.loc 1 158 13 is_stmt 1 view .LVU84
 274              		.loc 1 158 13 is_stmt 0 view .LVU85
 275 00a8 17E0     		b	.L1
 276              	.L13:
 126:Middlewares/ST/threadx/common/src/tx_semaphore_ceiling_put.c **** 
 277              		.loc 1 126 13 is_stmt 1 view .LVU86
 278              	.LVL29:
ARM GAS  /tmp/cc9HYvAG.s 			page 19


 279              	.LBB26:
 280              	.LBI26:
 556:Middlewares/ST/threadx/ports/cortex_m7/gnu/inc/tx_port.h **** {
 281              		.loc 2 556 55 view .LVU87
 282              	.LBB27:
 562:Middlewares/ST/threadx/ports/cortex_m7/gnu/inc/tx_port.h **** #endif
 283              		.loc 2 562 5 view .LVU88
 284              		.syntax unified
 285              	@ 562 "Middlewares/ST/threadx/ports/cortex_m7/gnu/inc/tx_port.h" 1
 286 00aa 85F31088 		MSR  PRIMASK,r5
 287              	@ 0 "" 2
 288              	.LVL30:
 562:Middlewares/ST/threadx/ports/cortex_m7/gnu/inc/tx_port.h **** #endif
 289              		.loc 2 562 5 is_stmt 0 view .LVU89
 290              		.thumb
 291              		.syntax unified
 292              	.LBE27:
 293              	.LBE26:
 129:Middlewares/ST/threadx/common/src/tx_semaphore_ceiling_put.c ****         }
 294              		.loc 1 129 13 is_stmt 1 view .LVU90
 129:Middlewares/ST/threadx/common/src/tx_semaphore_ceiling_put.c ****         }
 295              		.loc 1 129 20 is_stmt 0 view .LVU91
 296 00ae 2120     		movs	r0, #33
 297              	.LVL31:
 129:Middlewares/ST/threadx/common/src/tx_semaphore_ceiling_put.c ****         }
 298              		.loc 1 129 20 view .LVU92
 299 00b0 13E0     		b	.L1
 300              	.LVL32:
 301              	.L6:
 159:Middlewares/ST/threadx/common/src/tx_semaphore_ceiling_put.c ****         }
 160:Middlewares/ST/threadx/common/src/tx_semaphore_ceiling_put.c ****     }
 161:Middlewares/ST/threadx/common/src/tx_semaphore_ceiling_put.c ****     else
 162:Middlewares/ST/threadx/common/src/tx_semaphore_ceiling_put.c ****     {
 163:Middlewares/ST/threadx/common/src/tx_semaphore_ceiling_put.c **** 
 164:Middlewares/ST/threadx/common/src/tx_semaphore_ceiling_put.c ****         /* Remove the suspended thread from the list.  */
 165:Middlewares/ST/threadx/common/src/tx_semaphore_ceiling_put.c **** 
 166:Middlewares/ST/threadx/common/src/tx_semaphore_ceiling_put.c ****         /* Pickup the pointer to the first suspended thread.  */
 167:Middlewares/ST/threadx/common/src/tx_semaphore_ceiling_put.c ****         thread_ptr =  semaphore_ptr -> tx_semaphore_suspension_list;
 302              		.loc 1 167 9 is_stmt 1 view .LVU93
 303              		.loc 1 167 20 is_stmt 0 view .LVU94
 304 00b2 E268     		ldr	r2, [r4, #12]
 305              	.LVL33:
 168:Middlewares/ST/threadx/common/src/tx_semaphore_ceiling_put.c **** 
 169:Middlewares/ST/threadx/common/src/tx_semaphore_ceiling_put.c ****         /* See if this is the only suspended thread on the list.  */
 170:Middlewares/ST/threadx/common/src/tx_semaphore_ceiling_put.c ****         suspended_count--;
 306              		.loc 1 170 9 is_stmt 1 view .LVU95
 171:Middlewares/ST/threadx/common/src/tx_semaphore_ceiling_put.c ****         if (suspended_count == TX_NO_SUSPENSIONS)
 307              		.loc 1 171 9 view .LVU96
 308              		.loc 1 171 12 is_stmt 0 view .LVU97
 309 00b4 431E     		subs	r3, r0, #1
 310              	.LVL34:
 311              		.loc 1 171 12 view .LVU98
 312 00b6 11D1     		bne	.L9
 172:Middlewares/ST/threadx/common/src/tx_semaphore_ceiling_put.c ****         {
 173:Middlewares/ST/threadx/common/src/tx_semaphore_ceiling_put.c **** 
 174:Middlewares/ST/threadx/common/src/tx_semaphore_ceiling_put.c ****             /* Yes, the only suspended thread.  */
 175:Middlewares/ST/threadx/common/src/tx_semaphore_ceiling_put.c **** 
ARM GAS  /tmp/cc9HYvAG.s 			page 20


 176:Middlewares/ST/threadx/common/src/tx_semaphore_ceiling_put.c ****             /* Update the head pointer.  */
 177:Middlewares/ST/threadx/common/src/tx_semaphore_ceiling_put.c ****             semaphore_ptr -> tx_semaphore_suspension_list =  TX_NULL;
 313              		.loc 1 177 13 is_stmt 1 view .LVU99
 314              		.loc 1 177 59 is_stmt 0 view .LVU100
 315 00b8 0021     		movs	r1, #0
 316 00ba E160     		str	r1, [r4, #12]
 317              	.L10:
 178:Middlewares/ST/threadx/common/src/tx_semaphore_ceiling_put.c ****         }
 179:Middlewares/ST/threadx/common/src/tx_semaphore_ceiling_put.c ****         else
 180:Middlewares/ST/threadx/common/src/tx_semaphore_ceiling_put.c ****         {
 181:Middlewares/ST/threadx/common/src/tx_semaphore_ceiling_put.c **** 
 182:Middlewares/ST/threadx/common/src/tx_semaphore_ceiling_put.c ****             /* At least one more thread is on the same expiration list.  */
 183:Middlewares/ST/threadx/common/src/tx_semaphore_ceiling_put.c **** 
 184:Middlewares/ST/threadx/common/src/tx_semaphore_ceiling_put.c ****             /* Update the list head pointer.  */
 185:Middlewares/ST/threadx/common/src/tx_semaphore_ceiling_put.c ****             next_thread =                                     thread_ptr -> tx_thread_suspended_nex
 186:Middlewares/ST/threadx/common/src/tx_semaphore_ceiling_put.c ****             semaphore_ptr -> tx_semaphore_suspension_list =   next_thread;
 187:Middlewares/ST/threadx/common/src/tx_semaphore_ceiling_put.c **** 
 188:Middlewares/ST/threadx/common/src/tx_semaphore_ceiling_put.c ****             /* Update the links of the adjacent threads.  */
 189:Middlewares/ST/threadx/common/src/tx_semaphore_ceiling_put.c ****             previous_thread =                               thread_ptr -> tx_thread_suspended_previ
 190:Middlewares/ST/threadx/common/src/tx_semaphore_ceiling_put.c ****             next_thread -> tx_thread_suspended_previous =   previous_thread;
 191:Middlewares/ST/threadx/common/src/tx_semaphore_ceiling_put.c ****             previous_thread -> tx_thread_suspended_next =   next_thread;
 192:Middlewares/ST/threadx/common/src/tx_semaphore_ceiling_put.c ****         }
 193:Middlewares/ST/threadx/common/src/tx_semaphore_ceiling_put.c **** 
 194:Middlewares/ST/threadx/common/src/tx_semaphore_ceiling_put.c ****         /* Decrement the suspension count.  */
 195:Middlewares/ST/threadx/common/src/tx_semaphore_ceiling_put.c ****         semaphore_ptr -> tx_semaphore_suspended_count =  suspended_count;
 318              		.loc 1 195 9 is_stmt 1 view .LVU101
 319              		.loc 1 195 55 is_stmt 0 view .LVU102
 320 00bc 2361     		str	r3, [r4, #16]
 196:Middlewares/ST/threadx/common/src/tx_semaphore_ceiling_put.c **** 
 197:Middlewares/ST/threadx/common/src/tx_semaphore_ceiling_put.c ****         /* Prepare for resumption of the first thread.  */
 198:Middlewares/ST/threadx/common/src/tx_semaphore_ceiling_put.c **** 
 199:Middlewares/ST/threadx/common/src/tx_semaphore_ceiling_put.c ****         /* Clear cleanup routine to avoid timeout.  */
 200:Middlewares/ST/threadx/common/src/tx_semaphore_ceiling_put.c ****         thread_ptr -> tx_thread_suspend_cleanup =  TX_NULL;
 321              		.loc 1 200 9 is_stmt 1 view .LVU103
 322              		.loc 1 200 49 is_stmt 0 view .LVU104
 323 00be 0024     		movs	r4, #0
 324              	.LVL35:
 325              		.loc 1 200 49 view .LVU105
 326 00c0 9466     		str	r4, [r2, #104]
 201:Middlewares/ST/threadx/common/src/tx_semaphore_ceiling_put.c **** 
 202:Middlewares/ST/threadx/common/src/tx_semaphore_ceiling_put.c ****         /* Put return status into the thread control block.  */
 203:Middlewares/ST/threadx/common/src/tx_semaphore_ceiling_put.c ****         thread_ptr -> tx_thread_suspend_status =  TX_SUCCESS;
 327              		.loc 1 203 9 is_stmt 1 view .LVU106
 328              		.loc 1 203 48 is_stmt 0 view .LVU107
 329 00c2 C2F88440 		str	r4, [r2, #132]
 204:Middlewares/ST/threadx/common/src/tx_semaphore_ceiling_put.c **** 
 205:Middlewares/ST/threadx/common/src/tx_semaphore_ceiling_put.c **** #ifndef TX_DISABLE_NOTIFY_CALLBACKS
 206:Middlewares/ST/threadx/common/src/tx_semaphore_ceiling_put.c **** 
 207:Middlewares/ST/threadx/common/src/tx_semaphore_ceiling_put.c ****         /* Pickup the application notify function.  */
 208:Middlewares/ST/threadx/common/src/tx_semaphore_ceiling_put.c ****         semaphore_put_notify =  semaphore_ptr -> tx_semaphore_put_notify;
 209:Middlewares/ST/threadx/common/src/tx_semaphore_ceiling_put.c **** #endif
 210:Middlewares/ST/threadx/common/src/tx_semaphore_ceiling_put.c **** 
 211:Middlewares/ST/threadx/common/src/tx_semaphore_ceiling_put.c **** #ifdef TX_NOT_INTERRUPTABLE
 212:Middlewares/ST/threadx/common/src/tx_semaphore_ceiling_put.c **** 
 213:Middlewares/ST/threadx/common/src/tx_semaphore_ceiling_put.c ****         /* Resume the thread!  */
 214:Middlewares/ST/threadx/common/src/tx_semaphore_ceiling_put.c ****         _tx_thread_system_ni_resume(thread_ptr);
 215:Middlewares/ST/threadx/common/src/tx_semaphore_ceiling_put.c **** 
ARM GAS  /tmp/cc9HYvAG.s 			page 21


 216:Middlewares/ST/threadx/common/src/tx_semaphore_ceiling_put.c ****         /* Restore interrupts.  */
 217:Middlewares/ST/threadx/common/src/tx_semaphore_ceiling_put.c ****         TX_RESTORE
 218:Middlewares/ST/threadx/common/src/tx_semaphore_ceiling_put.c **** #else
 219:Middlewares/ST/threadx/common/src/tx_semaphore_ceiling_put.c **** 
 220:Middlewares/ST/threadx/common/src/tx_semaphore_ceiling_put.c ****         /* Temporarily disable preemption.  */
 221:Middlewares/ST/threadx/common/src/tx_semaphore_ceiling_put.c ****         _tx_thread_preempt_disable++;
 330              		.loc 1 221 9 is_stmt 1 view .LVU108
 331              		.loc 1 221 35 is_stmt 0 view .LVU109
 332 00c6 1149     		ldr	r1, .L14+36
 333 00c8 0B68     		ldr	r3, [r1]
 334              	.LVL36:
 335              		.loc 1 221 35 view .LVU110
 336 00ca 0133     		adds	r3, r3, #1
 337 00cc 0B60     		str	r3, [r1]
 222:Middlewares/ST/threadx/common/src/tx_semaphore_ceiling_put.c **** 
 223:Middlewares/ST/threadx/common/src/tx_semaphore_ceiling_put.c ****         /* Restore interrupts.  */
 224:Middlewares/ST/threadx/common/src/tx_semaphore_ceiling_put.c ****         TX_RESTORE
 338              		.loc 1 224 9 is_stmt 1 view .LVU111
 339              	.LVL37:
 340              	.LBB28:
 341              	.LBI28:
 556:Middlewares/ST/threadx/ports/cortex_m7/gnu/inc/tx_port.h **** {
 342              		.loc 2 556 55 view .LVU112
 343              	.LBB29:
 562:Middlewares/ST/threadx/ports/cortex_m7/gnu/inc/tx_port.h **** #endif
 344              		.loc 2 562 5 view .LVU113
 345              		.syntax unified
 346              	@ 562 "Middlewares/ST/threadx/ports/cortex_m7/gnu/inc/tx_port.h" 1
 347 00ce 85F31088 		MSR  PRIMASK,r5
 348              	@ 0 "" 2
 349              	.LVL38:
 562:Middlewares/ST/threadx/ports/cortex_m7/gnu/inc/tx_port.h **** #endif
 350              		.loc 2 562 5 is_stmt 0 view .LVU114
 351              		.thumb
 352              		.syntax unified
 353              	.LBE29:
 354              	.LBE28:
 225:Middlewares/ST/threadx/common/src/tx_semaphore_ceiling_put.c **** 
 226:Middlewares/ST/threadx/common/src/tx_semaphore_ceiling_put.c ****         /* Resume thread.  */
 227:Middlewares/ST/threadx/common/src/tx_semaphore_ceiling_put.c ****         _tx_thread_system_resume(thread_ptr);
 355              		.loc 1 227 9 is_stmt 1 view .LVU115
 356 00d2 1046     		mov	r0, r2
 357 00d4 FFF7FEFF 		bl	_tx_thread_system_resume
 358              	.LVL39:
  94:Middlewares/ST/threadx/common/src/tx_semaphore_ceiling_put.c **** 
 359              		.loc 1 94 12 is_stmt 0 view .LVU116
 360 00d8 2046     		mov	r0, r4
 228:Middlewares/ST/threadx/common/src/tx_semaphore_ceiling_put.c **** #endif
 229:Middlewares/ST/threadx/common/src/tx_semaphore_ceiling_put.c **** 
 230:Middlewares/ST/threadx/common/src/tx_semaphore_ceiling_put.c **** #ifndef TX_DISABLE_NOTIFY_CALLBACKS
 231:Middlewares/ST/threadx/common/src/tx_semaphore_ceiling_put.c **** 
 232:Middlewares/ST/threadx/common/src/tx_semaphore_ceiling_put.c ****         /* Determine if notification is required.  */
 233:Middlewares/ST/threadx/common/src/tx_semaphore_ceiling_put.c ****         if (semaphore_put_notify != TX_NULL)
 234:Middlewares/ST/threadx/common/src/tx_semaphore_ceiling_put.c ****         {
 235:Middlewares/ST/threadx/common/src/tx_semaphore_ceiling_put.c **** 
 236:Middlewares/ST/threadx/common/src/tx_semaphore_ceiling_put.c ****             /* Yes, call the appropriate notify callback function.  */
 237:Middlewares/ST/threadx/common/src/tx_semaphore_ceiling_put.c ****             (semaphore_put_notify)(semaphore_ptr);
ARM GAS  /tmp/cc9HYvAG.s 			page 22


 238:Middlewares/ST/threadx/common/src/tx_semaphore_ceiling_put.c ****         }
 239:Middlewares/ST/threadx/common/src/tx_semaphore_ceiling_put.c **** #endif
 240:Middlewares/ST/threadx/common/src/tx_semaphore_ceiling_put.c ****     }
 241:Middlewares/ST/threadx/common/src/tx_semaphore_ceiling_put.c **** 
 242:Middlewares/ST/threadx/common/src/tx_semaphore_ceiling_put.c ****     /* Return successful completion.  */
 243:Middlewares/ST/threadx/common/src/tx_semaphore_ceiling_put.c ****     return(status);
 361              		.loc 1 243 5 is_stmt 1 view .LVU117
 362              	.LVL40:
 363              	.L1:
 244:Middlewares/ST/threadx/common/src/tx_semaphore_ceiling_put.c **** }
 364              		.loc 1 244 1 is_stmt 0 view .LVU118
 365 00da 70BD     		pop	{r4, r5, r6, pc}
 366              	.LVL41:
 367              	.L9:
 185:Middlewares/ST/threadx/common/src/tx_semaphore_ceiling_put.c ****             semaphore_ptr -> tx_semaphore_suspension_list =   next_thread;
 368              		.loc 1 185 13 is_stmt 1 view .LVU119
 185:Middlewares/ST/threadx/common/src/tx_semaphore_ceiling_put.c ****             semaphore_ptr -> tx_semaphore_suspension_list =   next_thread;
 369              		.loc 1 185 25 is_stmt 0 view .LVU120
 370 00dc 116F     		ldr	r1, [r2, #112]
 371              	.LVL42:
 186:Middlewares/ST/threadx/common/src/tx_semaphore_ceiling_put.c **** 
 372              		.loc 1 186 13 is_stmt 1 view .LVU121
 186:Middlewares/ST/threadx/common/src/tx_semaphore_ceiling_put.c **** 
 373              		.loc 1 186 59 is_stmt 0 view .LVU122
 374 00de E160     		str	r1, [r4, #12]
 189:Middlewares/ST/threadx/common/src/tx_semaphore_ceiling_put.c ****             next_thread -> tx_thread_suspended_previous =   previous_thread;
 375              		.loc 1 189 13 is_stmt 1 view .LVU123
 189:Middlewares/ST/threadx/common/src/tx_semaphore_ceiling_put.c ****             next_thread -> tx_thread_suspended_previous =   previous_thread;
 376              		.loc 1 189 29 is_stmt 0 view .LVU124
 377 00e0 506F     		ldr	r0, [r2, #116]
 378              	.LVL43:
 190:Middlewares/ST/threadx/common/src/tx_semaphore_ceiling_put.c ****             previous_thread -> tx_thread_suspended_next =   next_thread;
 379              		.loc 1 190 13 is_stmt 1 view .LVU125
 190:Middlewares/ST/threadx/common/src/tx_semaphore_ceiling_put.c ****             previous_thread -> tx_thread_suspended_next =   next_thread;
 380              		.loc 1 190 57 is_stmt 0 view .LVU126
 381 00e2 4867     		str	r0, [r1, #116]
 191:Middlewares/ST/threadx/common/src/tx_semaphore_ceiling_put.c ****         }
 382              		.loc 1 191 13 is_stmt 1 view .LVU127
 191:Middlewares/ST/threadx/common/src/tx_semaphore_ceiling_put.c ****         }
 383              		.loc 1 191 57 is_stmt 0 view .LVU128
 384 00e4 0167     		str	r1, [r0, #112]
 385 00e6 E9E7     		b	.L10
 386              	.L15:
 387              		.align	2
 388              	.L14:
 389 00e8 00000000 		.word	_tx_trace_buffer_current_ptr
 390 00ec 00000000 		.word	_tx_trace_event_enable_bits
 391 00f0 00000000 		.word	_tx_thread_system_state
 392 00f4 00000000 		.word	_tx_thread_current_ptr
 393 00f8 001000E0 		.word	-536866816
 394 00fc 00000000 		.word	_tx_trace_buffer_end_ptr
 395 0100 00000000 		.word	_tx_trace_buffer_start_ptr
 396 0104 00000000 		.word	_tx_trace_header_ptr
 397 0108 00000000 		.word	_tx_trace_full_notify_function
 398 010c 00000000 		.word	_tx_thread_preempt_disable
 399              		.cfi_endproc
 400              	.LFE8:
ARM GAS  /tmp/cc9HYvAG.s 			page 23


 402              		.text
 403              	.Letext0:
 404              		.file 3 "Middlewares/ST/threadx/common/inc/tx_api.h"
 405              		.file 4 "Middlewares/ST/threadx/common/inc/tx_thread.h"
 406              		.file 5 "Middlewares/ST/threadx/common/inc/tx_trace.h"
ARM GAS  /tmp/cc9HYvAG.s 			page 24


DEFINED SYMBOLS
                            *ABS*:00000000 tx_semaphore_ceiling_put.c
     /tmp/cc9HYvAG.s:20     .text._tx_semaphore_ceiling_put:00000000 $t
     /tmp/cc9HYvAG.s:26     .text._tx_semaphore_ceiling_put:00000000 _tx_semaphore_ceiling_put
     /tmp/cc9HYvAG.s:389    .text._tx_semaphore_ceiling_put:000000e8 $d

UNDEFINED SYMBOLS
_tx_thread_system_resume
_tx_trace_buffer_current_ptr
_tx_trace_event_enable_bits
_tx_thread_system_state
_tx_thread_current_ptr
_tx_trace_buffer_end_ptr
_tx_trace_buffer_start_ptr
_tx_trace_header_ptr
_tx_trace_full_notify_function
_tx_thread_preempt_disable
