ARM GAS  /tmp/ccIdLTmT.s 			page 1


   1              		.cpu cortex-m7
   2              		.arch armv7e-m
   3              		.fpu fpv5-d16
   4              		.eabi_attribute 28, 1
   5              		.eabi_attribute 20, 1
   6              		.eabi_attribute 21, 1
   7              		.eabi_attribute 23, 3
   8              		.eabi_attribute 24, 1
   9              		.eabi_attribute 25, 1
  10              		.eabi_attribute 26, 1
  11              		.eabi_attribute 30, 1
  12              		.eabi_attribute 34, 1
  13              		.eabi_attribute 18, 4
  14              		.file	"tx_trace_user_event_insert.c"
  15              		.text
  16              	.Ltext0:
  17              		.cfi_sections	.debug_frame
  18              		.file 1 "Middlewares/ST/threadx/common/src/tx_trace_user_event_insert.c"
  19              		.section	.text._tx_trace_user_event_insert,"ax",%progbits
  20              		.align	1
  21              		.global	_tx_trace_user_event_insert
  22              		.syntax unified
  23              		.thumb
  24              		.thumb_func
  26              	_tx_trace_user_event_insert:
  27              	.LVL0:
  28              	.LFB8:
   1:Middlewares/ST/threadx/common/src/tx_trace_user_event_insert.c **** /**************************************************************************/
   2:Middlewares/ST/threadx/common/src/tx_trace_user_event_insert.c **** /*                                                                        */
   3:Middlewares/ST/threadx/common/src/tx_trace_user_event_insert.c **** /*       Copyright (c) Microsoft Corporation. All rights reserved.        */
   4:Middlewares/ST/threadx/common/src/tx_trace_user_event_insert.c **** /*                                                                        */
   5:Middlewares/ST/threadx/common/src/tx_trace_user_event_insert.c **** /*       This software is licensed under the Microsoft Software License   */
   6:Middlewares/ST/threadx/common/src/tx_trace_user_event_insert.c **** /*       Terms for Microsoft Azure RTOS. Full text of the license can be  */
   7:Middlewares/ST/threadx/common/src/tx_trace_user_event_insert.c **** /*       found in the LICENSE file at https://aka.ms/AzureRTOS_EULA       */
   8:Middlewares/ST/threadx/common/src/tx_trace_user_event_insert.c **** /*       and in the root directory of this software.                      */
   9:Middlewares/ST/threadx/common/src/tx_trace_user_event_insert.c **** /*                                                                        */
  10:Middlewares/ST/threadx/common/src/tx_trace_user_event_insert.c **** /**************************************************************************/
  11:Middlewares/ST/threadx/common/src/tx_trace_user_event_insert.c **** 
  12:Middlewares/ST/threadx/common/src/tx_trace_user_event_insert.c **** 
  13:Middlewares/ST/threadx/common/src/tx_trace_user_event_insert.c **** /**************************************************************************/
  14:Middlewares/ST/threadx/common/src/tx_trace_user_event_insert.c **** /**************************************************************************/
  15:Middlewares/ST/threadx/common/src/tx_trace_user_event_insert.c **** /**                                                                       */
  16:Middlewares/ST/threadx/common/src/tx_trace_user_event_insert.c **** /** ThreadX Component                                                     */
  17:Middlewares/ST/threadx/common/src/tx_trace_user_event_insert.c **** /**                                                                       */
  18:Middlewares/ST/threadx/common/src/tx_trace_user_event_insert.c **** /**   Trace                                                               */
  19:Middlewares/ST/threadx/common/src/tx_trace_user_event_insert.c **** /**                                                                       */
  20:Middlewares/ST/threadx/common/src/tx_trace_user_event_insert.c **** /**************************************************************************/
  21:Middlewares/ST/threadx/common/src/tx_trace_user_event_insert.c **** /**************************************************************************/
  22:Middlewares/ST/threadx/common/src/tx_trace_user_event_insert.c **** 
  23:Middlewares/ST/threadx/common/src/tx_trace_user_event_insert.c **** #define TX_SOURCE_CODE
  24:Middlewares/ST/threadx/common/src/tx_trace_user_event_insert.c **** 
  25:Middlewares/ST/threadx/common/src/tx_trace_user_event_insert.c **** 
  26:Middlewares/ST/threadx/common/src/tx_trace_user_event_insert.c **** /* Include necessary system files.  */
  27:Middlewares/ST/threadx/common/src/tx_trace_user_event_insert.c **** 
  28:Middlewares/ST/threadx/common/src/tx_trace_user_event_insert.c **** #include "tx_api.h"
  29:Middlewares/ST/threadx/common/src/tx_trace_user_event_insert.c **** #include "tx_trace.h"
  30:Middlewares/ST/threadx/common/src/tx_trace_user_event_insert.c **** 
ARM GAS  /tmp/ccIdLTmT.s 			page 2


  31:Middlewares/ST/threadx/common/src/tx_trace_user_event_insert.c **** 
  32:Middlewares/ST/threadx/common/src/tx_trace_user_event_insert.c **** /**************************************************************************/
  33:Middlewares/ST/threadx/common/src/tx_trace_user_event_insert.c **** /*                                                                        */
  34:Middlewares/ST/threadx/common/src/tx_trace_user_event_insert.c **** /*  FUNCTION                                               RELEASE        */
  35:Middlewares/ST/threadx/common/src/tx_trace_user_event_insert.c **** /*                                                                        */
  36:Middlewares/ST/threadx/common/src/tx_trace_user_event_insert.c **** /*    _tx_trace_user_event_insert                         PORTABLE C      */
  37:Middlewares/ST/threadx/common/src/tx_trace_user_event_insert.c **** /*                                                           6.1          */
  38:Middlewares/ST/threadx/common/src/tx_trace_user_event_insert.c **** /*  AUTHOR                                                                */
  39:Middlewares/ST/threadx/common/src/tx_trace_user_event_insert.c **** /*                                                                        */
  40:Middlewares/ST/threadx/common/src/tx_trace_user_event_insert.c **** /*    William E. Lamie, Microsoft Corporation                             */
  41:Middlewares/ST/threadx/common/src/tx_trace_user_event_insert.c **** /*                                                                        */
  42:Middlewares/ST/threadx/common/src/tx_trace_user_event_insert.c **** /*  DESCRIPTION                                                           */
  43:Middlewares/ST/threadx/common/src/tx_trace_user_event_insert.c **** /*                                                                        */
  44:Middlewares/ST/threadx/common/src/tx_trace_user_event_insert.c **** /*    This function inserts a user-defined event into the trace buffer.   */
  45:Middlewares/ST/threadx/common/src/tx_trace_user_event_insert.c **** /*                                                                        */
  46:Middlewares/ST/threadx/common/src/tx_trace_user_event_insert.c **** /*  INPUT                                                                 */
  47:Middlewares/ST/threadx/common/src/tx_trace_user_event_insert.c **** /*                                                                        */
  48:Middlewares/ST/threadx/common/src/tx_trace_user_event_insert.c **** /*    event_id                              User Event ID                 */
  49:Middlewares/ST/threadx/common/src/tx_trace_user_event_insert.c **** /*    info_field_1                          First information field       */
  50:Middlewares/ST/threadx/common/src/tx_trace_user_event_insert.c **** /*    info_field_2                          First information field       */
  51:Middlewares/ST/threadx/common/src/tx_trace_user_event_insert.c **** /*    info_field_3                          First information field       */
  52:Middlewares/ST/threadx/common/src/tx_trace_user_event_insert.c **** /*    info_field_4                          First information field       */
  53:Middlewares/ST/threadx/common/src/tx_trace_user_event_insert.c **** /*                                                                        */
  54:Middlewares/ST/threadx/common/src/tx_trace_user_event_insert.c **** /*  OUTPUT                                                                */
  55:Middlewares/ST/threadx/common/src/tx_trace_user_event_insert.c **** /*                                                                        */
  56:Middlewares/ST/threadx/common/src/tx_trace_user_event_insert.c **** /*    Completion Status                                                   */
  57:Middlewares/ST/threadx/common/src/tx_trace_user_event_insert.c **** /*                                                                        */
  58:Middlewares/ST/threadx/common/src/tx_trace_user_event_insert.c **** /*  CALLS                                                                 */
  59:Middlewares/ST/threadx/common/src/tx_trace_user_event_insert.c **** /*                                                                        */
  60:Middlewares/ST/threadx/common/src/tx_trace_user_event_insert.c **** /*    None                                                                */
  61:Middlewares/ST/threadx/common/src/tx_trace_user_event_insert.c **** /*                                                                        */
  62:Middlewares/ST/threadx/common/src/tx_trace_user_event_insert.c **** /*  CALLED BY                                                             */
  63:Middlewares/ST/threadx/common/src/tx_trace_user_event_insert.c **** /*                                                                        */
  64:Middlewares/ST/threadx/common/src/tx_trace_user_event_insert.c **** /*    Application Code                                                    */
  65:Middlewares/ST/threadx/common/src/tx_trace_user_event_insert.c **** /*                                                                        */
  66:Middlewares/ST/threadx/common/src/tx_trace_user_event_insert.c **** /*  RELEASE HISTORY                                                       */
  67:Middlewares/ST/threadx/common/src/tx_trace_user_event_insert.c **** /*                                                                        */
  68:Middlewares/ST/threadx/common/src/tx_trace_user_event_insert.c **** /*    DATE              NAME                      DESCRIPTION             */
  69:Middlewares/ST/threadx/common/src/tx_trace_user_event_insert.c **** /*                                                                        */
  70:Middlewares/ST/threadx/common/src/tx_trace_user_event_insert.c **** /*  05-19-2020     William E. Lamie         Initial Version 6.0           */
  71:Middlewares/ST/threadx/common/src/tx_trace_user_event_insert.c **** /*  09-30-2020     Yuxin Zhou               Modified comment(s),          */
  72:Middlewares/ST/threadx/common/src/tx_trace_user_event_insert.c **** /*                                            resulting in version 6.1    */
  73:Middlewares/ST/threadx/common/src/tx_trace_user_event_insert.c **** /*                                                                        */
  74:Middlewares/ST/threadx/common/src/tx_trace_user_event_insert.c **** /**************************************************************************/
  75:Middlewares/ST/threadx/common/src/tx_trace_user_event_insert.c **** UINT  _tx_trace_user_event_insert(ULONG event_id, ULONG info_field_1, ULONG info_field_2, ULONG inf
  76:Middlewares/ST/threadx/common/src/tx_trace_user_event_insert.c **** {
  29              		.loc 1 76 1 view -0
  30              		.cfi_startproc
  31              		@ args = 4, pretend = 0, frame = 0
  32              		@ frame_needed = 0, uses_anonymous_args = 0
  33              		.loc 1 76 1 is_stmt 0 view .LVU1
  34 0000 F8B5     		push	{r3, r4, r5, r6, r7, lr}
  35              	.LCFI0:
  36              		.cfi_def_cfa_offset 24
  37              		.cfi_offset 3, -24
  38              		.cfi_offset 4, -20
  39              		.cfi_offset 5, -16
ARM GAS  /tmp/ccIdLTmT.s 			page 3


  40              		.cfi_offset 6, -12
  41              		.cfi_offset 7, -8
  42              		.cfi_offset 14, -4
  77:Middlewares/ST/threadx/common/src/tx_trace_user_event_insert.c **** 
  78:Middlewares/ST/threadx/common/src/tx_trace_user_event_insert.c **** #ifdef TX_ENABLE_EVENT_TRACE
  79:Middlewares/ST/threadx/common/src/tx_trace_user_event_insert.c **** 
  80:Middlewares/ST/threadx/common/src/tx_trace_user_event_insert.c **** TX_INTERRUPT_SAVE_AREA
  43              		.loc 1 80 1 is_stmt 1 view .LVU2
  81:Middlewares/ST/threadx/common/src/tx_trace_user_event_insert.c **** 
  82:Middlewares/ST/threadx/common/src/tx_trace_user_event_insert.c **** UINT            status;
  44              		.loc 1 82 1 view .LVU3
  83:Middlewares/ST/threadx/common/src/tx_trace_user_event_insert.c **** 
  84:Middlewares/ST/threadx/common/src/tx_trace_user_event_insert.c **** 
  85:Middlewares/ST/threadx/common/src/tx_trace_user_event_insert.c ****     /* Disable interrupts.  */
  86:Middlewares/ST/threadx/common/src/tx_trace_user_event_insert.c ****     TX_DISABLE
  45              		.loc 1 86 5 view .LVU4
  46              	.LBB13:
  47              	.LBI13:
  48              		.file 2 "Middlewares/ST/threadx/ports/cortex_m7/gnu/inc/tx_port.h"
   1:Middlewares/ST/threadx/ports/cortex_m7/gnu/inc/tx_port.h **** /**************************************************************************/
   2:Middlewares/ST/threadx/ports/cortex_m7/gnu/inc/tx_port.h **** /*                                                                        */
   3:Middlewares/ST/threadx/ports/cortex_m7/gnu/inc/tx_port.h **** /*       Copyright (c) Microsoft Corporation. All rights reserved.        */
   4:Middlewares/ST/threadx/ports/cortex_m7/gnu/inc/tx_port.h **** /*                                                                        */
   5:Middlewares/ST/threadx/ports/cortex_m7/gnu/inc/tx_port.h **** /*       This software is licensed under the Microsoft Software License   */
   6:Middlewares/ST/threadx/ports/cortex_m7/gnu/inc/tx_port.h **** /*       Terms for Microsoft Azure RTOS. Full text of the license can be  */
   7:Middlewares/ST/threadx/ports/cortex_m7/gnu/inc/tx_port.h **** /*       found in the LICENSE file at https://aka.ms/AzureRTOS_EULA       */
   8:Middlewares/ST/threadx/ports/cortex_m7/gnu/inc/tx_port.h **** /*       and in the root directory of this software.                      */
   9:Middlewares/ST/threadx/ports/cortex_m7/gnu/inc/tx_port.h **** /*                                                                        */
  10:Middlewares/ST/threadx/ports/cortex_m7/gnu/inc/tx_port.h **** /**************************************************************************/
  11:Middlewares/ST/threadx/ports/cortex_m7/gnu/inc/tx_port.h **** 
  12:Middlewares/ST/threadx/ports/cortex_m7/gnu/inc/tx_port.h **** 
  13:Middlewares/ST/threadx/ports/cortex_m7/gnu/inc/tx_port.h **** /**************************************************************************/
  14:Middlewares/ST/threadx/ports/cortex_m7/gnu/inc/tx_port.h **** /**************************************************************************/
  15:Middlewares/ST/threadx/ports/cortex_m7/gnu/inc/tx_port.h **** /**                                                                       */
  16:Middlewares/ST/threadx/ports/cortex_m7/gnu/inc/tx_port.h **** /** ThreadX Component                                                     */
  17:Middlewares/ST/threadx/ports/cortex_m7/gnu/inc/tx_port.h **** /**                                                                       */
  18:Middlewares/ST/threadx/ports/cortex_m7/gnu/inc/tx_port.h **** /**   Port Specific                                                       */
  19:Middlewares/ST/threadx/ports/cortex_m7/gnu/inc/tx_port.h **** /**                                                                       */
  20:Middlewares/ST/threadx/ports/cortex_m7/gnu/inc/tx_port.h **** /**************************************************************************/
  21:Middlewares/ST/threadx/ports/cortex_m7/gnu/inc/tx_port.h **** /**************************************************************************/
  22:Middlewares/ST/threadx/ports/cortex_m7/gnu/inc/tx_port.h **** 
  23:Middlewares/ST/threadx/ports/cortex_m7/gnu/inc/tx_port.h **** 
  24:Middlewares/ST/threadx/ports/cortex_m7/gnu/inc/tx_port.h **** /**************************************************************************/
  25:Middlewares/ST/threadx/ports/cortex_m7/gnu/inc/tx_port.h **** /*                                                                        */
  26:Middlewares/ST/threadx/ports/cortex_m7/gnu/inc/tx_port.h **** /*  PORT SPECIFIC C INFORMATION                            RELEASE        */
  27:Middlewares/ST/threadx/ports/cortex_m7/gnu/inc/tx_port.h **** /*                                                                        */
  28:Middlewares/ST/threadx/ports/cortex_m7/gnu/inc/tx_port.h **** /*    tx_port.h                                         Cortex-M7/GNU     */
  29:Middlewares/ST/threadx/ports/cortex_m7/gnu/inc/tx_port.h **** /*                                                           6.1.10       */
  30:Middlewares/ST/threadx/ports/cortex_m7/gnu/inc/tx_port.h **** /*                                                                        */
  31:Middlewares/ST/threadx/ports/cortex_m7/gnu/inc/tx_port.h **** /*  AUTHOR                                                                */
  32:Middlewares/ST/threadx/ports/cortex_m7/gnu/inc/tx_port.h **** /*                                                                        */
  33:Middlewares/ST/threadx/ports/cortex_m7/gnu/inc/tx_port.h **** /*    Scott Larson, Microsoft Corporation                                 */
  34:Middlewares/ST/threadx/ports/cortex_m7/gnu/inc/tx_port.h **** /*                                                                        */
  35:Middlewares/ST/threadx/ports/cortex_m7/gnu/inc/tx_port.h **** /*  DESCRIPTION                                                           */
  36:Middlewares/ST/threadx/ports/cortex_m7/gnu/inc/tx_port.h **** /*                                                                        */
  37:Middlewares/ST/threadx/ports/cortex_m7/gnu/inc/tx_port.h **** /*    This file contains data type definitions that make the ThreadX      */
  38:Middlewares/ST/threadx/ports/cortex_m7/gnu/inc/tx_port.h **** /*    real-time kernel function identically on a variety of different     */
ARM GAS  /tmp/ccIdLTmT.s 			page 4


  39:Middlewares/ST/threadx/ports/cortex_m7/gnu/inc/tx_port.h **** /*    processor architectures.  For example, the size or number of bits   */
  40:Middlewares/ST/threadx/ports/cortex_m7/gnu/inc/tx_port.h **** /*    in an "int" data type vary between microprocessor architectures and */
  41:Middlewares/ST/threadx/ports/cortex_m7/gnu/inc/tx_port.h **** /*    even C compilers for the same microprocessor.  ThreadX does not     */
  42:Middlewares/ST/threadx/ports/cortex_m7/gnu/inc/tx_port.h **** /*    directly use native C data types.  Instead, ThreadX creates its     */
  43:Middlewares/ST/threadx/ports/cortex_m7/gnu/inc/tx_port.h **** /*    own special types that can be mapped to actual data types by this   */
  44:Middlewares/ST/threadx/ports/cortex_m7/gnu/inc/tx_port.h **** /*    file to guarantee consistency in the interface and functionality.   */
  45:Middlewares/ST/threadx/ports/cortex_m7/gnu/inc/tx_port.h **** /*                                                                        */
  46:Middlewares/ST/threadx/ports/cortex_m7/gnu/inc/tx_port.h **** /*    This file replaces the previous Cortex-M3/M4/M7 files. It unifies   */
  47:Middlewares/ST/threadx/ports/cortex_m7/gnu/inc/tx_port.h **** /*    the ARMv7-M architecture and compilers into one common file.        */
  48:Middlewares/ST/threadx/ports/cortex_m7/gnu/inc/tx_port.h **** /*                                                                        */
  49:Middlewares/ST/threadx/ports/cortex_m7/gnu/inc/tx_port.h **** /*  RELEASE HISTORY                                                       */
  50:Middlewares/ST/threadx/ports/cortex_m7/gnu/inc/tx_port.h **** /*                                                                        */
  51:Middlewares/ST/threadx/ports/cortex_m7/gnu/inc/tx_port.h **** /*    DATE              NAME                      DESCRIPTION             */
  52:Middlewares/ST/threadx/ports/cortex_m7/gnu/inc/tx_port.h **** /*                                                                        */
  53:Middlewares/ST/threadx/ports/cortex_m7/gnu/inc/tx_port.h **** /*  06-02-2021      Scott Larson            Initial Version 6.1.7         */
  54:Middlewares/ST/threadx/ports/cortex_m7/gnu/inc/tx_port.h **** /*  01-31-2022      Scott Larson            Modified comments, updated    */
  55:Middlewares/ST/threadx/ports/cortex_m7/gnu/inc/tx_port.h **** /*                                            typedef to fix misra        */
  56:Middlewares/ST/threadx/ports/cortex_m7/gnu/inc/tx_port.h **** /*                                            violation,                  */
  57:Middlewares/ST/threadx/ports/cortex_m7/gnu/inc/tx_port.h **** /*                                            fixed predefined macro,     */
  58:Middlewares/ST/threadx/ports/cortex_m7/gnu/inc/tx_port.h **** /*                                            resulting in version 6.1.10 */
  59:Middlewares/ST/threadx/ports/cortex_m7/gnu/inc/tx_port.h **** /*                                                                        */
  60:Middlewares/ST/threadx/ports/cortex_m7/gnu/inc/tx_port.h **** /**************************************************************************/
  61:Middlewares/ST/threadx/ports/cortex_m7/gnu/inc/tx_port.h **** 
  62:Middlewares/ST/threadx/ports/cortex_m7/gnu/inc/tx_port.h **** #ifndef TX_PORT_H
  63:Middlewares/ST/threadx/ports/cortex_m7/gnu/inc/tx_port.h **** #define TX_PORT_H
  64:Middlewares/ST/threadx/ports/cortex_m7/gnu/inc/tx_port.h **** 
  65:Middlewares/ST/threadx/ports/cortex_m7/gnu/inc/tx_port.h **** 
  66:Middlewares/ST/threadx/ports/cortex_m7/gnu/inc/tx_port.h **** /* Determine if the optional ThreadX user define file should be used.  */
  67:Middlewares/ST/threadx/ports/cortex_m7/gnu/inc/tx_port.h **** 
  68:Middlewares/ST/threadx/ports/cortex_m7/gnu/inc/tx_port.h **** #ifdef TX_INCLUDE_USER_DEFINE_FILE
  69:Middlewares/ST/threadx/ports/cortex_m7/gnu/inc/tx_port.h **** 
  70:Middlewares/ST/threadx/ports/cortex_m7/gnu/inc/tx_port.h **** /* Yes, include the user defines in tx_user.h. The defines in this file may
  71:Middlewares/ST/threadx/ports/cortex_m7/gnu/inc/tx_port.h ****    alternately be defined on the command line.  */
  72:Middlewares/ST/threadx/ports/cortex_m7/gnu/inc/tx_port.h **** 
  73:Middlewares/ST/threadx/ports/cortex_m7/gnu/inc/tx_port.h **** #include "tx_user.h"
  74:Middlewares/ST/threadx/ports/cortex_m7/gnu/inc/tx_port.h **** #endif
  75:Middlewares/ST/threadx/ports/cortex_m7/gnu/inc/tx_port.h **** 
  76:Middlewares/ST/threadx/ports/cortex_m7/gnu/inc/tx_port.h **** 
  77:Middlewares/ST/threadx/ports/cortex_m7/gnu/inc/tx_port.h **** /* Define compiler library include files.  */
  78:Middlewares/ST/threadx/ports/cortex_m7/gnu/inc/tx_port.h **** 
  79:Middlewares/ST/threadx/ports/cortex_m7/gnu/inc/tx_port.h **** #include <stdlib.h>
  80:Middlewares/ST/threadx/ports/cortex_m7/gnu/inc/tx_port.h **** #include <string.h>
  81:Middlewares/ST/threadx/ports/cortex_m7/gnu/inc/tx_port.h **** 
  82:Middlewares/ST/threadx/ports/cortex_m7/gnu/inc/tx_port.h **** #ifdef __ICCARM__
  83:Middlewares/ST/threadx/ports/cortex_m7/gnu/inc/tx_port.h **** #include <intrinsics.h>                     /* IAR Intrinsics */
  84:Middlewares/ST/threadx/ports/cortex_m7/gnu/inc/tx_port.h **** #define __asm__ __asm                       /* Define to make all inline asm look similar */
  85:Middlewares/ST/threadx/ports/cortex_m7/gnu/inc/tx_port.h **** #ifdef  TX_ENABLE_IAR_LIBRARY_SUPPORT
  86:Middlewares/ST/threadx/ports/cortex_m7/gnu/inc/tx_port.h **** #include <yvals.h>
  87:Middlewares/ST/threadx/ports/cortex_m7/gnu/inc/tx_port.h **** #endif
  88:Middlewares/ST/threadx/ports/cortex_m7/gnu/inc/tx_port.h **** #endif /* __ICCARM__ */
  89:Middlewares/ST/threadx/ports/cortex_m7/gnu/inc/tx_port.h **** 
  90:Middlewares/ST/threadx/ports/cortex_m7/gnu/inc/tx_port.h **** #ifdef __ghs__
  91:Middlewares/ST/threadx/ports/cortex_m7/gnu/inc/tx_port.h **** #include <arm_ghs.h>
  92:Middlewares/ST/threadx/ports/cortex_m7/gnu/inc/tx_port.h **** #include "tx_ghs.h"
  93:Middlewares/ST/threadx/ports/cortex_m7/gnu/inc/tx_port.h **** #endif  /* __ghs__ */
  94:Middlewares/ST/threadx/ports/cortex_m7/gnu/inc/tx_port.h **** 
  95:Middlewares/ST/threadx/ports/cortex_m7/gnu/inc/tx_port.h **** 
ARM GAS  /tmp/ccIdLTmT.s 			page 5


  96:Middlewares/ST/threadx/ports/cortex_m7/gnu/inc/tx_port.h **** #if !defined(__GNUC__) && !defined(__CC_ARM)
  97:Middlewares/ST/threadx/ports/cortex_m7/gnu/inc/tx_port.h **** #define __get_control_value __get_CONTROL
  98:Middlewares/ST/threadx/ports/cortex_m7/gnu/inc/tx_port.h **** #define __set_control_value __set_CONTROL
  99:Middlewares/ST/threadx/ports/cortex_m7/gnu/inc/tx_port.h **** #endif
 100:Middlewares/ST/threadx/ports/cortex_m7/gnu/inc/tx_port.h **** 
 101:Middlewares/ST/threadx/ports/cortex_m7/gnu/inc/tx_port.h **** #ifndef __GNUC__
 102:Middlewares/ST/threadx/ports/cortex_m7/gnu/inc/tx_port.h **** #define __get_ipsr_value __get_IPSR
 103:Middlewares/ST/threadx/ports/cortex_m7/gnu/inc/tx_port.h **** #endif
 104:Middlewares/ST/threadx/ports/cortex_m7/gnu/inc/tx_port.h **** 
 105:Middlewares/ST/threadx/ports/cortex_m7/gnu/inc/tx_port.h **** /* Define ThreadX basic types for this port.  */
 106:Middlewares/ST/threadx/ports/cortex_m7/gnu/inc/tx_port.h **** 
 107:Middlewares/ST/threadx/ports/cortex_m7/gnu/inc/tx_port.h **** #define VOID                                    void
 108:Middlewares/ST/threadx/ports/cortex_m7/gnu/inc/tx_port.h **** typedef char                                    CHAR;
 109:Middlewares/ST/threadx/ports/cortex_m7/gnu/inc/tx_port.h **** typedef unsigned char                           UCHAR;
 110:Middlewares/ST/threadx/ports/cortex_m7/gnu/inc/tx_port.h **** typedef int                                     INT;
 111:Middlewares/ST/threadx/ports/cortex_m7/gnu/inc/tx_port.h **** typedef unsigned int                            UINT;
 112:Middlewares/ST/threadx/ports/cortex_m7/gnu/inc/tx_port.h **** typedef long                                    LONG;
 113:Middlewares/ST/threadx/ports/cortex_m7/gnu/inc/tx_port.h **** typedef unsigned long                           ULONG;
 114:Middlewares/ST/threadx/ports/cortex_m7/gnu/inc/tx_port.h **** typedef unsigned long long                      ULONG64;
 115:Middlewares/ST/threadx/ports/cortex_m7/gnu/inc/tx_port.h **** typedef short                                   SHORT;
 116:Middlewares/ST/threadx/ports/cortex_m7/gnu/inc/tx_port.h **** typedef unsigned short                          USHORT;
 117:Middlewares/ST/threadx/ports/cortex_m7/gnu/inc/tx_port.h **** #define ULONG64_DEFINED
 118:Middlewares/ST/threadx/ports/cortex_m7/gnu/inc/tx_port.h **** 
 119:Middlewares/ST/threadx/ports/cortex_m7/gnu/inc/tx_port.h **** /* Define the priority levels for ThreadX.  Legal values range
 120:Middlewares/ST/threadx/ports/cortex_m7/gnu/inc/tx_port.h ****    from 32 to 1024 and MUST be evenly divisible by 32.  */
 121:Middlewares/ST/threadx/ports/cortex_m7/gnu/inc/tx_port.h **** 
 122:Middlewares/ST/threadx/ports/cortex_m7/gnu/inc/tx_port.h **** #ifndef TX_MAX_PRIORITIES
 123:Middlewares/ST/threadx/ports/cortex_m7/gnu/inc/tx_port.h **** #define TX_MAX_PRIORITIES                       32
 124:Middlewares/ST/threadx/ports/cortex_m7/gnu/inc/tx_port.h **** #endif
 125:Middlewares/ST/threadx/ports/cortex_m7/gnu/inc/tx_port.h **** 
 126:Middlewares/ST/threadx/ports/cortex_m7/gnu/inc/tx_port.h **** 
 127:Middlewares/ST/threadx/ports/cortex_m7/gnu/inc/tx_port.h **** /* Define the minimum stack for a ThreadX thread on this processor. If the size supplied during
 128:Middlewares/ST/threadx/ports/cortex_m7/gnu/inc/tx_port.h ****    thread creation is less than this value, the thread create call will return an error.  */
 129:Middlewares/ST/threadx/ports/cortex_m7/gnu/inc/tx_port.h **** 
 130:Middlewares/ST/threadx/ports/cortex_m7/gnu/inc/tx_port.h **** #ifndef TX_MINIMUM_STACK
 131:Middlewares/ST/threadx/ports/cortex_m7/gnu/inc/tx_port.h **** #define TX_MINIMUM_STACK                        200         /* Minimum stack size for this port  */
 132:Middlewares/ST/threadx/ports/cortex_m7/gnu/inc/tx_port.h **** #endif
 133:Middlewares/ST/threadx/ports/cortex_m7/gnu/inc/tx_port.h **** 
 134:Middlewares/ST/threadx/ports/cortex_m7/gnu/inc/tx_port.h **** 
 135:Middlewares/ST/threadx/ports/cortex_m7/gnu/inc/tx_port.h **** /* Define the system timer thread's default stack size and priority.  These are only applicable
 136:Middlewares/ST/threadx/ports/cortex_m7/gnu/inc/tx_port.h ****    if TX_TIMER_PROCESS_IN_ISR is not defined.  */
 137:Middlewares/ST/threadx/ports/cortex_m7/gnu/inc/tx_port.h **** 
 138:Middlewares/ST/threadx/ports/cortex_m7/gnu/inc/tx_port.h **** #ifndef TX_TIMER_THREAD_STACK_SIZE
 139:Middlewares/ST/threadx/ports/cortex_m7/gnu/inc/tx_port.h **** #define TX_TIMER_THREAD_STACK_SIZE              1024        /* Default timer thread stack size  */
 140:Middlewares/ST/threadx/ports/cortex_m7/gnu/inc/tx_port.h **** #endif
 141:Middlewares/ST/threadx/ports/cortex_m7/gnu/inc/tx_port.h **** 
 142:Middlewares/ST/threadx/ports/cortex_m7/gnu/inc/tx_port.h **** #ifndef TX_TIMER_THREAD_PRIORITY
 143:Middlewares/ST/threadx/ports/cortex_m7/gnu/inc/tx_port.h **** #define TX_TIMER_THREAD_PRIORITY                0           /* Default timer thread priority    */
 144:Middlewares/ST/threadx/ports/cortex_m7/gnu/inc/tx_port.h **** #endif
 145:Middlewares/ST/threadx/ports/cortex_m7/gnu/inc/tx_port.h **** 
 146:Middlewares/ST/threadx/ports/cortex_m7/gnu/inc/tx_port.h **** 
 147:Middlewares/ST/threadx/ports/cortex_m7/gnu/inc/tx_port.h **** /* Define various constants for the ThreadX Cortex-M port.  */
 148:Middlewares/ST/threadx/ports/cortex_m7/gnu/inc/tx_port.h **** 
 149:Middlewares/ST/threadx/ports/cortex_m7/gnu/inc/tx_port.h **** #define TX_INT_DISABLE                          1           /* Disable interrupts               */
 150:Middlewares/ST/threadx/ports/cortex_m7/gnu/inc/tx_port.h **** #define TX_INT_ENABLE                           0           /* Enable interrupts                */
 151:Middlewares/ST/threadx/ports/cortex_m7/gnu/inc/tx_port.h **** 
 152:Middlewares/ST/threadx/ports/cortex_m7/gnu/inc/tx_port.h **** 
ARM GAS  /tmp/ccIdLTmT.s 			page 6


 153:Middlewares/ST/threadx/ports/cortex_m7/gnu/inc/tx_port.h **** /* Define the clock source for trace event entry time stamp. The following two item are port specif
 154:Middlewares/ST/threadx/ports/cortex_m7/gnu/inc/tx_port.h ****    For example, if the time source is at the address 0x0a800024 and is 16-bits in size, the clock
 155:Middlewares/ST/threadx/ports/cortex_m7/gnu/inc/tx_port.h ****    source constants would be:
 156:Middlewares/ST/threadx/ports/cortex_m7/gnu/inc/tx_port.h **** 
 157:Middlewares/ST/threadx/ports/cortex_m7/gnu/inc/tx_port.h **** #define TX_TRACE_TIME_SOURCE                    *((ULONG *) 0x0a800024)
 158:Middlewares/ST/threadx/ports/cortex_m7/gnu/inc/tx_port.h **** #define TX_TRACE_TIME_MASK                      0x0000FFFFUL
 159:Middlewares/ST/threadx/ports/cortex_m7/gnu/inc/tx_port.h **** 
 160:Middlewares/ST/threadx/ports/cortex_m7/gnu/inc/tx_port.h **** */
 161:Middlewares/ST/threadx/ports/cortex_m7/gnu/inc/tx_port.h **** 
 162:Middlewares/ST/threadx/ports/cortex_m7/gnu/inc/tx_port.h **** #ifndef TX_MISRA_ENABLE
 163:Middlewares/ST/threadx/ports/cortex_m7/gnu/inc/tx_port.h **** #ifndef TX_TRACE_TIME_SOURCE
 164:Middlewares/ST/threadx/ports/cortex_m7/gnu/inc/tx_port.h **** #define TX_TRACE_TIME_SOURCE                    *((ULONG *) 0xE0001004)
 165:Middlewares/ST/threadx/ports/cortex_m7/gnu/inc/tx_port.h **** #endif
 166:Middlewares/ST/threadx/ports/cortex_m7/gnu/inc/tx_port.h **** #else
 167:Middlewares/ST/threadx/ports/cortex_m7/gnu/inc/tx_port.h **** ULONG   _tx_misra_time_stamp_get(VOID);
 168:Middlewares/ST/threadx/ports/cortex_m7/gnu/inc/tx_port.h **** #define TX_TRACE_TIME_SOURCE                    _tx_misra_time_stamp_get()
 169:Middlewares/ST/threadx/ports/cortex_m7/gnu/inc/tx_port.h **** #endif
 170:Middlewares/ST/threadx/ports/cortex_m7/gnu/inc/tx_port.h **** 
 171:Middlewares/ST/threadx/ports/cortex_m7/gnu/inc/tx_port.h **** #ifndef TX_TRACE_TIME_MASK
 172:Middlewares/ST/threadx/ports/cortex_m7/gnu/inc/tx_port.h **** #define TX_TRACE_TIME_MASK                      0xFFFFFFFFUL
 173:Middlewares/ST/threadx/ports/cortex_m7/gnu/inc/tx_port.h **** #endif
 174:Middlewares/ST/threadx/ports/cortex_m7/gnu/inc/tx_port.h **** 
 175:Middlewares/ST/threadx/ports/cortex_m7/gnu/inc/tx_port.h **** #ifdef __ghs__
 176:Middlewares/ST/threadx/ports/cortex_m7/gnu/inc/tx_port.h **** /* Define constants for Green Hills EventAnalyzer.  */
 177:Middlewares/ST/threadx/ports/cortex_m7/gnu/inc/tx_port.h **** 
 178:Middlewares/ST/threadx/ports/cortex_m7/gnu/inc/tx_port.h **** /* Define the number of ticks per second. This informs the EventAnalyzer what the timestamps
 179:Middlewares/ST/threadx/ports/cortex_m7/gnu/inc/tx_port.h ****    represent.  By default, this is set to 1,000,000 i.e., one tick every microsecond. */
 180:Middlewares/ST/threadx/ports/cortex_m7/gnu/inc/tx_port.h **** 
 181:Middlewares/ST/threadx/ports/cortex_m7/gnu/inc/tx_port.h **** #define TX_EL_TICKS_PER_SECOND                  1000000
 182:Middlewares/ST/threadx/ports/cortex_m7/gnu/inc/tx_port.h **** 
 183:Middlewares/ST/threadx/ports/cortex_m7/gnu/inc/tx_port.h **** /* Define the method of how to get the upper and lower 32-bits of the time stamp. By default, simpl
 184:Middlewares/ST/threadx/ports/cortex_m7/gnu/inc/tx_port.h ****    simulate the time-stamp source with a counter.  */
 185:Middlewares/ST/threadx/ports/cortex_m7/gnu/inc/tx_port.h **** 
 186:Middlewares/ST/threadx/ports/cortex_m7/gnu/inc/tx_port.h **** #define read_tbu()                              _tx_el_time_base_upper
 187:Middlewares/ST/threadx/ports/cortex_m7/gnu/inc/tx_port.h **** #define read_tbl()                              ++_tx_el_time_base_lower
 188:Middlewares/ST/threadx/ports/cortex_m7/gnu/inc/tx_port.h **** #endif  /* __ghs__ */
 189:Middlewares/ST/threadx/ports/cortex_m7/gnu/inc/tx_port.h **** 
 190:Middlewares/ST/threadx/ports/cortex_m7/gnu/inc/tx_port.h **** /* Define the port specific options for the _tx_build_options variable. This variable indicates
 191:Middlewares/ST/threadx/ports/cortex_m7/gnu/inc/tx_port.h ****    how the ThreadX library was built.  */
 192:Middlewares/ST/threadx/ports/cortex_m7/gnu/inc/tx_port.h **** 
 193:Middlewares/ST/threadx/ports/cortex_m7/gnu/inc/tx_port.h **** #define TX_PORT_SPECIFIC_BUILD_OPTIONS          (0)
 194:Middlewares/ST/threadx/ports/cortex_m7/gnu/inc/tx_port.h **** 
 195:Middlewares/ST/threadx/ports/cortex_m7/gnu/inc/tx_port.h **** 
 196:Middlewares/ST/threadx/ports/cortex_m7/gnu/inc/tx_port.h **** /* Define the in-line initialization constant so that modules with in-line
 197:Middlewares/ST/threadx/ports/cortex_m7/gnu/inc/tx_port.h ****    initialization capabilities can prevent their initialization from being
 198:Middlewares/ST/threadx/ports/cortex_m7/gnu/inc/tx_port.h ****    a function call.  */
 199:Middlewares/ST/threadx/ports/cortex_m7/gnu/inc/tx_port.h **** 
 200:Middlewares/ST/threadx/ports/cortex_m7/gnu/inc/tx_port.h **** #ifdef TX_MISRA_ENABLE
 201:Middlewares/ST/threadx/ports/cortex_m7/gnu/inc/tx_port.h **** #define TX_DISABLE_INLINE
 202:Middlewares/ST/threadx/ports/cortex_m7/gnu/inc/tx_port.h **** #else
 203:Middlewares/ST/threadx/ports/cortex_m7/gnu/inc/tx_port.h **** #define TX_INLINE_INITIALIZATION
 204:Middlewares/ST/threadx/ports/cortex_m7/gnu/inc/tx_port.h **** #endif
 205:Middlewares/ST/threadx/ports/cortex_m7/gnu/inc/tx_port.h **** 
 206:Middlewares/ST/threadx/ports/cortex_m7/gnu/inc/tx_port.h **** 
 207:Middlewares/ST/threadx/ports/cortex_m7/gnu/inc/tx_port.h **** /* Determine whether or not stack checking is enabled. By default, ThreadX stack checking is
 208:Middlewares/ST/threadx/ports/cortex_m7/gnu/inc/tx_port.h ****    disabled. When the following is defined, ThreadX thread stack checking is enabled.  If stack
 209:Middlewares/ST/threadx/ports/cortex_m7/gnu/inc/tx_port.h ****    checking is enabled (TX_ENABLE_STACK_CHECKING is defined), the TX_DISABLE_STACK_FILLING
ARM GAS  /tmp/ccIdLTmT.s 			page 7


 210:Middlewares/ST/threadx/ports/cortex_m7/gnu/inc/tx_port.h ****    define is negated, thereby forcing the stack fill which is necessary for the stack checking
 211:Middlewares/ST/threadx/ports/cortex_m7/gnu/inc/tx_port.h ****    logic.  */
 212:Middlewares/ST/threadx/ports/cortex_m7/gnu/inc/tx_port.h **** 
 213:Middlewares/ST/threadx/ports/cortex_m7/gnu/inc/tx_port.h **** #ifndef TX_MISRA_ENABLE
 214:Middlewares/ST/threadx/ports/cortex_m7/gnu/inc/tx_port.h **** #ifdef TX_ENABLE_STACK_CHECKING
 215:Middlewares/ST/threadx/ports/cortex_m7/gnu/inc/tx_port.h **** #undef TX_DISABLE_STACK_FILLING
 216:Middlewares/ST/threadx/ports/cortex_m7/gnu/inc/tx_port.h **** #endif
 217:Middlewares/ST/threadx/ports/cortex_m7/gnu/inc/tx_port.h **** #endif
 218:Middlewares/ST/threadx/ports/cortex_m7/gnu/inc/tx_port.h **** 
 219:Middlewares/ST/threadx/ports/cortex_m7/gnu/inc/tx_port.h **** 
 220:Middlewares/ST/threadx/ports/cortex_m7/gnu/inc/tx_port.h **** /* Define the TX_THREAD control block extensions for this port. The main reason
 221:Middlewares/ST/threadx/ports/cortex_m7/gnu/inc/tx_port.h ****    for the multiple macros is so that backward compatibility can be maintained with
 222:Middlewares/ST/threadx/ports/cortex_m7/gnu/inc/tx_port.h ****    existing ThreadX kernel awareness modules.  */
 223:Middlewares/ST/threadx/ports/cortex_m7/gnu/inc/tx_port.h **** 
 224:Middlewares/ST/threadx/ports/cortex_m7/gnu/inc/tx_port.h **** #define TX_THREAD_EXTENSION_0
 225:Middlewares/ST/threadx/ports/cortex_m7/gnu/inc/tx_port.h **** #define TX_THREAD_EXTENSION_1
 226:Middlewares/ST/threadx/ports/cortex_m7/gnu/inc/tx_port.h **** #ifdef  TX_ENABLE_IAR_LIBRARY_SUPPORT
 227:Middlewares/ST/threadx/ports/cortex_m7/gnu/inc/tx_port.h **** #define TX_THREAD_EXTENSION_2           VOID    *tx_thread_iar_tls_pointer;
 228:Middlewares/ST/threadx/ports/cortex_m7/gnu/inc/tx_port.h **** #elif defined(__ghs__)
 229:Middlewares/ST/threadx/ports/cortex_m7/gnu/inc/tx_port.h **** #define TX_THREAD_EXTENSION_2           VOID *  tx_thread_eh_globals;                           \
 230:Middlewares/ST/threadx/ports/cortex_m7/gnu/inc/tx_port.h ****                                         int     Errno;             /* errno.  */                \
 231:Middlewares/ST/threadx/ports/cortex_m7/gnu/inc/tx_port.h ****                                         char *  strtok_saved_pos;  /* strtok() position.  */
 232:Middlewares/ST/threadx/ports/cortex_m7/gnu/inc/tx_port.h **** #else
 233:Middlewares/ST/threadx/ports/cortex_m7/gnu/inc/tx_port.h **** #define TX_THREAD_EXTENSION_2
 234:Middlewares/ST/threadx/ports/cortex_m7/gnu/inc/tx_port.h **** #endif
 235:Middlewares/ST/threadx/ports/cortex_m7/gnu/inc/tx_port.h **** 
 236:Middlewares/ST/threadx/ports/cortex_m7/gnu/inc/tx_port.h **** 
 237:Middlewares/ST/threadx/ports/cortex_m7/gnu/inc/tx_port.h **** #define TX_THREAD_EXTENSION_3
 238:Middlewares/ST/threadx/ports/cortex_m7/gnu/inc/tx_port.h **** 
 239:Middlewares/ST/threadx/ports/cortex_m7/gnu/inc/tx_port.h **** 
 240:Middlewares/ST/threadx/ports/cortex_m7/gnu/inc/tx_port.h **** 
 241:Middlewares/ST/threadx/ports/cortex_m7/gnu/inc/tx_port.h **** /* Define the port extensions of the remaining ThreadX objects.  */
 242:Middlewares/ST/threadx/ports/cortex_m7/gnu/inc/tx_port.h **** 
 243:Middlewares/ST/threadx/ports/cortex_m7/gnu/inc/tx_port.h **** #define TX_BLOCK_POOL_EXTENSION
 244:Middlewares/ST/threadx/ports/cortex_m7/gnu/inc/tx_port.h **** #define TX_BYTE_POOL_EXTENSION
 245:Middlewares/ST/threadx/ports/cortex_m7/gnu/inc/tx_port.h **** #define TX_EVENT_FLAGS_GROUP_EXTENSION
 246:Middlewares/ST/threadx/ports/cortex_m7/gnu/inc/tx_port.h **** #define TX_MUTEX_EXTENSION
 247:Middlewares/ST/threadx/ports/cortex_m7/gnu/inc/tx_port.h **** #define TX_QUEUE_EXTENSION
 248:Middlewares/ST/threadx/ports/cortex_m7/gnu/inc/tx_port.h **** #define TX_SEMAPHORE_EXTENSION
 249:Middlewares/ST/threadx/ports/cortex_m7/gnu/inc/tx_port.h **** #define TX_TIMER_EXTENSION
 250:Middlewares/ST/threadx/ports/cortex_m7/gnu/inc/tx_port.h **** 
 251:Middlewares/ST/threadx/ports/cortex_m7/gnu/inc/tx_port.h **** 
 252:Middlewares/ST/threadx/ports/cortex_m7/gnu/inc/tx_port.h **** /* Define the user extension field of the thread control block.  Nothing
 253:Middlewares/ST/threadx/ports/cortex_m7/gnu/inc/tx_port.h ****    additional is needed for this port so it is defined as white space.  */
 254:Middlewares/ST/threadx/ports/cortex_m7/gnu/inc/tx_port.h **** 
 255:Middlewares/ST/threadx/ports/cortex_m7/gnu/inc/tx_port.h **** #ifndef TX_THREAD_USER_EXTENSION
 256:Middlewares/ST/threadx/ports/cortex_m7/gnu/inc/tx_port.h **** #define TX_THREAD_USER_EXTENSION
 257:Middlewares/ST/threadx/ports/cortex_m7/gnu/inc/tx_port.h **** #endif
 258:Middlewares/ST/threadx/ports/cortex_m7/gnu/inc/tx_port.h **** 
 259:Middlewares/ST/threadx/ports/cortex_m7/gnu/inc/tx_port.h **** 
 260:Middlewares/ST/threadx/ports/cortex_m7/gnu/inc/tx_port.h **** /* Define the macros for processing extensions in tx_thread_create, tx_thread_delete,
 261:Middlewares/ST/threadx/ports/cortex_m7/gnu/inc/tx_port.h ****    tx_thread_shell_entry, and tx_thread_terminate.  */
 262:Middlewares/ST/threadx/ports/cortex_m7/gnu/inc/tx_port.h **** 
 263:Middlewares/ST/threadx/ports/cortex_m7/gnu/inc/tx_port.h **** 
 264:Middlewares/ST/threadx/ports/cortex_m7/gnu/inc/tx_port.h **** #ifdef  TX_ENABLE_IAR_LIBRARY_SUPPORT
 265:Middlewares/ST/threadx/ports/cortex_m7/gnu/inc/tx_port.h **** #if (__VER__ < 8000000)
 266:Middlewares/ST/threadx/ports/cortex_m7/gnu/inc/tx_port.h **** #define TX_THREAD_CREATE_EXTENSION(thread_ptr)                      thread_ptr -> tx_thread_iar_tls
ARM GAS  /tmp/ccIdLTmT.s 			page 8


 267:Middlewares/ST/threadx/ports/cortex_m7/gnu/inc/tx_port.h **** #define TX_THREAD_DELETE_EXTENSION(thread_ptr)                      __iar_dlib_perthread_deallocate
 268:Middlewares/ST/threadx/ports/cortex_m7/gnu/inc/tx_port.h ****                                                                     thread_ptr -> tx_thread_iar_tls
 269:Middlewares/ST/threadx/ports/cortex_m7/gnu/inc/tx_port.h **** #define TX_PORT_SPECIFIC_PRE_SCHEDULER_INITIALIZATION               __iar_dlib_perthread_access(0);
 270:Middlewares/ST/threadx/ports/cortex_m7/gnu/inc/tx_port.h **** #else
 271:Middlewares/ST/threadx/ports/cortex_m7/gnu/inc/tx_port.h **** void    *_tx_iar_create_per_thread_tls_area(void);
 272:Middlewares/ST/threadx/ports/cortex_m7/gnu/inc/tx_port.h **** void    _tx_iar_destroy_per_thread_tls_area(void *tls_ptr);
 273:Middlewares/ST/threadx/ports/cortex_m7/gnu/inc/tx_port.h **** void    __iar_Initlocks(void);
 274:Middlewares/ST/threadx/ports/cortex_m7/gnu/inc/tx_port.h **** 
 275:Middlewares/ST/threadx/ports/cortex_m7/gnu/inc/tx_port.h **** #define TX_THREAD_CREATE_EXTENSION(thread_ptr)                      thread_ptr -> tx_thread_iar_tls
 276:Middlewares/ST/threadx/ports/cortex_m7/gnu/inc/tx_port.h **** #define TX_THREAD_DELETE_EXTENSION(thread_ptr)                      do {_tx_iar_destroy_per_thread_
 277:Middlewares/ST/threadx/ports/cortex_m7/gnu/inc/tx_port.h ****                                                                         thread_ptr -> tx_thread_iar
 278:Middlewares/ST/threadx/ports/cortex_m7/gnu/inc/tx_port.h **** #define TX_PORT_SPECIFIC_PRE_SCHEDULER_INITIALIZATION               do {__iar_Initlocks();} while(0
 279:Middlewares/ST/threadx/ports/cortex_m7/gnu/inc/tx_port.h **** #endif
 280:Middlewares/ST/threadx/ports/cortex_m7/gnu/inc/tx_port.h **** #else
 281:Middlewares/ST/threadx/ports/cortex_m7/gnu/inc/tx_port.h **** #define TX_THREAD_CREATE_EXTENSION(thread_ptr)
 282:Middlewares/ST/threadx/ports/cortex_m7/gnu/inc/tx_port.h **** #define TX_THREAD_DELETE_EXTENSION(thread_ptr)
 283:Middlewares/ST/threadx/ports/cortex_m7/gnu/inc/tx_port.h **** #endif
 284:Middlewares/ST/threadx/ports/cortex_m7/gnu/inc/tx_port.h **** 
 285:Middlewares/ST/threadx/ports/cortex_m7/gnu/inc/tx_port.h **** #if defined(__ARMVFP__) || defined(__ARM_PCS_VFP) || defined(__ARM_FP) || defined(__TARGET_FPU_VFP)
 286:Middlewares/ST/threadx/ports/cortex_m7/gnu/inc/tx_port.h **** 
 287:Middlewares/ST/threadx/ports/cortex_m7/gnu/inc/tx_port.h **** #ifdef TX_MISRA_ENABLE
 288:Middlewares/ST/threadx/ports/cortex_m7/gnu/inc/tx_port.h **** 
 289:Middlewares/ST/threadx/ports/cortex_m7/gnu/inc/tx_port.h **** ULONG  _tx_misra_control_get(void);
 290:Middlewares/ST/threadx/ports/cortex_m7/gnu/inc/tx_port.h **** void   _tx_misra_control_set(ULONG value);
 291:Middlewares/ST/threadx/ports/cortex_m7/gnu/inc/tx_port.h **** ULONG  _tx_misra_fpccr_get(void);
 292:Middlewares/ST/threadx/ports/cortex_m7/gnu/inc/tx_port.h **** void   _tx_misra_vfp_touch(void);
 293:Middlewares/ST/threadx/ports/cortex_m7/gnu/inc/tx_port.h **** 
 294:Middlewares/ST/threadx/ports/cortex_m7/gnu/inc/tx_port.h **** #else   /* TX_MISRA_ENABLE not defined */
 295:Middlewares/ST/threadx/ports/cortex_m7/gnu/inc/tx_port.h **** 
 296:Middlewares/ST/threadx/ports/cortex_m7/gnu/inc/tx_port.h **** /* Define some helper functions (these are intrinsics in some compilers). */
 297:Middlewares/ST/threadx/ports/cortex_m7/gnu/inc/tx_port.h **** #ifdef __GNUC__ /* GCC and ARM Compiler 6 */
 298:Middlewares/ST/threadx/ports/cortex_m7/gnu/inc/tx_port.h **** 
 299:Middlewares/ST/threadx/ports/cortex_m7/gnu/inc/tx_port.h **** __attribute__( ( always_inline ) ) static inline ULONG __get_control_value(void)
 300:Middlewares/ST/threadx/ports/cortex_m7/gnu/inc/tx_port.h **** {
 301:Middlewares/ST/threadx/ports/cortex_m7/gnu/inc/tx_port.h **** ULONG  control_value;
 302:Middlewares/ST/threadx/ports/cortex_m7/gnu/inc/tx_port.h **** 
 303:Middlewares/ST/threadx/ports/cortex_m7/gnu/inc/tx_port.h ****     __asm__ volatile (" MRS  %0,CONTROL ": "=r" (control_value) );
 304:Middlewares/ST/threadx/ports/cortex_m7/gnu/inc/tx_port.h ****     return(control_value);
 305:Middlewares/ST/threadx/ports/cortex_m7/gnu/inc/tx_port.h **** }
 306:Middlewares/ST/threadx/ports/cortex_m7/gnu/inc/tx_port.h **** 
 307:Middlewares/ST/threadx/ports/cortex_m7/gnu/inc/tx_port.h **** __attribute__( ( always_inline ) ) static inline void __set_control_value(ULONG control_value)
 308:Middlewares/ST/threadx/ports/cortex_m7/gnu/inc/tx_port.h **** {
 309:Middlewares/ST/threadx/ports/cortex_m7/gnu/inc/tx_port.h ****     __asm__ volatile (" MSR  CONTROL,%0": : "r" (control_value): "memory" );
 310:Middlewares/ST/threadx/ports/cortex_m7/gnu/inc/tx_port.h **** }
 311:Middlewares/ST/threadx/ports/cortex_m7/gnu/inc/tx_port.h **** 
 312:Middlewares/ST/threadx/ports/cortex_m7/gnu/inc/tx_port.h **** #define TX_VFP_TOUCH()  __asm__ volatile ("VMOV.F32 s0, s0");
 313:Middlewares/ST/threadx/ports/cortex_m7/gnu/inc/tx_port.h **** 
 314:Middlewares/ST/threadx/ports/cortex_m7/gnu/inc/tx_port.h **** #elif defined(__CC_ARM) /* ARM Compiler 5 */
 315:Middlewares/ST/threadx/ports/cortex_m7/gnu/inc/tx_port.h **** 
 316:Middlewares/ST/threadx/ports/cortex_m7/gnu/inc/tx_port.h **** __attribute__( ( always_inline ) ) ULONG __get_control_value(void)
 317:Middlewares/ST/threadx/ports/cortex_m7/gnu/inc/tx_port.h **** {
 318:Middlewares/ST/threadx/ports/cortex_m7/gnu/inc/tx_port.h **** ULONG  control_value;
 319:Middlewares/ST/threadx/ports/cortex_m7/gnu/inc/tx_port.h **** 
 320:Middlewares/ST/threadx/ports/cortex_m7/gnu/inc/tx_port.h ****     __asm volatile ("MRS control_value,CONTROL");
 321:Middlewares/ST/threadx/ports/cortex_m7/gnu/inc/tx_port.h ****     return(control_value);
 322:Middlewares/ST/threadx/ports/cortex_m7/gnu/inc/tx_port.h **** }
 323:Middlewares/ST/threadx/ports/cortex_m7/gnu/inc/tx_port.h **** 
ARM GAS  /tmp/ccIdLTmT.s 			page 9


 324:Middlewares/ST/threadx/ports/cortex_m7/gnu/inc/tx_port.h **** __attribute__( ( always_inline ) ) void __set_control_value(ULONG control_value)
 325:Middlewares/ST/threadx/ports/cortex_m7/gnu/inc/tx_port.h **** {
 326:Middlewares/ST/threadx/ports/cortex_m7/gnu/inc/tx_port.h ****     __asm__ volatile ("MSR CONTROL,control_value");
 327:Middlewares/ST/threadx/ports/cortex_m7/gnu/inc/tx_port.h **** }
 328:Middlewares/ST/threadx/ports/cortex_m7/gnu/inc/tx_port.h **** /* Can't access VFP registers with inline asm, so define this in tx_thread_schedule.  */
 329:Middlewares/ST/threadx/ports/cortex_m7/gnu/inc/tx_port.h **** void _tx_vfp_access(void);
 330:Middlewares/ST/threadx/ports/cortex_m7/gnu/inc/tx_port.h **** #define TX_VFP_TOUCH()  _tx_vfp_access();
 331:Middlewares/ST/threadx/ports/cortex_m7/gnu/inc/tx_port.h **** 
 332:Middlewares/ST/threadx/ports/cortex_m7/gnu/inc/tx_port.h **** #elif defined(__ICCARM__)  /* IAR */
 333:Middlewares/ST/threadx/ports/cortex_m7/gnu/inc/tx_port.h **** #define TX_VFP_TOUCH()  __asm__ volatile ("VMOV.F32 s0, s0");
 334:Middlewares/ST/threadx/ports/cortex_m7/gnu/inc/tx_port.h **** #endif  /* Helper functions for different compilers */
 335:Middlewares/ST/threadx/ports/cortex_m7/gnu/inc/tx_port.h **** 
 336:Middlewares/ST/threadx/ports/cortex_m7/gnu/inc/tx_port.h **** #endif  /* TX_MISRA_ENABLE */
 337:Middlewares/ST/threadx/ports/cortex_m7/gnu/inc/tx_port.h **** 
 338:Middlewares/ST/threadx/ports/cortex_m7/gnu/inc/tx_port.h **** 
 339:Middlewares/ST/threadx/ports/cortex_m7/gnu/inc/tx_port.h **** /* A completed thread falls into _thread_shell_entry and we can simply deactivate the FPU via CONTR
 340:Middlewares/ST/threadx/ports/cortex_m7/gnu/inc/tx_port.h ****    in order to ensure no lazy stacking will occur. */
 341:Middlewares/ST/threadx/ports/cortex_m7/gnu/inc/tx_port.h **** 
 342:Middlewares/ST/threadx/ports/cortex_m7/gnu/inc/tx_port.h **** #ifndef TX_MISRA_ENABLE
 343:Middlewares/ST/threadx/ports/cortex_m7/gnu/inc/tx_port.h **** 
 344:Middlewares/ST/threadx/ports/cortex_m7/gnu/inc/tx_port.h **** #define TX_THREAD_COMPLETED_EXTENSION(thread_ptr)   {                                              
 345:Middlewares/ST/threadx/ports/cortex_m7/gnu/inc/tx_port.h ****                                                     ULONG  _tx_vfp_state;                          
 346:Middlewares/ST/threadx/ports/cortex_m7/gnu/inc/tx_port.h ****                                                         _tx_vfp_state =  __get_control_value();    
 347:Middlewares/ST/threadx/ports/cortex_m7/gnu/inc/tx_port.h ****                                                         _tx_vfp_state =  _tx_vfp_state & ~((ULONG) 
 348:Middlewares/ST/threadx/ports/cortex_m7/gnu/inc/tx_port.h ****                                                         __set_control_value(_tx_vfp_state);        
 349:Middlewares/ST/threadx/ports/cortex_m7/gnu/inc/tx_port.h ****                                                     }
 350:Middlewares/ST/threadx/ports/cortex_m7/gnu/inc/tx_port.h **** #else
 351:Middlewares/ST/threadx/ports/cortex_m7/gnu/inc/tx_port.h **** 
 352:Middlewares/ST/threadx/ports/cortex_m7/gnu/inc/tx_port.h **** #define TX_THREAD_COMPLETED_EXTENSION(thread_ptr)   {                                              
 353:Middlewares/ST/threadx/ports/cortex_m7/gnu/inc/tx_port.h ****                                                     ULONG  _tx_vfp_state;                          
 354:Middlewares/ST/threadx/ports/cortex_m7/gnu/inc/tx_port.h ****                                                         _tx_vfp_state =  _tx_misra_control_get();  
 355:Middlewares/ST/threadx/ports/cortex_m7/gnu/inc/tx_port.h ****                                                         _tx_vfp_state =  _tx_vfp_state & ~((ULONG) 
 356:Middlewares/ST/threadx/ports/cortex_m7/gnu/inc/tx_port.h ****                                                         _tx_misra_control_set(_tx_vfp_state);      
 357:Middlewares/ST/threadx/ports/cortex_m7/gnu/inc/tx_port.h ****                                                     }
 358:Middlewares/ST/threadx/ports/cortex_m7/gnu/inc/tx_port.h **** 
 359:Middlewares/ST/threadx/ports/cortex_m7/gnu/inc/tx_port.h **** #endif
 360:Middlewares/ST/threadx/ports/cortex_m7/gnu/inc/tx_port.h **** 
 361:Middlewares/ST/threadx/ports/cortex_m7/gnu/inc/tx_port.h **** /* A thread can be terminated by another thread, so we first check if it's self-terminating and not
 362:Middlewares/ST/threadx/ports/cortex_m7/gnu/inc/tx_port.h ****    If so, deactivate the FPU via CONTROL.FPCA. Otherwise we are in an interrupt or another thread i
 363:Middlewares/ST/threadx/ports/cortex_m7/gnu/inc/tx_port.h ****    this one, so if the FPCCR.LSPACT bit is set, we need to save the CONTROL.FPCA state, touch the F
 364:Middlewares/ST/threadx/ports/cortex_m7/gnu/inc/tx_port.h ****    the lazy FPU save, then restore the CONTROL.FPCA state. */
 365:Middlewares/ST/threadx/ports/cortex_m7/gnu/inc/tx_port.h **** 
 366:Middlewares/ST/threadx/ports/cortex_m7/gnu/inc/tx_port.h **** #ifndef TX_MISRA_ENABLE
 367:Middlewares/ST/threadx/ports/cortex_m7/gnu/inc/tx_port.h **** 
 368:Middlewares/ST/threadx/ports/cortex_m7/gnu/inc/tx_port.h **** #define TX_THREAD_TERMINATED_EXTENSION(thread_ptr)  {                                              
 369:Middlewares/ST/threadx/ports/cortex_m7/gnu/inc/tx_port.h ****                                                     ULONG  _tx_system_state;                       
 370:Middlewares/ST/threadx/ports/cortex_m7/gnu/inc/tx_port.h ****                                                         _tx_system_state =  TX_THREAD_GET_SYSTEM_ST
 371:Middlewares/ST/threadx/ports/cortex_m7/gnu/inc/tx_port.h ****                                                         if ((_tx_system_state == ((ULONG) 0)) && ((
 372:Middlewares/ST/threadx/ports/cortex_m7/gnu/inc/tx_port.h ****                                                         {                                          
 373:Middlewares/ST/threadx/ports/cortex_m7/gnu/inc/tx_port.h ****                                                         ULONG  _tx_vfp_state;                      
 374:Middlewares/ST/threadx/ports/cortex_m7/gnu/inc/tx_port.h ****                                                             _tx_vfp_state =  __get_control_value();
 375:Middlewares/ST/threadx/ports/cortex_m7/gnu/inc/tx_port.h ****                                                             _tx_vfp_state =  _tx_vfp_state & ~((ULO
 376:Middlewares/ST/threadx/ports/cortex_m7/gnu/inc/tx_port.h ****                                                             __set_control_value(_tx_vfp_state);    
 377:Middlewares/ST/threadx/ports/cortex_m7/gnu/inc/tx_port.h ****                                                         }                                          
 378:Middlewares/ST/threadx/ports/cortex_m7/gnu/inc/tx_port.h ****                                                         else                                       
 379:Middlewares/ST/threadx/ports/cortex_m7/gnu/inc/tx_port.h ****                                                         {                                          
 380:Middlewares/ST/threadx/ports/cortex_m7/gnu/inc/tx_port.h ****                                                         ULONG  _tx_fpccr;                          
ARM GAS  /tmp/ccIdLTmT.s 			page 10


 381:Middlewares/ST/threadx/ports/cortex_m7/gnu/inc/tx_port.h ****                                                             _tx_fpccr =  *((ULONG *) 0xE000EF34);  
 382:Middlewares/ST/threadx/ports/cortex_m7/gnu/inc/tx_port.h ****                                                             _tx_fpccr =  _tx_fpccr & ((ULONG) 0x01)
 383:Middlewares/ST/threadx/ports/cortex_m7/gnu/inc/tx_port.h ****                                                             if (_tx_fpccr == ((ULONG) 0x01))       
 384:Middlewares/ST/threadx/ports/cortex_m7/gnu/inc/tx_port.h ****                                                             {                                      
 385:Middlewares/ST/threadx/ports/cortex_m7/gnu/inc/tx_port.h ****                                                             ULONG _tx_vfp_state;                   
 386:Middlewares/ST/threadx/ports/cortex_m7/gnu/inc/tx_port.h ****                                                                 _tx_vfp_state = __get_control_value
 387:Middlewares/ST/threadx/ports/cortex_m7/gnu/inc/tx_port.h ****                                                                 _tx_vfp_state =  _tx_vfp_state & ((
 388:Middlewares/ST/threadx/ports/cortex_m7/gnu/inc/tx_port.h ****                                                                 TX_VFP_TOUCH();                    
 389:Middlewares/ST/threadx/ports/cortex_m7/gnu/inc/tx_port.h ****                                                                 if (_tx_vfp_state == ((ULONG) 0))  
 390:Middlewares/ST/threadx/ports/cortex_m7/gnu/inc/tx_port.h ****                                                                 {                                  
 391:Middlewares/ST/threadx/ports/cortex_m7/gnu/inc/tx_port.h ****                                                                     _tx_vfp_state =  __get_control_
 392:Middlewares/ST/threadx/ports/cortex_m7/gnu/inc/tx_port.h ****                                                                     _tx_vfp_state =  _tx_vfp_state 
 393:Middlewares/ST/threadx/ports/cortex_m7/gnu/inc/tx_port.h ****                                                                     __set_control_value(_tx_vfp_sta
 394:Middlewares/ST/threadx/ports/cortex_m7/gnu/inc/tx_port.h ****                                                                 }                                  
 395:Middlewares/ST/threadx/ports/cortex_m7/gnu/inc/tx_port.h ****                                                             }                                      
 396:Middlewares/ST/threadx/ports/cortex_m7/gnu/inc/tx_port.h ****                                                         }                                          
 397:Middlewares/ST/threadx/ports/cortex_m7/gnu/inc/tx_port.h ****                                                     }
 398:Middlewares/ST/threadx/ports/cortex_m7/gnu/inc/tx_port.h **** #else
 399:Middlewares/ST/threadx/ports/cortex_m7/gnu/inc/tx_port.h **** 
 400:Middlewares/ST/threadx/ports/cortex_m7/gnu/inc/tx_port.h **** #define TX_THREAD_TERMINATED_EXTENSION(thread_ptr)  {                                              
 401:Middlewares/ST/threadx/ports/cortex_m7/gnu/inc/tx_port.h ****                                                     ULONG  _tx_system_state;                       
 402:Middlewares/ST/threadx/ports/cortex_m7/gnu/inc/tx_port.h ****                                                         _tx_system_state =  TX_THREAD_GET_SYSTEM_ST
 403:Middlewares/ST/threadx/ports/cortex_m7/gnu/inc/tx_port.h ****                                                         if ((_tx_system_state == ((ULONG) 0)) && ((
 404:Middlewares/ST/threadx/ports/cortex_m7/gnu/inc/tx_port.h ****                                                         {                                          
 405:Middlewares/ST/threadx/ports/cortex_m7/gnu/inc/tx_port.h ****                                                         ULONG  _tx_vfp_state;                      
 406:Middlewares/ST/threadx/ports/cortex_m7/gnu/inc/tx_port.h ****                                                             _tx_vfp_state =  _tx_misra_control_get(
 407:Middlewares/ST/threadx/ports/cortex_m7/gnu/inc/tx_port.h ****                                                             _tx_vfp_state =  _tx_vfp_state & ~((ULO
 408:Middlewares/ST/threadx/ports/cortex_m7/gnu/inc/tx_port.h ****                                                             _tx_misra_control_set(_tx_vfp_state);  
 409:Middlewares/ST/threadx/ports/cortex_m7/gnu/inc/tx_port.h ****                                                         }                                          
 410:Middlewares/ST/threadx/ports/cortex_m7/gnu/inc/tx_port.h ****                                                         else                                       
 411:Middlewares/ST/threadx/ports/cortex_m7/gnu/inc/tx_port.h ****                                                         {                                          
 412:Middlewares/ST/threadx/ports/cortex_m7/gnu/inc/tx_port.h ****                                                         ULONG  _tx_fpccr;                          
 413:Middlewares/ST/threadx/ports/cortex_m7/gnu/inc/tx_port.h ****                                                             _tx_fpccr =  _tx_misra_fpccr_get();    
 414:Middlewares/ST/threadx/ports/cortex_m7/gnu/inc/tx_port.h ****                                                             _tx_fpccr =  _tx_fpccr & ((ULONG) 0x01)
 415:Middlewares/ST/threadx/ports/cortex_m7/gnu/inc/tx_port.h ****                                                             if (_tx_fpccr == ((ULONG) 0x01))       
 416:Middlewares/ST/threadx/ports/cortex_m7/gnu/inc/tx_port.h ****                                                             {                                      
 417:Middlewares/ST/threadx/ports/cortex_m7/gnu/inc/tx_port.h ****                                                             ULONG _tx_vfp_state;                   
 418:Middlewares/ST/threadx/ports/cortex_m7/gnu/inc/tx_port.h ****                                                                 _tx_vfp_state = _tx_misra_control_g
 419:Middlewares/ST/threadx/ports/cortex_m7/gnu/inc/tx_port.h ****                                                                 _tx_vfp_state =  _tx_vfp_state & ((
 420:Middlewares/ST/threadx/ports/cortex_m7/gnu/inc/tx_port.h ****                                                                 _tx_misra_vfp_touch();             
 421:Middlewares/ST/threadx/ports/cortex_m7/gnu/inc/tx_port.h ****                                                                 if (_tx_vfp_state == ((ULONG) 0))  
 422:Middlewares/ST/threadx/ports/cortex_m7/gnu/inc/tx_port.h ****                                                                 {                                  
 423:Middlewares/ST/threadx/ports/cortex_m7/gnu/inc/tx_port.h ****                                                                     _tx_vfp_state =  _tx_misra_cont
 424:Middlewares/ST/threadx/ports/cortex_m7/gnu/inc/tx_port.h ****                                                                     _tx_vfp_state =  _tx_vfp_state 
 425:Middlewares/ST/threadx/ports/cortex_m7/gnu/inc/tx_port.h ****                                                                     _tx_misra_control_set(_tx_vfp_s
 426:Middlewares/ST/threadx/ports/cortex_m7/gnu/inc/tx_port.h ****                                                                 }                                  
 427:Middlewares/ST/threadx/ports/cortex_m7/gnu/inc/tx_port.h ****                                                             }                                      
 428:Middlewares/ST/threadx/ports/cortex_m7/gnu/inc/tx_port.h ****                                                         }                                          
 429:Middlewares/ST/threadx/ports/cortex_m7/gnu/inc/tx_port.h ****                                                     }
 430:Middlewares/ST/threadx/ports/cortex_m7/gnu/inc/tx_port.h **** #endif
 431:Middlewares/ST/threadx/ports/cortex_m7/gnu/inc/tx_port.h **** 
 432:Middlewares/ST/threadx/ports/cortex_m7/gnu/inc/tx_port.h **** #else   /* No VFP in use */
 433:Middlewares/ST/threadx/ports/cortex_m7/gnu/inc/tx_port.h **** 
 434:Middlewares/ST/threadx/ports/cortex_m7/gnu/inc/tx_port.h **** #define TX_THREAD_COMPLETED_EXTENSION(thread_ptr)
 435:Middlewares/ST/threadx/ports/cortex_m7/gnu/inc/tx_port.h **** #define TX_THREAD_TERMINATED_EXTENSION(thread_ptr)
 436:Middlewares/ST/threadx/ports/cortex_m7/gnu/inc/tx_port.h **** 
 437:Middlewares/ST/threadx/ports/cortex_m7/gnu/inc/tx_port.h **** #endif  /* defined(__ARMVFP__) || defined(__ARM_PCS_VFP) || defined(__ARM_FP) || defined(__TARGET_F
ARM GAS  /tmp/ccIdLTmT.s 			page 11


 438:Middlewares/ST/threadx/ports/cortex_m7/gnu/inc/tx_port.h **** 
 439:Middlewares/ST/threadx/ports/cortex_m7/gnu/inc/tx_port.h **** 
 440:Middlewares/ST/threadx/ports/cortex_m7/gnu/inc/tx_port.h **** /* Define the ThreadX object creation extensions for the remaining objects.  */
 441:Middlewares/ST/threadx/ports/cortex_m7/gnu/inc/tx_port.h **** 
 442:Middlewares/ST/threadx/ports/cortex_m7/gnu/inc/tx_port.h **** #define TX_BLOCK_POOL_CREATE_EXTENSION(pool_ptr)
 443:Middlewares/ST/threadx/ports/cortex_m7/gnu/inc/tx_port.h **** #define TX_BYTE_POOL_CREATE_EXTENSION(pool_ptr)
 444:Middlewares/ST/threadx/ports/cortex_m7/gnu/inc/tx_port.h **** #define TX_EVENT_FLAGS_GROUP_CREATE_EXTENSION(group_ptr)
 445:Middlewares/ST/threadx/ports/cortex_m7/gnu/inc/tx_port.h **** #define TX_MUTEX_CREATE_EXTENSION(mutex_ptr)
 446:Middlewares/ST/threadx/ports/cortex_m7/gnu/inc/tx_port.h **** #define TX_QUEUE_CREATE_EXTENSION(queue_ptr)
 447:Middlewares/ST/threadx/ports/cortex_m7/gnu/inc/tx_port.h **** #define TX_SEMAPHORE_CREATE_EXTENSION(semaphore_ptr)
 448:Middlewares/ST/threadx/ports/cortex_m7/gnu/inc/tx_port.h **** #define TX_TIMER_CREATE_EXTENSION(timer_ptr)
 449:Middlewares/ST/threadx/ports/cortex_m7/gnu/inc/tx_port.h **** 
 450:Middlewares/ST/threadx/ports/cortex_m7/gnu/inc/tx_port.h **** 
 451:Middlewares/ST/threadx/ports/cortex_m7/gnu/inc/tx_port.h **** /* Define the ThreadX object deletion extensions for the remaining objects.  */
 452:Middlewares/ST/threadx/ports/cortex_m7/gnu/inc/tx_port.h **** 
 453:Middlewares/ST/threadx/ports/cortex_m7/gnu/inc/tx_port.h **** #define TX_BLOCK_POOL_DELETE_EXTENSION(pool_ptr)
 454:Middlewares/ST/threadx/ports/cortex_m7/gnu/inc/tx_port.h **** #define TX_BYTE_POOL_DELETE_EXTENSION(pool_ptr)
 455:Middlewares/ST/threadx/ports/cortex_m7/gnu/inc/tx_port.h **** #define TX_EVENT_FLAGS_GROUP_DELETE_EXTENSION(group_ptr)
 456:Middlewares/ST/threadx/ports/cortex_m7/gnu/inc/tx_port.h **** #define TX_MUTEX_DELETE_EXTENSION(mutex_ptr)
 457:Middlewares/ST/threadx/ports/cortex_m7/gnu/inc/tx_port.h **** #define TX_QUEUE_DELETE_EXTENSION(queue_ptr)
 458:Middlewares/ST/threadx/ports/cortex_m7/gnu/inc/tx_port.h **** #define TX_SEMAPHORE_DELETE_EXTENSION(semaphore_ptr)
 459:Middlewares/ST/threadx/ports/cortex_m7/gnu/inc/tx_port.h **** #define TX_TIMER_DELETE_EXTENSION(timer_ptr)
 460:Middlewares/ST/threadx/ports/cortex_m7/gnu/inc/tx_port.h **** 
 461:Middlewares/ST/threadx/ports/cortex_m7/gnu/inc/tx_port.h **** 
 462:Middlewares/ST/threadx/ports/cortex_m7/gnu/inc/tx_port.h **** /* Define the get system state macro.  */
 463:Middlewares/ST/threadx/ports/cortex_m7/gnu/inc/tx_port.h **** 
 464:Middlewares/ST/threadx/ports/cortex_m7/gnu/inc/tx_port.h **** #ifndef TX_THREAD_GET_SYSTEM_STATE
 465:Middlewares/ST/threadx/ports/cortex_m7/gnu/inc/tx_port.h **** #ifndef TX_MISRA_ENABLE
 466:Middlewares/ST/threadx/ports/cortex_m7/gnu/inc/tx_port.h **** 
 467:Middlewares/ST/threadx/ports/cortex_m7/gnu/inc/tx_port.h **** #ifdef __CC_ARM /* ARM Compiler 5 */
 468:Middlewares/ST/threadx/ports/cortex_m7/gnu/inc/tx_port.h **** 
 469:Middlewares/ST/threadx/ports/cortex_m7/gnu/inc/tx_port.h **** register unsigned int _ipsr __asm("ipsr");
 470:Middlewares/ST/threadx/ports/cortex_m7/gnu/inc/tx_port.h **** #define TX_THREAD_GET_SYSTEM_STATE()        (_tx_thread_system_state | _ipsr)
 471:Middlewares/ST/threadx/ports/cortex_m7/gnu/inc/tx_port.h **** 
 472:Middlewares/ST/threadx/ports/cortex_m7/gnu/inc/tx_port.h **** #elif defined(__GNUC__) /* GCC and ARM Compiler 6 */
 473:Middlewares/ST/threadx/ports/cortex_m7/gnu/inc/tx_port.h **** 
 474:Middlewares/ST/threadx/ports/cortex_m7/gnu/inc/tx_port.h **** __attribute__( ( always_inline ) ) static inline unsigned int __get_ipsr_value(void)
 475:Middlewares/ST/threadx/ports/cortex_m7/gnu/inc/tx_port.h **** {
 476:Middlewares/ST/threadx/ports/cortex_m7/gnu/inc/tx_port.h **** unsigned int  ipsr_value;
 477:Middlewares/ST/threadx/ports/cortex_m7/gnu/inc/tx_port.h ****     __asm__ volatile (" MRS  %0,IPSR ": "=r" (ipsr_value) );
 478:Middlewares/ST/threadx/ports/cortex_m7/gnu/inc/tx_port.h ****     return(ipsr_value);
 479:Middlewares/ST/threadx/ports/cortex_m7/gnu/inc/tx_port.h **** }
 480:Middlewares/ST/threadx/ports/cortex_m7/gnu/inc/tx_port.h **** 
 481:Middlewares/ST/threadx/ports/cortex_m7/gnu/inc/tx_port.h **** #define TX_THREAD_GET_SYSTEM_STATE()        (_tx_thread_system_state | __get_ipsr_value())
 482:Middlewares/ST/threadx/ports/cortex_m7/gnu/inc/tx_port.h **** 
 483:Middlewares/ST/threadx/ports/cortex_m7/gnu/inc/tx_port.h **** #elif defined(__ICCARM__)   /* IAR */
 484:Middlewares/ST/threadx/ports/cortex_m7/gnu/inc/tx_port.h **** 
 485:Middlewares/ST/threadx/ports/cortex_m7/gnu/inc/tx_port.h **** #define TX_THREAD_GET_SYSTEM_STATE()        (_tx_thread_system_state | __get_IPSR())
 486:Middlewares/ST/threadx/ports/cortex_m7/gnu/inc/tx_port.h **** 
 487:Middlewares/ST/threadx/ports/cortex_m7/gnu/inc/tx_port.h **** #endif  /* TX_THREAD_GET_SYSTEM_STATE for different compilers */
 488:Middlewares/ST/threadx/ports/cortex_m7/gnu/inc/tx_port.h **** 
 489:Middlewares/ST/threadx/ports/cortex_m7/gnu/inc/tx_port.h **** #else   /* TX_MISRA_ENABLE is defined, use MISRA function. */
 490:Middlewares/ST/threadx/ports/cortex_m7/gnu/inc/tx_port.h **** ULONG   _tx_misra_ipsr_get(VOID);
 491:Middlewares/ST/threadx/ports/cortex_m7/gnu/inc/tx_port.h **** #define TX_THREAD_GET_SYSTEM_STATE()        (_tx_thread_system_state | _tx_misra_ipsr_get())
 492:Middlewares/ST/threadx/ports/cortex_m7/gnu/inc/tx_port.h **** #endif  /* TX_MISRA_ENABLE */
 493:Middlewares/ST/threadx/ports/cortex_m7/gnu/inc/tx_port.h **** #endif  /* TX_THREAD_GET_SYSTEM_STATE */
 494:Middlewares/ST/threadx/ports/cortex_m7/gnu/inc/tx_port.h **** 
ARM GAS  /tmp/ccIdLTmT.s 			page 12


 495:Middlewares/ST/threadx/ports/cortex_m7/gnu/inc/tx_port.h **** 
 496:Middlewares/ST/threadx/ports/cortex_m7/gnu/inc/tx_port.h **** /* Define the check for whether or not to call the _tx_thread_system_return function.  A non-zero v
 497:Middlewares/ST/threadx/ports/cortex_m7/gnu/inc/tx_port.h ****    indicates that _tx_thread_system_return should not be called. This overrides the definition in t
 498:Middlewares/ST/threadx/ports/cortex_m7/gnu/inc/tx_port.h ****    for Cortex-M since so we don't waste time checking the _tx_thread_system_state variable that is 
 499:Middlewares/ST/threadx/ports/cortex_m7/gnu/inc/tx_port.h ****    zero after initialization for Cortex-M ports. */
 500:Middlewares/ST/threadx/ports/cortex_m7/gnu/inc/tx_port.h **** 
 501:Middlewares/ST/threadx/ports/cortex_m7/gnu/inc/tx_port.h **** #ifndef TX_THREAD_SYSTEM_RETURN_CHECK
 502:Middlewares/ST/threadx/ports/cortex_m7/gnu/inc/tx_port.h **** #define TX_THREAD_SYSTEM_RETURN_CHECK(c)    (c) = ((ULONG) _tx_thread_preempt_disable);
 503:Middlewares/ST/threadx/ports/cortex_m7/gnu/inc/tx_port.h **** #endif
 504:Middlewares/ST/threadx/ports/cortex_m7/gnu/inc/tx_port.h **** 
 505:Middlewares/ST/threadx/ports/cortex_m7/gnu/inc/tx_port.h **** /* Define the macro to ensure _tx_thread_preempt_disable is set early in initialization in order to
 506:Middlewares/ST/threadx/ports/cortex_m7/gnu/inc/tx_port.h ****    prevent early scheduling on Cortex-M parts.  */
 507:Middlewares/ST/threadx/ports/cortex_m7/gnu/inc/tx_port.h **** 
 508:Middlewares/ST/threadx/ports/cortex_m7/gnu/inc/tx_port.h **** #define TX_PORT_SPECIFIC_POST_INITIALIZATION    _tx_thread_preempt_disable++;
 509:Middlewares/ST/threadx/ports/cortex_m7/gnu/inc/tx_port.h **** 
 510:Middlewares/ST/threadx/ports/cortex_m7/gnu/inc/tx_port.h **** 
 511:Middlewares/ST/threadx/ports/cortex_m7/gnu/inc/tx_port.h **** 
 512:Middlewares/ST/threadx/ports/cortex_m7/gnu/inc/tx_port.h **** 
 513:Middlewares/ST/threadx/ports/cortex_m7/gnu/inc/tx_port.h **** #ifndef TX_DISABLE_INLINE
 514:Middlewares/ST/threadx/ports/cortex_m7/gnu/inc/tx_port.h **** 
 515:Middlewares/ST/threadx/ports/cortex_m7/gnu/inc/tx_port.h **** /* Define the TX_LOWEST_SET_BIT_CALCULATE macro for each compiler. */
 516:Middlewares/ST/threadx/ports/cortex_m7/gnu/inc/tx_port.h **** #ifdef __ICCARM__       /* IAR Compiler */
 517:Middlewares/ST/threadx/ports/cortex_m7/gnu/inc/tx_port.h **** #define TX_LOWEST_SET_BIT_CALCULATE(m, b)       (b) = (UINT) __CLZ(__RBIT((m)));
 518:Middlewares/ST/threadx/ports/cortex_m7/gnu/inc/tx_port.h **** #elif defined(__CC_ARM) /* AC5 Compiler */
 519:Middlewares/ST/threadx/ports/cortex_m7/gnu/inc/tx_port.h **** #define TX_LOWEST_SET_BIT_CALCULATE(m, b)       (b) = (UINT) __clz(__rbit((m)));
 520:Middlewares/ST/threadx/ports/cortex_m7/gnu/inc/tx_port.h **** #elif defined(__GNUC__) /* GCC and AC6 Compiler */
 521:Middlewares/ST/threadx/ports/cortex_m7/gnu/inc/tx_port.h **** #define TX_LOWEST_SET_BIT_CALCULATE(m, b)       __asm__ volatile (" RBIT %0,%1 ": "=r" (m) : "r" (m
 522:Middlewares/ST/threadx/ports/cortex_m7/gnu/inc/tx_port.h ****                                                 __asm__ volatile (" CLZ  %0,%1 ": "=r" (b) : "r" (m
 523:Middlewares/ST/threadx/ports/cortex_m7/gnu/inc/tx_port.h **** #endif
 524:Middlewares/ST/threadx/ports/cortex_m7/gnu/inc/tx_port.h **** 
 525:Middlewares/ST/threadx/ports/cortex_m7/gnu/inc/tx_port.h **** 
 526:Middlewares/ST/threadx/ports/cortex_m7/gnu/inc/tx_port.h **** 
 527:Middlewares/ST/threadx/ports/cortex_m7/gnu/inc/tx_port.h **** /* Define the interrupt disable/restore macros for each compiler. */
 528:Middlewares/ST/threadx/ports/cortex_m7/gnu/inc/tx_port.h **** 
 529:Middlewares/ST/threadx/ports/cortex_m7/gnu/inc/tx_port.h **** #if defined(__GNUC__) || defined(__ICCARM__)
 530:Middlewares/ST/threadx/ports/cortex_m7/gnu/inc/tx_port.h **** 
 531:Middlewares/ST/threadx/ports/cortex_m7/gnu/inc/tx_port.h **** /*** GCC/AC6 and IAR ***/
 532:Middlewares/ST/threadx/ports/cortex_m7/gnu/inc/tx_port.h **** 
 533:Middlewares/ST/threadx/ports/cortex_m7/gnu/inc/tx_port.h **** __attribute__( ( always_inline ) ) static inline unsigned int __get_interrupt_posture(void)
 534:Middlewares/ST/threadx/ports/cortex_m7/gnu/inc/tx_port.h **** {
 535:Middlewares/ST/threadx/ports/cortex_m7/gnu/inc/tx_port.h **** unsigned int posture;
 536:Middlewares/ST/threadx/ports/cortex_m7/gnu/inc/tx_port.h **** #ifdef TX_PORT_USE_BASEPRI
 537:Middlewares/ST/threadx/ports/cortex_m7/gnu/inc/tx_port.h ****     __asm__ volatile ("MRS  %0, BASEPRI ": "=r" (posture));
 538:Middlewares/ST/threadx/ports/cortex_m7/gnu/inc/tx_port.h **** #else
 539:Middlewares/ST/threadx/ports/cortex_m7/gnu/inc/tx_port.h ****     __asm__ volatile ("MRS  %0, PRIMASK ": "=r" (posture));
 540:Middlewares/ST/threadx/ports/cortex_m7/gnu/inc/tx_port.h **** #endif
 541:Middlewares/ST/threadx/ports/cortex_m7/gnu/inc/tx_port.h ****     return(posture);
 542:Middlewares/ST/threadx/ports/cortex_m7/gnu/inc/tx_port.h **** }
 543:Middlewares/ST/threadx/ports/cortex_m7/gnu/inc/tx_port.h **** 
 544:Middlewares/ST/threadx/ports/cortex_m7/gnu/inc/tx_port.h **** #ifdef TX_PORT_USE_BASEPRI
 545:Middlewares/ST/threadx/ports/cortex_m7/gnu/inc/tx_port.h **** __attribute__( ( always_inline ) ) static inline void __set_basepri_value(unsigned int basepri_valu
 546:Middlewares/ST/threadx/ports/cortex_m7/gnu/inc/tx_port.h **** {
 547:Middlewares/ST/threadx/ports/cortex_m7/gnu/inc/tx_port.h ****     __asm__ volatile ("MSR  BASEPRI,%0 ": : "r" (basepri_value));
 548:Middlewares/ST/threadx/ports/cortex_m7/gnu/inc/tx_port.h **** }
 549:Middlewares/ST/threadx/ports/cortex_m7/gnu/inc/tx_port.h **** #else
 550:Middlewares/ST/threadx/ports/cortex_m7/gnu/inc/tx_port.h **** __attribute__( ( always_inline ) ) static inline void __enable_interrupts(void)
 551:Middlewares/ST/threadx/ports/cortex_m7/gnu/inc/tx_port.h **** {
ARM GAS  /tmp/ccIdLTmT.s 			page 13


 552:Middlewares/ST/threadx/ports/cortex_m7/gnu/inc/tx_port.h ****     __asm__ volatile ("CPSIE  i": : : "memory");
 553:Middlewares/ST/threadx/ports/cortex_m7/gnu/inc/tx_port.h **** }
 554:Middlewares/ST/threadx/ports/cortex_m7/gnu/inc/tx_port.h **** #endif
 555:Middlewares/ST/threadx/ports/cortex_m7/gnu/inc/tx_port.h **** 
 556:Middlewares/ST/threadx/ports/cortex_m7/gnu/inc/tx_port.h **** __attribute__( ( always_inline ) ) static inline void __restore_interrupt(unsigned int int_posture)
 557:Middlewares/ST/threadx/ports/cortex_m7/gnu/inc/tx_port.h **** {
 558:Middlewares/ST/threadx/ports/cortex_m7/gnu/inc/tx_port.h **** #ifdef TX_PORT_USE_BASEPRI
 559:Middlewares/ST/threadx/ports/cortex_m7/gnu/inc/tx_port.h ****     __set_basepri_value(int_posture);
 560:Middlewares/ST/threadx/ports/cortex_m7/gnu/inc/tx_port.h ****     //__asm__ volatile ("MSR  BASEPRI,%0": : "r" (int_posture): "memory");
 561:Middlewares/ST/threadx/ports/cortex_m7/gnu/inc/tx_port.h **** #else
 562:Middlewares/ST/threadx/ports/cortex_m7/gnu/inc/tx_port.h ****     __asm__ volatile ("MSR  PRIMASK,%0": : "r" (int_posture): "memory");
 563:Middlewares/ST/threadx/ports/cortex_m7/gnu/inc/tx_port.h **** #endif
 564:Middlewares/ST/threadx/ports/cortex_m7/gnu/inc/tx_port.h **** }
 565:Middlewares/ST/threadx/ports/cortex_m7/gnu/inc/tx_port.h **** 
 566:Middlewares/ST/threadx/ports/cortex_m7/gnu/inc/tx_port.h **** __attribute__( ( always_inline ) ) static inline unsigned int __disable_interrupts(void)
  49              		.loc 2 566 63 view .LVU5
  50              	.LBB14:
 567:Middlewares/ST/threadx/ports/cortex_m7/gnu/inc/tx_port.h **** {
 568:Middlewares/ST/threadx/ports/cortex_m7/gnu/inc/tx_port.h **** unsigned int int_posture;
  51              		.loc 2 568 1 view .LVU6
 569:Middlewares/ST/threadx/ports/cortex_m7/gnu/inc/tx_port.h **** 
 570:Middlewares/ST/threadx/ports/cortex_m7/gnu/inc/tx_port.h ****     int_posture = __get_interrupt_posture();
  52              		.loc 2 570 5 view .LVU7
  53              	.LBB15:
  54              	.LBI15:
 533:Middlewares/ST/threadx/ports/cortex_m7/gnu/inc/tx_port.h **** {
  55              		.loc 2 533 63 view .LVU8
  56              	.LBB16:
 535:Middlewares/ST/threadx/ports/cortex_m7/gnu/inc/tx_port.h **** #ifdef TX_PORT_USE_BASEPRI
  57              		.loc 2 535 1 view .LVU9
 539:Middlewares/ST/threadx/ports/cortex_m7/gnu/inc/tx_port.h **** #endif
  58              		.loc 2 539 5 view .LVU10
  59              		.syntax unified
  60              	@ 539 "Middlewares/ST/threadx/ports/cortex_m7/gnu/inc/tx_port.h" 1
  61 0002 EFF31085 		MRS  r5, PRIMASK 
  62              	@ 0 "" 2
  63              	.LVL1:
 541:Middlewares/ST/threadx/ports/cortex_m7/gnu/inc/tx_port.h **** }
  64              		.loc 2 541 5 view .LVU11
 541:Middlewares/ST/threadx/ports/cortex_m7/gnu/inc/tx_port.h **** }
  65              		.loc 2 541 5 is_stmt 0 view .LVU12
  66              		.thumb
  67              		.syntax unified
  68              	.LBE16:
  69              	.LBE15:
 571:Middlewares/ST/threadx/ports/cortex_m7/gnu/inc/tx_port.h **** 
 572:Middlewares/ST/threadx/ports/cortex_m7/gnu/inc/tx_port.h **** #ifdef TX_PORT_USE_BASEPRI
 573:Middlewares/ST/threadx/ports/cortex_m7/gnu/inc/tx_port.h ****     __set_basepri_value(TX_PORT_BASEPRI);
 574:Middlewares/ST/threadx/ports/cortex_m7/gnu/inc/tx_port.h **** #else
 575:Middlewares/ST/threadx/ports/cortex_m7/gnu/inc/tx_port.h ****     __asm__ volatile ("CPSID i" : : : "memory");
  70              		.loc 2 575 5 is_stmt 1 view .LVU13
  71              		.syntax unified
  72              	@ 575 "Middlewares/ST/threadx/ports/cortex_m7/gnu/inc/tx_port.h" 1
  73 0006 72B6     		CPSID i
  74              	@ 0 "" 2
 576:Middlewares/ST/threadx/ports/cortex_m7/gnu/inc/tx_port.h **** #endif
 577:Middlewares/ST/threadx/ports/cortex_m7/gnu/inc/tx_port.h ****     return(int_posture);
ARM GAS  /tmp/ccIdLTmT.s 			page 14


  75              		.loc 2 577 5 view .LVU14
  76              	.LVL2:
  77              		.loc 2 577 5 is_stmt 0 view .LVU15
  78              		.thumb
  79              		.syntax unified
  80              	.LBE14:
  81              	.LBE13:
  87:Middlewares/ST/threadx/common/src/tx_trace_user_event_insert.c **** 
  88:Middlewares/ST/threadx/common/src/tx_trace_user_event_insert.c ****     /* Determine if trace is disabled.  */
  89:Middlewares/ST/threadx/common/src/tx_trace_user_event_insert.c ****     if (_tx_trace_buffer_current_ptr == TX_NULL)
  82              		.loc 1 89 5 is_stmt 1 view .LVU16
  83              		.loc 1 89 38 is_stmt 0 view .LVU17
  84 0008 274C     		ldr	r4, .L12
  85 000a 2468     		ldr	r4, [r4]
  86              		.loc 1 89 8 view .LVU18
  87 000c 002C     		cmp	r4, #0
  88 000e 47D0     		beq	.L6
  89 0010 9E46     		mov	lr, r3
  90              	.LBB17:
  90:Middlewares/ST/threadx/common/src/tx_trace_user_event_insert.c ****     {
  91:Middlewares/ST/threadx/common/src/tx_trace_user_event_insert.c **** 
  92:Middlewares/ST/threadx/common/src/tx_trace_user_event_insert.c ****         /* Yes, trace is already disabled.  */
  93:Middlewares/ST/threadx/common/src/tx_trace_user_event_insert.c ****         status =  TX_NOT_DONE;
  94:Middlewares/ST/threadx/common/src/tx_trace_user_event_insert.c ****     }
  95:Middlewares/ST/threadx/common/src/tx_trace_user_event_insert.c ****     else
  96:Middlewares/ST/threadx/common/src/tx_trace_user_event_insert.c ****     {
  97:Middlewares/ST/threadx/common/src/tx_trace_user_event_insert.c **** 
  98:Middlewares/ST/threadx/common/src/tx_trace_user_event_insert.c ****         /* Insert this event into the trace buffer.  */
  99:Middlewares/ST/threadx/common/src/tx_trace_user_event_insert.c **** #ifdef TX_MISRA_ENABLE
 100:Middlewares/ST/threadx/common/src/tx_trace_user_event_insert.c ****         TX_TRACE_IN_LINE_INSERT(event_id, TX_ULONG_TO_POINTER_CONVERT(info_field_1), info_field_2, 
 101:Middlewares/ST/threadx/common/src/tx_trace_user_event_insert.c **** #else
 102:Middlewares/ST/threadx/common/src/tx_trace_user_event_insert.c ****         TX_TRACE_IN_LINE_INSERT(event_id, info_field_1, info_field_2, info_field_3, info_field_4, T
  91              		.loc 1 102 9 is_stmt 1 view .LVU19
  92              		.loc 1 102 9 view .LVU20
  93              		.loc 1 102 9 view .LVU21
  94              		.loc 1 102 9 view .LVU22
  95              		.loc 1 102 9 view .LVU23
  96              	.LVL3:
  97              		.loc 1 102 9 view .LVU24
  98              		.loc 1 102 9 is_stmt 0 discriminator 1 view .LVU25
  99 0012 264E     		ldr	r6, .L12+4
 100 0014 3668     		ldr	r6, [r6]
 101 0016 002E     		cmp	r6, #0
 102 0018 03DB     		blt	.L11
 103              	.LBE17:
 103:Middlewares/ST/threadx/common/src/tx_trace_user_event_insert.c **** #endif
 104:Middlewares/ST/threadx/common/src/tx_trace_user_event_insert.c **** 
 105:Middlewares/ST/threadx/common/src/tx_trace_user_event_insert.c ****         /* Return successful status.  */
 106:Middlewares/ST/threadx/common/src/tx_trace_user_event_insert.c ****         status =  TX_SUCCESS;
 104              		.loc 1 106 16 view .LVU26
 105 001a 0020     		movs	r0, #0
 106              	.LVL4:
 107              	.L2:
 107:Middlewares/ST/threadx/common/src/tx_trace_user_event_insert.c ****     }
 108:Middlewares/ST/threadx/common/src/tx_trace_user_event_insert.c **** 
 109:Middlewares/ST/threadx/common/src/tx_trace_user_event_insert.c ****     /* Restore interrupts.  */
 110:Middlewares/ST/threadx/common/src/tx_trace_user_event_insert.c ****     TX_RESTORE
ARM GAS  /tmp/ccIdLTmT.s 			page 15


 108              		.loc 1 110 5 is_stmt 1 view .LVU27
 109              	.LBB20:
 110              	.LBI20:
 556:Middlewares/ST/threadx/ports/cortex_m7/gnu/inc/tx_port.h **** {
 111              		.loc 2 556 55 view .LVU28
 112              	.LBB21:
 562:Middlewares/ST/threadx/ports/cortex_m7/gnu/inc/tx_port.h **** #endif
 113              		.loc 2 562 5 view .LVU29
 114              		.syntax unified
 115              	@ 562 "Middlewares/ST/threadx/ports/cortex_m7/gnu/inc/tx_port.h" 1
 116 001c 85F31088 		MSR  PRIMASK,r5
 117              	@ 0 "" 2
 118              	.LVL5:
 562:Middlewares/ST/threadx/ports/cortex_m7/gnu/inc/tx_port.h **** #endif
 119              		.loc 2 562 5 is_stmt 0 view .LVU30
 120              		.thumb
 121              		.syntax unified
 122              	.LBE21:
 123              	.LBE20:
 111:Middlewares/ST/threadx/common/src/tx_trace_user_event_insert.c **** 
 112:Middlewares/ST/threadx/common/src/tx_trace_user_event_insert.c ****     /* Return completion status.  */
 113:Middlewares/ST/threadx/common/src/tx_trace_user_event_insert.c ****     return(status);
 124              		.loc 1 113 5 is_stmt 1 view .LVU31
 114:Middlewares/ST/threadx/common/src/tx_trace_user_event_insert.c **** 
 115:Middlewares/ST/threadx/common/src/tx_trace_user_event_insert.c **** #else
 116:Middlewares/ST/threadx/common/src/tx_trace_user_event_insert.c **** 
 117:Middlewares/ST/threadx/common/src/tx_trace_user_event_insert.c **** UINT        status;
 118:Middlewares/ST/threadx/common/src/tx_trace_user_event_insert.c **** 
 119:Middlewares/ST/threadx/common/src/tx_trace_user_event_insert.c **** 
 120:Middlewares/ST/threadx/common/src/tx_trace_user_event_insert.c ****     /* Access input arguments just for the sake of lint, MISRA, etc.  */
 121:Middlewares/ST/threadx/common/src/tx_trace_user_event_insert.c ****     if (event_id != ((ULONG) 0))
 122:Middlewares/ST/threadx/common/src/tx_trace_user_event_insert.c ****     {
 123:Middlewares/ST/threadx/common/src/tx_trace_user_event_insert.c **** 
 124:Middlewares/ST/threadx/common/src/tx_trace_user_event_insert.c ****         /* Trace not enabled, return an error.  */
 125:Middlewares/ST/threadx/common/src/tx_trace_user_event_insert.c ****         status =  TX_FEATURE_NOT_ENABLED;
 126:Middlewares/ST/threadx/common/src/tx_trace_user_event_insert.c ****     }
 127:Middlewares/ST/threadx/common/src/tx_trace_user_event_insert.c ****     else if (info_field_1 != ((ULONG) 0))
 128:Middlewares/ST/threadx/common/src/tx_trace_user_event_insert.c ****     {
 129:Middlewares/ST/threadx/common/src/tx_trace_user_event_insert.c **** 
 130:Middlewares/ST/threadx/common/src/tx_trace_user_event_insert.c ****         /* Trace not enabled, return an error.  */
 131:Middlewares/ST/threadx/common/src/tx_trace_user_event_insert.c ****         status =  TX_FEATURE_NOT_ENABLED;
 132:Middlewares/ST/threadx/common/src/tx_trace_user_event_insert.c ****     }
 133:Middlewares/ST/threadx/common/src/tx_trace_user_event_insert.c ****     else if (info_field_2 != ((ULONG) 0))
 134:Middlewares/ST/threadx/common/src/tx_trace_user_event_insert.c ****     {
 135:Middlewares/ST/threadx/common/src/tx_trace_user_event_insert.c **** 
 136:Middlewares/ST/threadx/common/src/tx_trace_user_event_insert.c ****         /* Trace not enabled, return an error.  */
 137:Middlewares/ST/threadx/common/src/tx_trace_user_event_insert.c ****         status =  TX_FEATURE_NOT_ENABLED;
 138:Middlewares/ST/threadx/common/src/tx_trace_user_event_insert.c ****     }
 139:Middlewares/ST/threadx/common/src/tx_trace_user_event_insert.c ****     else if (info_field_3 != ((ULONG) 0))
 140:Middlewares/ST/threadx/common/src/tx_trace_user_event_insert.c ****     {
 141:Middlewares/ST/threadx/common/src/tx_trace_user_event_insert.c **** 
 142:Middlewares/ST/threadx/common/src/tx_trace_user_event_insert.c ****         /* Trace not enabled, return an error.  */
 143:Middlewares/ST/threadx/common/src/tx_trace_user_event_insert.c ****         status =  TX_FEATURE_NOT_ENABLED;
 144:Middlewares/ST/threadx/common/src/tx_trace_user_event_insert.c ****     }
 145:Middlewares/ST/threadx/common/src/tx_trace_user_event_insert.c ****     else if (info_field_4 != ((ULONG) 0))
 146:Middlewares/ST/threadx/common/src/tx_trace_user_event_insert.c ****     {
 147:Middlewares/ST/threadx/common/src/tx_trace_user_event_insert.c **** 
ARM GAS  /tmp/ccIdLTmT.s 			page 16


 148:Middlewares/ST/threadx/common/src/tx_trace_user_event_insert.c ****         /* Trace not enabled, return an error.  */
 149:Middlewares/ST/threadx/common/src/tx_trace_user_event_insert.c ****         status =  TX_FEATURE_NOT_ENABLED;
 150:Middlewares/ST/threadx/common/src/tx_trace_user_event_insert.c ****     }
 151:Middlewares/ST/threadx/common/src/tx_trace_user_event_insert.c ****     else
 152:Middlewares/ST/threadx/common/src/tx_trace_user_event_insert.c ****     {
 153:Middlewares/ST/threadx/common/src/tx_trace_user_event_insert.c **** 
 154:Middlewares/ST/threadx/common/src/tx_trace_user_event_insert.c ****         /* Trace not enabled, return an error.  */
 155:Middlewares/ST/threadx/common/src/tx_trace_user_event_insert.c ****         status =  TX_FEATURE_NOT_ENABLED;
 156:Middlewares/ST/threadx/common/src/tx_trace_user_event_insert.c ****     }
 157:Middlewares/ST/threadx/common/src/tx_trace_user_event_insert.c **** 
 158:Middlewares/ST/threadx/common/src/tx_trace_user_event_insert.c ****     /* Return completion status.  */
 159:Middlewares/ST/threadx/common/src/tx_trace_user_event_insert.c ****     return(status);
 160:Middlewares/ST/threadx/common/src/tx_trace_user_event_insert.c **** #endif
 161:Middlewares/ST/threadx/common/src/tx_trace_user_event_insert.c **** }
 125              		.loc 1 161 1 is_stmt 0 view .LVU32
 126 0020 F8BD     		pop	{r3, r4, r5, r6, r7, pc}
 127              	.LVL6:
 128              	.L11:
 129              	.LBB22:
 102:Middlewares/ST/threadx/common/src/tx_trace_user_event_insert.c **** #endif
 130              		.loc 1 102 9 is_stmt 1 discriminator 2 view .LVU33
 131              	.LBB18:
 132              	.LBI18:
 474:Middlewares/ST/threadx/ports/cortex_m7/gnu/inc/tx_port.h **** {
 133              		.loc 2 474 63 view .LVU34
 134              	.LBB19:
 476:Middlewares/ST/threadx/ports/cortex_m7/gnu/inc/tx_port.h ****     __asm__ volatile (" MRS  %0,IPSR ": "=r" (ipsr_value) );
 135              		.loc 2 476 1 view .LVU35
 477:Middlewares/ST/threadx/ports/cortex_m7/gnu/inc/tx_port.h ****     return(ipsr_value);
 136              		.loc 2 477 5 view .LVU36
 137              		.syntax unified
 138              	@ 477 "Middlewares/ST/threadx/ports/cortex_m7/gnu/inc/tx_port.h" 1
 139 0022 EFF3058C 		 MRS  ip,IPSR 
 140              	@ 0 "" 2
 141              	.LVL7:
 478:Middlewares/ST/threadx/ports/cortex_m7/gnu/inc/tx_port.h **** }
 142              		.loc 2 478 5 view .LVU37
 478:Middlewares/ST/threadx/ports/cortex_m7/gnu/inc/tx_port.h **** }
 143              		.loc 2 478 5 is_stmt 0 view .LVU38
 144              		.thumb
 145              		.syntax unified
 146              	.LBE19:
 147              	.LBE18:
 102:Middlewares/ST/threadx/common/src/tx_trace_user_event_insert.c **** #endif
 148              		.loc 1 102 9 discriminator 1 view .LVU39
 149 0026 224E     		ldr	r6, .L12+8
 150 0028 3668     		ldr	r6, [r6]
 151              	.LVL8:
 102:Middlewares/ST/threadx/common/src/tx_trace_user_event_insert.c **** #endif
 152              		.loc 1 102 9 is_stmt 1 discriminator 1 view .LVU40
 153 002a 224F     		ldr	r7, .L12+12
 154 002c 3F68     		ldr	r7, [r7]
 155              	.LVL9:
 102:Middlewares/ST/threadx/common/src/tx_trace_user_event_insert.c **** #endif
 156              		.loc 1 102 9 discriminator 1 view .LVU41
 157 002e 56EA0C06 		orrs	r6, r6, ip
 158              	.LVL10:
ARM GAS  /tmp/ccIdLTmT.s 			page 17


 102:Middlewares/ST/threadx/common/src/tx_trace_user_event_insert.c **** #endif
 159              		.loc 1 102 9 is_stmt 0 discriminator 1 view .LVU42
 160 0032 23D1     		bne	.L3
 102:Middlewares/ST/threadx/common/src/tx_trace_user_event_insert.c **** #endif
 161              		.loc 1 102 9 is_stmt 1 discriminator 3 view .LVU43
 162 0034 FE6A     		ldr	r6, [r7, #44]
 163              	.LVL11:
 102:Middlewares/ST/threadx/common/src/tx_trace_user_event_insert.c **** #endif
 164              		.loc 1 102 9 discriminator 3 view .LVU44
 165 0036 FB6B     		ldr	r3, [r7, #60]
 166              	.LVL12:
 102:Middlewares/ST/threadx/common/src/tx_trace_user_event_insert.c **** #endif
 167              		.loc 1 102 9 is_stmt 0 discriminator 3 view .LVU45
 168 0038 46EA0346 		orr	r6, r6, r3, lsl #16
 169              	.LVL13:
 102:Middlewares/ST/threadx/common/src/tx_trace_user_event_insert.c **** #endif
 170              		.loc 1 102 9 discriminator 3 view .LVU46
 171 003c 46F00046 		orr	r6, r6, #-2147483648
 172              	.LVL14:
 173              	.L4:
 102:Middlewares/ST/threadx/common/src/tx_trace_user_event_insert.c **** #endif
 174              		.loc 1 102 9 is_stmt 1 discriminator 9 view .LVU47
 175 0040 2760     		str	r7, [r4]
 102:Middlewares/ST/threadx/common/src/tx_trace_user_event_insert.c **** #endif
 176              		.loc 1 102 9 discriminator 9 view .LVU48
 177 0042 6660     		str	r6, [r4, #4]
 102:Middlewares/ST/threadx/common/src/tx_trace_user_event_insert.c **** #endif
 178              		.loc 1 102 9 discriminator 9 view .LVU49
 179 0044 A060     		str	r0, [r4, #8]
 102:Middlewares/ST/threadx/common/src/tx_trace_user_event_insert.c **** #endif
 180              		.loc 1 102 9 discriminator 9 view .LVU50
 181 0046 1C48     		ldr	r0, .L12+16
 182              	.LVL15:
 102:Middlewares/ST/threadx/common/src/tx_trace_user_event_insert.c **** #endif
 183              		.loc 1 102 9 is_stmt 0 discriminator 9 view .LVU51
 184 0048 4068     		ldr	r0, [r0, #4]
 185 004a E060     		str	r0, [r4, #12]
 102:Middlewares/ST/threadx/common/src/tx_trace_user_event_insert.c **** #endif
 186              		.loc 1 102 9 is_stmt 1 discriminator 9 view .LVU52
 187 004c 2161     		str	r1, [r4, #16]
 102:Middlewares/ST/threadx/common/src/tx_trace_user_event_insert.c **** #endif
 188              		.loc 1 102 9 discriminator 9 view .LVU53
 189 004e 6261     		str	r2, [r4, #20]
 102:Middlewares/ST/threadx/common/src/tx_trace_user_event_insert.c **** #endif
 190              		.loc 1 102 9 discriminator 9 view .LVU54
 191 0050 C4F818E0 		str	lr, [r4, #24]
 102:Middlewares/ST/threadx/common/src/tx_trace_user_event_insert.c **** #endif
 192              		.loc 1 102 9 discriminator 9 view .LVU55
 193 0054 069B     		ldr	r3, [sp, #24]
 194 0056 E361     		str	r3, [r4, #28]
 102:Middlewares/ST/threadx/common/src/tx_trace_user_event_insert.c **** #endif
 195              		.loc 1 102 9 discriminator 9 view .LVU56
 196 0058 2034     		adds	r4, r4, #32
 197              	.LVL16:
 102:Middlewares/ST/threadx/common/src/tx_trace_user_event_insert.c **** #endif
 198              		.loc 1 102 9 discriminator 9 view .LVU57
 199 005a 184B     		ldr	r3, .L12+20
ARM GAS  /tmp/ccIdLTmT.s 			page 18


 200 005c 1B68     		ldr	r3, [r3]
 201 005e A342     		cmp	r3, r4
 202 0060 17D8     		bhi	.L5
 102:Middlewares/ST/threadx/common/src/tx_trace_user_event_insert.c **** #endif
 203              		.loc 1 102 9 discriminator 10 view .LVU58
 204 0062 174B     		ldr	r3, .L12+24
 205 0064 1B68     		ldr	r3, [r3]
 206              	.LVL17:
 102:Middlewares/ST/threadx/common/src/tx_trace_user_event_insert.c **** #endif
 207              		.loc 1 102 9 discriminator 10 view .LVU59
 208 0066 104A     		ldr	r2, .L12
 209              	.LVL18:
 102:Middlewares/ST/threadx/common/src/tx_trace_user_event_insert.c **** #endif
 210              		.loc 1 102 9 is_stmt 0 discriminator 10 view .LVU60
 211 0068 1360     		str	r3, [r2]
 102:Middlewares/ST/threadx/common/src/tx_trace_user_event_insert.c **** #endif
 212              		.loc 1 102 9 is_stmt 1 discriminator 10 view .LVU61
 213 006a 164A     		ldr	r2, .L12+28
 214 006c 1068     		ldr	r0, [r2]
 215 006e 0362     		str	r3, [r0, #32]
 216              	.LVL19:
 102:Middlewares/ST/threadx/common/src/tx_trace_user_event_insert.c **** #endif
 217              		.loc 1 102 9 discriminator 10 view .LVU62
 218 0070 154B     		ldr	r3, .L12+32
 219              	.LVL20:
 102:Middlewares/ST/threadx/common/src/tx_trace_user_event_insert.c **** #endif
 220              		.loc 1 102 9 is_stmt 0 discriminator 10 view .LVU63
 221 0072 1B68     		ldr	r3, [r3]
 222 0074 B3B1     		cbz	r3, .L9
 102:Middlewares/ST/threadx/common/src/tx_trace_user_event_insert.c **** #endif
 223              		.loc 1 102 9 is_stmt 1 discriminator 12 view .LVU64
 224 0076 9847     		blx	r3
 225              	.LVL21:
 102:Middlewares/ST/threadx/common/src/tx_trace_user_event_insert.c **** #endif
 226              		.loc 1 102 9 is_stmt 0 discriminator 12 view .LVU65
 227              	.LBE22:
 106:Middlewares/ST/threadx/common/src/tx_trace_user_event_insert.c ****     }
 228              		.loc 1 106 16 view .LVU66
 229 0078 0020     		movs	r0, #0
 230 007a CFE7     		b	.L2
 231              	.LVL22:
 232              	.L3:
 233              	.LBB23:
 102:Middlewares/ST/threadx/common/src/tx_trace_user_event_insert.c **** #endif
 234              		.loc 1 102 9 is_stmt 1 discriminator 4 view .LVU67
 235 007c B6F1F03F 		cmp	r6, #-252645136
 236 0080 03D2     		bcs	.L8
 102:Middlewares/ST/threadx/common/src/tx_trace_user_event_insert.c **** #endif
 237              		.loc 1 102 9 discriminator 6 view .LVU68
 238 0082 3E46     		mov	r6, r7
 239              	.LVL23:
 102:Middlewares/ST/threadx/common/src/tx_trace_user_event_insert.c **** #endif
 240              		.loc 1 102 9 discriminator 6 view .LVU69
 102:Middlewares/ST/threadx/common/src/tx_trace_user_event_insert.c **** #endif
 241              		.loc 1 102 9 is_stmt 0 discriminator 6 view .LVU70
 242 0084 4FF0FF37 		mov	r7, #-1
 243 0088 DAE7     		b	.L4
ARM GAS  /tmp/ccIdLTmT.s 			page 19


 244              	.LVL24:
 245              	.L8:
 102:Middlewares/ST/threadx/common/src/tx_trace_user_event_insert.c **** #endif
 246              		.loc 1 102 9 discriminator 7 view .LVU71
 247 008a 4FF0F037 		mov	r7, #-252645136
 248              	.LVL25:
 102:Middlewares/ST/threadx/common/src/tx_trace_user_event_insert.c **** #endif
 249              		.loc 1 102 9 discriminator 7 view .LVU72
 250 008e 0026     		movs	r6, #0
 251              	.LVL26:
 102:Middlewares/ST/threadx/common/src/tx_trace_user_event_insert.c **** #endif
 252              		.loc 1 102 9 discriminator 7 view .LVU73
 253 0090 D6E7     		b	.L4
 254              	.LVL27:
 255              	.L5:
 102:Middlewares/ST/threadx/common/src/tx_trace_user_event_insert.c **** #endif
 256              		.loc 1 102 9 is_stmt 1 discriminator 11 view .LVU74
 257 0092 054B     		ldr	r3, .L12
 258 0094 1C60     		str	r4, [r3]
 102:Middlewares/ST/threadx/common/src/tx_trace_user_event_insert.c **** #endif
 259              		.loc 1 102 9 discriminator 11 view .LVU75
 260 0096 0B4B     		ldr	r3, .L12+28
 261 0098 1B68     		ldr	r3, [r3]
 262 009a 1C62     		str	r4, [r3, #32]
 263              	.LVL28:
 102:Middlewares/ST/threadx/common/src/tx_trace_user_event_insert.c **** #endif
 264              		.loc 1 102 9 is_stmt 0 discriminator 11 view .LVU76
 265              	.LBE23:
 106:Middlewares/ST/threadx/common/src/tx_trace_user_event_insert.c ****     }
 266              		.loc 1 106 16 view .LVU77
 267 009c 0020     		movs	r0, #0
 268 009e BDE7     		b	.L2
 269              	.LVL29:
 270              	.L6:
  93:Middlewares/ST/threadx/common/src/tx_trace_user_event_insert.c ****     }
 271              		.loc 1 93 16 view .LVU78
 272 00a0 2020     		movs	r0, #32
 273              	.LVL30:
  93:Middlewares/ST/threadx/common/src/tx_trace_user_event_insert.c ****     }
 274              		.loc 1 93 16 view .LVU79
 275 00a2 BBE7     		b	.L2
 276              	.LVL31:
 277              	.L9:
 106:Middlewares/ST/threadx/common/src/tx_trace_user_event_insert.c ****     }
 278              		.loc 1 106 16 view .LVU80
 279 00a4 0020     		movs	r0, #0
 280 00a6 B9E7     		b	.L2
 281              	.L13:
 282              		.align	2
 283              	.L12:
 284 00a8 00000000 		.word	_tx_trace_buffer_current_ptr
 285 00ac 00000000 		.word	_tx_trace_event_enable_bits
 286 00b0 00000000 		.word	_tx_thread_system_state
 287 00b4 00000000 		.word	_tx_thread_current_ptr
 288 00b8 001000E0 		.word	-536866816
 289 00bc 00000000 		.word	_tx_trace_buffer_end_ptr
 290 00c0 00000000 		.word	_tx_trace_buffer_start_ptr
ARM GAS  /tmp/ccIdLTmT.s 			page 20


 291 00c4 00000000 		.word	_tx_trace_header_ptr
 292 00c8 00000000 		.word	_tx_trace_full_notify_function
 293              		.cfi_endproc
 294              	.LFE8:
 296              		.text
 297              	.Letext0:
 298              		.file 3 "Middlewares/ST/threadx/common/inc/tx_api.h"
 299              		.file 4 "Middlewares/ST/threadx/common/inc/tx_thread.h"
 300              		.file 5 "Middlewares/ST/threadx/common/inc/tx_trace.h"
ARM GAS  /tmp/ccIdLTmT.s 			page 21


DEFINED SYMBOLS
                            *ABS*:00000000 tx_trace_user_event_insert.c
     /tmp/ccIdLTmT.s:20     .text._tx_trace_user_event_insert:00000000 $t
     /tmp/ccIdLTmT.s:26     .text._tx_trace_user_event_insert:00000000 _tx_trace_user_event_insert
     /tmp/ccIdLTmT.s:284    .text._tx_trace_user_event_insert:000000a8 $d

UNDEFINED SYMBOLS
_tx_trace_buffer_current_ptr
_tx_trace_event_enable_bits
_tx_thread_system_state
_tx_thread_current_ptr
_tx_trace_buffer_end_ptr
_tx_trace_buffer_start_ptr
_tx_trace_header_ptr
_tx_trace_full_notify_function
