ARM GAS  /tmp/ccsih5fc.s 			page 1


   1              		.cpu cortex-m7
   2              		.arch armv7e-m
   3              		.fpu fpv5-d16
   4              		.eabi_attribute 28, 1
   5              		.eabi_attribute 20, 1
   6              		.eabi_attribute 21, 1
   7              		.eabi_attribute 23, 3
   8              		.eabi_attribute 24, 1
   9              		.eabi_attribute 25, 1
  10              		.eabi_attribute 26, 1
  11              		.eabi_attribute 30, 1
  12              		.eabi_attribute 34, 1
  13              		.eabi_attribute 18, 4
  14              		.file	"tx_thread_sleep.c"
  15              		.text
  16              	.Ltext0:
  17              		.cfi_sections	.debug_frame
  18              		.file 1 "Middlewares/ST/threadx/common/src/tx_thread_sleep.c"
  19              		.section	.text._tx_thread_sleep,"ax",%progbits
  20              		.align	1
  21              		.global	_tx_thread_sleep
  22              		.syntax unified
  23              		.thumb
  24              		.thumb_func
  26              	_tx_thread_sleep:
  27              	.LVL0:
  28              	.LFB8:
   1:Middlewares/ST/threadx/common/src/tx_thread_sleep.c **** /**************************************************************************/
   2:Middlewares/ST/threadx/common/src/tx_thread_sleep.c **** /*                                                                        */
   3:Middlewares/ST/threadx/common/src/tx_thread_sleep.c **** /*       Copyright (c) Microsoft Corporation. All rights reserved.        */
   4:Middlewares/ST/threadx/common/src/tx_thread_sleep.c **** /*                                                                        */
   5:Middlewares/ST/threadx/common/src/tx_thread_sleep.c **** /*       This software is licensed under the Microsoft Software License   */
   6:Middlewares/ST/threadx/common/src/tx_thread_sleep.c **** /*       Terms for Microsoft Azure RTOS. Full text of the license can be  */
   7:Middlewares/ST/threadx/common/src/tx_thread_sleep.c **** /*       found in the LICENSE file at https://aka.ms/AzureRTOS_EULA       */
   8:Middlewares/ST/threadx/common/src/tx_thread_sleep.c **** /*       and in the root directory of this software.                      */
   9:Middlewares/ST/threadx/common/src/tx_thread_sleep.c **** /*                                                                        */
  10:Middlewares/ST/threadx/common/src/tx_thread_sleep.c **** /**************************************************************************/
  11:Middlewares/ST/threadx/common/src/tx_thread_sleep.c **** 
  12:Middlewares/ST/threadx/common/src/tx_thread_sleep.c **** 
  13:Middlewares/ST/threadx/common/src/tx_thread_sleep.c **** /**************************************************************************/
  14:Middlewares/ST/threadx/common/src/tx_thread_sleep.c **** /**************************************************************************/
  15:Middlewares/ST/threadx/common/src/tx_thread_sleep.c **** /**                                                                       */
  16:Middlewares/ST/threadx/common/src/tx_thread_sleep.c **** /** ThreadX Component                                                     */
  17:Middlewares/ST/threadx/common/src/tx_thread_sleep.c **** /**                                                                       */
  18:Middlewares/ST/threadx/common/src/tx_thread_sleep.c **** /**   Thread                                                              */
  19:Middlewares/ST/threadx/common/src/tx_thread_sleep.c **** /**                                                                       */
  20:Middlewares/ST/threadx/common/src/tx_thread_sleep.c **** /**************************************************************************/
  21:Middlewares/ST/threadx/common/src/tx_thread_sleep.c **** /**************************************************************************/
  22:Middlewares/ST/threadx/common/src/tx_thread_sleep.c **** 
  23:Middlewares/ST/threadx/common/src/tx_thread_sleep.c **** #define TX_SOURCE_CODE
  24:Middlewares/ST/threadx/common/src/tx_thread_sleep.c **** 
  25:Middlewares/ST/threadx/common/src/tx_thread_sleep.c **** 
  26:Middlewares/ST/threadx/common/src/tx_thread_sleep.c **** /* Include necessary system files.  */
  27:Middlewares/ST/threadx/common/src/tx_thread_sleep.c **** 
  28:Middlewares/ST/threadx/common/src/tx_thread_sleep.c **** #include "tx_api.h"
  29:Middlewares/ST/threadx/common/src/tx_thread_sleep.c **** #include "tx_trace.h"
  30:Middlewares/ST/threadx/common/src/tx_thread_sleep.c **** #include "tx_thread.h"
ARM GAS  /tmp/ccsih5fc.s 			page 2


  31:Middlewares/ST/threadx/common/src/tx_thread_sleep.c **** #include "tx_timer.h"
  32:Middlewares/ST/threadx/common/src/tx_thread_sleep.c **** 
  33:Middlewares/ST/threadx/common/src/tx_thread_sleep.c **** /**************************************************************************/
  34:Middlewares/ST/threadx/common/src/tx_thread_sleep.c **** /*                                                                        */
  35:Middlewares/ST/threadx/common/src/tx_thread_sleep.c **** /*  FUNCTION                                               RELEASE        */
  36:Middlewares/ST/threadx/common/src/tx_thread_sleep.c **** /*                                                                        */
  37:Middlewares/ST/threadx/common/src/tx_thread_sleep.c **** /*    _tx_thread_sleep                                    PORTABLE C      */
  38:Middlewares/ST/threadx/common/src/tx_thread_sleep.c **** /*                                                           6.1          */
  39:Middlewares/ST/threadx/common/src/tx_thread_sleep.c **** /*  AUTHOR                                                                */
  40:Middlewares/ST/threadx/common/src/tx_thread_sleep.c **** /*                                                                        */
  41:Middlewares/ST/threadx/common/src/tx_thread_sleep.c **** /*    William E. Lamie, Microsoft Corporation                             */
  42:Middlewares/ST/threadx/common/src/tx_thread_sleep.c **** /*                                                                        */
  43:Middlewares/ST/threadx/common/src/tx_thread_sleep.c **** /*  DESCRIPTION                                                           */
  44:Middlewares/ST/threadx/common/src/tx_thread_sleep.c **** /*                                                                        */
  45:Middlewares/ST/threadx/common/src/tx_thread_sleep.c **** /*    This function handles application thread sleep requests.  If the    */
  46:Middlewares/ST/threadx/common/src/tx_thread_sleep.c **** /*    sleep request was called from a non-thread, an error is returned.   */
  47:Middlewares/ST/threadx/common/src/tx_thread_sleep.c **** /*                                                                        */
  48:Middlewares/ST/threadx/common/src/tx_thread_sleep.c **** /*  INPUT                                                                 */
  49:Middlewares/ST/threadx/common/src/tx_thread_sleep.c **** /*                                                                        */
  50:Middlewares/ST/threadx/common/src/tx_thread_sleep.c **** /*    timer_ticks                           Number of timer ticks to sleep*/
  51:Middlewares/ST/threadx/common/src/tx_thread_sleep.c **** /*                                                                        */
  52:Middlewares/ST/threadx/common/src/tx_thread_sleep.c **** /*  OUTPUT                                                                */
  53:Middlewares/ST/threadx/common/src/tx_thread_sleep.c **** /*                                                                        */
  54:Middlewares/ST/threadx/common/src/tx_thread_sleep.c **** /*    status                                Return completion status      */
  55:Middlewares/ST/threadx/common/src/tx_thread_sleep.c **** /*                                                                        */
  56:Middlewares/ST/threadx/common/src/tx_thread_sleep.c **** /*  CALLS                                                                 */
  57:Middlewares/ST/threadx/common/src/tx_thread_sleep.c **** /*                                                                        */
  58:Middlewares/ST/threadx/common/src/tx_thread_sleep.c **** /*    _tx_thread_system_suspend         Actual thread suspension          */
  59:Middlewares/ST/threadx/common/src/tx_thread_sleep.c **** /*    _tx_thread_system_ni_suspend      Non-interruptable suspend thread  */
  60:Middlewares/ST/threadx/common/src/tx_thread_sleep.c **** /*                                                                        */
  61:Middlewares/ST/threadx/common/src/tx_thread_sleep.c **** /*  CALLED BY                                                             */
  62:Middlewares/ST/threadx/common/src/tx_thread_sleep.c **** /*                                                                        */
  63:Middlewares/ST/threadx/common/src/tx_thread_sleep.c **** /*    Application code                                                    */
  64:Middlewares/ST/threadx/common/src/tx_thread_sleep.c **** /*                                                                        */
  65:Middlewares/ST/threadx/common/src/tx_thread_sleep.c **** /*  RELEASE HISTORY                                                       */
  66:Middlewares/ST/threadx/common/src/tx_thread_sleep.c **** /*                                                                        */
  67:Middlewares/ST/threadx/common/src/tx_thread_sleep.c **** /*    DATE              NAME                      DESCRIPTION             */
  68:Middlewares/ST/threadx/common/src/tx_thread_sleep.c **** /*                                                                        */
  69:Middlewares/ST/threadx/common/src/tx_thread_sleep.c **** /*  05-19-2020     William E. Lamie         Initial Version 6.0           */
  70:Middlewares/ST/threadx/common/src/tx_thread_sleep.c **** /*  09-30-2020     Yuxin Zhou               Modified comment(s),          */
  71:Middlewares/ST/threadx/common/src/tx_thread_sleep.c **** /*                                            resulting in version 6.1    */
  72:Middlewares/ST/threadx/common/src/tx_thread_sleep.c **** /*                                                                        */
  73:Middlewares/ST/threadx/common/src/tx_thread_sleep.c **** /**************************************************************************/
  74:Middlewares/ST/threadx/common/src/tx_thread_sleep.c **** UINT  _tx_thread_sleep(ULONG timer_ticks)
  75:Middlewares/ST/threadx/common/src/tx_thread_sleep.c **** {
  29              		.loc 1 75 1 view -0
  30              		.cfi_startproc
  31              		@ args = 0, pretend = 0, frame = 8
  32              		@ frame_needed = 0, uses_anonymous_args = 0
  33              		.loc 1 75 1 is_stmt 0 view .LVU1
  34 0000 70B5     		push	{r4, r5, r6, lr}
  35              	.LCFI0:
  36              		.cfi_def_cfa_offset 16
  37              		.cfi_offset 4, -16
  38              		.cfi_offset 5, -12
  39              		.cfi_offset 6, -8
  40              		.cfi_offset 14, -4
ARM GAS  /tmp/ccsih5fc.s 			page 3


  41 0002 82B0     		sub	sp, sp, #8
  42              	.LCFI1:
  43              		.cfi_def_cfa_offset 24
  76:Middlewares/ST/threadx/common/src/tx_thread_sleep.c **** 
  77:Middlewares/ST/threadx/common/src/tx_thread_sleep.c **** TX_INTERRUPT_SAVE_AREA
  44              		.loc 1 77 1 is_stmt 1 view .LVU2
  78:Middlewares/ST/threadx/common/src/tx_thread_sleep.c **** 
  79:Middlewares/ST/threadx/common/src/tx_thread_sleep.c **** UINT            status;
  45              		.loc 1 79 1 view .LVU3
  80:Middlewares/ST/threadx/common/src/tx_thread_sleep.c **** TX_THREAD       *thread_ptr;
  46              		.loc 1 80 1 view .LVU4
  81:Middlewares/ST/threadx/common/src/tx_thread_sleep.c **** 
  82:Middlewares/ST/threadx/common/src/tx_thread_sleep.c **** 
  83:Middlewares/ST/threadx/common/src/tx_thread_sleep.c ****     /* Lockout interrupts while the thread is being resumed.  */
  84:Middlewares/ST/threadx/common/src/tx_thread_sleep.c ****     TX_DISABLE
  47              		.loc 1 84 5 view .LVU5
  48              	.LBB25:
  49              	.LBI25:
  50              		.file 2 "Middlewares/ST/threadx/ports/cortex_m7/gnu/inc/tx_port.h"
   1:Middlewares/ST/threadx/ports/cortex_m7/gnu/inc/tx_port.h **** /**************************************************************************/
   2:Middlewares/ST/threadx/ports/cortex_m7/gnu/inc/tx_port.h **** /*                                                                        */
   3:Middlewares/ST/threadx/ports/cortex_m7/gnu/inc/tx_port.h **** /*       Copyright (c) Microsoft Corporation. All rights reserved.        */
   4:Middlewares/ST/threadx/ports/cortex_m7/gnu/inc/tx_port.h **** /*                                                                        */
   5:Middlewares/ST/threadx/ports/cortex_m7/gnu/inc/tx_port.h **** /*       This software is licensed under the Microsoft Software License   */
   6:Middlewares/ST/threadx/ports/cortex_m7/gnu/inc/tx_port.h **** /*       Terms for Microsoft Azure RTOS. Full text of the license can be  */
   7:Middlewares/ST/threadx/ports/cortex_m7/gnu/inc/tx_port.h **** /*       found in the LICENSE file at https://aka.ms/AzureRTOS_EULA       */
   8:Middlewares/ST/threadx/ports/cortex_m7/gnu/inc/tx_port.h **** /*       and in the root directory of this software.                      */
   9:Middlewares/ST/threadx/ports/cortex_m7/gnu/inc/tx_port.h **** /*                                                                        */
  10:Middlewares/ST/threadx/ports/cortex_m7/gnu/inc/tx_port.h **** /**************************************************************************/
  11:Middlewares/ST/threadx/ports/cortex_m7/gnu/inc/tx_port.h **** 
  12:Middlewares/ST/threadx/ports/cortex_m7/gnu/inc/tx_port.h **** 
  13:Middlewares/ST/threadx/ports/cortex_m7/gnu/inc/tx_port.h **** /**************************************************************************/
  14:Middlewares/ST/threadx/ports/cortex_m7/gnu/inc/tx_port.h **** /**************************************************************************/
  15:Middlewares/ST/threadx/ports/cortex_m7/gnu/inc/tx_port.h **** /**                                                                       */
  16:Middlewares/ST/threadx/ports/cortex_m7/gnu/inc/tx_port.h **** /** ThreadX Component                                                     */
  17:Middlewares/ST/threadx/ports/cortex_m7/gnu/inc/tx_port.h **** /**                                                                       */
  18:Middlewares/ST/threadx/ports/cortex_m7/gnu/inc/tx_port.h **** /**   Port Specific                                                       */
  19:Middlewares/ST/threadx/ports/cortex_m7/gnu/inc/tx_port.h **** /**                                                                       */
  20:Middlewares/ST/threadx/ports/cortex_m7/gnu/inc/tx_port.h **** /**************************************************************************/
  21:Middlewares/ST/threadx/ports/cortex_m7/gnu/inc/tx_port.h **** /**************************************************************************/
  22:Middlewares/ST/threadx/ports/cortex_m7/gnu/inc/tx_port.h **** 
  23:Middlewares/ST/threadx/ports/cortex_m7/gnu/inc/tx_port.h **** 
  24:Middlewares/ST/threadx/ports/cortex_m7/gnu/inc/tx_port.h **** /**************************************************************************/
  25:Middlewares/ST/threadx/ports/cortex_m7/gnu/inc/tx_port.h **** /*                                                                        */
  26:Middlewares/ST/threadx/ports/cortex_m7/gnu/inc/tx_port.h **** /*  PORT SPECIFIC C INFORMATION                            RELEASE        */
  27:Middlewares/ST/threadx/ports/cortex_m7/gnu/inc/tx_port.h **** /*                                                                        */
  28:Middlewares/ST/threadx/ports/cortex_m7/gnu/inc/tx_port.h **** /*    tx_port.h                                         Cortex-M7/GNU     */
  29:Middlewares/ST/threadx/ports/cortex_m7/gnu/inc/tx_port.h **** /*                                                           6.1.10       */
  30:Middlewares/ST/threadx/ports/cortex_m7/gnu/inc/tx_port.h **** /*                                                                        */
  31:Middlewares/ST/threadx/ports/cortex_m7/gnu/inc/tx_port.h **** /*  AUTHOR                                                                */
  32:Middlewares/ST/threadx/ports/cortex_m7/gnu/inc/tx_port.h **** /*                                                                        */
  33:Middlewares/ST/threadx/ports/cortex_m7/gnu/inc/tx_port.h **** /*    Scott Larson, Microsoft Corporation                                 */
  34:Middlewares/ST/threadx/ports/cortex_m7/gnu/inc/tx_port.h **** /*                                                                        */
  35:Middlewares/ST/threadx/ports/cortex_m7/gnu/inc/tx_port.h **** /*  DESCRIPTION                                                           */
  36:Middlewares/ST/threadx/ports/cortex_m7/gnu/inc/tx_port.h **** /*                                                                        */
  37:Middlewares/ST/threadx/ports/cortex_m7/gnu/inc/tx_port.h **** /*    This file contains data type definitions that make the ThreadX      */
  38:Middlewares/ST/threadx/ports/cortex_m7/gnu/inc/tx_port.h **** /*    real-time kernel function identically on a variety of different     */
ARM GAS  /tmp/ccsih5fc.s 			page 4


  39:Middlewares/ST/threadx/ports/cortex_m7/gnu/inc/tx_port.h **** /*    processor architectures.  For example, the size or number of bits   */
  40:Middlewares/ST/threadx/ports/cortex_m7/gnu/inc/tx_port.h **** /*    in an "int" data type vary between microprocessor architectures and */
  41:Middlewares/ST/threadx/ports/cortex_m7/gnu/inc/tx_port.h **** /*    even C compilers for the same microprocessor.  ThreadX does not     */
  42:Middlewares/ST/threadx/ports/cortex_m7/gnu/inc/tx_port.h **** /*    directly use native C data types.  Instead, ThreadX creates its     */
  43:Middlewares/ST/threadx/ports/cortex_m7/gnu/inc/tx_port.h **** /*    own special types that can be mapped to actual data types by this   */
  44:Middlewares/ST/threadx/ports/cortex_m7/gnu/inc/tx_port.h **** /*    file to guarantee consistency in the interface and functionality.   */
  45:Middlewares/ST/threadx/ports/cortex_m7/gnu/inc/tx_port.h **** /*                                                                        */
  46:Middlewares/ST/threadx/ports/cortex_m7/gnu/inc/tx_port.h **** /*    This file replaces the previous Cortex-M3/M4/M7 files. It unifies   */
  47:Middlewares/ST/threadx/ports/cortex_m7/gnu/inc/tx_port.h **** /*    the ARMv7-M architecture and compilers into one common file.        */
  48:Middlewares/ST/threadx/ports/cortex_m7/gnu/inc/tx_port.h **** /*                                                                        */
  49:Middlewares/ST/threadx/ports/cortex_m7/gnu/inc/tx_port.h **** /*  RELEASE HISTORY                                                       */
  50:Middlewares/ST/threadx/ports/cortex_m7/gnu/inc/tx_port.h **** /*                                                                        */
  51:Middlewares/ST/threadx/ports/cortex_m7/gnu/inc/tx_port.h **** /*    DATE              NAME                      DESCRIPTION             */
  52:Middlewares/ST/threadx/ports/cortex_m7/gnu/inc/tx_port.h **** /*                                                                        */
  53:Middlewares/ST/threadx/ports/cortex_m7/gnu/inc/tx_port.h **** /*  06-02-2021      Scott Larson            Initial Version 6.1.7         */
  54:Middlewares/ST/threadx/ports/cortex_m7/gnu/inc/tx_port.h **** /*  01-31-2022      Scott Larson            Modified comments, updated    */
  55:Middlewares/ST/threadx/ports/cortex_m7/gnu/inc/tx_port.h **** /*                                            typedef to fix misra        */
  56:Middlewares/ST/threadx/ports/cortex_m7/gnu/inc/tx_port.h **** /*                                            violation,                  */
  57:Middlewares/ST/threadx/ports/cortex_m7/gnu/inc/tx_port.h **** /*                                            fixed predefined macro,     */
  58:Middlewares/ST/threadx/ports/cortex_m7/gnu/inc/tx_port.h **** /*                                            resulting in version 6.1.10 */
  59:Middlewares/ST/threadx/ports/cortex_m7/gnu/inc/tx_port.h **** /*                                                                        */
  60:Middlewares/ST/threadx/ports/cortex_m7/gnu/inc/tx_port.h **** /**************************************************************************/
  61:Middlewares/ST/threadx/ports/cortex_m7/gnu/inc/tx_port.h **** 
  62:Middlewares/ST/threadx/ports/cortex_m7/gnu/inc/tx_port.h **** #ifndef TX_PORT_H
  63:Middlewares/ST/threadx/ports/cortex_m7/gnu/inc/tx_port.h **** #define TX_PORT_H
  64:Middlewares/ST/threadx/ports/cortex_m7/gnu/inc/tx_port.h **** 
  65:Middlewares/ST/threadx/ports/cortex_m7/gnu/inc/tx_port.h **** 
  66:Middlewares/ST/threadx/ports/cortex_m7/gnu/inc/tx_port.h **** /* Determine if the optional ThreadX user define file should be used.  */
  67:Middlewares/ST/threadx/ports/cortex_m7/gnu/inc/tx_port.h **** 
  68:Middlewares/ST/threadx/ports/cortex_m7/gnu/inc/tx_port.h **** #ifdef TX_INCLUDE_USER_DEFINE_FILE
  69:Middlewares/ST/threadx/ports/cortex_m7/gnu/inc/tx_port.h **** 
  70:Middlewares/ST/threadx/ports/cortex_m7/gnu/inc/tx_port.h **** /* Yes, include the user defines in tx_user.h. The defines in this file may
  71:Middlewares/ST/threadx/ports/cortex_m7/gnu/inc/tx_port.h ****    alternately be defined on the command line.  */
  72:Middlewares/ST/threadx/ports/cortex_m7/gnu/inc/tx_port.h **** 
  73:Middlewares/ST/threadx/ports/cortex_m7/gnu/inc/tx_port.h **** #include "tx_user.h"
  74:Middlewares/ST/threadx/ports/cortex_m7/gnu/inc/tx_port.h **** #endif
  75:Middlewares/ST/threadx/ports/cortex_m7/gnu/inc/tx_port.h **** 
  76:Middlewares/ST/threadx/ports/cortex_m7/gnu/inc/tx_port.h **** 
  77:Middlewares/ST/threadx/ports/cortex_m7/gnu/inc/tx_port.h **** /* Define compiler library include files.  */
  78:Middlewares/ST/threadx/ports/cortex_m7/gnu/inc/tx_port.h **** 
  79:Middlewares/ST/threadx/ports/cortex_m7/gnu/inc/tx_port.h **** #include <stdlib.h>
  80:Middlewares/ST/threadx/ports/cortex_m7/gnu/inc/tx_port.h **** #include <string.h>
  81:Middlewares/ST/threadx/ports/cortex_m7/gnu/inc/tx_port.h **** 
  82:Middlewares/ST/threadx/ports/cortex_m7/gnu/inc/tx_port.h **** #ifdef __ICCARM__
  83:Middlewares/ST/threadx/ports/cortex_m7/gnu/inc/tx_port.h **** #include <intrinsics.h>                     /* IAR Intrinsics */
  84:Middlewares/ST/threadx/ports/cortex_m7/gnu/inc/tx_port.h **** #define __asm__ __asm                       /* Define to make all inline asm look similar */
  85:Middlewares/ST/threadx/ports/cortex_m7/gnu/inc/tx_port.h **** #ifdef  TX_ENABLE_IAR_LIBRARY_SUPPORT
  86:Middlewares/ST/threadx/ports/cortex_m7/gnu/inc/tx_port.h **** #include <yvals.h>
  87:Middlewares/ST/threadx/ports/cortex_m7/gnu/inc/tx_port.h **** #endif
  88:Middlewares/ST/threadx/ports/cortex_m7/gnu/inc/tx_port.h **** #endif /* __ICCARM__ */
  89:Middlewares/ST/threadx/ports/cortex_m7/gnu/inc/tx_port.h **** 
  90:Middlewares/ST/threadx/ports/cortex_m7/gnu/inc/tx_port.h **** #ifdef __ghs__
  91:Middlewares/ST/threadx/ports/cortex_m7/gnu/inc/tx_port.h **** #include <arm_ghs.h>
  92:Middlewares/ST/threadx/ports/cortex_m7/gnu/inc/tx_port.h **** #include "tx_ghs.h"
  93:Middlewares/ST/threadx/ports/cortex_m7/gnu/inc/tx_port.h **** #endif  /* __ghs__ */
  94:Middlewares/ST/threadx/ports/cortex_m7/gnu/inc/tx_port.h **** 
  95:Middlewares/ST/threadx/ports/cortex_m7/gnu/inc/tx_port.h **** 
ARM GAS  /tmp/ccsih5fc.s 			page 5


  96:Middlewares/ST/threadx/ports/cortex_m7/gnu/inc/tx_port.h **** #if !defined(__GNUC__) && !defined(__CC_ARM)
  97:Middlewares/ST/threadx/ports/cortex_m7/gnu/inc/tx_port.h **** #define __get_control_value __get_CONTROL
  98:Middlewares/ST/threadx/ports/cortex_m7/gnu/inc/tx_port.h **** #define __set_control_value __set_CONTROL
  99:Middlewares/ST/threadx/ports/cortex_m7/gnu/inc/tx_port.h **** #endif
 100:Middlewares/ST/threadx/ports/cortex_m7/gnu/inc/tx_port.h **** 
 101:Middlewares/ST/threadx/ports/cortex_m7/gnu/inc/tx_port.h **** #ifndef __GNUC__
 102:Middlewares/ST/threadx/ports/cortex_m7/gnu/inc/tx_port.h **** #define __get_ipsr_value __get_IPSR
 103:Middlewares/ST/threadx/ports/cortex_m7/gnu/inc/tx_port.h **** #endif
 104:Middlewares/ST/threadx/ports/cortex_m7/gnu/inc/tx_port.h **** 
 105:Middlewares/ST/threadx/ports/cortex_m7/gnu/inc/tx_port.h **** /* Define ThreadX basic types for this port.  */
 106:Middlewares/ST/threadx/ports/cortex_m7/gnu/inc/tx_port.h **** 
 107:Middlewares/ST/threadx/ports/cortex_m7/gnu/inc/tx_port.h **** #define VOID                                    void
 108:Middlewares/ST/threadx/ports/cortex_m7/gnu/inc/tx_port.h **** typedef char                                    CHAR;
 109:Middlewares/ST/threadx/ports/cortex_m7/gnu/inc/tx_port.h **** typedef unsigned char                           UCHAR;
 110:Middlewares/ST/threadx/ports/cortex_m7/gnu/inc/tx_port.h **** typedef int                                     INT;
 111:Middlewares/ST/threadx/ports/cortex_m7/gnu/inc/tx_port.h **** typedef unsigned int                            UINT;
 112:Middlewares/ST/threadx/ports/cortex_m7/gnu/inc/tx_port.h **** typedef long                                    LONG;
 113:Middlewares/ST/threadx/ports/cortex_m7/gnu/inc/tx_port.h **** typedef unsigned long                           ULONG;
 114:Middlewares/ST/threadx/ports/cortex_m7/gnu/inc/tx_port.h **** typedef unsigned long long                      ULONG64;
 115:Middlewares/ST/threadx/ports/cortex_m7/gnu/inc/tx_port.h **** typedef short                                   SHORT;
 116:Middlewares/ST/threadx/ports/cortex_m7/gnu/inc/tx_port.h **** typedef unsigned short                          USHORT;
 117:Middlewares/ST/threadx/ports/cortex_m7/gnu/inc/tx_port.h **** #define ULONG64_DEFINED
 118:Middlewares/ST/threadx/ports/cortex_m7/gnu/inc/tx_port.h **** 
 119:Middlewares/ST/threadx/ports/cortex_m7/gnu/inc/tx_port.h **** /* Define the priority levels for ThreadX.  Legal values range
 120:Middlewares/ST/threadx/ports/cortex_m7/gnu/inc/tx_port.h ****    from 32 to 1024 and MUST be evenly divisible by 32.  */
 121:Middlewares/ST/threadx/ports/cortex_m7/gnu/inc/tx_port.h **** 
 122:Middlewares/ST/threadx/ports/cortex_m7/gnu/inc/tx_port.h **** #ifndef TX_MAX_PRIORITIES
 123:Middlewares/ST/threadx/ports/cortex_m7/gnu/inc/tx_port.h **** #define TX_MAX_PRIORITIES                       32
 124:Middlewares/ST/threadx/ports/cortex_m7/gnu/inc/tx_port.h **** #endif
 125:Middlewares/ST/threadx/ports/cortex_m7/gnu/inc/tx_port.h **** 
 126:Middlewares/ST/threadx/ports/cortex_m7/gnu/inc/tx_port.h **** 
 127:Middlewares/ST/threadx/ports/cortex_m7/gnu/inc/tx_port.h **** /* Define the minimum stack for a ThreadX thread on this processor. If the size supplied during
 128:Middlewares/ST/threadx/ports/cortex_m7/gnu/inc/tx_port.h ****    thread creation is less than this value, the thread create call will return an error.  */
 129:Middlewares/ST/threadx/ports/cortex_m7/gnu/inc/tx_port.h **** 
 130:Middlewares/ST/threadx/ports/cortex_m7/gnu/inc/tx_port.h **** #ifndef TX_MINIMUM_STACK
 131:Middlewares/ST/threadx/ports/cortex_m7/gnu/inc/tx_port.h **** #define TX_MINIMUM_STACK                        200         /* Minimum stack size for this port  */
 132:Middlewares/ST/threadx/ports/cortex_m7/gnu/inc/tx_port.h **** #endif
 133:Middlewares/ST/threadx/ports/cortex_m7/gnu/inc/tx_port.h **** 
 134:Middlewares/ST/threadx/ports/cortex_m7/gnu/inc/tx_port.h **** 
 135:Middlewares/ST/threadx/ports/cortex_m7/gnu/inc/tx_port.h **** /* Define the system timer thread's default stack size and priority.  These are only applicable
 136:Middlewares/ST/threadx/ports/cortex_m7/gnu/inc/tx_port.h ****    if TX_TIMER_PROCESS_IN_ISR is not defined.  */
 137:Middlewares/ST/threadx/ports/cortex_m7/gnu/inc/tx_port.h **** 
 138:Middlewares/ST/threadx/ports/cortex_m7/gnu/inc/tx_port.h **** #ifndef TX_TIMER_THREAD_STACK_SIZE
 139:Middlewares/ST/threadx/ports/cortex_m7/gnu/inc/tx_port.h **** #define TX_TIMER_THREAD_STACK_SIZE              1024        /* Default timer thread stack size  */
 140:Middlewares/ST/threadx/ports/cortex_m7/gnu/inc/tx_port.h **** #endif
 141:Middlewares/ST/threadx/ports/cortex_m7/gnu/inc/tx_port.h **** 
 142:Middlewares/ST/threadx/ports/cortex_m7/gnu/inc/tx_port.h **** #ifndef TX_TIMER_THREAD_PRIORITY
 143:Middlewares/ST/threadx/ports/cortex_m7/gnu/inc/tx_port.h **** #define TX_TIMER_THREAD_PRIORITY                0           /* Default timer thread priority    */
 144:Middlewares/ST/threadx/ports/cortex_m7/gnu/inc/tx_port.h **** #endif
 145:Middlewares/ST/threadx/ports/cortex_m7/gnu/inc/tx_port.h **** 
 146:Middlewares/ST/threadx/ports/cortex_m7/gnu/inc/tx_port.h **** 
 147:Middlewares/ST/threadx/ports/cortex_m7/gnu/inc/tx_port.h **** /* Define various constants for the ThreadX Cortex-M port.  */
 148:Middlewares/ST/threadx/ports/cortex_m7/gnu/inc/tx_port.h **** 
 149:Middlewares/ST/threadx/ports/cortex_m7/gnu/inc/tx_port.h **** #define TX_INT_DISABLE                          1           /* Disable interrupts               */
 150:Middlewares/ST/threadx/ports/cortex_m7/gnu/inc/tx_port.h **** #define TX_INT_ENABLE                           0           /* Enable interrupts                */
 151:Middlewares/ST/threadx/ports/cortex_m7/gnu/inc/tx_port.h **** 
 152:Middlewares/ST/threadx/ports/cortex_m7/gnu/inc/tx_port.h **** 
ARM GAS  /tmp/ccsih5fc.s 			page 6


 153:Middlewares/ST/threadx/ports/cortex_m7/gnu/inc/tx_port.h **** /* Define the clock source for trace event entry time stamp. The following two item are port specif
 154:Middlewares/ST/threadx/ports/cortex_m7/gnu/inc/tx_port.h ****    For example, if the time source is at the address 0x0a800024 and is 16-bits in size, the clock
 155:Middlewares/ST/threadx/ports/cortex_m7/gnu/inc/tx_port.h ****    source constants would be:
 156:Middlewares/ST/threadx/ports/cortex_m7/gnu/inc/tx_port.h **** 
 157:Middlewares/ST/threadx/ports/cortex_m7/gnu/inc/tx_port.h **** #define TX_TRACE_TIME_SOURCE                    *((ULONG *) 0x0a800024)
 158:Middlewares/ST/threadx/ports/cortex_m7/gnu/inc/tx_port.h **** #define TX_TRACE_TIME_MASK                      0x0000FFFFUL
 159:Middlewares/ST/threadx/ports/cortex_m7/gnu/inc/tx_port.h **** 
 160:Middlewares/ST/threadx/ports/cortex_m7/gnu/inc/tx_port.h **** */
 161:Middlewares/ST/threadx/ports/cortex_m7/gnu/inc/tx_port.h **** 
 162:Middlewares/ST/threadx/ports/cortex_m7/gnu/inc/tx_port.h **** #ifndef TX_MISRA_ENABLE
 163:Middlewares/ST/threadx/ports/cortex_m7/gnu/inc/tx_port.h **** #ifndef TX_TRACE_TIME_SOURCE
 164:Middlewares/ST/threadx/ports/cortex_m7/gnu/inc/tx_port.h **** #define TX_TRACE_TIME_SOURCE                    *((ULONG *) 0xE0001004)
 165:Middlewares/ST/threadx/ports/cortex_m7/gnu/inc/tx_port.h **** #endif
 166:Middlewares/ST/threadx/ports/cortex_m7/gnu/inc/tx_port.h **** #else
 167:Middlewares/ST/threadx/ports/cortex_m7/gnu/inc/tx_port.h **** ULONG   _tx_misra_time_stamp_get(VOID);
 168:Middlewares/ST/threadx/ports/cortex_m7/gnu/inc/tx_port.h **** #define TX_TRACE_TIME_SOURCE                    _tx_misra_time_stamp_get()
 169:Middlewares/ST/threadx/ports/cortex_m7/gnu/inc/tx_port.h **** #endif
 170:Middlewares/ST/threadx/ports/cortex_m7/gnu/inc/tx_port.h **** 
 171:Middlewares/ST/threadx/ports/cortex_m7/gnu/inc/tx_port.h **** #ifndef TX_TRACE_TIME_MASK
 172:Middlewares/ST/threadx/ports/cortex_m7/gnu/inc/tx_port.h **** #define TX_TRACE_TIME_MASK                      0xFFFFFFFFUL
 173:Middlewares/ST/threadx/ports/cortex_m7/gnu/inc/tx_port.h **** #endif
 174:Middlewares/ST/threadx/ports/cortex_m7/gnu/inc/tx_port.h **** 
 175:Middlewares/ST/threadx/ports/cortex_m7/gnu/inc/tx_port.h **** #ifdef __ghs__
 176:Middlewares/ST/threadx/ports/cortex_m7/gnu/inc/tx_port.h **** /* Define constants for Green Hills EventAnalyzer.  */
 177:Middlewares/ST/threadx/ports/cortex_m7/gnu/inc/tx_port.h **** 
 178:Middlewares/ST/threadx/ports/cortex_m7/gnu/inc/tx_port.h **** /* Define the number of ticks per second. This informs the EventAnalyzer what the timestamps
 179:Middlewares/ST/threadx/ports/cortex_m7/gnu/inc/tx_port.h ****    represent.  By default, this is set to 1,000,000 i.e., one tick every microsecond. */
 180:Middlewares/ST/threadx/ports/cortex_m7/gnu/inc/tx_port.h **** 
 181:Middlewares/ST/threadx/ports/cortex_m7/gnu/inc/tx_port.h **** #define TX_EL_TICKS_PER_SECOND                  1000000
 182:Middlewares/ST/threadx/ports/cortex_m7/gnu/inc/tx_port.h **** 
 183:Middlewares/ST/threadx/ports/cortex_m7/gnu/inc/tx_port.h **** /* Define the method of how to get the upper and lower 32-bits of the time stamp. By default, simpl
 184:Middlewares/ST/threadx/ports/cortex_m7/gnu/inc/tx_port.h ****    simulate the time-stamp source with a counter.  */
 185:Middlewares/ST/threadx/ports/cortex_m7/gnu/inc/tx_port.h **** 
 186:Middlewares/ST/threadx/ports/cortex_m7/gnu/inc/tx_port.h **** #define read_tbu()                              _tx_el_time_base_upper
 187:Middlewares/ST/threadx/ports/cortex_m7/gnu/inc/tx_port.h **** #define read_tbl()                              ++_tx_el_time_base_lower
 188:Middlewares/ST/threadx/ports/cortex_m7/gnu/inc/tx_port.h **** #endif  /* __ghs__ */
 189:Middlewares/ST/threadx/ports/cortex_m7/gnu/inc/tx_port.h **** 
 190:Middlewares/ST/threadx/ports/cortex_m7/gnu/inc/tx_port.h **** /* Define the port specific options for the _tx_build_options variable. This variable indicates
 191:Middlewares/ST/threadx/ports/cortex_m7/gnu/inc/tx_port.h ****    how the ThreadX library was built.  */
 192:Middlewares/ST/threadx/ports/cortex_m7/gnu/inc/tx_port.h **** 
 193:Middlewares/ST/threadx/ports/cortex_m7/gnu/inc/tx_port.h **** #define TX_PORT_SPECIFIC_BUILD_OPTIONS          (0)
 194:Middlewares/ST/threadx/ports/cortex_m7/gnu/inc/tx_port.h **** 
 195:Middlewares/ST/threadx/ports/cortex_m7/gnu/inc/tx_port.h **** 
 196:Middlewares/ST/threadx/ports/cortex_m7/gnu/inc/tx_port.h **** /* Define the in-line initialization constant so that modules with in-line
 197:Middlewares/ST/threadx/ports/cortex_m7/gnu/inc/tx_port.h ****    initialization capabilities can prevent their initialization from being
 198:Middlewares/ST/threadx/ports/cortex_m7/gnu/inc/tx_port.h ****    a function call.  */
 199:Middlewares/ST/threadx/ports/cortex_m7/gnu/inc/tx_port.h **** 
 200:Middlewares/ST/threadx/ports/cortex_m7/gnu/inc/tx_port.h **** #ifdef TX_MISRA_ENABLE
 201:Middlewares/ST/threadx/ports/cortex_m7/gnu/inc/tx_port.h **** #define TX_DISABLE_INLINE
 202:Middlewares/ST/threadx/ports/cortex_m7/gnu/inc/tx_port.h **** #else
 203:Middlewares/ST/threadx/ports/cortex_m7/gnu/inc/tx_port.h **** #define TX_INLINE_INITIALIZATION
 204:Middlewares/ST/threadx/ports/cortex_m7/gnu/inc/tx_port.h **** #endif
 205:Middlewares/ST/threadx/ports/cortex_m7/gnu/inc/tx_port.h **** 
 206:Middlewares/ST/threadx/ports/cortex_m7/gnu/inc/tx_port.h **** 
 207:Middlewares/ST/threadx/ports/cortex_m7/gnu/inc/tx_port.h **** /* Determine whether or not stack checking is enabled. By default, ThreadX stack checking is
 208:Middlewares/ST/threadx/ports/cortex_m7/gnu/inc/tx_port.h ****    disabled. When the following is defined, ThreadX thread stack checking is enabled.  If stack
 209:Middlewares/ST/threadx/ports/cortex_m7/gnu/inc/tx_port.h ****    checking is enabled (TX_ENABLE_STACK_CHECKING is defined), the TX_DISABLE_STACK_FILLING
ARM GAS  /tmp/ccsih5fc.s 			page 7


 210:Middlewares/ST/threadx/ports/cortex_m7/gnu/inc/tx_port.h ****    define is negated, thereby forcing the stack fill which is necessary for the stack checking
 211:Middlewares/ST/threadx/ports/cortex_m7/gnu/inc/tx_port.h ****    logic.  */
 212:Middlewares/ST/threadx/ports/cortex_m7/gnu/inc/tx_port.h **** 
 213:Middlewares/ST/threadx/ports/cortex_m7/gnu/inc/tx_port.h **** #ifndef TX_MISRA_ENABLE
 214:Middlewares/ST/threadx/ports/cortex_m7/gnu/inc/tx_port.h **** #ifdef TX_ENABLE_STACK_CHECKING
 215:Middlewares/ST/threadx/ports/cortex_m7/gnu/inc/tx_port.h **** #undef TX_DISABLE_STACK_FILLING
 216:Middlewares/ST/threadx/ports/cortex_m7/gnu/inc/tx_port.h **** #endif
 217:Middlewares/ST/threadx/ports/cortex_m7/gnu/inc/tx_port.h **** #endif
 218:Middlewares/ST/threadx/ports/cortex_m7/gnu/inc/tx_port.h **** 
 219:Middlewares/ST/threadx/ports/cortex_m7/gnu/inc/tx_port.h **** 
 220:Middlewares/ST/threadx/ports/cortex_m7/gnu/inc/tx_port.h **** /* Define the TX_THREAD control block extensions for this port. The main reason
 221:Middlewares/ST/threadx/ports/cortex_m7/gnu/inc/tx_port.h ****    for the multiple macros is so that backward compatibility can be maintained with
 222:Middlewares/ST/threadx/ports/cortex_m7/gnu/inc/tx_port.h ****    existing ThreadX kernel awareness modules.  */
 223:Middlewares/ST/threadx/ports/cortex_m7/gnu/inc/tx_port.h **** 
 224:Middlewares/ST/threadx/ports/cortex_m7/gnu/inc/tx_port.h **** #define TX_THREAD_EXTENSION_0
 225:Middlewares/ST/threadx/ports/cortex_m7/gnu/inc/tx_port.h **** #define TX_THREAD_EXTENSION_1
 226:Middlewares/ST/threadx/ports/cortex_m7/gnu/inc/tx_port.h **** #ifdef  TX_ENABLE_IAR_LIBRARY_SUPPORT
 227:Middlewares/ST/threadx/ports/cortex_m7/gnu/inc/tx_port.h **** #define TX_THREAD_EXTENSION_2           VOID    *tx_thread_iar_tls_pointer;
 228:Middlewares/ST/threadx/ports/cortex_m7/gnu/inc/tx_port.h **** #elif defined(__ghs__)
 229:Middlewares/ST/threadx/ports/cortex_m7/gnu/inc/tx_port.h **** #define TX_THREAD_EXTENSION_2           VOID *  tx_thread_eh_globals;                           \
 230:Middlewares/ST/threadx/ports/cortex_m7/gnu/inc/tx_port.h ****                                         int     Errno;             /* errno.  */                \
 231:Middlewares/ST/threadx/ports/cortex_m7/gnu/inc/tx_port.h ****                                         char *  strtok_saved_pos;  /* strtok() position.  */
 232:Middlewares/ST/threadx/ports/cortex_m7/gnu/inc/tx_port.h **** #else
 233:Middlewares/ST/threadx/ports/cortex_m7/gnu/inc/tx_port.h **** #define TX_THREAD_EXTENSION_2
 234:Middlewares/ST/threadx/ports/cortex_m7/gnu/inc/tx_port.h **** #endif
 235:Middlewares/ST/threadx/ports/cortex_m7/gnu/inc/tx_port.h **** 
 236:Middlewares/ST/threadx/ports/cortex_m7/gnu/inc/tx_port.h **** 
 237:Middlewares/ST/threadx/ports/cortex_m7/gnu/inc/tx_port.h **** #define TX_THREAD_EXTENSION_3
 238:Middlewares/ST/threadx/ports/cortex_m7/gnu/inc/tx_port.h **** 
 239:Middlewares/ST/threadx/ports/cortex_m7/gnu/inc/tx_port.h **** 
 240:Middlewares/ST/threadx/ports/cortex_m7/gnu/inc/tx_port.h **** 
 241:Middlewares/ST/threadx/ports/cortex_m7/gnu/inc/tx_port.h **** /* Define the port extensions of the remaining ThreadX objects.  */
 242:Middlewares/ST/threadx/ports/cortex_m7/gnu/inc/tx_port.h **** 
 243:Middlewares/ST/threadx/ports/cortex_m7/gnu/inc/tx_port.h **** #define TX_BLOCK_POOL_EXTENSION
 244:Middlewares/ST/threadx/ports/cortex_m7/gnu/inc/tx_port.h **** #define TX_BYTE_POOL_EXTENSION
 245:Middlewares/ST/threadx/ports/cortex_m7/gnu/inc/tx_port.h **** #define TX_EVENT_FLAGS_GROUP_EXTENSION
 246:Middlewares/ST/threadx/ports/cortex_m7/gnu/inc/tx_port.h **** #define TX_MUTEX_EXTENSION
 247:Middlewares/ST/threadx/ports/cortex_m7/gnu/inc/tx_port.h **** #define TX_QUEUE_EXTENSION
 248:Middlewares/ST/threadx/ports/cortex_m7/gnu/inc/tx_port.h **** #define TX_SEMAPHORE_EXTENSION
 249:Middlewares/ST/threadx/ports/cortex_m7/gnu/inc/tx_port.h **** #define TX_TIMER_EXTENSION
 250:Middlewares/ST/threadx/ports/cortex_m7/gnu/inc/tx_port.h **** 
 251:Middlewares/ST/threadx/ports/cortex_m7/gnu/inc/tx_port.h **** 
 252:Middlewares/ST/threadx/ports/cortex_m7/gnu/inc/tx_port.h **** /* Define the user extension field of the thread control block.  Nothing
 253:Middlewares/ST/threadx/ports/cortex_m7/gnu/inc/tx_port.h ****    additional is needed for this port so it is defined as white space.  */
 254:Middlewares/ST/threadx/ports/cortex_m7/gnu/inc/tx_port.h **** 
 255:Middlewares/ST/threadx/ports/cortex_m7/gnu/inc/tx_port.h **** #ifndef TX_THREAD_USER_EXTENSION
 256:Middlewares/ST/threadx/ports/cortex_m7/gnu/inc/tx_port.h **** #define TX_THREAD_USER_EXTENSION
 257:Middlewares/ST/threadx/ports/cortex_m7/gnu/inc/tx_port.h **** #endif
 258:Middlewares/ST/threadx/ports/cortex_m7/gnu/inc/tx_port.h **** 
 259:Middlewares/ST/threadx/ports/cortex_m7/gnu/inc/tx_port.h **** 
 260:Middlewares/ST/threadx/ports/cortex_m7/gnu/inc/tx_port.h **** /* Define the macros for processing extensions in tx_thread_create, tx_thread_delete,
 261:Middlewares/ST/threadx/ports/cortex_m7/gnu/inc/tx_port.h ****    tx_thread_shell_entry, and tx_thread_terminate.  */
 262:Middlewares/ST/threadx/ports/cortex_m7/gnu/inc/tx_port.h **** 
 263:Middlewares/ST/threadx/ports/cortex_m7/gnu/inc/tx_port.h **** 
 264:Middlewares/ST/threadx/ports/cortex_m7/gnu/inc/tx_port.h **** #ifdef  TX_ENABLE_IAR_LIBRARY_SUPPORT
 265:Middlewares/ST/threadx/ports/cortex_m7/gnu/inc/tx_port.h **** #if (__VER__ < 8000000)
 266:Middlewares/ST/threadx/ports/cortex_m7/gnu/inc/tx_port.h **** #define TX_THREAD_CREATE_EXTENSION(thread_ptr)                      thread_ptr -> tx_thread_iar_tls
ARM GAS  /tmp/ccsih5fc.s 			page 8


 267:Middlewares/ST/threadx/ports/cortex_m7/gnu/inc/tx_port.h **** #define TX_THREAD_DELETE_EXTENSION(thread_ptr)                      __iar_dlib_perthread_deallocate
 268:Middlewares/ST/threadx/ports/cortex_m7/gnu/inc/tx_port.h ****                                                                     thread_ptr -> tx_thread_iar_tls
 269:Middlewares/ST/threadx/ports/cortex_m7/gnu/inc/tx_port.h **** #define TX_PORT_SPECIFIC_PRE_SCHEDULER_INITIALIZATION               __iar_dlib_perthread_access(0);
 270:Middlewares/ST/threadx/ports/cortex_m7/gnu/inc/tx_port.h **** #else
 271:Middlewares/ST/threadx/ports/cortex_m7/gnu/inc/tx_port.h **** void    *_tx_iar_create_per_thread_tls_area(void);
 272:Middlewares/ST/threadx/ports/cortex_m7/gnu/inc/tx_port.h **** void    _tx_iar_destroy_per_thread_tls_area(void *tls_ptr);
 273:Middlewares/ST/threadx/ports/cortex_m7/gnu/inc/tx_port.h **** void    __iar_Initlocks(void);
 274:Middlewares/ST/threadx/ports/cortex_m7/gnu/inc/tx_port.h **** 
 275:Middlewares/ST/threadx/ports/cortex_m7/gnu/inc/tx_port.h **** #define TX_THREAD_CREATE_EXTENSION(thread_ptr)                      thread_ptr -> tx_thread_iar_tls
 276:Middlewares/ST/threadx/ports/cortex_m7/gnu/inc/tx_port.h **** #define TX_THREAD_DELETE_EXTENSION(thread_ptr)                      do {_tx_iar_destroy_per_thread_
 277:Middlewares/ST/threadx/ports/cortex_m7/gnu/inc/tx_port.h ****                                                                         thread_ptr -> tx_thread_iar
 278:Middlewares/ST/threadx/ports/cortex_m7/gnu/inc/tx_port.h **** #define TX_PORT_SPECIFIC_PRE_SCHEDULER_INITIALIZATION               do {__iar_Initlocks();} while(0
 279:Middlewares/ST/threadx/ports/cortex_m7/gnu/inc/tx_port.h **** #endif
 280:Middlewares/ST/threadx/ports/cortex_m7/gnu/inc/tx_port.h **** #else
 281:Middlewares/ST/threadx/ports/cortex_m7/gnu/inc/tx_port.h **** #define TX_THREAD_CREATE_EXTENSION(thread_ptr)
 282:Middlewares/ST/threadx/ports/cortex_m7/gnu/inc/tx_port.h **** #define TX_THREAD_DELETE_EXTENSION(thread_ptr)
 283:Middlewares/ST/threadx/ports/cortex_m7/gnu/inc/tx_port.h **** #endif
 284:Middlewares/ST/threadx/ports/cortex_m7/gnu/inc/tx_port.h **** 
 285:Middlewares/ST/threadx/ports/cortex_m7/gnu/inc/tx_port.h **** #if defined(__ARMVFP__) || defined(__ARM_PCS_VFP) || defined(__ARM_FP) || defined(__TARGET_FPU_VFP)
 286:Middlewares/ST/threadx/ports/cortex_m7/gnu/inc/tx_port.h **** 
 287:Middlewares/ST/threadx/ports/cortex_m7/gnu/inc/tx_port.h **** #ifdef TX_MISRA_ENABLE
 288:Middlewares/ST/threadx/ports/cortex_m7/gnu/inc/tx_port.h **** 
 289:Middlewares/ST/threadx/ports/cortex_m7/gnu/inc/tx_port.h **** ULONG  _tx_misra_control_get(void);
 290:Middlewares/ST/threadx/ports/cortex_m7/gnu/inc/tx_port.h **** void   _tx_misra_control_set(ULONG value);
 291:Middlewares/ST/threadx/ports/cortex_m7/gnu/inc/tx_port.h **** ULONG  _tx_misra_fpccr_get(void);
 292:Middlewares/ST/threadx/ports/cortex_m7/gnu/inc/tx_port.h **** void   _tx_misra_vfp_touch(void);
 293:Middlewares/ST/threadx/ports/cortex_m7/gnu/inc/tx_port.h **** 
 294:Middlewares/ST/threadx/ports/cortex_m7/gnu/inc/tx_port.h **** #else   /* TX_MISRA_ENABLE not defined */
 295:Middlewares/ST/threadx/ports/cortex_m7/gnu/inc/tx_port.h **** 
 296:Middlewares/ST/threadx/ports/cortex_m7/gnu/inc/tx_port.h **** /* Define some helper functions (these are intrinsics in some compilers). */
 297:Middlewares/ST/threadx/ports/cortex_m7/gnu/inc/tx_port.h **** #ifdef __GNUC__ /* GCC and ARM Compiler 6 */
 298:Middlewares/ST/threadx/ports/cortex_m7/gnu/inc/tx_port.h **** 
 299:Middlewares/ST/threadx/ports/cortex_m7/gnu/inc/tx_port.h **** __attribute__( ( always_inline ) ) static inline ULONG __get_control_value(void)
 300:Middlewares/ST/threadx/ports/cortex_m7/gnu/inc/tx_port.h **** {
 301:Middlewares/ST/threadx/ports/cortex_m7/gnu/inc/tx_port.h **** ULONG  control_value;
 302:Middlewares/ST/threadx/ports/cortex_m7/gnu/inc/tx_port.h **** 
 303:Middlewares/ST/threadx/ports/cortex_m7/gnu/inc/tx_port.h ****     __asm__ volatile (" MRS  %0,CONTROL ": "=r" (control_value) );
 304:Middlewares/ST/threadx/ports/cortex_m7/gnu/inc/tx_port.h ****     return(control_value);
 305:Middlewares/ST/threadx/ports/cortex_m7/gnu/inc/tx_port.h **** }
 306:Middlewares/ST/threadx/ports/cortex_m7/gnu/inc/tx_port.h **** 
 307:Middlewares/ST/threadx/ports/cortex_m7/gnu/inc/tx_port.h **** __attribute__( ( always_inline ) ) static inline void __set_control_value(ULONG control_value)
 308:Middlewares/ST/threadx/ports/cortex_m7/gnu/inc/tx_port.h **** {
 309:Middlewares/ST/threadx/ports/cortex_m7/gnu/inc/tx_port.h ****     __asm__ volatile (" MSR  CONTROL,%0": : "r" (control_value): "memory" );
 310:Middlewares/ST/threadx/ports/cortex_m7/gnu/inc/tx_port.h **** }
 311:Middlewares/ST/threadx/ports/cortex_m7/gnu/inc/tx_port.h **** 
 312:Middlewares/ST/threadx/ports/cortex_m7/gnu/inc/tx_port.h **** #define TX_VFP_TOUCH()  __asm__ volatile ("VMOV.F32 s0, s0");
 313:Middlewares/ST/threadx/ports/cortex_m7/gnu/inc/tx_port.h **** 
 314:Middlewares/ST/threadx/ports/cortex_m7/gnu/inc/tx_port.h **** #elif defined(__CC_ARM) /* ARM Compiler 5 */
 315:Middlewares/ST/threadx/ports/cortex_m7/gnu/inc/tx_port.h **** 
 316:Middlewares/ST/threadx/ports/cortex_m7/gnu/inc/tx_port.h **** __attribute__( ( always_inline ) ) ULONG __get_control_value(void)
 317:Middlewares/ST/threadx/ports/cortex_m7/gnu/inc/tx_port.h **** {
 318:Middlewares/ST/threadx/ports/cortex_m7/gnu/inc/tx_port.h **** ULONG  control_value;
 319:Middlewares/ST/threadx/ports/cortex_m7/gnu/inc/tx_port.h **** 
 320:Middlewares/ST/threadx/ports/cortex_m7/gnu/inc/tx_port.h ****     __asm volatile ("MRS control_value,CONTROL");
 321:Middlewares/ST/threadx/ports/cortex_m7/gnu/inc/tx_port.h ****     return(control_value);
 322:Middlewares/ST/threadx/ports/cortex_m7/gnu/inc/tx_port.h **** }
 323:Middlewares/ST/threadx/ports/cortex_m7/gnu/inc/tx_port.h **** 
ARM GAS  /tmp/ccsih5fc.s 			page 9


 324:Middlewares/ST/threadx/ports/cortex_m7/gnu/inc/tx_port.h **** __attribute__( ( always_inline ) ) void __set_control_value(ULONG control_value)
 325:Middlewares/ST/threadx/ports/cortex_m7/gnu/inc/tx_port.h **** {
 326:Middlewares/ST/threadx/ports/cortex_m7/gnu/inc/tx_port.h ****     __asm__ volatile ("MSR CONTROL,control_value");
 327:Middlewares/ST/threadx/ports/cortex_m7/gnu/inc/tx_port.h **** }
 328:Middlewares/ST/threadx/ports/cortex_m7/gnu/inc/tx_port.h **** /* Can't access VFP registers with inline asm, so define this in tx_thread_schedule.  */
 329:Middlewares/ST/threadx/ports/cortex_m7/gnu/inc/tx_port.h **** void _tx_vfp_access(void);
 330:Middlewares/ST/threadx/ports/cortex_m7/gnu/inc/tx_port.h **** #define TX_VFP_TOUCH()  _tx_vfp_access();
 331:Middlewares/ST/threadx/ports/cortex_m7/gnu/inc/tx_port.h **** 
 332:Middlewares/ST/threadx/ports/cortex_m7/gnu/inc/tx_port.h **** #elif defined(__ICCARM__)  /* IAR */
 333:Middlewares/ST/threadx/ports/cortex_m7/gnu/inc/tx_port.h **** #define TX_VFP_TOUCH()  __asm__ volatile ("VMOV.F32 s0, s0");
 334:Middlewares/ST/threadx/ports/cortex_m7/gnu/inc/tx_port.h **** #endif  /* Helper functions for different compilers */
 335:Middlewares/ST/threadx/ports/cortex_m7/gnu/inc/tx_port.h **** 
 336:Middlewares/ST/threadx/ports/cortex_m7/gnu/inc/tx_port.h **** #endif  /* TX_MISRA_ENABLE */
 337:Middlewares/ST/threadx/ports/cortex_m7/gnu/inc/tx_port.h **** 
 338:Middlewares/ST/threadx/ports/cortex_m7/gnu/inc/tx_port.h **** 
 339:Middlewares/ST/threadx/ports/cortex_m7/gnu/inc/tx_port.h **** /* A completed thread falls into _thread_shell_entry and we can simply deactivate the FPU via CONTR
 340:Middlewares/ST/threadx/ports/cortex_m7/gnu/inc/tx_port.h ****    in order to ensure no lazy stacking will occur. */
 341:Middlewares/ST/threadx/ports/cortex_m7/gnu/inc/tx_port.h **** 
 342:Middlewares/ST/threadx/ports/cortex_m7/gnu/inc/tx_port.h **** #ifndef TX_MISRA_ENABLE
 343:Middlewares/ST/threadx/ports/cortex_m7/gnu/inc/tx_port.h **** 
 344:Middlewares/ST/threadx/ports/cortex_m7/gnu/inc/tx_port.h **** #define TX_THREAD_COMPLETED_EXTENSION(thread_ptr)   {                                              
 345:Middlewares/ST/threadx/ports/cortex_m7/gnu/inc/tx_port.h ****                                                     ULONG  _tx_vfp_state;                          
 346:Middlewares/ST/threadx/ports/cortex_m7/gnu/inc/tx_port.h ****                                                         _tx_vfp_state =  __get_control_value();    
 347:Middlewares/ST/threadx/ports/cortex_m7/gnu/inc/tx_port.h ****                                                         _tx_vfp_state =  _tx_vfp_state & ~((ULONG) 
 348:Middlewares/ST/threadx/ports/cortex_m7/gnu/inc/tx_port.h ****                                                         __set_control_value(_tx_vfp_state);        
 349:Middlewares/ST/threadx/ports/cortex_m7/gnu/inc/tx_port.h ****                                                     }
 350:Middlewares/ST/threadx/ports/cortex_m7/gnu/inc/tx_port.h **** #else
 351:Middlewares/ST/threadx/ports/cortex_m7/gnu/inc/tx_port.h **** 
 352:Middlewares/ST/threadx/ports/cortex_m7/gnu/inc/tx_port.h **** #define TX_THREAD_COMPLETED_EXTENSION(thread_ptr)   {                                              
 353:Middlewares/ST/threadx/ports/cortex_m7/gnu/inc/tx_port.h ****                                                     ULONG  _tx_vfp_state;                          
 354:Middlewares/ST/threadx/ports/cortex_m7/gnu/inc/tx_port.h ****                                                         _tx_vfp_state =  _tx_misra_control_get();  
 355:Middlewares/ST/threadx/ports/cortex_m7/gnu/inc/tx_port.h ****                                                         _tx_vfp_state =  _tx_vfp_state & ~((ULONG) 
 356:Middlewares/ST/threadx/ports/cortex_m7/gnu/inc/tx_port.h ****                                                         _tx_misra_control_set(_tx_vfp_state);      
 357:Middlewares/ST/threadx/ports/cortex_m7/gnu/inc/tx_port.h ****                                                     }
 358:Middlewares/ST/threadx/ports/cortex_m7/gnu/inc/tx_port.h **** 
 359:Middlewares/ST/threadx/ports/cortex_m7/gnu/inc/tx_port.h **** #endif
 360:Middlewares/ST/threadx/ports/cortex_m7/gnu/inc/tx_port.h **** 
 361:Middlewares/ST/threadx/ports/cortex_m7/gnu/inc/tx_port.h **** /* A thread can be terminated by another thread, so we first check if it's self-terminating and not
 362:Middlewares/ST/threadx/ports/cortex_m7/gnu/inc/tx_port.h ****    If so, deactivate the FPU via CONTROL.FPCA. Otherwise we are in an interrupt or another thread i
 363:Middlewares/ST/threadx/ports/cortex_m7/gnu/inc/tx_port.h ****    this one, so if the FPCCR.LSPACT bit is set, we need to save the CONTROL.FPCA state, touch the F
 364:Middlewares/ST/threadx/ports/cortex_m7/gnu/inc/tx_port.h ****    the lazy FPU save, then restore the CONTROL.FPCA state. */
 365:Middlewares/ST/threadx/ports/cortex_m7/gnu/inc/tx_port.h **** 
 366:Middlewares/ST/threadx/ports/cortex_m7/gnu/inc/tx_port.h **** #ifndef TX_MISRA_ENABLE
 367:Middlewares/ST/threadx/ports/cortex_m7/gnu/inc/tx_port.h **** 
 368:Middlewares/ST/threadx/ports/cortex_m7/gnu/inc/tx_port.h **** #define TX_THREAD_TERMINATED_EXTENSION(thread_ptr)  {                                              
 369:Middlewares/ST/threadx/ports/cortex_m7/gnu/inc/tx_port.h ****                                                     ULONG  _tx_system_state;                       
 370:Middlewares/ST/threadx/ports/cortex_m7/gnu/inc/tx_port.h ****                                                         _tx_system_state =  TX_THREAD_GET_SYSTEM_ST
 371:Middlewares/ST/threadx/ports/cortex_m7/gnu/inc/tx_port.h ****                                                         if ((_tx_system_state == ((ULONG) 0)) && ((
 372:Middlewares/ST/threadx/ports/cortex_m7/gnu/inc/tx_port.h ****                                                         {                                          
 373:Middlewares/ST/threadx/ports/cortex_m7/gnu/inc/tx_port.h ****                                                         ULONG  _tx_vfp_state;                      
 374:Middlewares/ST/threadx/ports/cortex_m7/gnu/inc/tx_port.h ****                                                             _tx_vfp_state =  __get_control_value();
 375:Middlewares/ST/threadx/ports/cortex_m7/gnu/inc/tx_port.h ****                                                             _tx_vfp_state =  _tx_vfp_state & ~((ULO
 376:Middlewares/ST/threadx/ports/cortex_m7/gnu/inc/tx_port.h ****                                                             __set_control_value(_tx_vfp_state);    
 377:Middlewares/ST/threadx/ports/cortex_m7/gnu/inc/tx_port.h ****                                                         }                                          
 378:Middlewares/ST/threadx/ports/cortex_m7/gnu/inc/tx_port.h ****                                                         else                                       
 379:Middlewares/ST/threadx/ports/cortex_m7/gnu/inc/tx_port.h ****                                                         {                                          
 380:Middlewares/ST/threadx/ports/cortex_m7/gnu/inc/tx_port.h ****                                                         ULONG  _tx_fpccr;                          
ARM GAS  /tmp/ccsih5fc.s 			page 10


 381:Middlewares/ST/threadx/ports/cortex_m7/gnu/inc/tx_port.h ****                                                             _tx_fpccr =  *((ULONG *) 0xE000EF34);  
 382:Middlewares/ST/threadx/ports/cortex_m7/gnu/inc/tx_port.h ****                                                             _tx_fpccr =  _tx_fpccr & ((ULONG) 0x01)
 383:Middlewares/ST/threadx/ports/cortex_m7/gnu/inc/tx_port.h ****                                                             if (_tx_fpccr == ((ULONG) 0x01))       
 384:Middlewares/ST/threadx/ports/cortex_m7/gnu/inc/tx_port.h ****                                                             {                                      
 385:Middlewares/ST/threadx/ports/cortex_m7/gnu/inc/tx_port.h ****                                                             ULONG _tx_vfp_state;                   
 386:Middlewares/ST/threadx/ports/cortex_m7/gnu/inc/tx_port.h ****                                                                 _tx_vfp_state = __get_control_value
 387:Middlewares/ST/threadx/ports/cortex_m7/gnu/inc/tx_port.h ****                                                                 _tx_vfp_state =  _tx_vfp_state & ((
 388:Middlewares/ST/threadx/ports/cortex_m7/gnu/inc/tx_port.h ****                                                                 TX_VFP_TOUCH();                    
 389:Middlewares/ST/threadx/ports/cortex_m7/gnu/inc/tx_port.h ****                                                                 if (_tx_vfp_state == ((ULONG) 0))  
 390:Middlewares/ST/threadx/ports/cortex_m7/gnu/inc/tx_port.h ****                                                                 {                                  
 391:Middlewares/ST/threadx/ports/cortex_m7/gnu/inc/tx_port.h ****                                                                     _tx_vfp_state =  __get_control_
 392:Middlewares/ST/threadx/ports/cortex_m7/gnu/inc/tx_port.h ****                                                                     _tx_vfp_state =  _tx_vfp_state 
 393:Middlewares/ST/threadx/ports/cortex_m7/gnu/inc/tx_port.h ****                                                                     __set_control_value(_tx_vfp_sta
 394:Middlewares/ST/threadx/ports/cortex_m7/gnu/inc/tx_port.h ****                                                                 }                                  
 395:Middlewares/ST/threadx/ports/cortex_m7/gnu/inc/tx_port.h ****                                                             }                                      
 396:Middlewares/ST/threadx/ports/cortex_m7/gnu/inc/tx_port.h ****                                                         }                                          
 397:Middlewares/ST/threadx/ports/cortex_m7/gnu/inc/tx_port.h ****                                                     }
 398:Middlewares/ST/threadx/ports/cortex_m7/gnu/inc/tx_port.h **** #else
 399:Middlewares/ST/threadx/ports/cortex_m7/gnu/inc/tx_port.h **** 
 400:Middlewares/ST/threadx/ports/cortex_m7/gnu/inc/tx_port.h **** #define TX_THREAD_TERMINATED_EXTENSION(thread_ptr)  {                                              
 401:Middlewares/ST/threadx/ports/cortex_m7/gnu/inc/tx_port.h ****                                                     ULONG  _tx_system_state;                       
 402:Middlewares/ST/threadx/ports/cortex_m7/gnu/inc/tx_port.h ****                                                         _tx_system_state =  TX_THREAD_GET_SYSTEM_ST
 403:Middlewares/ST/threadx/ports/cortex_m7/gnu/inc/tx_port.h ****                                                         if ((_tx_system_state == ((ULONG) 0)) && ((
 404:Middlewares/ST/threadx/ports/cortex_m7/gnu/inc/tx_port.h ****                                                         {                                          
 405:Middlewares/ST/threadx/ports/cortex_m7/gnu/inc/tx_port.h ****                                                         ULONG  _tx_vfp_state;                      
 406:Middlewares/ST/threadx/ports/cortex_m7/gnu/inc/tx_port.h ****                                                             _tx_vfp_state =  _tx_misra_control_get(
 407:Middlewares/ST/threadx/ports/cortex_m7/gnu/inc/tx_port.h ****                                                             _tx_vfp_state =  _tx_vfp_state & ~((ULO
 408:Middlewares/ST/threadx/ports/cortex_m7/gnu/inc/tx_port.h ****                                                             _tx_misra_control_set(_tx_vfp_state);  
 409:Middlewares/ST/threadx/ports/cortex_m7/gnu/inc/tx_port.h ****                                                         }                                          
 410:Middlewares/ST/threadx/ports/cortex_m7/gnu/inc/tx_port.h ****                                                         else                                       
 411:Middlewares/ST/threadx/ports/cortex_m7/gnu/inc/tx_port.h ****                                                         {                                          
 412:Middlewares/ST/threadx/ports/cortex_m7/gnu/inc/tx_port.h ****                                                         ULONG  _tx_fpccr;                          
 413:Middlewares/ST/threadx/ports/cortex_m7/gnu/inc/tx_port.h ****                                                             _tx_fpccr =  _tx_misra_fpccr_get();    
 414:Middlewares/ST/threadx/ports/cortex_m7/gnu/inc/tx_port.h ****                                                             _tx_fpccr =  _tx_fpccr & ((ULONG) 0x01)
 415:Middlewares/ST/threadx/ports/cortex_m7/gnu/inc/tx_port.h ****                                                             if (_tx_fpccr == ((ULONG) 0x01))       
 416:Middlewares/ST/threadx/ports/cortex_m7/gnu/inc/tx_port.h ****                                                             {                                      
 417:Middlewares/ST/threadx/ports/cortex_m7/gnu/inc/tx_port.h ****                                                             ULONG _tx_vfp_state;                   
 418:Middlewares/ST/threadx/ports/cortex_m7/gnu/inc/tx_port.h ****                                                                 _tx_vfp_state = _tx_misra_control_g
 419:Middlewares/ST/threadx/ports/cortex_m7/gnu/inc/tx_port.h ****                                                                 _tx_vfp_state =  _tx_vfp_state & ((
 420:Middlewares/ST/threadx/ports/cortex_m7/gnu/inc/tx_port.h ****                                                                 _tx_misra_vfp_touch();             
 421:Middlewares/ST/threadx/ports/cortex_m7/gnu/inc/tx_port.h ****                                                                 if (_tx_vfp_state == ((ULONG) 0))  
 422:Middlewares/ST/threadx/ports/cortex_m7/gnu/inc/tx_port.h ****                                                                 {                                  
 423:Middlewares/ST/threadx/ports/cortex_m7/gnu/inc/tx_port.h ****                                                                     _tx_vfp_state =  _tx_misra_cont
 424:Middlewares/ST/threadx/ports/cortex_m7/gnu/inc/tx_port.h ****                                                                     _tx_vfp_state =  _tx_vfp_state 
 425:Middlewares/ST/threadx/ports/cortex_m7/gnu/inc/tx_port.h ****                                                                     _tx_misra_control_set(_tx_vfp_s
 426:Middlewares/ST/threadx/ports/cortex_m7/gnu/inc/tx_port.h ****                                                                 }                                  
 427:Middlewares/ST/threadx/ports/cortex_m7/gnu/inc/tx_port.h ****                                                             }                                      
 428:Middlewares/ST/threadx/ports/cortex_m7/gnu/inc/tx_port.h ****                                                         }                                          
 429:Middlewares/ST/threadx/ports/cortex_m7/gnu/inc/tx_port.h ****                                                     }
 430:Middlewares/ST/threadx/ports/cortex_m7/gnu/inc/tx_port.h **** #endif
 431:Middlewares/ST/threadx/ports/cortex_m7/gnu/inc/tx_port.h **** 
 432:Middlewares/ST/threadx/ports/cortex_m7/gnu/inc/tx_port.h **** #else   /* No VFP in use */
 433:Middlewares/ST/threadx/ports/cortex_m7/gnu/inc/tx_port.h **** 
 434:Middlewares/ST/threadx/ports/cortex_m7/gnu/inc/tx_port.h **** #define TX_THREAD_COMPLETED_EXTENSION(thread_ptr)
 435:Middlewares/ST/threadx/ports/cortex_m7/gnu/inc/tx_port.h **** #define TX_THREAD_TERMINATED_EXTENSION(thread_ptr)
 436:Middlewares/ST/threadx/ports/cortex_m7/gnu/inc/tx_port.h **** 
 437:Middlewares/ST/threadx/ports/cortex_m7/gnu/inc/tx_port.h **** #endif  /* defined(__ARMVFP__) || defined(__ARM_PCS_VFP) || defined(__ARM_FP) || defined(__TARGET_F
ARM GAS  /tmp/ccsih5fc.s 			page 11


 438:Middlewares/ST/threadx/ports/cortex_m7/gnu/inc/tx_port.h **** 
 439:Middlewares/ST/threadx/ports/cortex_m7/gnu/inc/tx_port.h **** 
 440:Middlewares/ST/threadx/ports/cortex_m7/gnu/inc/tx_port.h **** /* Define the ThreadX object creation extensions for the remaining objects.  */
 441:Middlewares/ST/threadx/ports/cortex_m7/gnu/inc/tx_port.h **** 
 442:Middlewares/ST/threadx/ports/cortex_m7/gnu/inc/tx_port.h **** #define TX_BLOCK_POOL_CREATE_EXTENSION(pool_ptr)
 443:Middlewares/ST/threadx/ports/cortex_m7/gnu/inc/tx_port.h **** #define TX_BYTE_POOL_CREATE_EXTENSION(pool_ptr)
 444:Middlewares/ST/threadx/ports/cortex_m7/gnu/inc/tx_port.h **** #define TX_EVENT_FLAGS_GROUP_CREATE_EXTENSION(group_ptr)
 445:Middlewares/ST/threadx/ports/cortex_m7/gnu/inc/tx_port.h **** #define TX_MUTEX_CREATE_EXTENSION(mutex_ptr)
 446:Middlewares/ST/threadx/ports/cortex_m7/gnu/inc/tx_port.h **** #define TX_QUEUE_CREATE_EXTENSION(queue_ptr)
 447:Middlewares/ST/threadx/ports/cortex_m7/gnu/inc/tx_port.h **** #define TX_SEMAPHORE_CREATE_EXTENSION(semaphore_ptr)
 448:Middlewares/ST/threadx/ports/cortex_m7/gnu/inc/tx_port.h **** #define TX_TIMER_CREATE_EXTENSION(timer_ptr)
 449:Middlewares/ST/threadx/ports/cortex_m7/gnu/inc/tx_port.h **** 
 450:Middlewares/ST/threadx/ports/cortex_m7/gnu/inc/tx_port.h **** 
 451:Middlewares/ST/threadx/ports/cortex_m7/gnu/inc/tx_port.h **** /* Define the ThreadX object deletion extensions for the remaining objects.  */
 452:Middlewares/ST/threadx/ports/cortex_m7/gnu/inc/tx_port.h **** 
 453:Middlewares/ST/threadx/ports/cortex_m7/gnu/inc/tx_port.h **** #define TX_BLOCK_POOL_DELETE_EXTENSION(pool_ptr)
 454:Middlewares/ST/threadx/ports/cortex_m7/gnu/inc/tx_port.h **** #define TX_BYTE_POOL_DELETE_EXTENSION(pool_ptr)
 455:Middlewares/ST/threadx/ports/cortex_m7/gnu/inc/tx_port.h **** #define TX_EVENT_FLAGS_GROUP_DELETE_EXTENSION(group_ptr)
 456:Middlewares/ST/threadx/ports/cortex_m7/gnu/inc/tx_port.h **** #define TX_MUTEX_DELETE_EXTENSION(mutex_ptr)
 457:Middlewares/ST/threadx/ports/cortex_m7/gnu/inc/tx_port.h **** #define TX_QUEUE_DELETE_EXTENSION(queue_ptr)
 458:Middlewares/ST/threadx/ports/cortex_m7/gnu/inc/tx_port.h **** #define TX_SEMAPHORE_DELETE_EXTENSION(semaphore_ptr)
 459:Middlewares/ST/threadx/ports/cortex_m7/gnu/inc/tx_port.h **** #define TX_TIMER_DELETE_EXTENSION(timer_ptr)
 460:Middlewares/ST/threadx/ports/cortex_m7/gnu/inc/tx_port.h **** 
 461:Middlewares/ST/threadx/ports/cortex_m7/gnu/inc/tx_port.h **** 
 462:Middlewares/ST/threadx/ports/cortex_m7/gnu/inc/tx_port.h **** /* Define the get system state macro.  */
 463:Middlewares/ST/threadx/ports/cortex_m7/gnu/inc/tx_port.h **** 
 464:Middlewares/ST/threadx/ports/cortex_m7/gnu/inc/tx_port.h **** #ifndef TX_THREAD_GET_SYSTEM_STATE
 465:Middlewares/ST/threadx/ports/cortex_m7/gnu/inc/tx_port.h **** #ifndef TX_MISRA_ENABLE
 466:Middlewares/ST/threadx/ports/cortex_m7/gnu/inc/tx_port.h **** 
 467:Middlewares/ST/threadx/ports/cortex_m7/gnu/inc/tx_port.h **** #ifdef __CC_ARM /* ARM Compiler 5 */
 468:Middlewares/ST/threadx/ports/cortex_m7/gnu/inc/tx_port.h **** 
 469:Middlewares/ST/threadx/ports/cortex_m7/gnu/inc/tx_port.h **** register unsigned int _ipsr __asm("ipsr");
 470:Middlewares/ST/threadx/ports/cortex_m7/gnu/inc/tx_port.h **** #define TX_THREAD_GET_SYSTEM_STATE()        (_tx_thread_system_state | _ipsr)
 471:Middlewares/ST/threadx/ports/cortex_m7/gnu/inc/tx_port.h **** 
 472:Middlewares/ST/threadx/ports/cortex_m7/gnu/inc/tx_port.h **** #elif defined(__GNUC__) /* GCC and ARM Compiler 6 */
 473:Middlewares/ST/threadx/ports/cortex_m7/gnu/inc/tx_port.h **** 
 474:Middlewares/ST/threadx/ports/cortex_m7/gnu/inc/tx_port.h **** __attribute__( ( always_inline ) ) static inline unsigned int __get_ipsr_value(void)
 475:Middlewares/ST/threadx/ports/cortex_m7/gnu/inc/tx_port.h **** {
 476:Middlewares/ST/threadx/ports/cortex_m7/gnu/inc/tx_port.h **** unsigned int  ipsr_value;
 477:Middlewares/ST/threadx/ports/cortex_m7/gnu/inc/tx_port.h ****     __asm__ volatile (" MRS  %0,IPSR ": "=r" (ipsr_value) );
 478:Middlewares/ST/threadx/ports/cortex_m7/gnu/inc/tx_port.h ****     return(ipsr_value);
 479:Middlewares/ST/threadx/ports/cortex_m7/gnu/inc/tx_port.h **** }
 480:Middlewares/ST/threadx/ports/cortex_m7/gnu/inc/tx_port.h **** 
 481:Middlewares/ST/threadx/ports/cortex_m7/gnu/inc/tx_port.h **** #define TX_THREAD_GET_SYSTEM_STATE()        (_tx_thread_system_state | __get_ipsr_value())
 482:Middlewares/ST/threadx/ports/cortex_m7/gnu/inc/tx_port.h **** 
 483:Middlewares/ST/threadx/ports/cortex_m7/gnu/inc/tx_port.h **** #elif defined(__ICCARM__)   /* IAR */
 484:Middlewares/ST/threadx/ports/cortex_m7/gnu/inc/tx_port.h **** 
 485:Middlewares/ST/threadx/ports/cortex_m7/gnu/inc/tx_port.h **** #define TX_THREAD_GET_SYSTEM_STATE()        (_tx_thread_system_state | __get_IPSR())
 486:Middlewares/ST/threadx/ports/cortex_m7/gnu/inc/tx_port.h **** 
 487:Middlewares/ST/threadx/ports/cortex_m7/gnu/inc/tx_port.h **** #endif  /* TX_THREAD_GET_SYSTEM_STATE for different compilers */
 488:Middlewares/ST/threadx/ports/cortex_m7/gnu/inc/tx_port.h **** 
 489:Middlewares/ST/threadx/ports/cortex_m7/gnu/inc/tx_port.h **** #else   /* TX_MISRA_ENABLE is defined, use MISRA function. */
 490:Middlewares/ST/threadx/ports/cortex_m7/gnu/inc/tx_port.h **** ULONG   _tx_misra_ipsr_get(VOID);
 491:Middlewares/ST/threadx/ports/cortex_m7/gnu/inc/tx_port.h **** #define TX_THREAD_GET_SYSTEM_STATE()        (_tx_thread_system_state | _tx_misra_ipsr_get())
 492:Middlewares/ST/threadx/ports/cortex_m7/gnu/inc/tx_port.h **** #endif  /* TX_MISRA_ENABLE */
 493:Middlewares/ST/threadx/ports/cortex_m7/gnu/inc/tx_port.h **** #endif  /* TX_THREAD_GET_SYSTEM_STATE */
 494:Middlewares/ST/threadx/ports/cortex_m7/gnu/inc/tx_port.h **** 
ARM GAS  /tmp/ccsih5fc.s 			page 12


 495:Middlewares/ST/threadx/ports/cortex_m7/gnu/inc/tx_port.h **** 
 496:Middlewares/ST/threadx/ports/cortex_m7/gnu/inc/tx_port.h **** /* Define the check for whether or not to call the _tx_thread_system_return function.  A non-zero v
 497:Middlewares/ST/threadx/ports/cortex_m7/gnu/inc/tx_port.h ****    indicates that _tx_thread_system_return should not be called. This overrides the definition in t
 498:Middlewares/ST/threadx/ports/cortex_m7/gnu/inc/tx_port.h ****    for Cortex-M since so we don't waste time checking the _tx_thread_system_state variable that is 
 499:Middlewares/ST/threadx/ports/cortex_m7/gnu/inc/tx_port.h ****    zero after initialization for Cortex-M ports. */
 500:Middlewares/ST/threadx/ports/cortex_m7/gnu/inc/tx_port.h **** 
 501:Middlewares/ST/threadx/ports/cortex_m7/gnu/inc/tx_port.h **** #ifndef TX_THREAD_SYSTEM_RETURN_CHECK
 502:Middlewares/ST/threadx/ports/cortex_m7/gnu/inc/tx_port.h **** #define TX_THREAD_SYSTEM_RETURN_CHECK(c)    (c) = ((ULONG) _tx_thread_preempt_disable);
 503:Middlewares/ST/threadx/ports/cortex_m7/gnu/inc/tx_port.h **** #endif
 504:Middlewares/ST/threadx/ports/cortex_m7/gnu/inc/tx_port.h **** 
 505:Middlewares/ST/threadx/ports/cortex_m7/gnu/inc/tx_port.h **** /* Define the macro to ensure _tx_thread_preempt_disable is set early in initialization in order to
 506:Middlewares/ST/threadx/ports/cortex_m7/gnu/inc/tx_port.h ****    prevent early scheduling on Cortex-M parts.  */
 507:Middlewares/ST/threadx/ports/cortex_m7/gnu/inc/tx_port.h **** 
 508:Middlewares/ST/threadx/ports/cortex_m7/gnu/inc/tx_port.h **** #define TX_PORT_SPECIFIC_POST_INITIALIZATION    _tx_thread_preempt_disable++;
 509:Middlewares/ST/threadx/ports/cortex_m7/gnu/inc/tx_port.h **** 
 510:Middlewares/ST/threadx/ports/cortex_m7/gnu/inc/tx_port.h **** 
 511:Middlewares/ST/threadx/ports/cortex_m7/gnu/inc/tx_port.h **** 
 512:Middlewares/ST/threadx/ports/cortex_m7/gnu/inc/tx_port.h **** 
 513:Middlewares/ST/threadx/ports/cortex_m7/gnu/inc/tx_port.h **** #ifndef TX_DISABLE_INLINE
 514:Middlewares/ST/threadx/ports/cortex_m7/gnu/inc/tx_port.h **** 
 515:Middlewares/ST/threadx/ports/cortex_m7/gnu/inc/tx_port.h **** /* Define the TX_LOWEST_SET_BIT_CALCULATE macro for each compiler. */
 516:Middlewares/ST/threadx/ports/cortex_m7/gnu/inc/tx_port.h **** #ifdef __ICCARM__       /* IAR Compiler */
 517:Middlewares/ST/threadx/ports/cortex_m7/gnu/inc/tx_port.h **** #define TX_LOWEST_SET_BIT_CALCULATE(m, b)       (b) = (UINT) __CLZ(__RBIT((m)));
 518:Middlewares/ST/threadx/ports/cortex_m7/gnu/inc/tx_port.h **** #elif defined(__CC_ARM) /* AC5 Compiler */
 519:Middlewares/ST/threadx/ports/cortex_m7/gnu/inc/tx_port.h **** #define TX_LOWEST_SET_BIT_CALCULATE(m, b)       (b) = (UINT) __clz(__rbit((m)));
 520:Middlewares/ST/threadx/ports/cortex_m7/gnu/inc/tx_port.h **** #elif defined(__GNUC__) /* GCC and AC6 Compiler */
 521:Middlewares/ST/threadx/ports/cortex_m7/gnu/inc/tx_port.h **** #define TX_LOWEST_SET_BIT_CALCULATE(m, b)       __asm__ volatile (" RBIT %0,%1 ": "=r" (m) : "r" (m
 522:Middlewares/ST/threadx/ports/cortex_m7/gnu/inc/tx_port.h ****                                                 __asm__ volatile (" CLZ  %0,%1 ": "=r" (b) : "r" (m
 523:Middlewares/ST/threadx/ports/cortex_m7/gnu/inc/tx_port.h **** #endif
 524:Middlewares/ST/threadx/ports/cortex_m7/gnu/inc/tx_port.h **** 
 525:Middlewares/ST/threadx/ports/cortex_m7/gnu/inc/tx_port.h **** 
 526:Middlewares/ST/threadx/ports/cortex_m7/gnu/inc/tx_port.h **** 
 527:Middlewares/ST/threadx/ports/cortex_m7/gnu/inc/tx_port.h **** /* Define the interrupt disable/restore macros for each compiler. */
 528:Middlewares/ST/threadx/ports/cortex_m7/gnu/inc/tx_port.h **** 
 529:Middlewares/ST/threadx/ports/cortex_m7/gnu/inc/tx_port.h **** #if defined(__GNUC__) || defined(__ICCARM__)
 530:Middlewares/ST/threadx/ports/cortex_m7/gnu/inc/tx_port.h **** 
 531:Middlewares/ST/threadx/ports/cortex_m7/gnu/inc/tx_port.h **** /*** GCC/AC6 and IAR ***/
 532:Middlewares/ST/threadx/ports/cortex_m7/gnu/inc/tx_port.h **** 
 533:Middlewares/ST/threadx/ports/cortex_m7/gnu/inc/tx_port.h **** __attribute__( ( always_inline ) ) static inline unsigned int __get_interrupt_posture(void)
 534:Middlewares/ST/threadx/ports/cortex_m7/gnu/inc/tx_port.h **** {
 535:Middlewares/ST/threadx/ports/cortex_m7/gnu/inc/tx_port.h **** unsigned int posture;
 536:Middlewares/ST/threadx/ports/cortex_m7/gnu/inc/tx_port.h **** #ifdef TX_PORT_USE_BASEPRI
 537:Middlewares/ST/threadx/ports/cortex_m7/gnu/inc/tx_port.h ****     __asm__ volatile ("MRS  %0, BASEPRI ": "=r" (posture));
 538:Middlewares/ST/threadx/ports/cortex_m7/gnu/inc/tx_port.h **** #else
 539:Middlewares/ST/threadx/ports/cortex_m7/gnu/inc/tx_port.h ****     __asm__ volatile ("MRS  %0, PRIMASK ": "=r" (posture));
 540:Middlewares/ST/threadx/ports/cortex_m7/gnu/inc/tx_port.h **** #endif
 541:Middlewares/ST/threadx/ports/cortex_m7/gnu/inc/tx_port.h ****     return(posture);
 542:Middlewares/ST/threadx/ports/cortex_m7/gnu/inc/tx_port.h **** }
 543:Middlewares/ST/threadx/ports/cortex_m7/gnu/inc/tx_port.h **** 
 544:Middlewares/ST/threadx/ports/cortex_m7/gnu/inc/tx_port.h **** #ifdef TX_PORT_USE_BASEPRI
 545:Middlewares/ST/threadx/ports/cortex_m7/gnu/inc/tx_port.h **** __attribute__( ( always_inline ) ) static inline void __set_basepri_value(unsigned int basepri_valu
 546:Middlewares/ST/threadx/ports/cortex_m7/gnu/inc/tx_port.h **** {
 547:Middlewares/ST/threadx/ports/cortex_m7/gnu/inc/tx_port.h ****     __asm__ volatile ("MSR  BASEPRI,%0 ": : "r" (basepri_value));
 548:Middlewares/ST/threadx/ports/cortex_m7/gnu/inc/tx_port.h **** }
 549:Middlewares/ST/threadx/ports/cortex_m7/gnu/inc/tx_port.h **** #else
 550:Middlewares/ST/threadx/ports/cortex_m7/gnu/inc/tx_port.h **** __attribute__( ( always_inline ) ) static inline void __enable_interrupts(void)
 551:Middlewares/ST/threadx/ports/cortex_m7/gnu/inc/tx_port.h **** {
ARM GAS  /tmp/ccsih5fc.s 			page 13


 552:Middlewares/ST/threadx/ports/cortex_m7/gnu/inc/tx_port.h ****     __asm__ volatile ("CPSIE  i": : : "memory");
 553:Middlewares/ST/threadx/ports/cortex_m7/gnu/inc/tx_port.h **** }
 554:Middlewares/ST/threadx/ports/cortex_m7/gnu/inc/tx_port.h **** #endif
 555:Middlewares/ST/threadx/ports/cortex_m7/gnu/inc/tx_port.h **** 
 556:Middlewares/ST/threadx/ports/cortex_m7/gnu/inc/tx_port.h **** __attribute__( ( always_inline ) ) static inline void __restore_interrupt(unsigned int int_posture)
 557:Middlewares/ST/threadx/ports/cortex_m7/gnu/inc/tx_port.h **** {
 558:Middlewares/ST/threadx/ports/cortex_m7/gnu/inc/tx_port.h **** #ifdef TX_PORT_USE_BASEPRI
 559:Middlewares/ST/threadx/ports/cortex_m7/gnu/inc/tx_port.h ****     __set_basepri_value(int_posture);
 560:Middlewares/ST/threadx/ports/cortex_m7/gnu/inc/tx_port.h ****     //__asm__ volatile ("MSR  BASEPRI,%0": : "r" (int_posture): "memory");
 561:Middlewares/ST/threadx/ports/cortex_m7/gnu/inc/tx_port.h **** #else
 562:Middlewares/ST/threadx/ports/cortex_m7/gnu/inc/tx_port.h ****     __asm__ volatile ("MSR  PRIMASK,%0": : "r" (int_posture): "memory");
 563:Middlewares/ST/threadx/ports/cortex_m7/gnu/inc/tx_port.h **** #endif
 564:Middlewares/ST/threadx/ports/cortex_m7/gnu/inc/tx_port.h **** }
 565:Middlewares/ST/threadx/ports/cortex_m7/gnu/inc/tx_port.h **** 
 566:Middlewares/ST/threadx/ports/cortex_m7/gnu/inc/tx_port.h **** __attribute__( ( always_inline ) ) static inline unsigned int __disable_interrupts(void)
  51              		.loc 2 566 63 view .LVU6
  52              	.LBB26:
 567:Middlewares/ST/threadx/ports/cortex_m7/gnu/inc/tx_port.h **** {
 568:Middlewares/ST/threadx/ports/cortex_m7/gnu/inc/tx_port.h **** unsigned int int_posture;
  53              		.loc 2 568 1 view .LVU7
 569:Middlewares/ST/threadx/ports/cortex_m7/gnu/inc/tx_port.h **** 
 570:Middlewares/ST/threadx/ports/cortex_m7/gnu/inc/tx_port.h ****     int_posture = __get_interrupt_posture();
  54              		.loc 2 570 5 view .LVU8
  55              	.LBB27:
  56              	.LBI27:
 533:Middlewares/ST/threadx/ports/cortex_m7/gnu/inc/tx_port.h **** {
  57              		.loc 2 533 63 view .LVU9
  58              	.LBB28:
 535:Middlewares/ST/threadx/ports/cortex_m7/gnu/inc/tx_port.h **** #ifdef TX_PORT_USE_BASEPRI
  59              		.loc 2 535 1 view .LVU10
 539:Middlewares/ST/threadx/ports/cortex_m7/gnu/inc/tx_port.h **** #endif
  60              		.loc 2 539 5 view .LVU11
  61              		.syntax unified
  62              	@ 539 "Middlewares/ST/threadx/ports/cortex_m7/gnu/inc/tx_port.h" 1
  63 0004 EFF31086 		MRS  r6, PRIMASK 
  64              	@ 0 "" 2
  65              	.LVL1:
 541:Middlewares/ST/threadx/ports/cortex_m7/gnu/inc/tx_port.h **** }
  66              		.loc 2 541 5 view .LVU12
 541:Middlewares/ST/threadx/ports/cortex_m7/gnu/inc/tx_port.h **** }
  67              		.loc 2 541 5 is_stmt 0 view .LVU13
  68              		.thumb
  69              		.syntax unified
  70              	.LBE28:
  71              	.LBE27:
 571:Middlewares/ST/threadx/ports/cortex_m7/gnu/inc/tx_port.h **** 
 572:Middlewares/ST/threadx/ports/cortex_m7/gnu/inc/tx_port.h **** #ifdef TX_PORT_USE_BASEPRI
 573:Middlewares/ST/threadx/ports/cortex_m7/gnu/inc/tx_port.h ****     __set_basepri_value(TX_PORT_BASEPRI);
 574:Middlewares/ST/threadx/ports/cortex_m7/gnu/inc/tx_port.h **** #else
 575:Middlewares/ST/threadx/ports/cortex_m7/gnu/inc/tx_port.h ****     __asm__ volatile ("CPSID i" : : : "memory");
  72              		.loc 2 575 5 is_stmt 1 view .LVU14
  73              		.syntax unified
  74              	@ 575 "Middlewares/ST/threadx/ports/cortex_m7/gnu/inc/tx_port.h" 1
  75 0008 72B6     		CPSID i
  76              	@ 0 "" 2
 576:Middlewares/ST/threadx/ports/cortex_m7/gnu/inc/tx_port.h **** #endif
 577:Middlewares/ST/threadx/ports/cortex_m7/gnu/inc/tx_port.h ****     return(int_posture);
ARM GAS  /tmp/ccsih5fc.s 			page 14


  77              		.loc 2 577 5 view .LVU15
  78              	.LVL2:
  79              		.loc 2 577 5 is_stmt 0 view .LVU16
  80              		.thumb
  81              		.syntax unified
  82              	.LBE26:
  83              	.LBE25:
  85:Middlewares/ST/threadx/common/src/tx_thread_sleep.c **** 
  86:Middlewares/ST/threadx/common/src/tx_thread_sleep.c ****     /* Pickup thread pointer.  */
  87:Middlewares/ST/threadx/common/src/tx_thread_sleep.c ****     TX_THREAD_GET_CURRENT(thread_ptr)
  84              		.loc 1 87 5 is_stmt 1 view .LVU17
  85 000a 424B     		ldr	r3, .L16
  86 000c 1C68     		ldr	r4, [r3]
  87              	.LVL3:
  88:Middlewares/ST/threadx/common/src/tx_thread_sleep.c **** 
  89:Middlewares/ST/threadx/common/src/tx_thread_sleep.c ****     /* Determine if this is a legal request.  */
  90:Middlewares/ST/threadx/common/src/tx_thread_sleep.c **** 
  91:Middlewares/ST/threadx/common/src/tx_thread_sleep.c ****     /* Is there a current thread?  */
  92:Middlewares/ST/threadx/common/src/tx_thread_sleep.c ****     if (thread_ptr == TX_NULL)
  88              		.loc 1 92 5 view .LVU18
  89              		.loc 1 92 8 is_stmt 0 view .LVU19
  90 000e 6CB1     		cbz	r4, .L14
  91 0010 0546     		mov	r5, r0
  93:Middlewares/ST/threadx/common/src/tx_thread_sleep.c ****     {
  94:Middlewares/ST/threadx/common/src/tx_thread_sleep.c **** 
  95:Middlewares/ST/threadx/common/src/tx_thread_sleep.c ****         /* Restore interrupts.  */
  96:Middlewares/ST/threadx/common/src/tx_thread_sleep.c ****         TX_RESTORE
  97:Middlewares/ST/threadx/common/src/tx_thread_sleep.c **** 
  98:Middlewares/ST/threadx/common/src/tx_thread_sleep.c ****         /* Illegal caller of this service.  */
  99:Middlewares/ST/threadx/common/src/tx_thread_sleep.c ****         status =  TX_CALLER_ERROR;
 100:Middlewares/ST/threadx/common/src/tx_thread_sleep.c ****     }
 101:Middlewares/ST/threadx/common/src/tx_thread_sleep.c **** 
 102:Middlewares/ST/threadx/common/src/tx_thread_sleep.c ****     /* Is the caller an ISR or Initialization?  */
 103:Middlewares/ST/threadx/common/src/tx_thread_sleep.c ****     else if (TX_THREAD_GET_SYSTEM_STATE() != ((ULONG) 0))
  92              		.loc 1 103 10 is_stmt 1 view .LVU20
  93              	.LBB29:
  94              	.LBI29:
 474:Middlewares/ST/threadx/ports/cortex_m7/gnu/inc/tx_port.h **** {
  95              		.loc 2 474 63 view .LVU21
  96              	.LBB30:
 476:Middlewares/ST/threadx/ports/cortex_m7/gnu/inc/tx_port.h ****     __asm__ volatile (" MRS  %0,IPSR ": "=r" (ipsr_value) );
  97              		.loc 2 476 1 view .LVU22
 477:Middlewares/ST/threadx/ports/cortex_m7/gnu/inc/tx_port.h ****     return(ipsr_value);
  98              		.loc 2 477 5 view .LVU23
  99              		.syntax unified
 100              	@ 477 "Middlewares/ST/threadx/ports/cortex_m7/gnu/inc/tx_port.h" 1
 101 0012 EFF30582 		 MRS  r2,IPSR 
 102              	@ 0 "" 2
 103              	.LVL4:
 478:Middlewares/ST/threadx/ports/cortex_m7/gnu/inc/tx_port.h **** }
 104              		.loc 2 478 5 view .LVU24
 478:Middlewares/ST/threadx/ports/cortex_m7/gnu/inc/tx_port.h **** }
 105              		.loc 2 478 5 is_stmt 0 view .LVU25
 106              		.thumb
 107              		.syntax unified
 108              	.LBE30:
 109              	.LBE29:
ARM GAS  /tmp/ccsih5fc.s 			page 15


 110              		.loc 1 103 14 discriminator 1 view .LVU26
 111 0016 404B     		ldr	r3, .L16+4
 112 0018 1B68     		ldr	r3, [r3]
 113              		.loc 1 103 13 discriminator 1 view .LVU27
 114 001a 1343     		orrs	r3, r3, r2
 115 001c 0BD0     		beq	.L4
 104:Middlewares/ST/threadx/common/src/tx_thread_sleep.c ****     {
 105:Middlewares/ST/threadx/common/src/tx_thread_sleep.c **** 
 106:Middlewares/ST/threadx/common/src/tx_thread_sleep.c ****         /* Restore interrupts.  */
 107:Middlewares/ST/threadx/common/src/tx_thread_sleep.c ****         TX_RESTORE
 116              		.loc 1 107 9 is_stmt 1 view .LVU28
 117              	.LVL5:
 118              	.LBB31:
 119              	.LBI31:
 556:Middlewares/ST/threadx/ports/cortex_m7/gnu/inc/tx_port.h **** {
 120              		.loc 2 556 55 view .LVU29
 121              	.LBB32:
 562:Middlewares/ST/threadx/ports/cortex_m7/gnu/inc/tx_port.h **** #endif
 122              		.loc 2 562 5 view .LVU30
 123              		.syntax unified
 124              	@ 562 "Middlewares/ST/threadx/ports/cortex_m7/gnu/inc/tx_port.h" 1
 125 001e 86F31088 		MSR  PRIMASK,r6
 126              	@ 0 "" 2
 127              	.LVL6:
 562:Middlewares/ST/threadx/ports/cortex_m7/gnu/inc/tx_port.h **** #endif
 128              		.loc 2 562 5 is_stmt 0 view .LVU31
 129              		.thumb
 130              		.syntax unified
 131              	.LBE32:
 132              	.LBE31:
 108:Middlewares/ST/threadx/common/src/tx_thread_sleep.c **** 
 109:Middlewares/ST/threadx/common/src/tx_thread_sleep.c ****         /* Illegal caller of this service.  */
 110:Middlewares/ST/threadx/common/src/tx_thread_sleep.c ****         status =  TX_CALLER_ERROR;
 133              		.loc 1 110 9 is_stmt 1 view .LVU32
 134              		.loc 1 110 16 is_stmt 0 view .LVU33
 135 0022 1323     		movs	r3, #19
 136 0024 0193     		str	r3, [sp, #4]
 137              	.LVL7:
 138              	.L3:
 111:Middlewares/ST/threadx/common/src/tx_thread_sleep.c ****     }
 112:Middlewares/ST/threadx/common/src/tx_thread_sleep.c **** 
 113:Middlewares/ST/threadx/common/src/tx_thread_sleep.c **** #ifndef TX_TIMER_PROCESS_IN_ISR
 114:Middlewares/ST/threadx/common/src/tx_thread_sleep.c **** 
 115:Middlewares/ST/threadx/common/src/tx_thread_sleep.c ****     /* Is the caller the system timer thread?  */
 116:Middlewares/ST/threadx/common/src/tx_thread_sleep.c ****     else if (thread_ptr == &_tx_timer_thread)
 117:Middlewares/ST/threadx/common/src/tx_thread_sleep.c ****     {
 118:Middlewares/ST/threadx/common/src/tx_thread_sleep.c **** 
 119:Middlewares/ST/threadx/common/src/tx_thread_sleep.c ****         /* Restore interrupts.  */
 120:Middlewares/ST/threadx/common/src/tx_thread_sleep.c ****         TX_RESTORE
 121:Middlewares/ST/threadx/common/src/tx_thread_sleep.c **** 
 122:Middlewares/ST/threadx/common/src/tx_thread_sleep.c ****         /* Illegal caller of this service.  */
 123:Middlewares/ST/threadx/common/src/tx_thread_sleep.c ****         status =  TX_CALLER_ERROR;
 124:Middlewares/ST/threadx/common/src/tx_thread_sleep.c ****     }
 125:Middlewares/ST/threadx/common/src/tx_thread_sleep.c **** #endif
 126:Middlewares/ST/threadx/common/src/tx_thread_sleep.c **** 
 127:Middlewares/ST/threadx/common/src/tx_thread_sleep.c ****     /* Determine if the requested number of ticks is zero.  */
 128:Middlewares/ST/threadx/common/src/tx_thread_sleep.c ****     else if (timer_ticks == ((ULONG) 0))
ARM GAS  /tmp/ccsih5fc.s 			page 16


 129:Middlewares/ST/threadx/common/src/tx_thread_sleep.c ****     {
 130:Middlewares/ST/threadx/common/src/tx_thread_sleep.c **** 
 131:Middlewares/ST/threadx/common/src/tx_thread_sleep.c ****         /* Restore interrupts.  */
 132:Middlewares/ST/threadx/common/src/tx_thread_sleep.c ****         TX_RESTORE
 133:Middlewares/ST/threadx/common/src/tx_thread_sleep.c **** 
 134:Middlewares/ST/threadx/common/src/tx_thread_sleep.c ****         /* Just return with a successful status.  */
 135:Middlewares/ST/threadx/common/src/tx_thread_sleep.c ****         status =  TX_SUCCESS;
 136:Middlewares/ST/threadx/common/src/tx_thread_sleep.c ****     }
 137:Middlewares/ST/threadx/common/src/tx_thread_sleep.c ****     else
 138:Middlewares/ST/threadx/common/src/tx_thread_sleep.c ****     {
 139:Middlewares/ST/threadx/common/src/tx_thread_sleep.c **** 
 140:Middlewares/ST/threadx/common/src/tx_thread_sleep.c ****         /* Determine if the preempt disable flag is non-zero.  */
 141:Middlewares/ST/threadx/common/src/tx_thread_sleep.c ****         if (_tx_thread_preempt_disable != ((UINT) 0))
 142:Middlewares/ST/threadx/common/src/tx_thread_sleep.c ****         {
 143:Middlewares/ST/threadx/common/src/tx_thread_sleep.c **** 
 144:Middlewares/ST/threadx/common/src/tx_thread_sleep.c ****             /* Restore interrupts.  */
 145:Middlewares/ST/threadx/common/src/tx_thread_sleep.c ****             TX_RESTORE
 146:Middlewares/ST/threadx/common/src/tx_thread_sleep.c **** 
 147:Middlewares/ST/threadx/common/src/tx_thread_sleep.c ****             /* Suspension is not allowed if the preempt disable flag is non-zero at this point - re
 148:Middlewares/ST/threadx/common/src/tx_thread_sleep.c ****             status =  TX_CALLER_ERROR;
 149:Middlewares/ST/threadx/common/src/tx_thread_sleep.c ****         }
 150:Middlewares/ST/threadx/common/src/tx_thread_sleep.c ****         else
 151:Middlewares/ST/threadx/common/src/tx_thread_sleep.c ****         {
 152:Middlewares/ST/threadx/common/src/tx_thread_sleep.c **** 
 153:Middlewares/ST/threadx/common/src/tx_thread_sleep.c ****             /* If trace is enabled, insert this event into the trace buffer.  */
 154:Middlewares/ST/threadx/common/src/tx_thread_sleep.c ****             TX_TRACE_IN_LINE_INSERT(TX_TRACE_THREAD_SLEEP, TX_ULONG_TO_POINTER_CONVERT(timer_ticks)
 155:Middlewares/ST/threadx/common/src/tx_thread_sleep.c **** 
 156:Middlewares/ST/threadx/common/src/tx_thread_sleep.c ****             /* Log this kernel call.  */
 157:Middlewares/ST/threadx/common/src/tx_thread_sleep.c ****             TX_EL_THREAD_SLEEP_INSERT
 158:Middlewares/ST/threadx/common/src/tx_thread_sleep.c **** 
 159:Middlewares/ST/threadx/common/src/tx_thread_sleep.c ****             /* Suspend the current thread.  */
 160:Middlewares/ST/threadx/common/src/tx_thread_sleep.c **** 
 161:Middlewares/ST/threadx/common/src/tx_thread_sleep.c ****             /* Set the state to suspended.  */
 162:Middlewares/ST/threadx/common/src/tx_thread_sleep.c ****             thread_ptr -> tx_thread_state =    TX_SLEEP;
 163:Middlewares/ST/threadx/common/src/tx_thread_sleep.c **** 
 164:Middlewares/ST/threadx/common/src/tx_thread_sleep.c **** #ifdef TX_NOT_INTERRUPTABLE
 165:Middlewares/ST/threadx/common/src/tx_thread_sleep.c **** 
 166:Middlewares/ST/threadx/common/src/tx_thread_sleep.c ****             /* Call actual non-interruptable thread suspension routine.  */
 167:Middlewares/ST/threadx/common/src/tx_thread_sleep.c ****             _tx_thread_system_ni_suspend(thread_ptr, timer_ticks);
 168:Middlewares/ST/threadx/common/src/tx_thread_sleep.c **** 
 169:Middlewares/ST/threadx/common/src/tx_thread_sleep.c ****             /* Restore interrupts.  */
 170:Middlewares/ST/threadx/common/src/tx_thread_sleep.c ****             TX_RESTORE
 171:Middlewares/ST/threadx/common/src/tx_thread_sleep.c **** #else
 172:Middlewares/ST/threadx/common/src/tx_thread_sleep.c **** 
 173:Middlewares/ST/threadx/common/src/tx_thread_sleep.c ****             /* Set the suspending flag. */
 174:Middlewares/ST/threadx/common/src/tx_thread_sleep.c ****             thread_ptr -> tx_thread_suspending =  TX_TRUE;
 175:Middlewares/ST/threadx/common/src/tx_thread_sleep.c **** 
 176:Middlewares/ST/threadx/common/src/tx_thread_sleep.c ****             /* Initialize the status to successful.  */
 177:Middlewares/ST/threadx/common/src/tx_thread_sleep.c ****             thread_ptr -> tx_thread_suspend_status =  TX_SUCCESS;
 178:Middlewares/ST/threadx/common/src/tx_thread_sleep.c **** 
 179:Middlewares/ST/threadx/common/src/tx_thread_sleep.c ****             /* Setup the timeout period.  */
 180:Middlewares/ST/threadx/common/src/tx_thread_sleep.c ****             thread_ptr -> tx_thread_timer.tx_timer_internal_remaining_ticks =  timer_ticks;
 181:Middlewares/ST/threadx/common/src/tx_thread_sleep.c **** 
 182:Middlewares/ST/threadx/common/src/tx_thread_sleep.c ****             /* Temporarily disable preemption.  */
 183:Middlewares/ST/threadx/common/src/tx_thread_sleep.c ****             _tx_thread_preempt_disable++;
 184:Middlewares/ST/threadx/common/src/tx_thread_sleep.c **** 
 185:Middlewares/ST/threadx/common/src/tx_thread_sleep.c ****             /* Restore interrupts.  */
ARM GAS  /tmp/ccsih5fc.s 			page 17


 186:Middlewares/ST/threadx/common/src/tx_thread_sleep.c ****             TX_RESTORE
 187:Middlewares/ST/threadx/common/src/tx_thread_sleep.c **** 
 188:Middlewares/ST/threadx/common/src/tx_thread_sleep.c ****             /* Call actual thread suspension routine.  */
 189:Middlewares/ST/threadx/common/src/tx_thread_sleep.c ****             _tx_thread_system_suspend(thread_ptr);
 190:Middlewares/ST/threadx/common/src/tx_thread_sleep.c **** #endif
 191:Middlewares/ST/threadx/common/src/tx_thread_sleep.c **** 
 192:Middlewares/ST/threadx/common/src/tx_thread_sleep.c ****             /* Return status to the caller.  */
 193:Middlewares/ST/threadx/common/src/tx_thread_sleep.c ****             status =  thread_ptr -> tx_thread_suspend_status;
 194:Middlewares/ST/threadx/common/src/tx_thread_sleep.c ****         }
 195:Middlewares/ST/threadx/common/src/tx_thread_sleep.c ****     }
 196:Middlewares/ST/threadx/common/src/tx_thread_sleep.c **** 
 197:Middlewares/ST/threadx/common/src/tx_thread_sleep.c ****     /* Return completion status.  */
 198:Middlewares/ST/threadx/common/src/tx_thread_sleep.c ****     return(status);
 139              		.loc 1 198 5 is_stmt 1 view .LVU34
 199:Middlewares/ST/threadx/common/src/tx_thread_sleep.c **** }
 140              		.loc 1 199 1 is_stmt 0 view .LVU35
 141 0026 0198     		ldr	r0, [sp, #4]
 142 0028 02B0     		add	sp, sp, #8
 143              	.LCFI2:
 144              		.cfi_remember_state
 145              		.cfi_def_cfa_offset 16
 146              		@ sp needed
 147 002a 70BD     		pop	{r4, r5, r6, pc}
 148              	.LVL8:
 149              	.L14:
 150              	.LCFI3:
 151              		.cfi_restore_state
  96:Middlewares/ST/threadx/common/src/tx_thread_sleep.c **** 
 152              		.loc 1 96 9 is_stmt 1 view .LVU36
 153              	.LBB33:
 154              	.LBI33:
 556:Middlewares/ST/threadx/ports/cortex_m7/gnu/inc/tx_port.h **** {
 155              		.loc 2 556 55 view .LVU37
 156              	.LBB34:
 562:Middlewares/ST/threadx/ports/cortex_m7/gnu/inc/tx_port.h **** #endif
 157              		.loc 2 562 5 view .LVU38
 158              		.syntax unified
 159              	@ 562 "Middlewares/ST/threadx/ports/cortex_m7/gnu/inc/tx_port.h" 1
 160 002c 86F31088 		MSR  PRIMASK,r6
 161              	@ 0 "" 2
 162              	.LVL9:
 562:Middlewares/ST/threadx/ports/cortex_m7/gnu/inc/tx_port.h **** #endif
 163              		.loc 2 562 5 is_stmt 0 view .LVU39
 164              		.thumb
 165              		.syntax unified
 166              	.LBE34:
 167              	.LBE33:
  99:Middlewares/ST/threadx/common/src/tx_thread_sleep.c ****     }
 168              		.loc 1 99 9 is_stmt 1 view .LVU40
  99:Middlewares/ST/threadx/common/src/tx_thread_sleep.c ****     }
 169              		.loc 1 99 16 is_stmt 0 view .LVU41
 170 0030 1323     		movs	r3, #19
 171 0032 0193     		str	r3, [sp, #4]
 172 0034 F7E7     		b	.L3
 173              	.L4:
 116:Middlewares/ST/threadx/common/src/tx_thread_sleep.c ****     {
 174              		.loc 1 116 10 is_stmt 1 view .LVU42
ARM GAS  /tmp/ccsih5fc.s 			page 18


 116:Middlewares/ST/threadx/common/src/tx_thread_sleep.c ****     {
 175              		.loc 1 116 13 is_stmt 0 view .LVU43
 176 0036 394B     		ldr	r3, .L16+8
 177 0038 9C42     		cmp	r4, r3
 178 003a 05D0     		beq	.L15
 128:Middlewares/ST/threadx/common/src/tx_thread_sleep.c ****     {
 179              		.loc 1 128 10 is_stmt 1 view .LVU44
 128:Middlewares/ST/threadx/common/src/tx_thread_sleep.c ****     {
 180              		.loc 1 128 13 is_stmt 0 view .LVU45
 181 003c 48B9     		cbnz	r0, .L6
 132:Middlewares/ST/threadx/common/src/tx_thread_sleep.c **** 
 182              		.loc 1 132 9 is_stmt 1 view .LVU46
 183              	.LVL10:
 184              	.LBB35:
 185              	.LBI35:
 556:Middlewares/ST/threadx/ports/cortex_m7/gnu/inc/tx_port.h **** {
 186              		.loc 2 556 55 view .LVU47
 187              	.LBB36:
 562:Middlewares/ST/threadx/ports/cortex_m7/gnu/inc/tx_port.h **** #endif
 188              		.loc 2 562 5 view .LVU48
 189              		.syntax unified
 190              	@ 562 "Middlewares/ST/threadx/ports/cortex_m7/gnu/inc/tx_port.h" 1
 191 003e 86F31088 		MSR  PRIMASK,r6
 192              	@ 0 "" 2
 193              	.LVL11:
 562:Middlewares/ST/threadx/ports/cortex_m7/gnu/inc/tx_port.h **** #endif
 194              		.loc 2 562 5 is_stmt 0 view .LVU49
 195              		.thumb
 196              		.syntax unified
 197              	.LBE36:
 198              	.LBE35:
 135:Middlewares/ST/threadx/common/src/tx_thread_sleep.c ****     }
 199              		.loc 1 135 9 is_stmt 1 view .LVU50
 135:Middlewares/ST/threadx/common/src/tx_thread_sleep.c ****     }
 200              		.loc 1 135 16 is_stmt 0 view .LVU51
 201 0042 0023     		movs	r3, #0
 202 0044 0193     		str	r3, [sp, #4]
 203 0046 EEE7     		b	.L3
 204              	.L15:
 120:Middlewares/ST/threadx/common/src/tx_thread_sleep.c **** 
 205              		.loc 1 120 9 is_stmt 1 view .LVU52
 206              	.LVL12:
 207              	.LBB37:
 208              	.LBI37:
 556:Middlewares/ST/threadx/ports/cortex_m7/gnu/inc/tx_port.h **** {
 209              		.loc 2 556 55 view .LVU53
 210              	.LBB38:
 562:Middlewares/ST/threadx/ports/cortex_m7/gnu/inc/tx_port.h **** #endif
 211              		.loc 2 562 5 view .LVU54
 212              		.syntax unified
 213              	@ 562 "Middlewares/ST/threadx/ports/cortex_m7/gnu/inc/tx_port.h" 1
 214 0048 86F31088 		MSR  PRIMASK,r6
 215              	@ 0 "" 2
 216              	.LVL13:
 562:Middlewares/ST/threadx/ports/cortex_m7/gnu/inc/tx_port.h **** #endif
 217              		.loc 2 562 5 is_stmt 0 view .LVU55
 218              		.thumb
ARM GAS  /tmp/ccsih5fc.s 			page 19


 219              		.syntax unified
 220              	.LBE38:
 221              	.LBE37:
 123:Middlewares/ST/threadx/common/src/tx_thread_sleep.c ****     }
 222              		.loc 1 123 9 is_stmt 1 view .LVU56
 123:Middlewares/ST/threadx/common/src/tx_thread_sleep.c ****     }
 223              		.loc 1 123 16 is_stmt 0 view .LVU57
 224 004c 1323     		movs	r3, #19
 225 004e 0193     		str	r3, [sp, #4]
 226 0050 E9E7     		b	.L3
 227              	.L6:
 141:Middlewares/ST/threadx/common/src/tx_thread_sleep.c ****         {
 228              		.loc 1 141 9 is_stmt 1 view .LVU58
 141:Middlewares/ST/threadx/common/src/tx_thread_sleep.c ****         {
 229              		.loc 1 141 40 is_stmt 0 view .LVU59
 230 0052 334B     		ldr	r3, .L16+12
 231 0054 1A68     		ldr	r2, [r3]
 141:Middlewares/ST/threadx/common/src/tx_thread_sleep.c ****         {
 232              		.loc 1 141 12 view .LVU60
 233 0056 22B1     		cbz	r2, .L7
 145:Middlewares/ST/threadx/common/src/tx_thread_sleep.c **** 
 234              		.loc 1 145 13 is_stmt 1 view .LVU61
 235              	.LVL14:
 236              	.LBB39:
 237              	.LBI39:
 556:Middlewares/ST/threadx/ports/cortex_m7/gnu/inc/tx_port.h **** {
 238              		.loc 2 556 55 view .LVU62
 239              	.LBB40:
 562:Middlewares/ST/threadx/ports/cortex_m7/gnu/inc/tx_port.h **** #endif
 240              		.loc 2 562 5 view .LVU63
 241              		.syntax unified
 242              	@ 562 "Middlewares/ST/threadx/ports/cortex_m7/gnu/inc/tx_port.h" 1
 243 0058 86F31088 		MSR  PRIMASK,r6
 244              	@ 0 "" 2
 245              	.LVL15:
 562:Middlewares/ST/threadx/ports/cortex_m7/gnu/inc/tx_port.h **** #endif
 246              		.loc 2 562 5 is_stmt 0 view .LVU64
 247              		.thumb
 248              		.syntax unified
 249              	.LBE40:
 250              	.LBE39:
 148:Middlewares/ST/threadx/common/src/tx_thread_sleep.c ****         }
 251              		.loc 1 148 13 is_stmt 1 view .LVU65
 148:Middlewares/ST/threadx/common/src/tx_thread_sleep.c ****         }
 252              		.loc 1 148 20 is_stmt 0 view .LVU66
 253 005c 1323     		movs	r3, #19
 254 005e 0193     		str	r3, [sp, #4]
 255 0060 E1E7     		b	.L3
 256              	.L7:
 257              	.LBB41:
 154:Middlewares/ST/threadx/common/src/tx_thread_sleep.c **** 
 258              		.loc 1 154 13 is_stmt 1 view .LVU67
 154:Middlewares/ST/threadx/common/src/tx_thread_sleep.c **** 
 259              		.loc 1 154 13 view .LVU68
 154:Middlewares/ST/threadx/common/src/tx_thread_sleep.c **** 
 260              		.loc 1 154 13 view .LVU69
 154:Middlewares/ST/threadx/common/src/tx_thread_sleep.c **** 
ARM GAS  /tmp/ccsih5fc.s 			page 20


 261              		.loc 1 154 13 view .LVU70
 154:Middlewares/ST/threadx/common/src/tx_thread_sleep.c **** 
 262              		.loc 1 154 13 view .LVU71
 263 0062 304B     		ldr	r3, .L16+16
 264 0064 1B68     		ldr	r3, [r3]
 265              	.LVL16:
 154:Middlewares/ST/threadx/common/src/tx_thread_sleep.c **** 
 266              		.loc 1 154 13 view .LVU72
 267 0066 002B     		cmp	r3, #0
 268 0068 3FD0     		beq	.L8
 154:Middlewares/ST/threadx/common/src/tx_thread_sleep.c **** 
 269              		.loc 1 154 13 is_stmt 0 discriminator 1 view .LVU73
 270 006a 2F49     		ldr	r1, .L16+20
 271 006c 0968     		ldr	r1, [r1]
 272 006e 11F4807F 		tst	r1, #256
 273 0072 3AD0     		beq	.L8
 154:Middlewares/ST/threadx/common/src/tx_thread_sleep.c **** 
 274              		.loc 1 154 13 is_stmt 1 discriminator 2 view .LVU74
 275              	.LBB42:
 276              	.LBI42:
 474:Middlewares/ST/threadx/ports/cortex_m7/gnu/inc/tx_port.h **** {
 277              		.loc 2 474 63 view .LVU75
 278              	.LBB43:
 476:Middlewares/ST/threadx/ports/cortex_m7/gnu/inc/tx_port.h ****     __asm__ volatile (" MRS  %0,IPSR ": "=r" (ipsr_value) );
 279              		.loc 2 476 1 view .LVU76
 477:Middlewares/ST/threadx/ports/cortex_m7/gnu/inc/tx_port.h ****     return(ipsr_value);
 280              		.loc 2 477 5 view .LVU77
 281              		.syntax unified
 282              	@ 477 "Middlewares/ST/threadx/ports/cortex_m7/gnu/inc/tx_port.h" 1
 283 0074 EFF30580 		 MRS  r0,IPSR 
 284              	@ 0 "" 2
 285              	.LVL17:
 478:Middlewares/ST/threadx/ports/cortex_m7/gnu/inc/tx_port.h **** }
 286              		.loc 2 478 5 view .LVU78
 478:Middlewares/ST/threadx/ports/cortex_m7/gnu/inc/tx_port.h **** }
 287              		.loc 2 478 5 is_stmt 0 view .LVU79
 288              		.thumb
 289              		.syntax unified
 290              	.LBE43:
 291              	.LBE42:
 154:Middlewares/ST/threadx/common/src/tx_thread_sleep.c **** 
 292              		.loc 1 154 13 discriminator 1 view .LVU80
 293 0078 2749     		ldr	r1, .L16+4
 294 007a 0968     		ldr	r1, [r1]
 295              	.LVL18:
 154:Middlewares/ST/threadx/common/src/tx_thread_sleep.c **** 
 296              		.loc 1 154 13 is_stmt 1 discriminator 1 view .LVU81
 154:Middlewares/ST/threadx/common/src/tx_thread_sleep.c **** 
 297              		.loc 1 154 13 discriminator 1 view .LVU82
 298 007c 0143     		orrs	r1, r1, r0
 299              	.LVL19:
 154:Middlewares/ST/threadx/common/src/tx_thread_sleep.c **** 
 300              		.loc 1 154 13 is_stmt 0 discriminator 1 view .LVU83
 301 007e 25D1     		bne	.L9
 154:Middlewares/ST/threadx/common/src/tx_thread_sleep.c **** 
 302              		.loc 1 154 13 is_stmt 1 discriminator 3 view .LVU84
 303 0080 E26A     		ldr	r2, [r4, #44]
ARM GAS  /tmp/ccsih5fc.s 			page 21


 304              	.LVL20:
 154:Middlewares/ST/threadx/common/src/tx_thread_sleep.c **** 
 305              		.loc 1 154 13 discriminator 3 view .LVU85
 306 0082 E16B     		ldr	r1, [r4, #60]
 307              	.LVL21:
 154:Middlewares/ST/threadx/common/src/tx_thread_sleep.c **** 
 308              		.loc 1 154 13 is_stmt 0 discriminator 3 view .LVU86
 309 0084 42EA0142 		orr	r2, r2, r1, lsl #16
 310              	.LVL22:
 154:Middlewares/ST/threadx/common/src/tx_thread_sleep.c **** 
 311              		.loc 1 154 13 discriminator 3 view .LVU87
 312 0088 42F00042 		orr	r2, r2, #-2147483648
 313              	.LVL23:
 154:Middlewares/ST/threadx/common/src/tx_thread_sleep.c **** 
 314              		.loc 1 154 13 discriminator 1 view .LVU88
 315 008c 2146     		mov	r1, r4
 316              	.LVL24:
 317              	.L10:
 154:Middlewares/ST/threadx/common/src/tx_thread_sleep.c **** 
 318              		.loc 1 154 13 is_stmt 1 discriminator 9 view .LVU89
 319 008e 1960     		str	r1, [r3]
 154:Middlewares/ST/threadx/common/src/tx_thread_sleep.c **** 
 320              		.loc 1 154 13 discriminator 9 view .LVU90
 321 0090 5A60     		str	r2, [r3, #4]
 154:Middlewares/ST/threadx/common/src/tx_thread_sleep.c **** 
 322              		.loc 1 154 13 discriminator 9 view .LVU91
 323 0092 7022     		movs	r2, #112
 324              	.LVL25:
 154:Middlewares/ST/threadx/common/src/tx_thread_sleep.c **** 
 325              		.loc 1 154 13 is_stmt 0 discriminator 9 view .LVU92
 326 0094 9A60     		str	r2, [r3, #8]
 154:Middlewares/ST/threadx/common/src/tx_thread_sleep.c **** 
 327              		.loc 1 154 13 is_stmt 1 discriminator 9 view .LVU93
 328 0096 254A     		ldr	r2, .L16+24
 329 0098 5268     		ldr	r2, [r2, #4]
 330 009a DA60     		str	r2, [r3, #12]
 154:Middlewares/ST/threadx/common/src/tx_thread_sleep.c **** 
 331              		.loc 1 154 13 discriminator 9 view .LVU94
 332 009c 1D61     		str	r5, [r3, #16]
 154:Middlewares/ST/threadx/common/src/tx_thread_sleep.c **** 
 333              		.loc 1 154 13 discriminator 9 view .LVU95
 334 009e 226B     		ldr	r2, [r4, #48]
 335 00a0 5A61     		str	r2, [r3, #20]
 154:Middlewares/ST/threadx/common/src/tx_thread_sleep.c **** 
 336              		.loc 1 154 13 discriminator 9 view .LVU96
 337 00a2 01AA     		add	r2, sp, #4
 338 00a4 9A61     		str	r2, [r3, #24]
 154:Middlewares/ST/threadx/common/src/tx_thread_sleep.c **** 
 339              		.loc 1 154 13 discriminator 9 view .LVU97
 340 00a6 0022     		movs	r2, #0
 341 00a8 DA61     		str	r2, [r3, #28]
 154:Middlewares/ST/threadx/common/src/tx_thread_sleep.c **** 
 342              		.loc 1 154 13 discriminator 9 view .LVU98
 343 00aa 2033     		adds	r3, r3, #32
 344              	.LVL26:
 154:Middlewares/ST/threadx/common/src/tx_thread_sleep.c **** 
 345              		.loc 1 154 13 discriminator 9 view .LVU99
ARM GAS  /tmp/ccsih5fc.s 			page 22


 346 00ac 204A     		ldr	r2, .L16+28
 347 00ae 1268     		ldr	r2, [r2]
 348 00b0 9A42     		cmp	r2, r3
 349 00b2 15D8     		bhi	.L11
 154:Middlewares/ST/threadx/common/src/tx_thread_sleep.c **** 
 350              		.loc 1 154 13 discriminator 10 view .LVU100
 351 00b4 1F4B     		ldr	r3, .L16+32
 352              	.LVL27:
 154:Middlewares/ST/threadx/common/src/tx_thread_sleep.c **** 
 353              		.loc 1 154 13 is_stmt 0 discriminator 10 view .LVU101
 354 00b6 1B68     		ldr	r3, [r3]
 355              	.LVL28:
 154:Middlewares/ST/threadx/common/src/tx_thread_sleep.c **** 
 356              		.loc 1 154 13 is_stmt 1 discriminator 10 view .LVU102
 357 00b8 1A4A     		ldr	r2, .L16+16
 358 00ba 1360     		str	r3, [r2]
 154:Middlewares/ST/threadx/common/src/tx_thread_sleep.c **** 
 359              		.loc 1 154 13 discriminator 10 view .LVU103
 360 00bc 1E4A     		ldr	r2, .L16+36
 361 00be 1068     		ldr	r0, [r2]
 362 00c0 0362     		str	r3, [r0, #32]
 154:Middlewares/ST/threadx/common/src/tx_thread_sleep.c **** 
 363              		.loc 1 154 13 discriminator 10 view .LVU104
 364 00c2 1E4B     		ldr	r3, .L16+40
 365              	.LVL29:
 154:Middlewares/ST/threadx/common/src/tx_thread_sleep.c **** 
 366              		.loc 1 154 13 is_stmt 0 discriminator 10 view .LVU105
 367 00c4 1B68     		ldr	r3, [r3]
 368 00c6 83B1     		cbz	r3, .L8
 154:Middlewares/ST/threadx/common/src/tx_thread_sleep.c **** 
 369              		.loc 1 154 13 is_stmt 1 discriminator 12 view .LVU106
 370 00c8 9847     		blx	r3
 371              	.LVL30:
 154:Middlewares/ST/threadx/common/src/tx_thread_sleep.c **** 
 372              		.loc 1 154 13 is_stmt 0 discriminator 12 view .LVU107
 373 00ca 0EE0     		b	.L8
 374              	.LVL31:
 375              	.L9:
 154:Middlewares/ST/threadx/common/src/tx_thread_sleep.c **** 
 376              		.loc 1 154 13 is_stmt 1 discriminator 4 view .LVU108
 377 00cc B1F1F03F 		cmp	r1, #-252645136
 378 00d0 03D2     		bcs	.L12
 154:Middlewares/ST/threadx/common/src/tx_thread_sleep.c **** 
 379              		.loc 1 154 13 discriminator 6 view .LVU109
 380 00d2 2246     		mov	r2, r4
 381              	.LVL32:
 154:Middlewares/ST/threadx/common/src/tx_thread_sleep.c **** 
 382              		.loc 1 154 13 discriminator 6 view .LVU110
 154:Middlewares/ST/threadx/common/src/tx_thread_sleep.c **** 
 383              		.loc 1 154 13 is_stmt 0 discriminator 6 view .LVU111
 384 00d4 4FF0FF31 		mov	r1, #-1
 385              	.LVL33:
 154:Middlewares/ST/threadx/common/src/tx_thread_sleep.c **** 
 386              		.loc 1 154 13 discriminator 6 view .LVU112
 387 00d8 D9E7     		b	.L10
 388              	.LVL34:
 389              	.L12:
ARM GAS  /tmp/ccsih5fc.s 			page 23


 154:Middlewares/ST/threadx/common/src/tx_thread_sleep.c **** 
 390              		.loc 1 154 13 discriminator 7 view .LVU113
 391 00da 4FF0F031 		mov	r1, #-252645136
 392              	.LVL35:
 154:Middlewares/ST/threadx/common/src/tx_thread_sleep.c **** 
 393              		.loc 1 154 13 discriminator 7 view .LVU114
 394 00de D6E7     		b	.L10
 395              	.LVL36:
 396              	.L11:
 154:Middlewares/ST/threadx/common/src/tx_thread_sleep.c **** 
 397              		.loc 1 154 13 is_stmt 1 discriminator 11 view .LVU115
 398 00e0 104A     		ldr	r2, .L16+16
 399 00e2 1360     		str	r3, [r2]
 154:Middlewares/ST/threadx/common/src/tx_thread_sleep.c **** 
 400              		.loc 1 154 13 discriminator 11 view .LVU116
 401 00e4 144A     		ldr	r2, .L16+36
 402 00e6 1268     		ldr	r2, [r2]
 403 00e8 1362     		str	r3, [r2, #32]
 404              	.LVL37:
 405              	.L8:
 154:Middlewares/ST/threadx/common/src/tx_thread_sleep.c **** 
 406              		.loc 1 154 13 is_stmt 0 discriminator 11 view .LVU117
 407              	.LBE41:
 162:Middlewares/ST/threadx/common/src/tx_thread_sleep.c **** 
 408              		.loc 1 162 13 is_stmt 1 view .LVU118
 162:Middlewares/ST/threadx/common/src/tx_thread_sleep.c **** 
 409              		.loc 1 162 43 is_stmt 0 view .LVU119
 410 00ea 0423     		movs	r3, #4
 411 00ec 2363     		str	r3, [r4, #48]
 174:Middlewares/ST/threadx/common/src/tx_thread_sleep.c **** 
 412              		.loc 1 174 13 is_stmt 1 view .LVU120
 174:Middlewares/ST/threadx/common/src/tx_thread_sleep.c **** 
 413              		.loc 1 174 48 is_stmt 0 view .LVU121
 414 00ee 0123     		movs	r3, #1
 415 00f0 A363     		str	r3, [r4, #56]
 177:Middlewares/ST/threadx/common/src/tx_thread_sleep.c **** 
 416              		.loc 1 177 13 is_stmt 1 view .LVU122
 177:Middlewares/ST/threadx/common/src/tx_thread_sleep.c **** 
 417              		.loc 1 177 52 is_stmt 0 view .LVU123
 418 00f2 0023     		movs	r3, #0
 419 00f4 C4F88430 		str	r3, [r4, #132]
 180:Middlewares/ST/threadx/common/src/tx_thread_sleep.c **** 
 420              		.loc 1 180 13 is_stmt 1 view .LVU124
 180:Middlewares/ST/threadx/common/src/tx_thread_sleep.c **** 
 421              		.loc 1 180 77 is_stmt 0 view .LVU125
 422 00f8 E564     		str	r5, [r4, #76]
 183:Middlewares/ST/threadx/common/src/tx_thread_sleep.c **** 
 423              		.loc 1 183 13 is_stmt 1 view .LVU126
 183:Middlewares/ST/threadx/common/src/tx_thread_sleep.c **** 
 424              		.loc 1 183 39 is_stmt 0 view .LVU127
 425 00fa 094A     		ldr	r2, .L16+12
 426 00fc 1368     		ldr	r3, [r2]
 427 00fe 0133     		adds	r3, r3, #1
 428 0100 1360     		str	r3, [r2]
 186:Middlewares/ST/threadx/common/src/tx_thread_sleep.c **** 
 429              		.loc 1 186 13 is_stmt 1 view .LVU128
 430              	.LVL38:
ARM GAS  /tmp/ccsih5fc.s 			page 24


 431              	.LBB44:
 432              	.LBI44:
 556:Middlewares/ST/threadx/ports/cortex_m7/gnu/inc/tx_port.h **** {
 433              		.loc 2 556 55 view .LVU129
 434              	.LBB45:
 562:Middlewares/ST/threadx/ports/cortex_m7/gnu/inc/tx_port.h **** #endif
 435              		.loc 2 562 5 view .LVU130
 436              		.syntax unified
 437              	@ 562 "Middlewares/ST/threadx/ports/cortex_m7/gnu/inc/tx_port.h" 1
 438 0102 86F31088 		MSR  PRIMASK,r6
 439              	@ 0 "" 2
 440              	.LVL39:
 562:Middlewares/ST/threadx/ports/cortex_m7/gnu/inc/tx_port.h **** #endif
 441              		.loc 2 562 5 is_stmt 0 view .LVU131
 442              		.thumb
 443              		.syntax unified
 444              	.LBE45:
 445              	.LBE44:
 189:Middlewares/ST/threadx/common/src/tx_thread_sleep.c **** #endif
 446              		.loc 1 189 13 is_stmt 1 view .LVU132
 447 0106 2046     		mov	r0, r4
 448 0108 FFF7FEFF 		bl	_tx_thread_system_suspend
 449              	.LVL40:
 193:Middlewares/ST/threadx/common/src/tx_thread_sleep.c ****         }
 450              		.loc 1 193 13 view .LVU133
 193:Middlewares/ST/threadx/common/src/tx_thread_sleep.c ****         }
 451              		.loc 1 193 34 is_stmt 0 view .LVU134
 452 010c D4F88430 		ldr	r3, [r4, #132]
 193:Middlewares/ST/threadx/common/src/tx_thread_sleep.c ****         }
 453              		.loc 1 193 20 view .LVU135
 454 0110 0193     		str	r3, [sp, #4]
 455 0112 88E7     		b	.L3
 456              	.L17:
 457              		.align	2
 458              	.L16:
 459 0114 00000000 		.word	_tx_thread_current_ptr
 460 0118 00000000 		.word	_tx_thread_system_state
 461 011c 00000000 		.word	_tx_timer_thread
 462 0120 00000000 		.word	_tx_thread_preempt_disable
 463 0124 00000000 		.word	_tx_trace_buffer_current_ptr
 464 0128 00000000 		.word	_tx_trace_event_enable_bits
 465 012c 001000E0 		.word	-536866816
 466 0130 00000000 		.word	_tx_trace_buffer_end_ptr
 467 0134 00000000 		.word	_tx_trace_buffer_start_ptr
 468 0138 00000000 		.word	_tx_trace_header_ptr
 469 013c 00000000 		.word	_tx_trace_full_notify_function
 470              		.cfi_endproc
 471              	.LFE8:
 473              		.text
 474              	.Letext0:
 475              		.file 3 "Middlewares/ST/threadx/common/inc/tx_api.h"
 476              		.file 4 "Middlewares/ST/threadx/common/inc/tx_thread.h"
 477              		.file 5 "Middlewares/ST/threadx/common/inc/tx_trace.h"
 478              		.file 6 "Middlewares/ST/threadx/common/inc/tx_timer.h"
ARM GAS  /tmp/ccsih5fc.s 			page 25


DEFINED SYMBOLS
                            *ABS*:00000000 tx_thread_sleep.c
     /tmp/ccsih5fc.s:20     .text._tx_thread_sleep:00000000 $t
     /tmp/ccsih5fc.s:26     .text._tx_thread_sleep:00000000 _tx_thread_sleep
     /tmp/ccsih5fc.s:459    .text._tx_thread_sleep:00000114 $d

UNDEFINED SYMBOLS
_tx_thread_system_suspend
_tx_thread_current_ptr
_tx_thread_system_state
_tx_timer_thread
_tx_thread_preempt_disable
_tx_trace_buffer_current_ptr
_tx_trace_event_enable_bits
_tx_trace_buffer_end_ptr
_tx_trace_buffer_start_ptr
_tx_trace_header_ptr
_tx_trace_full_notify_function
