ARM GAS  /tmp/ccQyBBcc.s 			page 1


   1              		.cpu cortex-m7
   2              		.arch armv7e-m
   3              		.fpu fpv5-d16
   4              		.eabi_attribute 28, 1
   5              		.eabi_attribute 20, 1
   6              		.eabi_attribute 21, 1
   7              		.eabi_attribute 23, 3
   8              		.eabi_attribute 24, 1
   9              		.eabi_attribute 25, 1
  10              		.eabi_attribute 26, 1
  11              		.eabi_attribute 30, 1
  12              		.eabi_attribute 34, 1
  13              		.eabi_attribute 18, 4
  14              		.file	"tx_thread_system_resume.c"
  15              		.text
  16              	.Ltext0:
  17              		.cfi_sections	.debug_frame
  18              		.file 1 "Middlewares/ST/threadx/common/src/tx_thread_system_resume.c"
  19              		.section	.text._tx_thread_system_resume,"ax",%progbits
  20              		.align	1
  21              		.global	_tx_thread_system_resume
  22              		.syntax unified
  23              		.thumb
  24              		.thumb_func
  26              	_tx_thread_system_resume:
  27              	.LVL0:
  28              	.LFB8:
   1:Middlewares/ST/threadx/common/src/tx_thread_system_resume.c **** /**************************************************************************/
   2:Middlewares/ST/threadx/common/src/tx_thread_system_resume.c **** /*                                                                        */
   3:Middlewares/ST/threadx/common/src/tx_thread_system_resume.c **** /*       Copyright (c) Microsoft Corporation. All rights reserved.        */
   4:Middlewares/ST/threadx/common/src/tx_thread_system_resume.c **** /*                                                                        */
   5:Middlewares/ST/threadx/common/src/tx_thread_system_resume.c **** /*       This software is licensed under the Microsoft Software License   */
   6:Middlewares/ST/threadx/common/src/tx_thread_system_resume.c **** /*       Terms for Microsoft Azure RTOS. Full text of the license can be  */
   7:Middlewares/ST/threadx/common/src/tx_thread_system_resume.c **** /*       found in the LICENSE file at https://aka.ms/AzureRTOS_EULA       */
   8:Middlewares/ST/threadx/common/src/tx_thread_system_resume.c **** /*       and in the root directory of this software.                      */
   9:Middlewares/ST/threadx/common/src/tx_thread_system_resume.c **** /*                                                                        */
  10:Middlewares/ST/threadx/common/src/tx_thread_system_resume.c **** /**************************************************************************/
  11:Middlewares/ST/threadx/common/src/tx_thread_system_resume.c **** 
  12:Middlewares/ST/threadx/common/src/tx_thread_system_resume.c **** 
  13:Middlewares/ST/threadx/common/src/tx_thread_system_resume.c **** /**************************************************************************/
  14:Middlewares/ST/threadx/common/src/tx_thread_system_resume.c **** /**************************************************************************/
  15:Middlewares/ST/threadx/common/src/tx_thread_system_resume.c **** /**                                                                       */
  16:Middlewares/ST/threadx/common/src/tx_thread_system_resume.c **** /** ThreadX Component                                                     */
  17:Middlewares/ST/threadx/common/src/tx_thread_system_resume.c **** /**                                                                       */
  18:Middlewares/ST/threadx/common/src/tx_thread_system_resume.c **** /**   Thread                                                              */
  19:Middlewares/ST/threadx/common/src/tx_thread_system_resume.c **** /**                                                                       */
  20:Middlewares/ST/threadx/common/src/tx_thread_system_resume.c **** /**************************************************************************/
  21:Middlewares/ST/threadx/common/src/tx_thread_system_resume.c **** /**************************************************************************/
  22:Middlewares/ST/threadx/common/src/tx_thread_system_resume.c **** 
  23:Middlewares/ST/threadx/common/src/tx_thread_system_resume.c **** #define TX_SOURCE_CODE
  24:Middlewares/ST/threadx/common/src/tx_thread_system_resume.c **** 
  25:Middlewares/ST/threadx/common/src/tx_thread_system_resume.c **** /* Include necessary system files.  */
  26:Middlewares/ST/threadx/common/src/tx_thread_system_resume.c **** #include "tx_api.h"
  27:Middlewares/ST/threadx/common/src/tx_thread_system_resume.c **** #ifdef TX_THREAD_ENABLE_PERFORMANCE_INFO
  28:Middlewares/ST/threadx/common/src/tx_thread_system_resume.c **** #include "tx_initialize.h"
  29:Middlewares/ST/threadx/common/src/tx_thread_system_resume.c **** #endif
  30:Middlewares/ST/threadx/common/src/tx_thread_system_resume.c **** #include "tx_trace.h"
ARM GAS  /tmp/ccQyBBcc.s 			page 2


  31:Middlewares/ST/threadx/common/src/tx_thread_system_resume.c **** #include "tx_timer.h"
  32:Middlewares/ST/threadx/common/src/tx_thread_system_resume.c **** #include "tx_thread.h"
  33:Middlewares/ST/threadx/common/src/tx_thread_system_resume.c **** 
  34:Middlewares/ST/threadx/common/src/tx_thread_system_resume.c **** /**************************************************************************/
  35:Middlewares/ST/threadx/common/src/tx_thread_system_resume.c **** /*                                                                        */
  36:Middlewares/ST/threadx/common/src/tx_thread_system_resume.c **** /*  FUNCTION                                               RELEASE        */
  37:Middlewares/ST/threadx/common/src/tx_thread_system_resume.c **** /*                                                                        */
  38:Middlewares/ST/threadx/common/src/tx_thread_system_resume.c **** /*    _tx_thread_system_resume                            PORTABLE C      */
  39:Middlewares/ST/threadx/common/src/tx_thread_system_resume.c **** /*                                                           6.1          */
  40:Middlewares/ST/threadx/common/src/tx_thread_system_resume.c **** /*  AUTHOR                                                                */
  41:Middlewares/ST/threadx/common/src/tx_thread_system_resume.c **** /*                                                                        */
  42:Middlewares/ST/threadx/common/src/tx_thread_system_resume.c **** /*    William E. Lamie, Microsoft Corporation                             */
  43:Middlewares/ST/threadx/common/src/tx_thread_system_resume.c **** /*                                                                        */
  44:Middlewares/ST/threadx/common/src/tx_thread_system_resume.c **** /*  DESCRIPTION                                                           */
  45:Middlewares/ST/threadx/common/src/tx_thread_system_resume.c **** /*                                                                        */
  46:Middlewares/ST/threadx/common/src/tx_thread_system_resume.c **** /*    This function places the specified thread on the list of ready      */
  47:Middlewares/ST/threadx/common/src/tx_thread_system_resume.c **** /*    threads at the thread's specific priority.                          */
  48:Middlewares/ST/threadx/common/src/tx_thread_system_resume.c **** /*                                                                        */
  49:Middlewares/ST/threadx/common/src/tx_thread_system_resume.c **** /*  INPUT                                                                 */
  50:Middlewares/ST/threadx/common/src/tx_thread_system_resume.c **** /*                                                                        */
  51:Middlewares/ST/threadx/common/src/tx_thread_system_resume.c **** /*    thread_ptr                            Pointer to thread to resume   */
  52:Middlewares/ST/threadx/common/src/tx_thread_system_resume.c **** /*                                                                        */
  53:Middlewares/ST/threadx/common/src/tx_thread_system_resume.c **** /*  OUTPUT                                                                */
  54:Middlewares/ST/threadx/common/src/tx_thread_system_resume.c **** /*                                                                        */
  55:Middlewares/ST/threadx/common/src/tx_thread_system_resume.c **** /*    None                                                                */
  56:Middlewares/ST/threadx/common/src/tx_thread_system_resume.c **** /*                                                                        */
  57:Middlewares/ST/threadx/common/src/tx_thread_system_resume.c **** /*  CALLS                                                                 */
  58:Middlewares/ST/threadx/common/src/tx_thread_system_resume.c **** /*                                                                        */
  59:Middlewares/ST/threadx/common/src/tx_thread_system_resume.c **** /*    _tx_thread_system_return              Return to the system          */
  60:Middlewares/ST/threadx/common/src/tx_thread_system_resume.c **** /*    _tx_thread_system_ni_resume           Noninterruptable thread resume*/
  61:Middlewares/ST/threadx/common/src/tx_thread_system_resume.c **** /*    _tx_timer_system_deactivate           Timer deactivate              */
  62:Middlewares/ST/threadx/common/src/tx_thread_system_resume.c **** /*                                                                        */
  63:Middlewares/ST/threadx/common/src/tx_thread_system_resume.c **** /*  CALLED BY                                                             */
  64:Middlewares/ST/threadx/common/src/tx_thread_system_resume.c **** /*                                                                        */
  65:Middlewares/ST/threadx/common/src/tx_thread_system_resume.c **** /*    _tx_thread_create                     Thread create function        */
  66:Middlewares/ST/threadx/common/src/tx_thread_system_resume.c **** /*    _tx_thread_priority_change            Thread priority change        */
  67:Middlewares/ST/threadx/common/src/tx_thread_system_resume.c **** /*    _tx_thread_resume                     Application resume service    */
  68:Middlewares/ST/threadx/common/src/tx_thread_system_resume.c **** /*    _tx_thread_timeout                    Thread timeout                */
  69:Middlewares/ST/threadx/common/src/tx_thread_system_resume.c **** /*    _tx_thread_wait_abort                 Thread wait abort             */
  70:Middlewares/ST/threadx/common/src/tx_thread_system_resume.c **** /*    Other ThreadX Components                                            */
  71:Middlewares/ST/threadx/common/src/tx_thread_system_resume.c **** /*                                                                        */
  72:Middlewares/ST/threadx/common/src/tx_thread_system_resume.c **** /*  RELEASE HISTORY                                                       */
  73:Middlewares/ST/threadx/common/src/tx_thread_system_resume.c **** /*                                                                        */
  74:Middlewares/ST/threadx/common/src/tx_thread_system_resume.c **** /*    DATE              NAME                      DESCRIPTION             */
  75:Middlewares/ST/threadx/common/src/tx_thread_system_resume.c **** /*                                                                        */
  76:Middlewares/ST/threadx/common/src/tx_thread_system_resume.c **** /*  05-19-2020     William E. Lamie         Initial Version 6.0           */
  77:Middlewares/ST/threadx/common/src/tx_thread_system_resume.c **** /*  09-30-2020     Yuxin Zhou               Modified comment(s),          */
  78:Middlewares/ST/threadx/common/src/tx_thread_system_resume.c **** /*                                            resulting in version 6.1    */
  79:Middlewares/ST/threadx/common/src/tx_thread_system_resume.c **** /*                                                                        */
  80:Middlewares/ST/threadx/common/src/tx_thread_system_resume.c **** /**************************************************************************/
  81:Middlewares/ST/threadx/common/src/tx_thread_system_resume.c **** VOID  _tx_thread_system_resume(TX_THREAD *thread_ptr)
  82:Middlewares/ST/threadx/common/src/tx_thread_system_resume.c **** #ifndef TX_NOT_INTERRUPTABLE
  83:Middlewares/ST/threadx/common/src/tx_thread_system_resume.c **** {
  29              		.loc 1 83 1 view -0
  30              		.cfi_startproc
  31              		@ args = 0, pretend = 0, frame = 8
  32              		@ frame_needed = 0, uses_anonymous_args = 0
ARM GAS  /tmp/ccQyBBcc.s 			page 3


  33              		.loc 1 83 1 is_stmt 0 view .LVU1
  34 0000 F0B5     		push	{r4, r5, r6, r7, lr}
  35              	.LCFI0:
  36              		.cfi_def_cfa_offset 20
  37              		.cfi_offset 4, -20
  38              		.cfi_offset 5, -16
  39              		.cfi_offset 6, -12
  40              		.cfi_offset 7, -8
  41              		.cfi_offset 14, -4
  42 0002 83B0     		sub	sp, sp, #12
  43              	.LCFI1:
  44              		.cfi_def_cfa_offset 32
  45 0004 0446     		mov	r4, r0
  84:Middlewares/ST/threadx/common/src/tx_thread_system_resume.c **** 
  85:Middlewares/ST/threadx/common/src/tx_thread_system_resume.c **** TX_INTERRUPT_SAVE_AREA
  46              		.loc 1 85 1 is_stmt 1 view .LVU2
  86:Middlewares/ST/threadx/common/src/tx_thread_system_resume.c **** 
  87:Middlewares/ST/threadx/common/src/tx_thread_system_resume.c **** UINT            priority;
  47              		.loc 1 87 1 view .LVU3
  88:Middlewares/ST/threadx/common/src/tx_thread_system_resume.c **** ULONG           priority_bit;
  48              		.loc 1 88 1 view .LVU4
  89:Middlewares/ST/threadx/common/src/tx_thread_system_resume.c **** TX_THREAD       *head_ptr;
  49              		.loc 1 89 1 view .LVU5
  90:Middlewares/ST/threadx/common/src/tx_thread_system_resume.c **** TX_THREAD       *tail_ptr;
  50              		.loc 1 90 1 view .LVU6
  91:Middlewares/ST/threadx/common/src/tx_thread_system_resume.c **** TX_THREAD       *execute_ptr;
  51              		.loc 1 91 1 view .LVU7
  92:Middlewares/ST/threadx/common/src/tx_thread_system_resume.c **** TX_THREAD       *current_thread;
  52              		.loc 1 92 1 view .LVU8
  93:Middlewares/ST/threadx/common/src/tx_thread_system_resume.c **** ULONG           combined_flags;
  53              		.loc 1 93 1 view .LVU9
  94:Middlewares/ST/threadx/common/src/tx_thread_system_resume.c **** 
  95:Middlewares/ST/threadx/common/src/tx_thread_system_resume.c **** #ifdef TX_ENABLE_EVENT_TRACE
  96:Middlewares/ST/threadx/common/src/tx_thread_system_resume.c **** TX_TRACE_BUFFER_ENTRY       *entry_ptr;
  54              		.loc 1 96 1 view .LVU10
  97:Middlewares/ST/threadx/common/src/tx_thread_system_resume.c **** ULONG                       time_stamp =  ((ULONG) 0);
  55              		.loc 1 97 1 view .LVU11
  56              	.LVL1:
  98:Middlewares/ST/threadx/common/src/tx_thread_system_resume.c **** #endif
  99:Middlewares/ST/threadx/common/src/tx_thread_system_resume.c **** 
 100:Middlewares/ST/threadx/common/src/tx_thread_system_resume.c **** #if TX_MAX_PRIORITIES > 32
 101:Middlewares/ST/threadx/common/src/tx_thread_system_resume.c **** UINT            map_index;
 102:Middlewares/ST/threadx/common/src/tx_thread_system_resume.c **** #endif
 103:Middlewares/ST/threadx/common/src/tx_thread_system_resume.c **** 
 104:Middlewares/ST/threadx/common/src/tx_thread_system_resume.c **** 
 105:Middlewares/ST/threadx/common/src/tx_thread_system_resume.c **** #ifdef TX_ENABLE_STACK_CHECKING
 106:Middlewares/ST/threadx/common/src/tx_thread_system_resume.c **** 
 107:Middlewares/ST/threadx/common/src/tx_thread_system_resume.c ****     /* Check this thread's stack.  */
 108:Middlewares/ST/threadx/common/src/tx_thread_system_resume.c ****     TX_THREAD_STACK_CHECK(thread_ptr)
 109:Middlewares/ST/threadx/common/src/tx_thread_system_resume.c **** #endif
 110:Middlewares/ST/threadx/common/src/tx_thread_system_resume.c **** 
 111:Middlewares/ST/threadx/common/src/tx_thread_system_resume.c ****     /* Lockout interrupts while the thread is being resumed.  */
 112:Middlewares/ST/threadx/common/src/tx_thread_system_resume.c ****     TX_DISABLE
  57              		.loc 1 112 5 view .LVU12
  58              	.LBB43:
  59              	.LBI43:
  60              		.file 2 "Middlewares/ST/threadx/ports/cortex_m7/gnu/inc/tx_port.h"
ARM GAS  /tmp/ccQyBBcc.s 			page 4


   1:Middlewares/ST/threadx/ports/cortex_m7/gnu/inc/tx_port.h **** /**************************************************************************/
   2:Middlewares/ST/threadx/ports/cortex_m7/gnu/inc/tx_port.h **** /*                                                                        */
   3:Middlewares/ST/threadx/ports/cortex_m7/gnu/inc/tx_port.h **** /*       Copyright (c) Microsoft Corporation. All rights reserved.        */
   4:Middlewares/ST/threadx/ports/cortex_m7/gnu/inc/tx_port.h **** /*                                                                        */
   5:Middlewares/ST/threadx/ports/cortex_m7/gnu/inc/tx_port.h **** /*       This software is licensed under the Microsoft Software License   */
   6:Middlewares/ST/threadx/ports/cortex_m7/gnu/inc/tx_port.h **** /*       Terms for Microsoft Azure RTOS. Full text of the license can be  */
   7:Middlewares/ST/threadx/ports/cortex_m7/gnu/inc/tx_port.h **** /*       found in the LICENSE file at https://aka.ms/AzureRTOS_EULA       */
   8:Middlewares/ST/threadx/ports/cortex_m7/gnu/inc/tx_port.h **** /*       and in the root directory of this software.                      */
   9:Middlewares/ST/threadx/ports/cortex_m7/gnu/inc/tx_port.h **** /*                                                                        */
  10:Middlewares/ST/threadx/ports/cortex_m7/gnu/inc/tx_port.h **** /**************************************************************************/
  11:Middlewares/ST/threadx/ports/cortex_m7/gnu/inc/tx_port.h **** 
  12:Middlewares/ST/threadx/ports/cortex_m7/gnu/inc/tx_port.h **** 
  13:Middlewares/ST/threadx/ports/cortex_m7/gnu/inc/tx_port.h **** /**************************************************************************/
  14:Middlewares/ST/threadx/ports/cortex_m7/gnu/inc/tx_port.h **** /**************************************************************************/
  15:Middlewares/ST/threadx/ports/cortex_m7/gnu/inc/tx_port.h **** /**                                                                       */
  16:Middlewares/ST/threadx/ports/cortex_m7/gnu/inc/tx_port.h **** /** ThreadX Component                                                     */
  17:Middlewares/ST/threadx/ports/cortex_m7/gnu/inc/tx_port.h **** /**                                                                       */
  18:Middlewares/ST/threadx/ports/cortex_m7/gnu/inc/tx_port.h **** /**   Port Specific                                                       */
  19:Middlewares/ST/threadx/ports/cortex_m7/gnu/inc/tx_port.h **** /**                                                                       */
  20:Middlewares/ST/threadx/ports/cortex_m7/gnu/inc/tx_port.h **** /**************************************************************************/
  21:Middlewares/ST/threadx/ports/cortex_m7/gnu/inc/tx_port.h **** /**************************************************************************/
  22:Middlewares/ST/threadx/ports/cortex_m7/gnu/inc/tx_port.h **** 
  23:Middlewares/ST/threadx/ports/cortex_m7/gnu/inc/tx_port.h **** 
  24:Middlewares/ST/threadx/ports/cortex_m7/gnu/inc/tx_port.h **** /**************************************************************************/
  25:Middlewares/ST/threadx/ports/cortex_m7/gnu/inc/tx_port.h **** /*                                                                        */
  26:Middlewares/ST/threadx/ports/cortex_m7/gnu/inc/tx_port.h **** /*  PORT SPECIFIC C INFORMATION                            RELEASE        */
  27:Middlewares/ST/threadx/ports/cortex_m7/gnu/inc/tx_port.h **** /*                                                                        */
  28:Middlewares/ST/threadx/ports/cortex_m7/gnu/inc/tx_port.h **** /*    tx_port.h                                         Cortex-M7/GNU     */
  29:Middlewares/ST/threadx/ports/cortex_m7/gnu/inc/tx_port.h **** /*                                                           6.1.10       */
  30:Middlewares/ST/threadx/ports/cortex_m7/gnu/inc/tx_port.h **** /*                                                                        */
  31:Middlewares/ST/threadx/ports/cortex_m7/gnu/inc/tx_port.h **** /*  AUTHOR                                                                */
  32:Middlewares/ST/threadx/ports/cortex_m7/gnu/inc/tx_port.h **** /*                                                                        */
  33:Middlewares/ST/threadx/ports/cortex_m7/gnu/inc/tx_port.h **** /*    Scott Larson, Microsoft Corporation                                 */
  34:Middlewares/ST/threadx/ports/cortex_m7/gnu/inc/tx_port.h **** /*                                                                        */
  35:Middlewares/ST/threadx/ports/cortex_m7/gnu/inc/tx_port.h **** /*  DESCRIPTION                                                           */
  36:Middlewares/ST/threadx/ports/cortex_m7/gnu/inc/tx_port.h **** /*                                                                        */
  37:Middlewares/ST/threadx/ports/cortex_m7/gnu/inc/tx_port.h **** /*    This file contains data type definitions that make the ThreadX      */
  38:Middlewares/ST/threadx/ports/cortex_m7/gnu/inc/tx_port.h **** /*    real-time kernel function identically on a variety of different     */
  39:Middlewares/ST/threadx/ports/cortex_m7/gnu/inc/tx_port.h **** /*    processor architectures.  For example, the size or number of bits   */
  40:Middlewares/ST/threadx/ports/cortex_m7/gnu/inc/tx_port.h **** /*    in an "int" data type vary between microprocessor architectures and */
  41:Middlewares/ST/threadx/ports/cortex_m7/gnu/inc/tx_port.h **** /*    even C compilers for the same microprocessor.  ThreadX does not     */
  42:Middlewares/ST/threadx/ports/cortex_m7/gnu/inc/tx_port.h **** /*    directly use native C data types.  Instead, ThreadX creates its     */
  43:Middlewares/ST/threadx/ports/cortex_m7/gnu/inc/tx_port.h **** /*    own special types that can be mapped to actual data types by this   */
  44:Middlewares/ST/threadx/ports/cortex_m7/gnu/inc/tx_port.h **** /*    file to guarantee consistency in the interface and functionality.   */
  45:Middlewares/ST/threadx/ports/cortex_m7/gnu/inc/tx_port.h **** /*                                                                        */
  46:Middlewares/ST/threadx/ports/cortex_m7/gnu/inc/tx_port.h **** /*    This file replaces the previous Cortex-M3/M4/M7 files. It unifies   */
  47:Middlewares/ST/threadx/ports/cortex_m7/gnu/inc/tx_port.h **** /*    the ARMv7-M architecture and compilers into one common file.        */
  48:Middlewares/ST/threadx/ports/cortex_m7/gnu/inc/tx_port.h **** /*                                                                        */
  49:Middlewares/ST/threadx/ports/cortex_m7/gnu/inc/tx_port.h **** /*  RELEASE HISTORY                                                       */
  50:Middlewares/ST/threadx/ports/cortex_m7/gnu/inc/tx_port.h **** /*                                                                        */
  51:Middlewares/ST/threadx/ports/cortex_m7/gnu/inc/tx_port.h **** /*    DATE              NAME                      DESCRIPTION             */
  52:Middlewares/ST/threadx/ports/cortex_m7/gnu/inc/tx_port.h **** /*                                                                        */
  53:Middlewares/ST/threadx/ports/cortex_m7/gnu/inc/tx_port.h **** /*  06-02-2021      Scott Larson            Initial Version 6.1.7         */
  54:Middlewares/ST/threadx/ports/cortex_m7/gnu/inc/tx_port.h **** /*  01-31-2022      Scott Larson            Modified comments, updated    */
  55:Middlewares/ST/threadx/ports/cortex_m7/gnu/inc/tx_port.h **** /*                                            typedef to fix misra        */
  56:Middlewares/ST/threadx/ports/cortex_m7/gnu/inc/tx_port.h **** /*                                            violation,                  */
  57:Middlewares/ST/threadx/ports/cortex_m7/gnu/inc/tx_port.h **** /*                                            fixed predefined macro,     */
ARM GAS  /tmp/ccQyBBcc.s 			page 5


  58:Middlewares/ST/threadx/ports/cortex_m7/gnu/inc/tx_port.h **** /*                                            resulting in version 6.1.10 */
  59:Middlewares/ST/threadx/ports/cortex_m7/gnu/inc/tx_port.h **** /*                                                                        */
  60:Middlewares/ST/threadx/ports/cortex_m7/gnu/inc/tx_port.h **** /**************************************************************************/
  61:Middlewares/ST/threadx/ports/cortex_m7/gnu/inc/tx_port.h **** 
  62:Middlewares/ST/threadx/ports/cortex_m7/gnu/inc/tx_port.h **** #ifndef TX_PORT_H
  63:Middlewares/ST/threadx/ports/cortex_m7/gnu/inc/tx_port.h **** #define TX_PORT_H
  64:Middlewares/ST/threadx/ports/cortex_m7/gnu/inc/tx_port.h **** 
  65:Middlewares/ST/threadx/ports/cortex_m7/gnu/inc/tx_port.h **** 
  66:Middlewares/ST/threadx/ports/cortex_m7/gnu/inc/tx_port.h **** /* Determine if the optional ThreadX user define file should be used.  */
  67:Middlewares/ST/threadx/ports/cortex_m7/gnu/inc/tx_port.h **** 
  68:Middlewares/ST/threadx/ports/cortex_m7/gnu/inc/tx_port.h **** #ifdef TX_INCLUDE_USER_DEFINE_FILE
  69:Middlewares/ST/threadx/ports/cortex_m7/gnu/inc/tx_port.h **** 
  70:Middlewares/ST/threadx/ports/cortex_m7/gnu/inc/tx_port.h **** /* Yes, include the user defines in tx_user.h. The defines in this file may
  71:Middlewares/ST/threadx/ports/cortex_m7/gnu/inc/tx_port.h ****    alternately be defined on the command line.  */
  72:Middlewares/ST/threadx/ports/cortex_m7/gnu/inc/tx_port.h **** 
  73:Middlewares/ST/threadx/ports/cortex_m7/gnu/inc/tx_port.h **** #include "tx_user.h"
  74:Middlewares/ST/threadx/ports/cortex_m7/gnu/inc/tx_port.h **** #endif
  75:Middlewares/ST/threadx/ports/cortex_m7/gnu/inc/tx_port.h **** 
  76:Middlewares/ST/threadx/ports/cortex_m7/gnu/inc/tx_port.h **** 
  77:Middlewares/ST/threadx/ports/cortex_m7/gnu/inc/tx_port.h **** /* Define compiler library include files.  */
  78:Middlewares/ST/threadx/ports/cortex_m7/gnu/inc/tx_port.h **** 
  79:Middlewares/ST/threadx/ports/cortex_m7/gnu/inc/tx_port.h **** #include <stdlib.h>
  80:Middlewares/ST/threadx/ports/cortex_m7/gnu/inc/tx_port.h **** #include <string.h>
  81:Middlewares/ST/threadx/ports/cortex_m7/gnu/inc/tx_port.h **** 
  82:Middlewares/ST/threadx/ports/cortex_m7/gnu/inc/tx_port.h **** #ifdef __ICCARM__
  83:Middlewares/ST/threadx/ports/cortex_m7/gnu/inc/tx_port.h **** #include <intrinsics.h>                     /* IAR Intrinsics */
  84:Middlewares/ST/threadx/ports/cortex_m7/gnu/inc/tx_port.h **** #define __asm__ __asm                       /* Define to make all inline asm look similar */
  85:Middlewares/ST/threadx/ports/cortex_m7/gnu/inc/tx_port.h **** #ifdef  TX_ENABLE_IAR_LIBRARY_SUPPORT
  86:Middlewares/ST/threadx/ports/cortex_m7/gnu/inc/tx_port.h **** #include <yvals.h>
  87:Middlewares/ST/threadx/ports/cortex_m7/gnu/inc/tx_port.h **** #endif
  88:Middlewares/ST/threadx/ports/cortex_m7/gnu/inc/tx_port.h **** #endif /* __ICCARM__ */
  89:Middlewares/ST/threadx/ports/cortex_m7/gnu/inc/tx_port.h **** 
  90:Middlewares/ST/threadx/ports/cortex_m7/gnu/inc/tx_port.h **** #ifdef __ghs__
  91:Middlewares/ST/threadx/ports/cortex_m7/gnu/inc/tx_port.h **** #include <arm_ghs.h>
  92:Middlewares/ST/threadx/ports/cortex_m7/gnu/inc/tx_port.h **** #include "tx_ghs.h"
  93:Middlewares/ST/threadx/ports/cortex_m7/gnu/inc/tx_port.h **** #endif  /* __ghs__ */
  94:Middlewares/ST/threadx/ports/cortex_m7/gnu/inc/tx_port.h **** 
  95:Middlewares/ST/threadx/ports/cortex_m7/gnu/inc/tx_port.h **** 
  96:Middlewares/ST/threadx/ports/cortex_m7/gnu/inc/tx_port.h **** #if !defined(__GNUC__) && !defined(__CC_ARM)
  97:Middlewares/ST/threadx/ports/cortex_m7/gnu/inc/tx_port.h **** #define __get_control_value __get_CONTROL
  98:Middlewares/ST/threadx/ports/cortex_m7/gnu/inc/tx_port.h **** #define __set_control_value __set_CONTROL
  99:Middlewares/ST/threadx/ports/cortex_m7/gnu/inc/tx_port.h **** #endif
 100:Middlewares/ST/threadx/ports/cortex_m7/gnu/inc/tx_port.h **** 
 101:Middlewares/ST/threadx/ports/cortex_m7/gnu/inc/tx_port.h **** #ifndef __GNUC__
 102:Middlewares/ST/threadx/ports/cortex_m7/gnu/inc/tx_port.h **** #define __get_ipsr_value __get_IPSR
 103:Middlewares/ST/threadx/ports/cortex_m7/gnu/inc/tx_port.h **** #endif
 104:Middlewares/ST/threadx/ports/cortex_m7/gnu/inc/tx_port.h **** 
 105:Middlewares/ST/threadx/ports/cortex_m7/gnu/inc/tx_port.h **** /* Define ThreadX basic types for this port.  */
 106:Middlewares/ST/threadx/ports/cortex_m7/gnu/inc/tx_port.h **** 
 107:Middlewares/ST/threadx/ports/cortex_m7/gnu/inc/tx_port.h **** #define VOID                                    void
 108:Middlewares/ST/threadx/ports/cortex_m7/gnu/inc/tx_port.h **** typedef char                                    CHAR;
 109:Middlewares/ST/threadx/ports/cortex_m7/gnu/inc/tx_port.h **** typedef unsigned char                           UCHAR;
 110:Middlewares/ST/threadx/ports/cortex_m7/gnu/inc/tx_port.h **** typedef int                                     INT;
 111:Middlewares/ST/threadx/ports/cortex_m7/gnu/inc/tx_port.h **** typedef unsigned int                            UINT;
 112:Middlewares/ST/threadx/ports/cortex_m7/gnu/inc/tx_port.h **** typedef long                                    LONG;
 113:Middlewares/ST/threadx/ports/cortex_m7/gnu/inc/tx_port.h **** typedef unsigned long                           ULONG;
 114:Middlewares/ST/threadx/ports/cortex_m7/gnu/inc/tx_port.h **** typedef unsigned long long                      ULONG64;
ARM GAS  /tmp/ccQyBBcc.s 			page 6


 115:Middlewares/ST/threadx/ports/cortex_m7/gnu/inc/tx_port.h **** typedef short                                   SHORT;
 116:Middlewares/ST/threadx/ports/cortex_m7/gnu/inc/tx_port.h **** typedef unsigned short                          USHORT;
 117:Middlewares/ST/threadx/ports/cortex_m7/gnu/inc/tx_port.h **** #define ULONG64_DEFINED
 118:Middlewares/ST/threadx/ports/cortex_m7/gnu/inc/tx_port.h **** 
 119:Middlewares/ST/threadx/ports/cortex_m7/gnu/inc/tx_port.h **** /* Define the priority levels for ThreadX.  Legal values range
 120:Middlewares/ST/threadx/ports/cortex_m7/gnu/inc/tx_port.h ****    from 32 to 1024 and MUST be evenly divisible by 32.  */
 121:Middlewares/ST/threadx/ports/cortex_m7/gnu/inc/tx_port.h **** 
 122:Middlewares/ST/threadx/ports/cortex_m7/gnu/inc/tx_port.h **** #ifndef TX_MAX_PRIORITIES
 123:Middlewares/ST/threadx/ports/cortex_m7/gnu/inc/tx_port.h **** #define TX_MAX_PRIORITIES                       32
 124:Middlewares/ST/threadx/ports/cortex_m7/gnu/inc/tx_port.h **** #endif
 125:Middlewares/ST/threadx/ports/cortex_m7/gnu/inc/tx_port.h **** 
 126:Middlewares/ST/threadx/ports/cortex_m7/gnu/inc/tx_port.h **** 
 127:Middlewares/ST/threadx/ports/cortex_m7/gnu/inc/tx_port.h **** /* Define the minimum stack for a ThreadX thread on this processor. If the size supplied during
 128:Middlewares/ST/threadx/ports/cortex_m7/gnu/inc/tx_port.h ****    thread creation is less than this value, the thread create call will return an error.  */
 129:Middlewares/ST/threadx/ports/cortex_m7/gnu/inc/tx_port.h **** 
 130:Middlewares/ST/threadx/ports/cortex_m7/gnu/inc/tx_port.h **** #ifndef TX_MINIMUM_STACK
 131:Middlewares/ST/threadx/ports/cortex_m7/gnu/inc/tx_port.h **** #define TX_MINIMUM_STACK                        200         /* Minimum stack size for this port  */
 132:Middlewares/ST/threadx/ports/cortex_m7/gnu/inc/tx_port.h **** #endif
 133:Middlewares/ST/threadx/ports/cortex_m7/gnu/inc/tx_port.h **** 
 134:Middlewares/ST/threadx/ports/cortex_m7/gnu/inc/tx_port.h **** 
 135:Middlewares/ST/threadx/ports/cortex_m7/gnu/inc/tx_port.h **** /* Define the system timer thread's default stack size and priority.  These are only applicable
 136:Middlewares/ST/threadx/ports/cortex_m7/gnu/inc/tx_port.h ****    if TX_TIMER_PROCESS_IN_ISR is not defined.  */
 137:Middlewares/ST/threadx/ports/cortex_m7/gnu/inc/tx_port.h **** 
 138:Middlewares/ST/threadx/ports/cortex_m7/gnu/inc/tx_port.h **** #ifndef TX_TIMER_THREAD_STACK_SIZE
 139:Middlewares/ST/threadx/ports/cortex_m7/gnu/inc/tx_port.h **** #define TX_TIMER_THREAD_STACK_SIZE              1024        /* Default timer thread stack size  */
 140:Middlewares/ST/threadx/ports/cortex_m7/gnu/inc/tx_port.h **** #endif
 141:Middlewares/ST/threadx/ports/cortex_m7/gnu/inc/tx_port.h **** 
 142:Middlewares/ST/threadx/ports/cortex_m7/gnu/inc/tx_port.h **** #ifndef TX_TIMER_THREAD_PRIORITY
 143:Middlewares/ST/threadx/ports/cortex_m7/gnu/inc/tx_port.h **** #define TX_TIMER_THREAD_PRIORITY                0           /* Default timer thread priority    */
 144:Middlewares/ST/threadx/ports/cortex_m7/gnu/inc/tx_port.h **** #endif
 145:Middlewares/ST/threadx/ports/cortex_m7/gnu/inc/tx_port.h **** 
 146:Middlewares/ST/threadx/ports/cortex_m7/gnu/inc/tx_port.h **** 
 147:Middlewares/ST/threadx/ports/cortex_m7/gnu/inc/tx_port.h **** /* Define various constants for the ThreadX Cortex-M port.  */
 148:Middlewares/ST/threadx/ports/cortex_m7/gnu/inc/tx_port.h **** 
 149:Middlewares/ST/threadx/ports/cortex_m7/gnu/inc/tx_port.h **** #define TX_INT_DISABLE                          1           /* Disable interrupts               */
 150:Middlewares/ST/threadx/ports/cortex_m7/gnu/inc/tx_port.h **** #define TX_INT_ENABLE                           0           /* Enable interrupts                */
 151:Middlewares/ST/threadx/ports/cortex_m7/gnu/inc/tx_port.h **** 
 152:Middlewares/ST/threadx/ports/cortex_m7/gnu/inc/tx_port.h **** 
 153:Middlewares/ST/threadx/ports/cortex_m7/gnu/inc/tx_port.h **** /* Define the clock source for trace event entry time stamp. The following two item are port specif
 154:Middlewares/ST/threadx/ports/cortex_m7/gnu/inc/tx_port.h ****    For example, if the time source is at the address 0x0a800024 and is 16-bits in size, the clock
 155:Middlewares/ST/threadx/ports/cortex_m7/gnu/inc/tx_port.h ****    source constants would be:
 156:Middlewares/ST/threadx/ports/cortex_m7/gnu/inc/tx_port.h **** 
 157:Middlewares/ST/threadx/ports/cortex_m7/gnu/inc/tx_port.h **** #define TX_TRACE_TIME_SOURCE                    *((ULONG *) 0x0a800024)
 158:Middlewares/ST/threadx/ports/cortex_m7/gnu/inc/tx_port.h **** #define TX_TRACE_TIME_MASK                      0x0000FFFFUL
 159:Middlewares/ST/threadx/ports/cortex_m7/gnu/inc/tx_port.h **** 
 160:Middlewares/ST/threadx/ports/cortex_m7/gnu/inc/tx_port.h **** */
 161:Middlewares/ST/threadx/ports/cortex_m7/gnu/inc/tx_port.h **** 
 162:Middlewares/ST/threadx/ports/cortex_m7/gnu/inc/tx_port.h **** #ifndef TX_MISRA_ENABLE
 163:Middlewares/ST/threadx/ports/cortex_m7/gnu/inc/tx_port.h **** #ifndef TX_TRACE_TIME_SOURCE
 164:Middlewares/ST/threadx/ports/cortex_m7/gnu/inc/tx_port.h **** #define TX_TRACE_TIME_SOURCE                    *((ULONG *) 0xE0001004)
 165:Middlewares/ST/threadx/ports/cortex_m7/gnu/inc/tx_port.h **** #endif
 166:Middlewares/ST/threadx/ports/cortex_m7/gnu/inc/tx_port.h **** #else
 167:Middlewares/ST/threadx/ports/cortex_m7/gnu/inc/tx_port.h **** ULONG   _tx_misra_time_stamp_get(VOID);
 168:Middlewares/ST/threadx/ports/cortex_m7/gnu/inc/tx_port.h **** #define TX_TRACE_TIME_SOURCE                    _tx_misra_time_stamp_get()
 169:Middlewares/ST/threadx/ports/cortex_m7/gnu/inc/tx_port.h **** #endif
 170:Middlewares/ST/threadx/ports/cortex_m7/gnu/inc/tx_port.h **** 
 171:Middlewares/ST/threadx/ports/cortex_m7/gnu/inc/tx_port.h **** #ifndef TX_TRACE_TIME_MASK
ARM GAS  /tmp/ccQyBBcc.s 			page 7


 172:Middlewares/ST/threadx/ports/cortex_m7/gnu/inc/tx_port.h **** #define TX_TRACE_TIME_MASK                      0xFFFFFFFFUL
 173:Middlewares/ST/threadx/ports/cortex_m7/gnu/inc/tx_port.h **** #endif
 174:Middlewares/ST/threadx/ports/cortex_m7/gnu/inc/tx_port.h **** 
 175:Middlewares/ST/threadx/ports/cortex_m7/gnu/inc/tx_port.h **** #ifdef __ghs__
 176:Middlewares/ST/threadx/ports/cortex_m7/gnu/inc/tx_port.h **** /* Define constants for Green Hills EventAnalyzer.  */
 177:Middlewares/ST/threadx/ports/cortex_m7/gnu/inc/tx_port.h **** 
 178:Middlewares/ST/threadx/ports/cortex_m7/gnu/inc/tx_port.h **** /* Define the number of ticks per second. This informs the EventAnalyzer what the timestamps
 179:Middlewares/ST/threadx/ports/cortex_m7/gnu/inc/tx_port.h ****    represent.  By default, this is set to 1,000,000 i.e., one tick every microsecond. */
 180:Middlewares/ST/threadx/ports/cortex_m7/gnu/inc/tx_port.h **** 
 181:Middlewares/ST/threadx/ports/cortex_m7/gnu/inc/tx_port.h **** #define TX_EL_TICKS_PER_SECOND                  1000000
 182:Middlewares/ST/threadx/ports/cortex_m7/gnu/inc/tx_port.h **** 
 183:Middlewares/ST/threadx/ports/cortex_m7/gnu/inc/tx_port.h **** /* Define the method of how to get the upper and lower 32-bits of the time stamp. By default, simpl
 184:Middlewares/ST/threadx/ports/cortex_m7/gnu/inc/tx_port.h ****    simulate the time-stamp source with a counter.  */
 185:Middlewares/ST/threadx/ports/cortex_m7/gnu/inc/tx_port.h **** 
 186:Middlewares/ST/threadx/ports/cortex_m7/gnu/inc/tx_port.h **** #define read_tbu()                              _tx_el_time_base_upper
 187:Middlewares/ST/threadx/ports/cortex_m7/gnu/inc/tx_port.h **** #define read_tbl()                              ++_tx_el_time_base_lower
 188:Middlewares/ST/threadx/ports/cortex_m7/gnu/inc/tx_port.h **** #endif  /* __ghs__ */
 189:Middlewares/ST/threadx/ports/cortex_m7/gnu/inc/tx_port.h **** 
 190:Middlewares/ST/threadx/ports/cortex_m7/gnu/inc/tx_port.h **** /* Define the port specific options for the _tx_build_options variable. This variable indicates
 191:Middlewares/ST/threadx/ports/cortex_m7/gnu/inc/tx_port.h ****    how the ThreadX library was built.  */
 192:Middlewares/ST/threadx/ports/cortex_m7/gnu/inc/tx_port.h **** 
 193:Middlewares/ST/threadx/ports/cortex_m7/gnu/inc/tx_port.h **** #define TX_PORT_SPECIFIC_BUILD_OPTIONS          (0)
 194:Middlewares/ST/threadx/ports/cortex_m7/gnu/inc/tx_port.h **** 
 195:Middlewares/ST/threadx/ports/cortex_m7/gnu/inc/tx_port.h **** 
 196:Middlewares/ST/threadx/ports/cortex_m7/gnu/inc/tx_port.h **** /* Define the in-line initialization constant so that modules with in-line
 197:Middlewares/ST/threadx/ports/cortex_m7/gnu/inc/tx_port.h ****    initialization capabilities can prevent their initialization from being
 198:Middlewares/ST/threadx/ports/cortex_m7/gnu/inc/tx_port.h ****    a function call.  */
 199:Middlewares/ST/threadx/ports/cortex_m7/gnu/inc/tx_port.h **** 
 200:Middlewares/ST/threadx/ports/cortex_m7/gnu/inc/tx_port.h **** #ifdef TX_MISRA_ENABLE
 201:Middlewares/ST/threadx/ports/cortex_m7/gnu/inc/tx_port.h **** #define TX_DISABLE_INLINE
 202:Middlewares/ST/threadx/ports/cortex_m7/gnu/inc/tx_port.h **** #else
 203:Middlewares/ST/threadx/ports/cortex_m7/gnu/inc/tx_port.h **** #define TX_INLINE_INITIALIZATION
 204:Middlewares/ST/threadx/ports/cortex_m7/gnu/inc/tx_port.h **** #endif
 205:Middlewares/ST/threadx/ports/cortex_m7/gnu/inc/tx_port.h **** 
 206:Middlewares/ST/threadx/ports/cortex_m7/gnu/inc/tx_port.h **** 
 207:Middlewares/ST/threadx/ports/cortex_m7/gnu/inc/tx_port.h **** /* Determine whether or not stack checking is enabled. By default, ThreadX stack checking is
 208:Middlewares/ST/threadx/ports/cortex_m7/gnu/inc/tx_port.h ****    disabled. When the following is defined, ThreadX thread stack checking is enabled.  If stack
 209:Middlewares/ST/threadx/ports/cortex_m7/gnu/inc/tx_port.h ****    checking is enabled (TX_ENABLE_STACK_CHECKING is defined), the TX_DISABLE_STACK_FILLING
 210:Middlewares/ST/threadx/ports/cortex_m7/gnu/inc/tx_port.h ****    define is negated, thereby forcing the stack fill which is necessary for the stack checking
 211:Middlewares/ST/threadx/ports/cortex_m7/gnu/inc/tx_port.h ****    logic.  */
 212:Middlewares/ST/threadx/ports/cortex_m7/gnu/inc/tx_port.h **** 
 213:Middlewares/ST/threadx/ports/cortex_m7/gnu/inc/tx_port.h **** #ifndef TX_MISRA_ENABLE
 214:Middlewares/ST/threadx/ports/cortex_m7/gnu/inc/tx_port.h **** #ifdef TX_ENABLE_STACK_CHECKING
 215:Middlewares/ST/threadx/ports/cortex_m7/gnu/inc/tx_port.h **** #undef TX_DISABLE_STACK_FILLING
 216:Middlewares/ST/threadx/ports/cortex_m7/gnu/inc/tx_port.h **** #endif
 217:Middlewares/ST/threadx/ports/cortex_m7/gnu/inc/tx_port.h **** #endif
 218:Middlewares/ST/threadx/ports/cortex_m7/gnu/inc/tx_port.h **** 
 219:Middlewares/ST/threadx/ports/cortex_m7/gnu/inc/tx_port.h **** 
 220:Middlewares/ST/threadx/ports/cortex_m7/gnu/inc/tx_port.h **** /* Define the TX_THREAD control block extensions for this port. The main reason
 221:Middlewares/ST/threadx/ports/cortex_m7/gnu/inc/tx_port.h ****    for the multiple macros is so that backward compatibility can be maintained with
 222:Middlewares/ST/threadx/ports/cortex_m7/gnu/inc/tx_port.h ****    existing ThreadX kernel awareness modules.  */
 223:Middlewares/ST/threadx/ports/cortex_m7/gnu/inc/tx_port.h **** 
 224:Middlewares/ST/threadx/ports/cortex_m7/gnu/inc/tx_port.h **** #define TX_THREAD_EXTENSION_0
 225:Middlewares/ST/threadx/ports/cortex_m7/gnu/inc/tx_port.h **** #define TX_THREAD_EXTENSION_1
 226:Middlewares/ST/threadx/ports/cortex_m7/gnu/inc/tx_port.h **** #ifdef  TX_ENABLE_IAR_LIBRARY_SUPPORT
 227:Middlewares/ST/threadx/ports/cortex_m7/gnu/inc/tx_port.h **** #define TX_THREAD_EXTENSION_2           VOID    *tx_thread_iar_tls_pointer;
 228:Middlewares/ST/threadx/ports/cortex_m7/gnu/inc/tx_port.h **** #elif defined(__ghs__)
ARM GAS  /tmp/ccQyBBcc.s 			page 8


 229:Middlewares/ST/threadx/ports/cortex_m7/gnu/inc/tx_port.h **** #define TX_THREAD_EXTENSION_2           VOID *  tx_thread_eh_globals;                           \
 230:Middlewares/ST/threadx/ports/cortex_m7/gnu/inc/tx_port.h ****                                         int     Errno;             /* errno.  */                \
 231:Middlewares/ST/threadx/ports/cortex_m7/gnu/inc/tx_port.h ****                                         char *  strtok_saved_pos;  /* strtok() position.  */
 232:Middlewares/ST/threadx/ports/cortex_m7/gnu/inc/tx_port.h **** #else
 233:Middlewares/ST/threadx/ports/cortex_m7/gnu/inc/tx_port.h **** #define TX_THREAD_EXTENSION_2
 234:Middlewares/ST/threadx/ports/cortex_m7/gnu/inc/tx_port.h **** #endif
 235:Middlewares/ST/threadx/ports/cortex_m7/gnu/inc/tx_port.h **** 
 236:Middlewares/ST/threadx/ports/cortex_m7/gnu/inc/tx_port.h **** 
 237:Middlewares/ST/threadx/ports/cortex_m7/gnu/inc/tx_port.h **** #define TX_THREAD_EXTENSION_3
 238:Middlewares/ST/threadx/ports/cortex_m7/gnu/inc/tx_port.h **** 
 239:Middlewares/ST/threadx/ports/cortex_m7/gnu/inc/tx_port.h **** 
 240:Middlewares/ST/threadx/ports/cortex_m7/gnu/inc/tx_port.h **** 
 241:Middlewares/ST/threadx/ports/cortex_m7/gnu/inc/tx_port.h **** /* Define the port extensions of the remaining ThreadX objects.  */
 242:Middlewares/ST/threadx/ports/cortex_m7/gnu/inc/tx_port.h **** 
 243:Middlewares/ST/threadx/ports/cortex_m7/gnu/inc/tx_port.h **** #define TX_BLOCK_POOL_EXTENSION
 244:Middlewares/ST/threadx/ports/cortex_m7/gnu/inc/tx_port.h **** #define TX_BYTE_POOL_EXTENSION
 245:Middlewares/ST/threadx/ports/cortex_m7/gnu/inc/tx_port.h **** #define TX_EVENT_FLAGS_GROUP_EXTENSION
 246:Middlewares/ST/threadx/ports/cortex_m7/gnu/inc/tx_port.h **** #define TX_MUTEX_EXTENSION
 247:Middlewares/ST/threadx/ports/cortex_m7/gnu/inc/tx_port.h **** #define TX_QUEUE_EXTENSION
 248:Middlewares/ST/threadx/ports/cortex_m7/gnu/inc/tx_port.h **** #define TX_SEMAPHORE_EXTENSION
 249:Middlewares/ST/threadx/ports/cortex_m7/gnu/inc/tx_port.h **** #define TX_TIMER_EXTENSION
 250:Middlewares/ST/threadx/ports/cortex_m7/gnu/inc/tx_port.h **** 
 251:Middlewares/ST/threadx/ports/cortex_m7/gnu/inc/tx_port.h **** 
 252:Middlewares/ST/threadx/ports/cortex_m7/gnu/inc/tx_port.h **** /* Define the user extension field of the thread control block.  Nothing
 253:Middlewares/ST/threadx/ports/cortex_m7/gnu/inc/tx_port.h ****    additional is needed for this port so it is defined as white space.  */
 254:Middlewares/ST/threadx/ports/cortex_m7/gnu/inc/tx_port.h **** 
 255:Middlewares/ST/threadx/ports/cortex_m7/gnu/inc/tx_port.h **** #ifndef TX_THREAD_USER_EXTENSION
 256:Middlewares/ST/threadx/ports/cortex_m7/gnu/inc/tx_port.h **** #define TX_THREAD_USER_EXTENSION
 257:Middlewares/ST/threadx/ports/cortex_m7/gnu/inc/tx_port.h **** #endif
 258:Middlewares/ST/threadx/ports/cortex_m7/gnu/inc/tx_port.h **** 
 259:Middlewares/ST/threadx/ports/cortex_m7/gnu/inc/tx_port.h **** 
 260:Middlewares/ST/threadx/ports/cortex_m7/gnu/inc/tx_port.h **** /* Define the macros for processing extensions in tx_thread_create, tx_thread_delete,
 261:Middlewares/ST/threadx/ports/cortex_m7/gnu/inc/tx_port.h ****    tx_thread_shell_entry, and tx_thread_terminate.  */
 262:Middlewares/ST/threadx/ports/cortex_m7/gnu/inc/tx_port.h **** 
 263:Middlewares/ST/threadx/ports/cortex_m7/gnu/inc/tx_port.h **** 
 264:Middlewares/ST/threadx/ports/cortex_m7/gnu/inc/tx_port.h **** #ifdef  TX_ENABLE_IAR_LIBRARY_SUPPORT
 265:Middlewares/ST/threadx/ports/cortex_m7/gnu/inc/tx_port.h **** #if (__VER__ < 8000000)
 266:Middlewares/ST/threadx/ports/cortex_m7/gnu/inc/tx_port.h **** #define TX_THREAD_CREATE_EXTENSION(thread_ptr)                      thread_ptr -> tx_thread_iar_tls
 267:Middlewares/ST/threadx/ports/cortex_m7/gnu/inc/tx_port.h **** #define TX_THREAD_DELETE_EXTENSION(thread_ptr)                      __iar_dlib_perthread_deallocate
 268:Middlewares/ST/threadx/ports/cortex_m7/gnu/inc/tx_port.h ****                                                                     thread_ptr -> tx_thread_iar_tls
 269:Middlewares/ST/threadx/ports/cortex_m7/gnu/inc/tx_port.h **** #define TX_PORT_SPECIFIC_PRE_SCHEDULER_INITIALIZATION               __iar_dlib_perthread_access(0);
 270:Middlewares/ST/threadx/ports/cortex_m7/gnu/inc/tx_port.h **** #else
 271:Middlewares/ST/threadx/ports/cortex_m7/gnu/inc/tx_port.h **** void    *_tx_iar_create_per_thread_tls_area(void);
 272:Middlewares/ST/threadx/ports/cortex_m7/gnu/inc/tx_port.h **** void    _tx_iar_destroy_per_thread_tls_area(void *tls_ptr);
 273:Middlewares/ST/threadx/ports/cortex_m7/gnu/inc/tx_port.h **** void    __iar_Initlocks(void);
 274:Middlewares/ST/threadx/ports/cortex_m7/gnu/inc/tx_port.h **** 
 275:Middlewares/ST/threadx/ports/cortex_m7/gnu/inc/tx_port.h **** #define TX_THREAD_CREATE_EXTENSION(thread_ptr)                      thread_ptr -> tx_thread_iar_tls
 276:Middlewares/ST/threadx/ports/cortex_m7/gnu/inc/tx_port.h **** #define TX_THREAD_DELETE_EXTENSION(thread_ptr)                      do {_tx_iar_destroy_per_thread_
 277:Middlewares/ST/threadx/ports/cortex_m7/gnu/inc/tx_port.h ****                                                                         thread_ptr -> tx_thread_iar
 278:Middlewares/ST/threadx/ports/cortex_m7/gnu/inc/tx_port.h **** #define TX_PORT_SPECIFIC_PRE_SCHEDULER_INITIALIZATION               do {__iar_Initlocks();} while(0
 279:Middlewares/ST/threadx/ports/cortex_m7/gnu/inc/tx_port.h **** #endif
 280:Middlewares/ST/threadx/ports/cortex_m7/gnu/inc/tx_port.h **** #else
 281:Middlewares/ST/threadx/ports/cortex_m7/gnu/inc/tx_port.h **** #define TX_THREAD_CREATE_EXTENSION(thread_ptr)
 282:Middlewares/ST/threadx/ports/cortex_m7/gnu/inc/tx_port.h **** #define TX_THREAD_DELETE_EXTENSION(thread_ptr)
 283:Middlewares/ST/threadx/ports/cortex_m7/gnu/inc/tx_port.h **** #endif
 284:Middlewares/ST/threadx/ports/cortex_m7/gnu/inc/tx_port.h **** 
 285:Middlewares/ST/threadx/ports/cortex_m7/gnu/inc/tx_port.h **** #if defined(__ARMVFP__) || defined(__ARM_PCS_VFP) || defined(__ARM_FP) || defined(__TARGET_FPU_VFP)
ARM GAS  /tmp/ccQyBBcc.s 			page 9


 286:Middlewares/ST/threadx/ports/cortex_m7/gnu/inc/tx_port.h **** 
 287:Middlewares/ST/threadx/ports/cortex_m7/gnu/inc/tx_port.h **** #ifdef TX_MISRA_ENABLE
 288:Middlewares/ST/threadx/ports/cortex_m7/gnu/inc/tx_port.h **** 
 289:Middlewares/ST/threadx/ports/cortex_m7/gnu/inc/tx_port.h **** ULONG  _tx_misra_control_get(void);
 290:Middlewares/ST/threadx/ports/cortex_m7/gnu/inc/tx_port.h **** void   _tx_misra_control_set(ULONG value);
 291:Middlewares/ST/threadx/ports/cortex_m7/gnu/inc/tx_port.h **** ULONG  _tx_misra_fpccr_get(void);
 292:Middlewares/ST/threadx/ports/cortex_m7/gnu/inc/tx_port.h **** void   _tx_misra_vfp_touch(void);
 293:Middlewares/ST/threadx/ports/cortex_m7/gnu/inc/tx_port.h **** 
 294:Middlewares/ST/threadx/ports/cortex_m7/gnu/inc/tx_port.h **** #else   /* TX_MISRA_ENABLE not defined */
 295:Middlewares/ST/threadx/ports/cortex_m7/gnu/inc/tx_port.h **** 
 296:Middlewares/ST/threadx/ports/cortex_m7/gnu/inc/tx_port.h **** /* Define some helper functions (these are intrinsics in some compilers). */
 297:Middlewares/ST/threadx/ports/cortex_m7/gnu/inc/tx_port.h **** #ifdef __GNUC__ /* GCC and ARM Compiler 6 */
 298:Middlewares/ST/threadx/ports/cortex_m7/gnu/inc/tx_port.h **** 
 299:Middlewares/ST/threadx/ports/cortex_m7/gnu/inc/tx_port.h **** __attribute__( ( always_inline ) ) static inline ULONG __get_control_value(void)
 300:Middlewares/ST/threadx/ports/cortex_m7/gnu/inc/tx_port.h **** {
 301:Middlewares/ST/threadx/ports/cortex_m7/gnu/inc/tx_port.h **** ULONG  control_value;
 302:Middlewares/ST/threadx/ports/cortex_m7/gnu/inc/tx_port.h **** 
 303:Middlewares/ST/threadx/ports/cortex_m7/gnu/inc/tx_port.h ****     __asm__ volatile (" MRS  %0,CONTROL ": "=r" (control_value) );
 304:Middlewares/ST/threadx/ports/cortex_m7/gnu/inc/tx_port.h ****     return(control_value);
 305:Middlewares/ST/threadx/ports/cortex_m7/gnu/inc/tx_port.h **** }
 306:Middlewares/ST/threadx/ports/cortex_m7/gnu/inc/tx_port.h **** 
 307:Middlewares/ST/threadx/ports/cortex_m7/gnu/inc/tx_port.h **** __attribute__( ( always_inline ) ) static inline void __set_control_value(ULONG control_value)
 308:Middlewares/ST/threadx/ports/cortex_m7/gnu/inc/tx_port.h **** {
 309:Middlewares/ST/threadx/ports/cortex_m7/gnu/inc/tx_port.h ****     __asm__ volatile (" MSR  CONTROL,%0": : "r" (control_value): "memory" );
 310:Middlewares/ST/threadx/ports/cortex_m7/gnu/inc/tx_port.h **** }
 311:Middlewares/ST/threadx/ports/cortex_m7/gnu/inc/tx_port.h **** 
 312:Middlewares/ST/threadx/ports/cortex_m7/gnu/inc/tx_port.h **** #define TX_VFP_TOUCH()  __asm__ volatile ("VMOV.F32 s0, s0");
 313:Middlewares/ST/threadx/ports/cortex_m7/gnu/inc/tx_port.h **** 
 314:Middlewares/ST/threadx/ports/cortex_m7/gnu/inc/tx_port.h **** #elif defined(__CC_ARM) /* ARM Compiler 5 */
 315:Middlewares/ST/threadx/ports/cortex_m7/gnu/inc/tx_port.h **** 
 316:Middlewares/ST/threadx/ports/cortex_m7/gnu/inc/tx_port.h **** __attribute__( ( always_inline ) ) ULONG __get_control_value(void)
 317:Middlewares/ST/threadx/ports/cortex_m7/gnu/inc/tx_port.h **** {
 318:Middlewares/ST/threadx/ports/cortex_m7/gnu/inc/tx_port.h **** ULONG  control_value;
 319:Middlewares/ST/threadx/ports/cortex_m7/gnu/inc/tx_port.h **** 
 320:Middlewares/ST/threadx/ports/cortex_m7/gnu/inc/tx_port.h ****     __asm volatile ("MRS control_value,CONTROL");
 321:Middlewares/ST/threadx/ports/cortex_m7/gnu/inc/tx_port.h ****     return(control_value);
 322:Middlewares/ST/threadx/ports/cortex_m7/gnu/inc/tx_port.h **** }
 323:Middlewares/ST/threadx/ports/cortex_m7/gnu/inc/tx_port.h **** 
 324:Middlewares/ST/threadx/ports/cortex_m7/gnu/inc/tx_port.h **** __attribute__( ( always_inline ) ) void __set_control_value(ULONG control_value)
 325:Middlewares/ST/threadx/ports/cortex_m7/gnu/inc/tx_port.h **** {
 326:Middlewares/ST/threadx/ports/cortex_m7/gnu/inc/tx_port.h ****     __asm__ volatile ("MSR CONTROL,control_value");
 327:Middlewares/ST/threadx/ports/cortex_m7/gnu/inc/tx_port.h **** }
 328:Middlewares/ST/threadx/ports/cortex_m7/gnu/inc/tx_port.h **** /* Can't access VFP registers with inline asm, so define this in tx_thread_schedule.  */
 329:Middlewares/ST/threadx/ports/cortex_m7/gnu/inc/tx_port.h **** void _tx_vfp_access(void);
 330:Middlewares/ST/threadx/ports/cortex_m7/gnu/inc/tx_port.h **** #define TX_VFP_TOUCH()  _tx_vfp_access();
 331:Middlewares/ST/threadx/ports/cortex_m7/gnu/inc/tx_port.h **** 
 332:Middlewares/ST/threadx/ports/cortex_m7/gnu/inc/tx_port.h **** #elif defined(__ICCARM__)  /* IAR */
 333:Middlewares/ST/threadx/ports/cortex_m7/gnu/inc/tx_port.h **** #define TX_VFP_TOUCH()  __asm__ volatile ("VMOV.F32 s0, s0");
 334:Middlewares/ST/threadx/ports/cortex_m7/gnu/inc/tx_port.h **** #endif  /* Helper functions for different compilers */
 335:Middlewares/ST/threadx/ports/cortex_m7/gnu/inc/tx_port.h **** 
 336:Middlewares/ST/threadx/ports/cortex_m7/gnu/inc/tx_port.h **** #endif  /* TX_MISRA_ENABLE */
 337:Middlewares/ST/threadx/ports/cortex_m7/gnu/inc/tx_port.h **** 
 338:Middlewares/ST/threadx/ports/cortex_m7/gnu/inc/tx_port.h **** 
 339:Middlewares/ST/threadx/ports/cortex_m7/gnu/inc/tx_port.h **** /* A completed thread falls into _thread_shell_entry and we can simply deactivate the FPU via CONTR
 340:Middlewares/ST/threadx/ports/cortex_m7/gnu/inc/tx_port.h ****    in order to ensure no lazy stacking will occur. */
 341:Middlewares/ST/threadx/ports/cortex_m7/gnu/inc/tx_port.h **** 
 342:Middlewares/ST/threadx/ports/cortex_m7/gnu/inc/tx_port.h **** #ifndef TX_MISRA_ENABLE
ARM GAS  /tmp/ccQyBBcc.s 			page 10


 343:Middlewares/ST/threadx/ports/cortex_m7/gnu/inc/tx_port.h **** 
 344:Middlewares/ST/threadx/ports/cortex_m7/gnu/inc/tx_port.h **** #define TX_THREAD_COMPLETED_EXTENSION(thread_ptr)   {                                              
 345:Middlewares/ST/threadx/ports/cortex_m7/gnu/inc/tx_port.h ****                                                     ULONG  _tx_vfp_state;                          
 346:Middlewares/ST/threadx/ports/cortex_m7/gnu/inc/tx_port.h ****                                                         _tx_vfp_state =  __get_control_value();    
 347:Middlewares/ST/threadx/ports/cortex_m7/gnu/inc/tx_port.h ****                                                         _tx_vfp_state =  _tx_vfp_state & ~((ULONG) 
 348:Middlewares/ST/threadx/ports/cortex_m7/gnu/inc/tx_port.h ****                                                         __set_control_value(_tx_vfp_state);        
 349:Middlewares/ST/threadx/ports/cortex_m7/gnu/inc/tx_port.h ****                                                     }
 350:Middlewares/ST/threadx/ports/cortex_m7/gnu/inc/tx_port.h **** #else
 351:Middlewares/ST/threadx/ports/cortex_m7/gnu/inc/tx_port.h **** 
 352:Middlewares/ST/threadx/ports/cortex_m7/gnu/inc/tx_port.h **** #define TX_THREAD_COMPLETED_EXTENSION(thread_ptr)   {                                              
 353:Middlewares/ST/threadx/ports/cortex_m7/gnu/inc/tx_port.h ****                                                     ULONG  _tx_vfp_state;                          
 354:Middlewares/ST/threadx/ports/cortex_m7/gnu/inc/tx_port.h ****                                                         _tx_vfp_state =  _tx_misra_control_get();  
 355:Middlewares/ST/threadx/ports/cortex_m7/gnu/inc/tx_port.h ****                                                         _tx_vfp_state =  _tx_vfp_state & ~((ULONG) 
 356:Middlewares/ST/threadx/ports/cortex_m7/gnu/inc/tx_port.h ****                                                         _tx_misra_control_set(_tx_vfp_state);      
 357:Middlewares/ST/threadx/ports/cortex_m7/gnu/inc/tx_port.h ****                                                     }
 358:Middlewares/ST/threadx/ports/cortex_m7/gnu/inc/tx_port.h **** 
 359:Middlewares/ST/threadx/ports/cortex_m7/gnu/inc/tx_port.h **** #endif
 360:Middlewares/ST/threadx/ports/cortex_m7/gnu/inc/tx_port.h **** 
 361:Middlewares/ST/threadx/ports/cortex_m7/gnu/inc/tx_port.h **** /* A thread can be terminated by another thread, so we first check if it's self-terminating and not
 362:Middlewares/ST/threadx/ports/cortex_m7/gnu/inc/tx_port.h ****    If so, deactivate the FPU via CONTROL.FPCA. Otherwise we are in an interrupt or another thread i
 363:Middlewares/ST/threadx/ports/cortex_m7/gnu/inc/tx_port.h ****    this one, so if the FPCCR.LSPACT bit is set, we need to save the CONTROL.FPCA state, touch the F
 364:Middlewares/ST/threadx/ports/cortex_m7/gnu/inc/tx_port.h ****    the lazy FPU save, then restore the CONTROL.FPCA state. */
 365:Middlewares/ST/threadx/ports/cortex_m7/gnu/inc/tx_port.h **** 
 366:Middlewares/ST/threadx/ports/cortex_m7/gnu/inc/tx_port.h **** #ifndef TX_MISRA_ENABLE
 367:Middlewares/ST/threadx/ports/cortex_m7/gnu/inc/tx_port.h **** 
 368:Middlewares/ST/threadx/ports/cortex_m7/gnu/inc/tx_port.h **** #define TX_THREAD_TERMINATED_EXTENSION(thread_ptr)  {                                              
 369:Middlewares/ST/threadx/ports/cortex_m7/gnu/inc/tx_port.h ****                                                     ULONG  _tx_system_state;                       
 370:Middlewares/ST/threadx/ports/cortex_m7/gnu/inc/tx_port.h ****                                                         _tx_system_state =  TX_THREAD_GET_SYSTEM_ST
 371:Middlewares/ST/threadx/ports/cortex_m7/gnu/inc/tx_port.h ****                                                         if ((_tx_system_state == ((ULONG) 0)) && ((
 372:Middlewares/ST/threadx/ports/cortex_m7/gnu/inc/tx_port.h ****                                                         {                                          
 373:Middlewares/ST/threadx/ports/cortex_m7/gnu/inc/tx_port.h ****                                                         ULONG  _tx_vfp_state;                      
 374:Middlewares/ST/threadx/ports/cortex_m7/gnu/inc/tx_port.h ****                                                             _tx_vfp_state =  __get_control_value();
 375:Middlewares/ST/threadx/ports/cortex_m7/gnu/inc/tx_port.h ****                                                             _tx_vfp_state =  _tx_vfp_state & ~((ULO
 376:Middlewares/ST/threadx/ports/cortex_m7/gnu/inc/tx_port.h ****                                                             __set_control_value(_tx_vfp_state);    
 377:Middlewares/ST/threadx/ports/cortex_m7/gnu/inc/tx_port.h ****                                                         }                                          
 378:Middlewares/ST/threadx/ports/cortex_m7/gnu/inc/tx_port.h ****                                                         else                                       
 379:Middlewares/ST/threadx/ports/cortex_m7/gnu/inc/tx_port.h ****                                                         {                                          
 380:Middlewares/ST/threadx/ports/cortex_m7/gnu/inc/tx_port.h ****                                                         ULONG  _tx_fpccr;                          
 381:Middlewares/ST/threadx/ports/cortex_m7/gnu/inc/tx_port.h ****                                                             _tx_fpccr =  *((ULONG *) 0xE000EF34);  
 382:Middlewares/ST/threadx/ports/cortex_m7/gnu/inc/tx_port.h ****                                                             _tx_fpccr =  _tx_fpccr & ((ULONG) 0x01)
 383:Middlewares/ST/threadx/ports/cortex_m7/gnu/inc/tx_port.h ****                                                             if (_tx_fpccr == ((ULONG) 0x01))       
 384:Middlewares/ST/threadx/ports/cortex_m7/gnu/inc/tx_port.h ****                                                             {                                      
 385:Middlewares/ST/threadx/ports/cortex_m7/gnu/inc/tx_port.h ****                                                             ULONG _tx_vfp_state;                   
 386:Middlewares/ST/threadx/ports/cortex_m7/gnu/inc/tx_port.h ****                                                                 _tx_vfp_state = __get_control_value
 387:Middlewares/ST/threadx/ports/cortex_m7/gnu/inc/tx_port.h ****                                                                 _tx_vfp_state =  _tx_vfp_state & ((
 388:Middlewares/ST/threadx/ports/cortex_m7/gnu/inc/tx_port.h ****                                                                 TX_VFP_TOUCH();                    
 389:Middlewares/ST/threadx/ports/cortex_m7/gnu/inc/tx_port.h ****                                                                 if (_tx_vfp_state == ((ULONG) 0))  
 390:Middlewares/ST/threadx/ports/cortex_m7/gnu/inc/tx_port.h ****                                                                 {                                  
 391:Middlewares/ST/threadx/ports/cortex_m7/gnu/inc/tx_port.h ****                                                                     _tx_vfp_state =  __get_control_
 392:Middlewares/ST/threadx/ports/cortex_m7/gnu/inc/tx_port.h ****                                                                     _tx_vfp_state =  _tx_vfp_state 
 393:Middlewares/ST/threadx/ports/cortex_m7/gnu/inc/tx_port.h ****                                                                     __set_control_value(_tx_vfp_sta
 394:Middlewares/ST/threadx/ports/cortex_m7/gnu/inc/tx_port.h ****                                                                 }                                  
 395:Middlewares/ST/threadx/ports/cortex_m7/gnu/inc/tx_port.h ****                                                             }                                      
 396:Middlewares/ST/threadx/ports/cortex_m7/gnu/inc/tx_port.h ****                                                         }                                          
 397:Middlewares/ST/threadx/ports/cortex_m7/gnu/inc/tx_port.h ****                                                     }
 398:Middlewares/ST/threadx/ports/cortex_m7/gnu/inc/tx_port.h **** #else
 399:Middlewares/ST/threadx/ports/cortex_m7/gnu/inc/tx_port.h **** 
ARM GAS  /tmp/ccQyBBcc.s 			page 11


 400:Middlewares/ST/threadx/ports/cortex_m7/gnu/inc/tx_port.h **** #define TX_THREAD_TERMINATED_EXTENSION(thread_ptr)  {                                              
 401:Middlewares/ST/threadx/ports/cortex_m7/gnu/inc/tx_port.h ****                                                     ULONG  _tx_system_state;                       
 402:Middlewares/ST/threadx/ports/cortex_m7/gnu/inc/tx_port.h ****                                                         _tx_system_state =  TX_THREAD_GET_SYSTEM_ST
 403:Middlewares/ST/threadx/ports/cortex_m7/gnu/inc/tx_port.h ****                                                         if ((_tx_system_state == ((ULONG) 0)) && ((
 404:Middlewares/ST/threadx/ports/cortex_m7/gnu/inc/tx_port.h ****                                                         {                                          
 405:Middlewares/ST/threadx/ports/cortex_m7/gnu/inc/tx_port.h ****                                                         ULONG  _tx_vfp_state;                      
 406:Middlewares/ST/threadx/ports/cortex_m7/gnu/inc/tx_port.h ****                                                             _tx_vfp_state =  _tx_misra_control_get(
 407:Middlewares/ST/threadx/ports/cortex_m7/gnu/inc/tx_port.h ****                                                             _tx_vfp_state =  _tx_vfp_state & ~((ULO
 408:Middlewares/ST/threadx/ports/cortex_m7/gnu/inc/tx_port.h ****                                                             _tx_misra_control_set(_tx_vfp_state);  
 409:Middlewares/ST/threadx/ports/cortex_m7/gnu/inc/tx_port.h ****                                                         }                                          
 410:Middlewares/ST/threadx/ports/cortex_m7/gnu/inc/tx_port.h ****                                                         else                                       
 411:Middlewares/ST/threadx/ports/cortex_m7/gnu/inc/tx_port.h ****                                                         {                                          
 412:Middlewares/ST/threadx/ports/cortex_m7/gnu/inc/tx_port.h ****                                                         ULONG  _tx_fpccr;                          
 413:Middlewares/ST/threadx/ports/cortex_m7/gnu/inc/tx_port.h ****                                                             _tx_fpccr =  _tx_misra_fpccr_get();    
 414:Middlewares/ST/threadx/ports/cortex_m7/gnu/inc/tx_port.h ****                                                             _tx_fpccr =  _tx_fpccr & ((ULONG) 0x01)
 415:Middlewares/ST/threadx/ports/cortex_m7/gnu/inc/tx_port.h ****                                                             if (_tx_fpccr == ((ULONG) 0x01))       
 416:Middlewares/ST/threadx/ports/cortex_m7/gnu/inc/tx_port.h ****                                                             {                                      
 417:Middlewares/ST/threadx/ports/cortex_m7/gnu/inc/tx_port.h ****                                                             ULONG _tx_vfp_state;                   
 418:Middlewares/ST/threadx/ports/cortex_m7/gnu/inc/tx_port.h ****                                                                 _tx_vfp_state = _tx_misra_control_g
 419:Middlewares/ST/threadx/ports/cortex_m7/gnu/inc/tx_port.h ****                                                                 _tx_vfp_state =  _tx_vfp_state & ((
 420:Middlewares/ST/threadx/ports/cortex_m7/gnu/inc/tx_port.h ****                                                                 _tx_misra_vfp_touch();             
 421:Middlewares/ST/threadx/ports/cortex_m7/gnu/inc/tx_port.h ****                                                                 if (_tx_vfp_state == ((ULONG) 0))  
 422:Middlewares/ST/threadx/ports/cortex_m7/gnu/inc/tx_port.h ****                                                                 {                                  
 423:Middlewares/ST/threadx/ports/cortex_m7/gnu/inc/tx_port.h ****                                                                     _tx_vfp_state =  _tx_misra_cont
 424:Middlewares/ST/threadx/ports/cortex_m7/gnu/inc/tx_port.h ****                                                                     _tx_vfp_state =  _tx_vfp_state 
 425:Middlewares/ST/threadx/ports/cortex_m7/gnu/inc/tx_port.h ****                                                                     _tx_misra_control_set(_tx_vfp_s
 426:Middlewares/ST/threadx/ports/cortex_m7/gnu/inc/tx_port.h ****                                                                 }                                  
 427:Middlewares/ST/threadx/ports/cortex_m7/gnu/inc/tx_port.h ****                                                             }                                      
 428:Middlewares/ST/threadx/ports/cortex_m7/gnu/inc/tx_port.h ****                                                         }                                          
 429:Middlewares/ST/threadx/ports/cortex_m7/gnu/inc/tx_port.h ****                                                     }
 430:Middlewares/ST/threadx/ports/cortex_m7/gnu/inc/tx_port.h **** #endif
 431:Middlewares/ST/threadx/ports/cortex_m7/gnu/inc/tx_port.h **** 
 432:Middlewares/ST/threadx/ports/cortex_m7/gnu/inc/tx_port.h **** #else   /* No VFP in use */
 433:Middlewares/ST/threadx/ports/cortex_m7/gnu/inc/tx_port.h **** 
 434:Middlewares/ST/threadx/ports/cortex_m7/gnu/inc/tx_port.h **** #define TX_THREAD_COMPLETED_EXTENSION(thread_ptr)
 435:Middlewares/ST/threadx/ports/cortex_m7/gnu/inc/tx_port.h **** #define TX_THREAD_TERMINATED_EXTENSION(thread_ptr)
 436:Middlewares/ST/threadx/ports/cortex_m7/gnu/inc/tx_port.h **** 
 437:Middlewares/ST/threadx/ports/cortex_m7/gnu/inc/tx_port.h **** #endif  /* defined(__ARMVFP__) || defined(__ARM_PCS_VFP) || defined(__ARM_FP) || defined(__TARGET_F
 438:Middlewares/ST/threadx/ports/cortex_m7/gnu/inc/tx_port.h **** 
 439:Middlewares/ST/threadx/ports/cortex_m7/gnu/inc/tx_port.h **** 
 440:Middlewares/ST/threadx/ports/cortex_m7/gnu/inc/tx_port.h **** /* Define the ThreadX object creation extensions for the remaining objects.  */
 441:Middlewares/ST/threadx/ports/cortex_m7/gnu/inc/tx_port.h **** 
 442:Middlewares/ST/threadx/ports/cortex_m7/gnu/inc/tx_port.h **** #define TX_BLOCK_POOL_CREATE_EXTENSION(pool_ptr)
 443:Middlewares/ST/threadx/ports/cortex_m7/gnu/inc/tx_port.h **** #define TX_BYTE_POOL_CREATE_EXTENSION(pool_ptr)
 444:Middlewares/ST/threadx/ports/cortex_m7/gnu/inc/tx_port.h **** #define TX_EVENT_FLAGS_GROUP_CREATE_EXTENSION(group_ptr)
 445:Middlewares/ST/threadx/ports/cortex_m7/gnu/inc/tx_port.h **** #define TX_MUTEX_CREATE_EXTENSION(mutex_ptr)
 446:Middlewares/ST/threadx/ports/cortex_m7/gnu/inc/tx_port.h **** #define TX_QUEUE_CREATE_EXTENSION(queue_ptr)
 447:Middlewares/ST/threadx/ports/cortex_m7/gnu/inc/tx_port.h **** #define TX_SEMAPHORE_CREATE_EXTENSION(semaphore_ptr)
 448:Middlewares/ST/threadx/ports/cortex_m7/gnu/inc/tx_port.h **** #define TX_TIMER_CREATE_EXTENSION(timer_ptr)
 449:Middlewares/ST/threadx/ports/cortex_m7/gnu/inc/tx_port.h **** 
 450:Middlewares/ST/threadx/ports/cortex_m7/gnu/inc/tx_port.h **** 
 451:Middlewares/ST/threadx/ports/cortex_m7/gnu/inc/tx_port.h **** /* Define the ThreadX object deletion extensions for the remaining objects.  */
 452:Middlewares/ST/threadx/ports/cortex_m7/gnu/inc/tx_port.h **** 
 453:Middlewares/ST/threadx/ports/cortex_m7/gnu/inc/tx_port.h **** #define TX_BLOCK_POOL_DELETE_EXTENSION(pool_ptr)
 454:Middlewares/ST/threadx/ports/cortex_m7/gnu/inc/tx_port.h **** #define TX_BYTE_POOL_DELETE_EXTENSION(pool_ptr)
 455:Middlewares/ST/threadx/ports/cortex_m7/gnu/inc/tx_port.h **** #define TX_EVENT_FLAGS_GROUP_DELETE_EXTENSION(group_ptr)
 456:Middlewares/ST/threadx/ports/cortex_m7/gnu/inc/tx_port.h **** #define TX_MUTEX_DELETE_EXTENSION(mutex_ptr)
ARM GAS  /tmp/ccQyBBcc.s 			page 12


 457:Middlewares/ST/threadx/ports/cortex_m7/gnu/inc/tx_port.h **** #define TX_QUEUE_DELETE_EXTENSION(queue_ptr)
 458:Middlewares/ST/threadx/ports/cortex_m7/gnu/inc/tx_port.h **** #define TX_SEMAPHORE_DELETE_EXTENSION(semaphore_ptr)
 459:Middlewares/ST/threadx/ports/cortex_m7/gnu/inc/tx_port.h **** #define TX_TIMER_DELETE_EXTENSION(timer_ptr)
 460:Middlewares/ST/threadx/ports/cortex_m7/gnu/inc/tx_port.h **** 
 461:Middlewares/ST/threadx/ports/cortex_m7/gnu/inc/tx_port.h **** 
 462:Middlewares/ST/threadx/ports/cortex_m7/gnu/inc/tx_port.h **** /* Define the get system state macro.  */
 463:Middlewares/ST/threadx/ports/cortex_m7/gnu/inc/tx_port.h **** 
 464:Middlewares/ST/threadx/ports/cortex_m7/gnu/inc/tx_port.h **** #ifndef TX_THREAD_GET_SYSTEM_STATE
 465:Middlewares/ST/threadx/ports/cortex_m7/gnu/inc/tx_port.h **** #ifndef TX_MISRA_ENABLE
 466:Middlewares/ST/threadx/ports/cortex_m7/gnu/inc/tx_port.h **** 
 467:Middlewares/ST/threadx/ports/cortex_m7/gnu/inc/tx_port.h **** #ifdef __CC_ARM /* ARM Compiler 5 */
 468:Middlewares/ST/threadx/ports/cortex_m7/gnu/inc/tx_port.h **** 
 469:Middlewares/ST/threadx/ports/cortex_m7/gnu/inc/tx_port.h **** register unsigned int _ipsr __asm("ipsr");
 470:Middlewares/ST/threadx/ports/cortex_m7/gnu/inc/tx_port.h **** #define TX_THREAD_GET_SYSTEM_STATE()        (_tx_thread_system_state | _ipsr)
 471:Middlewares/ST/threadx/ports/cortex_m7/gnu/inc/tx_port.h **** 
 472:Middlewares/ST/threadx/ports/cortex_m7/gnu/inc/tx_port.h **** #elif defined(__GNUC__) /* GCC and ARM Compiler 6 */
 473:Middlewares/ST/threadx/ports/cortex_m7/gnu/inc/tx_port.h **** 
 474:Middlewares/ST/threadx/ports/cortex_m7/gnu/inc/tx_port.h **** __attribute__( ( always_inline ) ) static inline unsigned int __get_ipsr_value(void)
 475:Middlewares/ST/threadx/ports/cortex_m7/gnu/inc/tx_port.h **** {
 476:Middlewares/ST/threadx/ports/cortex_m7/gnu/inc/tx_port.h **** unsigned int  ipsr_value;
 477:Middlewares/ST/threadx/ports/cortex_m7/gnu/inc/tx_port.h ****     __asm__ volatile (" MRS  %0,IPSR ": "=r" (ipsr_value) );
 478:Middlewares/ST/threadx/ports/cortex_m7/gnu/inc/tx_port.h ****     return(ipsr_value);
 479:Middlewares/ST/threadx/ports/cortex_m7/gnu/inc/tx_port.h **** }
 480:Middlewares/ST/threadx/ports/cortex_m7/gnu/inc/tx_port.h **** 
 481:Middlewares/ST/threadx/ports/cortex_m7/gnu/inc/tx_port.h **** #define TX_THREAD_GET_SYSTEM_STATE()        (_tx_thread_system_state | __get_ipsr_value())
 482:Middlewares/ST/threadx/ports/cortex_m7/gnu/inc/tx_port.h **** 
 483:Middlewares/ST/threadx/ports/cortex_m7/gnu/inc/tx_port.h **** #elif defined(__ICCARM__)   /* IAR */
 484:Middlewares/ST/threadx/ports/cortex_m7/gnu/inc/tx_port.h **** 
 485:Middlewares/ST/threadx/ports/cortex_m7/gnu/inc/tx_port.h **** #define TX_THREAD_GET_SYSTEM_STATE()        (_tx_thread_system_state | __get_IPSR())
 486:Middlewares/ST/threadx/ports/cortex_m7/gnu/inc/tx_port.h **** 
 487:Middlewares/ST/threadx/ports/cortex_m7/gnu/inc/tx_port.h **** #endif  /* TX_THREAD_GET_SYSTEM_STATE for different compilers */
 488:Middlewares/ST/threadx/ports/cortex_m7/gnu/inc/tx_port.h **** 
 489:Middlewares/ST/threadx/ports/cortex_m7/gnu/inc/tx_port.h **** #else   /* TX_MISRA_ENABLE is defined, use MISRA function. */
 490:Middlewares/ST/threadx/ports/cortex_m7/gnu/inc/tx_port.h **** ULONG   _tx_misra_ipsr_get(VOID);
 491:Middlewares/ST/threadx/ports/cortex_m7/gnu/inc/tx_port.h **** #define TX_THREAD_GET_SYSTEM_STATE()        (_tx_thread_system_state | _tx_misra_ipsr_get())
 492:Middlewares/ST/threadx/ports/cortex_m7/gnu/inc/tx_port.h **** #endif  /* TX_MISRA_ENABLE */
 493:Middlewares/ST/threadx/ports/cortex_m7/gnu/inc/tx_port.h **** #endif  /* TX_THREAD_GET_SYSTEM_STATE */
 494:Middlewares/ST/threadx/ports/cortex_m7/gnu/inc/tx_port.h **** 
 495:Middlewares/ST/threadx/ports/cortex_m7/gnu/inc/tx_port.h **** 
 496:Middlewares/ST/threadx/ports/cortex_m7/gnu/inc/tx_port.h **** /* Define the check for whether or not to call the _tx_thread_system_return function.  A non-zero v
 497:Middlewares/ST/threadx/ports/cortex_m7/gnu/inc/tx_port.h ****    indicates that _tx_thread_system_return should not be called. This overrides the definition in t
 498:Middlewares/ST/threadx/ports/cortex_m7/gnu/inc/tx_port.h ****    for Cortex-M since so we don't waste time checking the _tx_thread_system_state variable that is 
 499:Middlewares/ST/threadx/ports/cortex_m7/gnu/inc/tx_port.h ****    zero after initialization for Cortex-M ports. */
 500:Middlewares/ST/threadx/ports/cortex_m7/gnu/inc/tx_port.h **** 
 501:Middlewares/ST/threadx/ports/cortex_m7/gnu/inc/tx_port.h **** #ifndef TX_THREAD_SYSTEM_RETURN_CHECK
 502:Middlewares/ST/threadx/ports/cortex_m7/gnu/inc/tx_port.h **** #define TX_THREAD_SYSTEM_RETURN_CHECK(c)    (c) = ((ULONG) _tx_thread_preempt_disable);
 503:Middlewares/ST/threadx/ports/cortex_m7/gnu/inc/tx_port.h **** #endif
 504:Middlewares/ST/threadx/ports/cortex_m7/gnu/inc/tx_port.h **** 
 505:Middlewares/ST/threadx/ports/cortex_m7/gnu/inc/tx_port.h **** /* Define the macro to ensure _tx_thread_preempt_disable is set early in initialization in order to
 506:Middlewares/ST/threadx/ports/cortex_m7/gnu/inc/tx_port.h ****    prevent early scheduling on Cortex-M parts.  */
 507:Middlewares/ST/threadx/ports/cortex_m7/gnu/inc/tx_port.h **** 
 508:Middlewares/ST/threadx/ports/cortex_m7/gnu/inc/tx_port.h **** #define TX_PORT_SPECIFIC_POST_INITIALIZATION    _tx_thread_preempt_disable++;
 509:Middlewares/ST/threadx/ports/cortex_m7/gnu/inc/tx_port.h **** 
 510:Middlewares/ST/threadx/ports/cortex_m7/gnu/inc/tx_port.h **** 
 511:Middlewares/ST/threadx/ports/cortex_m7/gnu/inc/tx_port.h **** 
 512:Middlewares/ST/threadx/ports/cortex_m7/gnu/inc/tx_port.h **** 
 513:Middlewares/ST/threadx/ports/cortex_m7/gnu/inc/tx_port.h **** #ifndef TX_DISABLE_INLINE
ARM GAS  /tmp/ccQyBBcc.s 			page 13


 514:Middlewares/ST/threadx/ports/cortex_m7/gnu/inc/tx_port.h **** 
 515:Middlewares/ST/threadx/ports/cortex_m7/gnu/inc/tx_port.h **** /* Define the TX_LOWEST_SET_BIT_CALCULATE macro for each compiler. */
 516:Middlewares/ST/threadx/ports/cortex_m7/gnu/inc/tx_port.h **** #ifdef __ICCARM__       /* IAR Compiler */
 517:Middlewares/ST/threadx/ports/cortex_m7/gnu/inc/tx_port.h **** #define TX_LOWEST_SET_BIT_CALCULATE(m, b)       (b) = (UINT) __CLZ(__RBIT((m)));
 518:Middlewares/ST/threadx/ports/cortex_m7/gnu/inc/tx_port.h **** #elif defined(__CC_ARM) /* AC5 Compiler */
 519:Middlewares/ST/threadx/ports/cortex_m7/gnu/inc/tx_port.h **** #define TX_LOWEST_SET_BIT_CALCULATE(m, b)       (b) = (UINT) __clz(__rbit((m)));
 520:Middlewares/ST/threadx/ports/cortex_m7/gnu/inc/tx_port.h **** #elif defined(__GNUC__) /* GCC and AC6 Compiler */
 521:Middlewares/ST/threadx/ports/cortex_m7/gnu/inc/tx_port.h **** #define TX_LOWEST_SET_BIT_CALCULATE(m, b)       __asm__ volatile (" RBIT %0,%1 ": "=r" (m) : "r" (m
 522:Middlewares/ST/threadx/ports/cortex_m7/gnu/inc/tx_port.h ****                                                 __asm__ volatile (" CLZ  %0,%1 ": "=r" (b) : "r" (m
 523:Middlewares/ST/threadx/ports/cortex_m7/gnu/inc/tx_port.h **** #endif
 524:Middlewares/ST/threadx/ports/cortex_m7/gnu/inc/tx_port.h **** 
 525:Middlewares/ST/threadx/ports/cortex_m7/gnu/inc/tx_port.h **** 
 526:Middlewares/ST/threadx/ports/cortex_m7/gnu/inc/tx_port.h **** 
 527:Middlewares/ST/threadx/ports/cortex_m7/gnu/inc/tx_port.h **** /* Define the interrupt disable/restore macros for each compiler. */
 528:Middlewares/ST/threadx/ports/cortex_m7/gnu/inc/tx_port.h **** 
 529:Middlewares/ST/threadx/ports/cortex_m7/gnu/inc/tx_port.h **** #if defined(__GNUC__) || defined(__ICCARM__)
 530:Middlewares/ST/threadx/ports/cortex_m7/gnu/inc/tx_port.h **** 
 531:Middlewares/ST/threadx/ports/cortex_m7/gnu/inc/tx_port.h **** /*** GCC/AC6 and IAR ***/
 532:Middlewares/ST/threadx/ports/cortex_m7/gnu/inc/tx_port.h **** 
 533:Middlewares/ST/threadx/ports/cortex_m7/gnu/inc/tx_port.h **** __attribute__( ( always_inline ) ) static inline unsigned int __get_interrupt_posture(void)
 534:Middlewares/ST/threadx/ports/cortex_m7/gnu/inc/tx_port.h **** {
 535:Middlewares/ST/threadx/ports/cortex_m7/gnu/inc/tx_port.h **** unsigned int posture;
 536:Middlewares/ST/threadx/ports/cortex_m7/gnu/inc/tx_port.h **** #ifdef TX_PORT_USE_BASEPRI
 537:Middlewares/ST/threadx/ports/cortex_m7/gnu/inc/tx_port.h ****     __asm__ volatile ("MRS  %0, BASEPRI ": "=r" (posture));
 538:Middlewares/ST/threadx/ports/cortex_m7/gnu/inc/tx_port.h **** #else
 539:Middlewares/ST/threadx/ports/cortex_m7/gnu/inc/tx_port.h ****     __asm__ volatile ("MRS  %0, PRIMASK ": "=r" (posture));
 540:Middlewares/ST/threadx/ports/cortex_m7/gnu/inc/tx_port.h **** #endif
 541:Middlewares/ST/threadx/ports/cortex_m7/gnu/inc/tx_port.h ****     return(posture);
 542:Middlewares/ST/threadx/ports/cortex_m7/gnu/inc/tx_port.h **** }
 543:Middlewares/ST/threadx/ports/cortex_m7/gnu/inc/tx_port.h **** 
 544:Middlewares/ST/threadx/ports/cortex_m7/gnu/inc/tx_port.h **** #ifdef TX_PORT_USE_BASEPRI
 545:Middlewares/ST/threadx/ports/cortex_m7/gnu/inc/tx_port.h **** __attribute__( ( always_inline ) ) static inline void __set_basepri_value(unsigned int basepri_valu
 546:Middlewares/ST/threadx/ports/cortex_m7/gnu/inc/tx_port.h **** {
 547:Middlewares/ST/threadx/ports/cortex_m7/gnu/inc/tx_port.h ****     __asm__ volatile ("MSR  BASEPRI,%0 ": : "r" (basepri_value));
 548:Middlewares/ST/threadx/ports/cortex_m7/gnu/inc/tx_port.h **** }
 549:Middlewares/ST/threadx/ports/cortex_m7/gnu/inc/tx_port.h **** #else
 550:Middlewares/ST/threadx/ports/cortex_m7/gnu/inc/tx_port.h **** __attribute__( ( always_inline ) ) static inline void __enable_interrupts(void)
 551:Middlewares/ST/threadx/ports/cortex_m7/gnu/inc/tx_port.h **** {
 552:Middlewares/ST/threadx/ports/cortex_m7/gnu/inc/tx_port.h ****     __asm__ volatile ("CPSIE  i": : : "memory");
 553:Middlewares/ST/threadx/ports/cortex_m7/gnu/inc/tx_port.h **** }
 554:Middlewares/ST/threadx/ports/cortex_m7/gnu/inc/tx_port.h **** #endif
 555:Middlewares/ST/threadx/ports/cortex_m7/gnu/inc/tx_port.h **** 
 556:Middlewares/ST/threadx/ports/cortex_m7/gnu/inc/tx_port.h **** __attribute__( ( always_inline ) ) static inline void __restore_interrupt(unsigned int int_posture)
 557:Middlewares/ST/threadx/ports/cortex_m7/gnu/inc/tx_port.h **** {
 558:Middlewares/ST/threadx/ports/cortex_m7/gnu/inc/tx_port.h **** #ifdef TX_PORT_USE_BASEPRI
 559:Middlewares/ST/threadx/ports/cortex_m7/gnu/inc/tx_port.h ****     __set_basepri_value(int_posture);
 560:Middlewares/ST/threadx/ports/cortex_m7/gnu/inc/tx_port.h ****     //__asm__ volatile ("MSR  BASEPRI,%0": : "r" (int_posture): "memory");
 561:Middlewares/ST/threadx/ports/cortex_m7/gnu/inc/tx_port.h **** #else
 562:Middlewares/ST/threadx/ports/cortex_m7/gnu/inc/tx_port.h ****     __asm__ volatile ("MSR  PRIMASK,%0": : "r" (int_posture): "memory");
 563:Middlewares/ST/threadx/ports/cortex_m7/gnu/inc/tx_port.h **** #endif
 564:Middlewares/ST/threadx/ports/cortex_m7/gnu/inc/tx_port.h **** }
 565:Middlewares/ST/threadx/ports/cortex_m7/gnu/inc/tx_port.h **** 
 566:Middlewares/ST/threadx/ports/cortex_m7/gnu/inc/tx_port.h **** __attribute__( ( always_inline ) ) static inline unsigned int __disable_interrupts(void)
  61              		.loc 2 566 63 view .LVU13
  62              	.LBB44:
 567:Middlewares/ST/threadx/ports/cortex_m7/gnu/inc/tx_port.h **** {
 568:Middlewares/ST/threadx/ports/cortex_m7/gnu/inc/tx_port.h **** unsigned int int_posture;
ARM GAS  /tmp/ccQyBBcc.s 			page 14


  63              		.loc 2 568 1 view .LVU14
 569:Middlewares/ST/threadx/ports/cortex_m7/gnu/inc/tx_port.h **** 
 570:Middlewares/ST/threadx/ports/cortex_m7/gnu/inc/tx_port.h ****     int_posture = __get_interrupt_posture();
  64              		.loc 2 570 5 view .LVU15
  65              	.LBB45:
  66              	.LBI45:
 533:Middlewares/ST/threadx/ports/cortex_m7/gnu/inc/tx_port.h **** {
  67              		.loc 2 533 63 view .LVU16
  68              	.LBB46:
 535:Middlewares/ST/threadx/ports/cortex_m7/gnu/inc/tx_port.h **** #ifdef TX_PORT_USE_BASEPRI
  69              		.loc 2 535 1 view .LVU17
 539:Middlewares/ST/threadx/ports/cortex_m7/gnu/inc/tx_port.h **** #endif
  70              		.loc 2 539 5 view .LVU18
  71              		.syntax unified
  72              	@ 539 "Middlewares/ST/threadx/ports/cortex_m7/gnu/inc/tx_port.h" 1
  73 0006 EFF31086 		MRS  r6, PRIMASK 
  74              	@ 0 "" 2
  75              	.LVL2:
 541:Middlewares/ST/threadx/ports/cortex_m7/gnu/inc/tx_port.h **** }
  76              		.loc 2 541 5 view .LVU19
 541:Middlewares/ST/threadx/ports/cortex_m7/gnu/inc/tx_port.h **** }
  77              		.loc 2 541 5 is_stmt 0 view .LVU20
  78              		.thumb
  79              		.syntax unified
  80              	.LBE46:
  81              	.LBE45:
 571:Middlewares/ST/threadx/ports/cortex_m7/gnu/inc/tx_port.h **** 
 572:Middlewares/ST/threadx/ports/cortex_m7/gnu/inc/tx_port.h **** #ifdef TX_PORT_USE_BASEPRI
 573:Middlewares/ST/threadx/ports/cortex_m7/gnu/inc/tx_port.h ****     __set_basepri_value(TX_PORT_BASEPRI);
 574:Middlewares/ST/threadx/ports/cortex_m7/gnu/inc/tx_port.h **** #else
 575:Middlewares/ST/threadx/ports/cortex_m7/gnu/inc/tx_port.h ****     __asm__ volatile ("CPSID i" : : : "memory");
  82              		.loc 2 575 5 is_stmt 1 view .LVU21
  83              		.syntax unified
  84              	@ 575 "Middlewares/ST/threadx/ports/cortex_m7/gnu/inc/tx_port.h" 1
  85 000a 72B6     		CPSID i
  86              	@ 0 "" 2
 576:Middlewares/ST/threadx/ports/cortex_m7/gnu/inc/tx_port.h **** #endif
 577:Middlewares/ST/threadx/ports/cortex_m7/gnu/inc/tx_port.h ****     return(int_posture);
  87              		.loc 2 577 5 view .LVU22
  88              	.LVL3:
  89              		.loc 2 577 5 is_stmt 0 view .LVU23
  90              		.thumb
  91              		.syntax unified
  92              	.LBE44:
  93              	.LBE43:
 113:Middlewares/ST/threadx/common/src/tx_thread_system_resume.c **** 
 114:Middlewares/ST/threadx/common/src/tx_thread_system_resume.c **** #ifndef TX_NO_TIMER
 115:Middlewares/ST/threadx/common/src/tx_thread_system_resume.c **** 
 116:Middlewares/ST/threadx/common/src/tx_thread_system_resume.c ****     /* Deactivate the timeout timer if necessary.  */
 117:Middlewares/ST/threadx/common/src/tx_thread_system_resume.c ****     if (thread_ptr -> tx_thread_timer.tx_timer_internal_list_head != TX_NULL)
  94              		.loc 1 117 5 is_stmt 1 view .LVU24
  95              		.loc 1 117 38 is_stmt 0 view .LVU25
  96 000c 436E     		ldr	r3, [r0, #100]
  97              		.loc 1 117 8 view .LVU26
  98 000e 002B     		cmp	r3, #0
  99 0010 3AD0     		beq	.L2
 118:Middlewares/ST/threadx/common/src/tx_thread_system_resume.c ****     {
ARM GAS  /tmp/ccQyBBcc.s 			page 15


 119:Middlewares/ST/threadx/common/src/tx_thread_system_resume.c **** 
 120:Middlewares/ST/threadx/common/src/tx_thread_system_resume.c ****         /* Deactivate the thread's timeout timer.  */
 121:Middlewares/ST/threadx/common/src/tx_thread_system_resume.c ****         _tx_timer_system_deactivate(&(thread_ptr -> tx_thread_timer));
 100              		.loc 1 121 9 is_stmt 1 view .LVU27
 101 0012 4C30     		adds	r0, r0, #76
 102              	.LVL4:
 103              		.loc 1 121 9 is_stmt 0 view .LVU28
 104 0014 FFF7FEFF 		bl	_tx_timer_system_deactivate
 105              	.LVL5:
 106              	.L3:
 122:Middlewares/ST/threadx/common/src/tx_thread_system_resume.c ****     }
 123:Middlewares/ST/threadx/common/src/tx_thread_system_resume.c ****     else
 124:Middlewares/ST/threadx/common/src/tx_thread_system_resume.c ****     {
 125:Middlewares/ST/threadx/common/src/tx_thread_system_resume.c **** 
 126:Middlewares/ST/threadx/common/src/tx_thread_system_resume.c ****         /* Clear the remaining time to ensure timer doesn't get activated.  */
 127:Middlewares/ST/threadx/common/src/tx_thread_system_resume.c ****         thread_ptr -> tx_thread_timer.tx_timer_internal_remaining_ticks =  ((ULONG) 0);
 128:Middlewares/ST/threadx/common/src/tx_thread_system_resume.c ****     }
 129:Middlewares/ST/threadx/common/src/tx_thread_system_resume.c **** #endif
 130:Middlewares/ST/threadx/common/src/tx_thread_system_resume.c **** 
 131:Middlewares/ST/threadx/common/src/tx_thread_system_resume.c **** #ifdef TX_ENABLE_EVENT_TRACE
 132:Middlewares/ST/threadx/common/src/tx_thread_system_resume.c **** 
 133:Middlewares/ST/threadx/common/src/tx_thread_system_resume.c ****     /* If trace is enabled, save the current event pointer.  */
 134:Middlewares/ST/threadx/common/src/tx_thread_system_resume.c ****     entry_ptr =  _tx_trace_buffer_current_ptr;
 107              		.loc 1 134 5 is_stmt 1 view .LVU29
 108              		.loc 1 134 15 is_stmt 0 view .LVU30
 109 0018 6A4B     		ldr	r3, .L27
 110 001a 1D68     		ldr	r5, [r3]
 111              	.LVL6:
 112              	.LBB47:
 135:Middlewares/ST/threadx/common/src/tx_thread_system_resume.c **** #endif
 136:Middlewares/ST/threadx/common/src/tx_thread_system_resume.c **** 
 137:Middlewares/ST/threadx/common/src/tx_thread_system_resume.c ****     /* Log the thread status change.  */
 138:Middlewares/ST/threadx/common/src/tx_thread_system_resume.c ****     TX_TRACE_IN_LINE_INSERT(TX_TRACE_THREAD_RESUME, thread_ptr, thread_ptr -> tx_thread_state, TX_P
 113              		.loc 1 138 5 is_stmt 1 view .LVU31
 114              		.loc 1 138 5 view .LVU32
 115              		.loc 1 138 5 view .LVU33
 116              		.loc 1 138 5 view .LVU34
 117              		.loc 1 138 5 view .LVU35
 118              		.loc 1 138 5 view .LVU36
 119 001c 002D     		cmp	r5, #0
 120 001e 46D0     		beq	.L4
 121              		.loc 1 138 5 is_stmt 0 discriminator 1 view .LVU37
 122 0020 694B     		ldr	r3, .L27+4
 123 0022 1B68     		ldr	r3, [r3]
 124 0024 13F0010F 		tst	r3, #1
 125 0028 41D0     		beq	.L4
 126              		.loc 1 138 5 is_stmt 1 discriminator 2 view .LVU38
 127              	.LBB48:
 128              	.LBI48:
 474:Middlewares/ST/threadx/ports/cortex_m7/gnu/inc/tx_port.h **** {
 129              		.loc 2 474 63 view .LVU39
 130              	.LBB49:
 476:Middlewares/ST/threadx/ports/cortex_m7/gnu/inc/tx_port.h ****     __asm__ volatile (" MRS  %0,IPSR ": "=r" (ipsr_value) );
 131              		.loc 2 476 1 view .LVU40
 477:Middlewares/ST/threadx/ports/cortex_m7/gnu/inc/tx_port.h ****     return(ipsr_value);
 132              		.loc 2 477 5 view .LVU41
 133              		.syntax unified
ARM GAS  /tmp/ccQyBBcc.s 			page 16


 134              	@ 477 "Middlewares/ST/threadx/ports/cortex_m7/gnu/inc/tx_port.h" 1
 135 002a EFF30581 		 MRS  r1,IPSR 
 136              	@ 0 "" 2
 137              	.LVL7:
 478:Middlewares/ST/threadx/ports/cortex_m7/gnu/inc/tx_port.h **** }
 138              		.loc 2 478 5 view .LVU42
 478:Middlewares/ST/threadx/ports/cortex_m7/gnu/inc/tx_port.h **** }
 139              		.loc 2 478 5 is_stmt 0 view .LVU43
 140              		.thumb
 141              		.syntax unified
 142              	.LBE49:
 143              	.LBE48:
 144              		.loc 1 138 5 discriminator 1 view .LVU44
 145 002e 674B     		ldr	r3, .L27+8
 146 0030 1B68     		ldr	r3, [r3]
 147              	.LVL8:
 148              		.loc 1 138 5 is_stmt 1 discriminator 1 view .LVU45
 149 0032 674A     		ldr	r2, .L27+12
 150 0034 1268     		ldr	r2, [r2]
 151              	.LVL9:
 152              		.loc 1 138 5 discriminator 1 view .LVU46
 153 0036 0B43     		orrs	r3, r3, r1
 154              	.LVL10:
 155              		.loc 1 138 5 is_stmt 0 discriminator 1 view .LVU47
 156 0038 29D1     		bne	.L5
 157              		.loc 1 138 5 is_stmt 1 discriminator 3 view .LVU48
 158 003a D36A     		ldr	r3, [r2, #44]
 159              	.LVL11:
 160              		.loc 1 138 5 discriminator 3 view .LVU49
 161 003c D16B     		ldr	r1, [r2, #60]
 162 003e 43EA0143 		orr	r3, r3, r1, lsl #16
 163              	.LVL12:
 164              		.loc 1 138 5 is_stmt 0 discriminator 3 view .LVU50
 165 0042 43F00043 		orr	r3, r3, #-2147483648
 166              	.LVL13:
 167              	.L6:
 168              		.loc 1 138 5 is_stmt 1 discriminator 9 view .LVU51
 169 0046 2A60     		str	r2, [r5]
 170              		.loc 1 138 5 discriminator 9 view .LVU52
 171 0048 6B60     		str	r3, [r5, #4]
 172              		.loc 1 138 5 discriminator 9 view .LVU53
 173 004a 0123     		movs	r3, #1
 174              	.LVL14:
 175              		.loc 1 138 5 is_stmt 0 discriminator 9 view .LVU54
 176 004c AB60     		str	r3, [r5, #8]
 177              		.loc 1 138 5 is_stmt 1 discriminator 9 view .LVU55
 178 004e 614B     		ldr	r3, .L27+16
 179 0050 5B68     		ldr	r3, [r3, #4]
 180 0052 EB60     		str	r3, [r5, #12]
 181              		.loc 1 138 5 discriminator 9 view .LVU56
 182 0054 2C61     		str	r4, [r5, #16]
 183              		.loc 1 138 5 discriminator 9 view .LVU57
 184 0056 236B     		ldr	r3, [r4, #48]
 185 0058 6B61     		str	r3, [r5, #20]
 186              		.loc 1 138 5 discriminator 9 view .LVU58
 187 005a 01AB     		add	r3, sp, #4
 188 005c AB61     		str	r3, [r5, #24]
ARM GAS  /tmp/ccQyBBcc.s 			page 17


 189              		.loc 1 138 5 discriminator 9 view .LVU59
 190 005e 5E4B     		ldr	r3, .L27+20
 191 0060 1B68     		ldr	r3, [r3]
 192 0062 EB61     		str	r3, [r5, #28]
 193              		.loc 1 138 5 discriminator 9 view .LVU60
 194 0064 05F12003 		add	r3, r5, #32
 195              	.LVL15:
 196              		.loc 1 138 5 discriminator 9 view .LVU61
 197 0068 5C4A     		ldr	r2, .L27+24
 198              	.LVL16:
 199              		.loc 1 138 5 is_stmt 0 discriminator 9 view .LVU62
 200 006a 1268     		ldr	r2, [r2]
 201 006c 9A42     		cmp	r2, r3
 202 006e 19D8     		bhi	.L7
 203              		.loc 1 138 5 is_stmt 1 discriminator 10 view .LVU63
 204 0070 5B4B     		ldr	r3, .L27+28
 205              	.LVL17:
 206              		.loc 1 138 5 is_stmt 0 discriminator 10 view .LVU64
 207 0072 1B68     		ldr	r3, [r3]
 208              	.LVL18:
 209              		.loc 1 138 5 is_stmt 1 discriminator 10 view .LVU65
 210 0074 534A     		ldr	r2, .L27
 211 0076 1360     		str	r3, [r2]
 212              	.LVL19:
 213              		.loc 1 138 5 discriminator 10 view .LVU66
 214 0078 5A4A     		ldr	r2, .L27+32
 215 007a 1068     		ldr	r0, [r2]
 216 007c 0362     		str	r3, [r0, #32]
 217              	.LVL20:
 218              		.loc 1 138 5 discriminator 10 view .LVU67
 219 007e 5A4B     		ldr	r3, .L27+36
 220              	.LVL21:
 221              		.loc 1 138 5 is_stmt 0 discriminator 10 view .LVU68
 222 0080 1B68     		ldr	r3, [r3]
 223 0082 A3B1     		cbz	r3, .L4
 224              		.loc 1 138 5 is_stmt 1 discriminator 12 view .LVU69
 225 0084 9847     		blx	r3
 226              	.LVL22:
 227              		.loc 1 138 5 is_stmt 0 discriminator 12 view .LVU70
 228 0086 12E0     		b	.L4
 229              	.LVL23:
 230              	.L2:
 231              		.loc 1 138 5 discriminator 12 view .LVU71
 232              	.LBE47:
 127:Middlewares/ST/threadx/common/src/tx_thread_system_resume.c ****     }
 233              		.loc 1 127 9 is_stmt 1 view .LVU72
 127:Middlewares/ST/threadx/common/src/tx_thread_system_resume.c ****     }
 234              		.loc 1 127 73 is_stmt 0 view .LVU73
 235 0088 0023     		movs	r3, #0
 236 008a C364     		str	r3, [r0, #76]
 237 008c C4E7     		b	.L3
 238              	.LVL24:
 239              	.L5:
 240              	.LBB50:
 241              		.loc 1 138 5 is_stmt 1 discriminator 4 view .LVU74
 242 008e B3F1F03F 		cmp	r3, #-252645136
 243 0092 03D2     		bcs	.L20
ARM GAS  /tmp/ccQyBBcc.s 			page 18


 244              		.loc 1 138 5 discriminator 6 view .LVU75
 245 0094 1346     		mov	r3, r2
 246              	.LVL25:
 247              		.loc 1 138 5 discriminator 6 view .LVU76
 248              		.loc 1 138 5 is_stmt 0 discriminator 6 view .LVU77
 249 0096 4FF0FF32 		mov	r2, #-1
 250 009a D4E7     		b	.L6
 251              	.LVL26:
 252              	.L20:
 253              		.loc 1 138 5 discriminator 7 view .LVU78
 254 009c 4FF0F032 		mov	r2, #-252645136
 255              	.LVL27:
 256              		.loc 1 138 5 discriminator 7 view .LVU79
 257 00a0 0023     		movs	r3, #0
 258              	.LVL28:
 259              		.loc 1 138 5 discriminator 7 view .LVU80
 260 00a2 D0E7     		b	.L6
 261              	.LVL29:
 262              	.L7:
 263              		.loc 1 138 5 is_stmt 1 discriminator 11 view .LVU81
 264 00a4 474A     		ldr	r2, .L27
 265 00a6 1360     		str	r3, [r2]
 266              	.LVL30:
 267              		.loc 1 138 5 discriminator 11 view .LVU82
 268 00a8 4E4A     		ldr	r2, .L27+32
 269 00aa 1268     		ldr	r2, [r2]
 270 00ac 1362     		str	r3, [r2, #32]
 271              	.LVL31:
 272              	.L4:
 273              		.loc 1 138 5 is_stmt 0 discriminator 11 view .LVU83
 274              	.LBE50:
 139:Middlewares/ST/threadx/common/src/tx_thread_system_resume.c **** 
 140:Middlewares/ST/threadx/common/src/tx_thread_system_resume.c **** #ifdef TX_ENABLE_EVENT_TRACE
 141:Middlewares/ST/threadx/common/src/tx_thread_system_resume.c **** 
 142:Middlewares/ST/threadx/common/src/tx_thread_system_resume.c ****     /* Save the time stamp for later comparison to verify that
 143:Middlewares/ST/threadx/common/src/tx_thread_system_resume.c ****        the event hasn't been overwritten by the time we have
 144:Middlewares/ST/threadx/common/src/tx_thread_system_resume.c ****        computed the next thread to execute.  */
 145:Middlewares/ST/threadx/common/src/tx_thread_system_resume.c ****     if (entry_ptr != TX_NULL)
 275              		.loc 1 145 5 is_stmt 1 view .LVU84
 276              		.loc 1 145 8 is_stmt 0 view .LVU85
 277 00ae CDB1     		cbz	r5, .L21
 146:Middlewares/ST/threadx/common/src/tx_thread_system_resume.c ****     {
 147:Middlewares/ST/threadx/common/src/tx_thread_system_resume.c **** 
 148:Middlewares/ST/threadx/common/src/tx_thread_system_resume.c ****         /* Save time stamp.  */
 149:Middlewares/ST/threadx/common/src/tx_thread_system_resume.c ****         time_stamp =  entry_ptr -> tx_trace_buffer_entry_time_stamp;
 278              		.loc 1 149 9 is_stmt 1 view .LVU86
 279              		.loc 1 149 20 is_stmt 0 view .LVU87
 280 00b0 E968     		ldr	r1, [r5, #12]
 281              	.LVL32:
 282              	.L8:
 150:Middlewares/ST/threadx/common/src/tx_thread_system_resume.c ****     }
 151:Middlewares/ST/threadx/common/src/tx_thread_system_resume.c **** #endif
 152:Middlewares/ST/threadx/common/src/tx_thread_system_resume.c **** 
 153:Middlewares/ST/threadx/common/src/tx_thread_system_resume.c ****     /* Decrease the preempt disabled count.  */
 154:Middlewares/ST/threadx/common/src/tx_thread_system_resume.c ****     _tx_thread_preempt_disable--;
 283              		.loc 1 154 5 is_stmt 1 view .LVU88
 284              		.loc 1 154 31 is_stmt 0 view .LVU89
ARM GAS  /tmp/ccQyBBcc.s 			page 19


 285 00b2 4E4A     		ldr	r2, .L27+40
 286 00b4 1368     		ldr	r3, [r2]
 287 00b6 013B     		subs	r3, r3, #1
 288 00b8 1360     		str	r3, [r2]
 155:Middlewares/ST/threadx/common/src/tx_thread_system_resume.c **** 
 156:Middlewares/ST/threadx/common/src/tx_thread_system_resume.c ****     /* Determine if the thread is in the process of suspending.  If so, the thread
 157:Middlewares/ST/threadx/common/src/tx_thread_system_resume.c ****        control block is already on the linked list so nothing needs to be done.  */
 158:Middlewares/ST/threadx/common/src/tx_thread_system_resume.c ****     if (thread_ptr -> tx_thread_suspending == TX_FALSE)
 289              		.loc 1 158 5 is_stmt 1 view .LVU90
 290              		.loc 1 158 20 is_stmt 0 view .LVU91
 291 00ba A36B     		ldr	r3, [r4, #56]
 292              		.loc 1 158 8 view .LVU92
 293 00bc 002B     		cmp	r3, #0
 294 00be 6ED1     		bne	.L9
 159:Middlewares/ST/threadx/common/src/tx_thread_system_resume.c ****     {
 160:Middlewares/ST/threadx/common/src/tx_thread_system_resume.c **** 
 161:Middlewares/ST/threadx/common/src/tx_thread_system_resume.c ****         /* Thread is not in the process of suspending. Now check to make sure the thread
 162:Middlewares/ST/threadx/common/src/tx_thread_system_resume.c ****            has not already been resumed.  */
 163:Middlewares/ST/threadx/common/src/tx_thread_system_resume.c ****         if (thread_ptr -> tx_thread_state != TX_READY)
 295              		.loc 1 163 9 is_stmt 1 view .LVU93
 296              		.loc 1 163 24 is_stmt 0 view .LVU94
 297 00c0 236B     		ldr	r3, [r4, #48]
 298              		.loc 1 163 12 view .LVU95
 299 00c2 002B     		cmp	r3, #0
 300 00c4 4CD0     		beq	.L10
 164:Middlewares/ST/threadx/common/src/tx_thread_system_resume.c ****         {
 165:Middlewares/ST/threadx/common/src/tx_thread_system_resume.c **** 
 166:Middlewares/ST/threadx/common/src/tx_thread_system_resume.c ****             /* No, now check to see if the delayed suspension flag is set.  */
 167:Middlewares/ST/threadx/common/src/tx_thread_system_resume.c ****             if (thread_ptr -> tx_thread_delayed_suspend == TX_FALSE)
 301              		.loc 1 167 13 is_stmt 1 view .LVU96
 302              		.loc 1 167 28 is_stmt 0 view .LVU97
 303 00c6 636B     		ldr	r3, [r4, #52]
 304              		.loc 1 167 16 view .LVU98
 305 00c8 002B     		cmp	r3, #0
 306 00ca 45D1     		bne	.L11
 168:Middlewares/ST/threadx/common/src/tx_thread_system_resume.c ****             {
 169:Middlewares/ST/threadx/common/src/tx_thread_system_resume.c **** 
 170:Middlewares/ST/threadx/common/src/tx_thread_system_resume.c ****                 /* Resume the thread!  */
 171:Middlewares/ST/threadx/common/src/tx_thread_system_resume.c **** 
 172:Middlewares/ST/threadx/common/src/tx_thread_system_resume.c ****                 /* Make this thread ready.  */
 173:Middlewares/ST/threadx/common/src/tx_thread_system_resume.c **** 
 174:Middlewares/ST/threadx/common/src/tx_thread_system_resume.c ****                 /* Change the state to ready.  */
 175:Middlewares/ST/threadx/common/src/tx_thread_system_resume.c ****                 thread_ptr -> tx_thread_state =  TX_READY;
 307              		.loc 1 175 17 is_stmt 1 view .LVU99
 308              		.loc 1 175 47 is_stmt 0 view .LVU100
 309 00cc 2363     		str	r3, [r4, #48]
 176:Middlewares/ST/threadx/common/src/tx_thread_system_resume.c **** 
 177:Middlewares/ST/threadx/common/src/tx_thread_system_resume.c ****                 /* Pickup priority of thread.  */
 178:Middlewares/ST/threadx/common/src/tx_thread_system_resume.c ****                 priority =  thread_ptr -> tx_thread_priority;
 310              		.loc 1 178 17 is_stmt 1 view .LVU101
 311              		.loc 1 178 26 is_stmt 0 view .LVU102
 312 00ce E26A     		ldr	r2, [r4, #44]
 313              	.LVL33:
 179:Middlewares/ST/threadx/common/src/tx_thread_system_resume.c **** 
 180:Middlewares/ST/threadx/common/src/tx_thread_system_resume.c ****                 /* Thread state change.  */
 181:Middlewares/ST/threadx/common/src/tx_thread_system_resume.c ****                 TX_THREAD_STATE_CHANGE(thread_ptr, TX_READY)
 182:Middlewares/ST/threadx/common/src/tx_thread_system_resume.c **** 
ARM GAS  /tmp/ccQyBBcc.s 			page 20


 183:Middlewares/ST/threadx/common/src/tx_thread_system_resume.c ****                 /* Log the thread status change.  */
 184:Middlewares/ST/threadx/common/src/tx_thread_system_resume.c ****                 TX_EL_THREAD_STATUS_CHANGE_INSERT(thread_ptr, TX_READY)
 185:Middlewares/ST/threadx/common/src/tx_thread_system_resume.c **** 
 186:Middlewares/ST/threadx/common/src/tx_thread_system_resume.c **** #ifdef TX_THREAD_ENABLE_PERFORMANCE_INFO
 187:Middlewares/ST/threadx/common/src/tx_thread_system_resume.c **** 
 188:Middlewares/ST/threadx/common/src/tx_thread_system_resume.c ****                 /* Increment the total number of thread resumptions.  */
 189:Middlewares/ST/threadx/common/src/tx_thread_system_resume.c ****                 _tx_thread_performance_resume_count++;
 190:Middlewares/ST/threadx/common/src/tx_thread_system_resume.c **** 
 191:Middlewares/ST/threadx/common/src/tx_thread_system_resume.c ****                 /* Increment this thread's resume count.  */
 192:Middlewares/ST/threadx/common/src/tx_thread_system_resume.c ****                 thread_ptr -> tx_thread_performance_resume_count++;
 193:Middlewares/ST/threadx/common/src/tx_thread_system_resume.c **** #endif
 194:Middlewares/ST/threadx/common/src/tx_thread_system_resume.c **** 
 195:Middlewares/ST/threadx/common/src/tx_thread_system_resume.c ****                 /* Determine if there are other threads at this priority that are
 196:Middlewares/ST/threadx/common/src/tx_thread_system_resume.c ****                    ready.  */
 197:Middlewares/ST/threadx/common/src/tx_thread_system_resume.c ****                 head_ptr =  _tx_thread_priority_list[priority];
 314              		.loc 1 197 17 is_stmt 1 view .LVU103
 315              		.loc 1 197 26 is_stmt 0 view .LVU104
 316 00d0 474B     		ldr	r3, .L27+44
 317 00d2 53F82230 		ldr	r3, [r3, r2, lsl #2]
 318              	.LVL34:
 198:Middlewares/ST/threadx/common/src/tx_thread_system_resume.c ****                 if (head_ptr == TX_NULL)
 319              		.loc 1 198 17 is_stmt 1 view .LVU105
 320              		.loc 1 198 20 is_stmt 0 view .LVU106
 321 00d6 3BB1     		cbz	r3, .L23
 199:Middlewares/ST/threadx/common/src/tx_thread_system_resume.c ****                 {
 200:Middlewares/ST/threadx/common/src/tx_thread_system_resume.c **** 
 201:Middlewares/ST/threadx/common/src/tx_thread_system_resume.c ****                     /* First thread at this priority ready.  Add to the front of the list.  */
 202:Middlewares/ST/threadx/common/src/tx_thread_system_resume.c ****                     _tx_thread_priority_list[priority] =       thread_ptr;
 203:Middlewares/ST/threadx/common/src/tx_thread_system_resume.c ****                     thread_ptr -> tx_thread_ready_next =       thread_ptr;
 204:Middlewares/ST/threadx/common/src/tx_thread_system_resume.c ****                     thread_ptr -> tx_thread_ready_previous =   thread_ptr;
 205:Middlewares/ST/threadx/common/src/tx_thread_system_resume.c **** 
 206:Middlewares/ST/threadx/common/src/tx_thread_system_resume.c **** #if TX_MAX_PRIORITIES > 32
 207:Middlewares/ST/threadx/common/src/tx_thread_system_resume.c **** 
 208:Middlewares/ST/threadx/common/src/tx_thread_system_resume.c ****                     /* Calculate the index into the bit map array.  */
 209:Middlewares/ST/threadx/common/src/tx_thread_system_resume.c ****                     map_index =  priority/((UINT) 32);
 210:Middlewares/ST/threadx/common/src/tx_thread_system_resume.c **** 
 211:Middlewares/ST/threadx/common/src/tx_thread_system_resume.c ****                     /* Set the active bit to remember that the priority map has something set.  */
 212:Middlewares/ST/threadx/common/src/tx_thread_system_resume.c ****                     TX_DIV32_BIT_SET(priority, priority_bit)
 213:Middlewares/ST/threadx/common/src/tx_thread_system_resume.c ****                     _tx_thread_priority_map_active =  _tx_thread_priority_map_active | priority_bit
 214:Middlewares/ST/threadx/common/src/tx_thread_system_resume.c **** #endif
 215:Middlewares/ST/threadx/common/src/tx_thread_system_resume.c **** 
 216:Middlewares/ST/threadx/common/src/tx_thread_system_resume.c ****                     /* Or in the thread's priority bit.  */
 217:Middlewares/ST/threadx/common/src/tx_thread_system_resume.c ****                     TX_MOD32_BIT_SET(priority, priority_bit)
 218:Middlewares/ST/threadx/common/src/tx_thread_system_resume.c ****                     _tx_thread_priority_maps[MAP_INDEX] =  _tx_thread_priority_maps[MAP_INDEX] | pr
 219:Middlewares/ST/threadx/common/src/tx_thread_system_resume.c **** 
 220:Middlewares/ST/threadx/common/src/tx_thread_system_resume.c ****                     /* Determine if this newly ready thread is the highest priority.  */
 221:Middlewares/ST/threadx/common/src/tx_thread_system_resume.c ****                     if (priority < _tx_thread_highest_priority)
 222:Middlewares/ST/threadx/common/src/tx_thread_system_resume.c ****                     {
 223:Middlewares/ST/threadx/common/src/tx_thread_system_resume.c **** 
 224:Middlewares/ST/threadx/common/src/tx_thread_system_resume.c ****                         /* A new highest priority thread is present. */
 225:Middlewares/ST/threadx/common/src/tx_thread_system_resume.c **** 
 226:Middlewares/ST/threadx/common/src/tx_thread_system_resume.c ****                         /* Update the highest priority variable.  */
 227:Middlewares/ST/threadx/common/src/tx_thread_system_resume.c ****                         _tx_thread_highest_priority =  priority;
 228:Middlewares/ST/threadx/common/src/tx_thread_system_resume.c **** 
 229:Middlewares/ST/threadx/common/src/tx_thread_system_resume.c ****                         /* Pickup the execute pointer. Since it is going to be referenced multiple
 230:Middlewares/ST/threadx/common/src/tx_thread_system_resume.c ****                            times, it is placed in a local variable.  */
 231:Middlewares/ST/threadx/common/src/tx_thread_system_resume.c ****                         execute_ptr =  _tx_thread_execute_ptr;
ARM GAS  /tmp/ccQyBBcc.s 			page 21


 232:Middlewares/ST/threadx/common/src/tx_thread_system_resume.c **** 
 233:Middlewares/ST/threadx/common/src/tx_thread_system_resume.c ****                         /* Determine if no thread is currently executing.  */
 234:Middlewares/ST/threadx/common/src/tx_thread_system_resume.c ****                         if (execute_ptr == TX_NULL)
 235:Middlewares/ST/threadx/common/src/tx_thread_system_resume.c ****                         {
 236:Middlewares/ST/threadx/common/src/tx_thread_system_resume.c **** 
 237:Middlewares/ST/threadx/common/src/tx_thread_system_resume.c ****                             /* Simply setup the execute pointer.  */
 238:Middlewares/ST/threadx/common/src/tx_thread_system_resume.c ****                             _tx_thread_execute_ptr =  thread_ptr;
 239:Middlewares/ST/threadx/common/src/tx_thread_system_resume.c ****                         }
 240:Middlewares/ST/threadx/common/src/tx_thread_system_resume.c ****                         else
 241:Middlewares/ST/threadx/common/src/tx_thread_system_resume.c ****                         {
 242:Middlewares/ST/threadx/common/src/tx_thread_system_resume.c **** 
 243:Middlewares/ST/threadx/common/src/tx_thread_system_resume.c ****                             /* Another thread has been scheduled for execution.  */
 244:Middlewares/ST/threadx/common/src/tx_thread_system_resume.c **** 
 245:Middlewares/ST/threadx/common/src/tx_thread_system_resume.c ****                             /* Check to see if this is a higher priority thread and determine if pr
 246:Middlewares/ST/threadx/common/src/tx_thread_system_resume.c ****                             if (priority < execute_ptr -> tx_thread_preempt_threshold)
 247:Middlewares/ST/threadx/common/src/tx_thread_system_resume.c ****                             {
 248:Middlewares/ST/threadx/common/src/tx_thread_system_resume.c **** 
 249:Middlewares/ST/threadx/common/src/tx_thread_system_resume.c **** #ifndef TX_DISABLE_PREEMPTION_THRESHOLD
 250:Middlewares/ST/threadx/common/src/tx_thread_system_resume.c **** 
 251:Middlewares/ST/threadx/common/src/tx_thread_system_resume.c ****                                 /* Determine if the preempted thread had preemption-threshold set. 
 252:Middlewares/ST/threadx/common/src/tx_thread_system_resume.c ****                                 if (execute_ptr -> tx_thread_preempt_threshold != execute_ptr -> tx
 253:Middlewares/ST/threadx/common/src/tx_thread_system_resume.c ****                                 {
 254:Middlewares/ST/threadx/common/src/tx_thread_system_resume.c **** 
 255:Middlewares/ST/threadx/common/src/tx_thread_system_resume.c **** #if TX_MAX_PRIORITIES > 32
 256:Middlewares/ST/threadx/common/src/tx_thread_system_resume.c **** 
 257:Middlewares/ST/threadx/common/src/tx_thread_system_resume.c ****                                     /* Calculate the index into the bit map array.  */
 258:Middlewares/ST/threadx/common/src/tx_thread_system_resume.c ****                                     map_index =  (execute_ptr -> tx_thread_priority)/((UINT) 32);
 259:Middlewares/ST/threadx/common/src/tx_thread_system_resume.c **** 
 260:Middlewares/ST/threadx/common/src/tx_thread_system_resume.c ****                                     /* Set the active bit to remember that the preempt map has some
 261:Middlewares/ST/threadx/common/src/tx_thread_system_resume.c ****                                     TX_DIV32_BIT_SET(execute_ptr -> tx_thread_priority, priority_bi
 262:Middlewares/ST/threadx/common/src/tx_thread_system_resume.c ****                                     _tx_thread_preempted_map_active =  _tx_thread_preempted_map_act
 263:Middlewares/ST/threadx/common/src/tx_thread_system_resume.c **** #endif
 264:Middlewares/ST/threadx/common/src/tx_thread_system_resume.c **** 
 265:Middlewares/ST/threadx/common/src/tx_thread_system_resume.c ****                                     /* Remember that this thread was preempted by a thread above th
 266:Middlewares/ST/threadx/common/src/tx_thread_system_resume.c ****                                     TX_MOD32_BIT_SET(execute_ptr -> tx_thread_priority, priority_bi
 267:Middlewares/ST/threadx/common/src/tx_thread_system_resume.c ****                                     _tx_thread_preempted_maps[MAP_INDEX] =  _tx_thread_preempted_ma
 268:Middlewares/ST/threadx/common/src/tx_thread_system_resume.c ****                                 }
 269:Middlewares/ST/threadx/common/src/tx_thread_system_resume.c **** #endif
 270:Middlewares/ST/threadx/common/src/tx_thread_system_resume.c **** 
 271:Middlewares/ST/threadx/common/src/tx_thread_system_resume.c **** #ifdef TX_THREAD_ENABLE_PERFORMANCE_INFO
 272:Middlewares/ST/threadx/common/src/tx_thread_system_resume.c **** 
 273:Middlewares/ST/threadx/common/src/tx_thread_system_resume.c ****                                 /* Determine if the caller is an interrupt or from a thread.  */
 274:Middlewares/ST/threadx/common/src/tx_thread_system_resume.c ****                                 if (TX_THREAD_GET_SYSTEM_STATE() == ((ULONG) 0))
 275:Middlewares/ST/threadx/common/src/tx_thread_system_resume.c ****                                 {
 276:Middlewares/ST/threadx/common/src/tx_thread_system_resume.c **** 
 277:Middlewares/ST/threadx/common/src/tx_thread_system_resume.c ****                                     /* Caller is a thread, so this is a solicited preemption.  */
 278:Middlewares/ST/threadx/common/src/tx_thread_system_resume.c ****                                     _tx_thread_performance_solicited_preemption_count++;
 279:Middlewares/ST/threadx/common/src/tx_thread_system_resume.c **** 
 280:Middlewares/ST/threadx/common/src/tx_thread_system_resume.c ****                                     /* Increment the thread's solicited preemption counter.  */
 281:Middlewares/ST/threadx/common/src/tx_thread_system_resume.c ****                                     execute_ptr -> tx_thread_performance_solicited_preemption_count
 282:Middlewares/ST/threadx/common/src/tx_thread_system_resume.c ****                                 }
 283:Middlewares/ST/threadx/common/src/tx_thread_system_resume.c ****                                 else
 284:Middlewares/ST/threadx/common/src/tx_thread_system_resume.c ****                                 {
 285:Middlewares/ST/threadx/common/src/tx_thread_system_resume.c **** 
 286:Middlewares/ST/threadx/common/src/tx_thread_system_resume.c ****                                     if (TX_THREAD_GET_SYSTEM_STATE() < TX_INITIALIZE_IN_PROGRESS)
 287:Middlewares/ST/threadx/common/src/tx_thread_system_resume.c ****                                     {
 288:Middlewares/ST/threadx/common/src/tx_thread_system_resume.c **** 
ARM GAS  /tmp/ccQyBBcc.s 			page 22


 289:Middlewares/ST/threadx/common/src/tx_thread_system_resume.c ****                                         /* Caller is an interrupt, so this is an interrupt preempti
 290:Middlewares/ST/threadx/common/src/tx_thread_system_resume.c ****                                         _tx_thread_performance_interrupt_preemption_count++;
 291:Middlewares/ST/threadx/common/src/tx_thread_system_resume.c **** 
 292:Middlewares/ST/threadx/common/src/tx_thread_system_resume.c ****                                         /* Increment the thread's interrupt preemption counter.  */
 293:Middlewares/ST/threadx/common/src/tx_thread_system_resume.c ****                                         execute_ptr -> tx_thread_performance_interrupt_preemption_c
 294:Middlewares/ST/threadx/common/src/tx_thread_system_resume.c ****                                     }
 295:Middlewares/ST/threadx/common/src/tx_thread_system_resume.c ****                                 }
 296:Middlewares/ST/threadx/common/src/tx_thread_system_resume.c **** 
 297:Middlewares/ST/threadx/common/src/tx_thread_system_resume.c ****                                 /* Remember the thread that preempted this thread.  */
 298:Middlewares/ST/threadx/common/src/tx_thread_system_resume.c ****                                 execute_ptr -> tx_thread_performance_last_preempting_thread =  thre
 299:Middlewares/ST/threadx/common/src/tx_thread_system_resume.c **** 
 300:Middlewares/ST/threadx/common/src/tx_thread_system_resume.c **** #endif
 301:Middlewares/ST/threadx/common/src/tx_thread_system_resume.c **** 
 302:Middlewares/ST/threadx/common/src/tx_thread_system_resume.c ****                                 /* Yes, modify the execute thread pointer.  */
 303:Middlewares/ST/threadx/common/src/tx_thread_system_resume.c ****                                 _tx_thread_execute_ptr =  thread_ptr;
 304:Middlewares/ST/threadx/common/src/tx_thread_system_resume.c **** 
 305:Middlewares/ST/threadx/common/src/tx_thread_system_resume.c **** #ifndef TX_MISRA_ENABLE
 306:Middlewares/ST/threadx/common/src/tx_thread_system_resume.c **** 
 307:Middlewares/ST/threadx/common/src/tx_thread_system_resume.c ****                                 /* If MISRA is not-enabled, insert a preemption and return in-line 
 308:Middlewares/ST/threadx/common/src/tx_thread_system_resume.c **** 
 309:Middlewares/ST/threadx/common/src/tx_thread_system_resume.c **** #ifdef TX_THREAD_ENABLE_PERFORMANCE_INFO
 310:Middlewares/ST/threadx/common/src/tx_thread_system_resume.c **** 
 311:Middlewares/ST/threadx/common/src/tx_thread_system_resume.c ****                                 /* Is the execute pointer different?  */
 312:Middlewares/ST/threadx/common/src/tx_thread_system_resume.c ****                                 if (_tx_thread_performance_execute_log[_tx_thread_performance__exec
 313:Middlewares/ST/threadx/common/src/tx_thread_system_resume.c ****                                 {
 314:Middlewares/ST/threadx/common/src/tx_thread_system_resume.c **** 
 315:Middlewares/ST/threadx/common/src/tx_thread_system_resume.c ****                                     /* Move to next entry.  */
 316:Middlewares/ST/threadx/common/src/tx_thread_system_resume.c ****                                     _tx_thread_performance__execute_log_index++;
 317:Middlewares/ST/threadx/common/src/tx_thread_system_resume.c **** 
 318:Middlewares/ST/threadx/common/src/tx_thread_system_resume.c ****                                     /* Check for wrap condition.  */
 319:Middlewares/ST/threadx/common/src/tx_thread_system_resume.c ****                                     if (_tx_thread_performance__execute_log_index >= TX_THREAD_EXEC
 320:Middlewares/ST/threadx/common/src/tx_thread_system_resume.c ****                                     {
 321:Middlewares/ST/threadx/common/src/tx_thread_system_resume.c **** 
 322:Middlewares/ST/threadx/common/src/tx_thread_system_resume.c ****                                         /* Set the index to the beginning.  */
 323:Middlewares/ST/threadx/common/src/tx_thread_system_resume.c ****                                         _tx_thread_performance__execute_log_index =  ((UINT) 0);
 324:Middlewares/ST/threadx/common/src/tx_thread_system_resume.c ****                                     }
 325:Middlewares/ST/threadx/common/src/tx_thread_system_resume.c **** 
 326:Middlewares/ST/threadx/common/src/tx_thread_system_resume.c ****                                     /* Log the new execute pointer.  */
 327:Middlewares/ST/threadx/common/src/tx_thread_system_resume.c ****                                     _tx_thread_performance_execute_log[_tx_thread_performance__exec
 328:Middlewares/ST/threadx/common/src/tx_thread_system_resume.c ****                                 }
 329:Middlewares/ST/threadx/common/src/tx_thread_system_resume.c **** #endif
 330:Middlewares/ST/threadx/common/src/tx_thread_system_resume.c **** 
 331:Middlewares/ST/threadx/common/src/tx_thread_system_resume.c **** #ifdef TX_ENABLE_EVENT_TRACE
 332:Middlewares/ST/threadx/common/src/tx_thread_system_resume.c **** 
 333:Middlewares/ST/threadx/common/src/tx_thread_system_resume.c ****                                 /* Check that the event time stamp is unchanged.  A different
 334:Middlewares/ST/threadx/common/src/tx_thread_system_resume.c ****                                    timestamp means that a later event wrote over the thread
 335:Middlewares/ST/threadx/common/src/tx_thread_system_resume.c ****                                    resume event. In that case, do nothing here.  */
 336:Middlewares/ST/threadx/common/src/tx_thread_system_resume.c ****                                 if (entry_ptr != TX_NULL)
 337:Middlewares/ST/threadx/common/src/tx_thread_system_resume.c ****                                 {
 338:Middlewares/ST/threadx/common/src/tx_thread_system_resume.c **** 
 339:Middlewares/ST/threadx/common/src/tx_thread_system_resume.c ****                                     /* Is the timestamp the same?  */
 340:Middlewares/ST/threadx/common/src/tx_thread_system_resume.c ****                                     if (time_stamp == entry_ptr -> tx_trace_buffer_entry_time_stamp
 341:Middlewares/ST/threadx/common/src/tx_thread_system_resume.c ****                                     {
 342:Middlewares/ST/threadx/common/src/tx_thread_system_resume.c **** 
 343:Middlewares/ST/threadx/common/src/tx_thread_system_resume.c ****                                         /* Timestamp is the same, set the "next thread pointer" to 
 344:Middlewares/ST/threadx/common/src/tx_thread_system_resume.c ****                                            be used by the trace analysis tool to show idle system c
 345:Middlewares/ST/threadx/common/src/tx_thread_system_resume.c ****                                         entry_ptr -> tx_trace_buffer_entry_information_field_4 =  T
ARM GAS  /tmp/ccQyBBcc.s 			page 23


 346:Middlewares/ST/threadx/common/src/tx_thread_system_resume.c ****                                     }
 347:Middlewares/ST/threadx/common/src/tx_thread_system_resume.c ****                                 }
 348:Middlewares/ST/threadx/common/src/tx_thread_system_resume.c **** #endif
 349:Middlewares/ST/threadx/common/src/tx_thread_system_resume.c **** 
 350:Middlewares/ST/threadx/common/src/tx_thread_system_resume.c ****                                 /* Restore interrupts.  */
 351:Middlewares/ST/threadx/common/src/tx_thread_system_resume.c ****                                 TX_RESTORE
 352:Middlewares/ST/threadx/common/src/tx_thread_system_resume.c **** 
 353:Middlewares/ST/threadx/common/src/tx_thread_system_resume.c **** #ifdef TX_ENABLE_STACK_CHECKING
 354:Middlewares/ST/threadx/common/src/tx_thread_system_resume.c **** 
 355:Middlewares/ST/threadx/common/src/tx_thread_system_resume.c ****                                 /* Pickup the next execute pointer.  */
 356:Middlewares/ST/threadx/common/src/tx_thread_system_resume.c ****                                 thread_ptr =  _tx_thread_execute_ptr;
 357:Middlewares/ST/threadx/common/src/tx_thread_system_resume.c **** 
 358:Middlewares/ST/threadx/common/src/tx_thread_system_resume.c ****                                 /* Check this thread's stack.  */
 359:Middlewares/ST/threadx/common/src/tx_thread_system_resume.c ****                                 TX_THREAD_STACK_CHECK(thread_ptr)
 360:Middlewares/ST/threadx/common/src/tx_thread_system_resume.c **** #endif
 361:Middlewares/ST/threadx/common/src/tx_thread_system_resume.c **** 
 362:Middlewares/ST/threadx/common/src/tx_thread_system_resume.c ****                                 /* Now determine if preemption should take place. This is only poss
 363:Middlewares/ST/threadx/common/src/tx_thread_system_resume.c ****                                    not the same as the execute thread pointer AND the system state 
 364:Middlewares/ST/threadx/common/src/tx_thread_system_resume.c ****                                 TX_THREAD_SYSTEM_RETURN_CHECK(combined_flags)
 365:Middlewares/ST/threadx/common/src/tx_thread_system_resume.c ****                                 if (combined_flags == ((ULONG) 0))
 366:Middlewares/ST/threadx/common/src/tx_thread_system_resume.c ****                                 {
 367:Middlewares/ST/threadx/common/src/tx_thread_system_resume.c **** 
 368:Middlewares/ST/threadx/common/src/tx_thread_system_resume.c **** #ifdef TX_THREAD_ENABLE_PERFORMANCE_INFO
 369:Middlewares/ST/threadx/common/src/tx_thread_system_resume.c **** 
 370:Middlewares/ST/threadx/common/src/tx_thread_system_resume.c ****                                     /* There is another thread ready to run and will be scheduled u
 371:Middlewares/ST/threadx/common/src/tx_thread_system_resume.c ****                                     _tx_thread_performance_non_idle_return_count++;
 372:Middlewares/ST/threadx/common/src/tx_thread_system_resume.c **** #endif
 373:Middlewares/ST/threadx/common/src/tx_thread_system_resume.c **** 
 374:Middlewares/ST/threadx/common/src/tx_thread_system_resume.c ****                                     /* Preemption is needed - return to the system!  */
 375:Middlewares/ST/threadx/common/src/tx_thread_system_resume.c ****                                     _tx_thread_system_return();
 376:Middlewares/ST/threadx/common/src/tx_thread_system_resume.c ****                                 }
 377:Middlewares/ST/threadx/common/src/tx_thread_system_resume.c **** 
 378:Middlewares/ST/threadx/common/src/tx_thread_system_resume.c ****                                 /* Return in-line when MISRA is not enabled.  */
 379:Middlewares/ST/threadx/common/src/tx_thread_system_resume.c ****                                 return;
 380:Middlewares/ST/threadx/common/src/tx_thread_system_resume.c **** #endif
 381:Middlewares/ST/threadx/common/src/tx_thread_system_resume.c ****                             }
 382:Middlewares/ST/threadx/common/src/tx_thread_system_resume.c ****                         }
 383:Middlewares/ST/threadx/common/src/tx_thread_system_resume.c ****                     }
 384:Middlewares/ST/threadx/common/src/tx_thread_system_resume.c ****                 }
 385:Middlewares/ST/threadx/common/src/tx_thread_system_resume.c ****                 else
 386:Middlewares/ST/threadx/common/src/tx_thread_system_resume.c ****                 {
 387:Middlewares/ST/threadx/common/src/tx_thread_system_resume.c **** 
 388:Middlewares/ST/threadx/common/src/tx_thread_system_resume.c ****                     /* No, there are other threads at this priority already ready.  */
 389:Middlewares/ST/threadx/common/src/tx_thread_system_resume.c **** 
 390:Middlewares/ST/threadx/common/src/tx_thread_system_resume.c ****                     /* Just add this thread to the priority list.  */
 391:Middlewares/ST/threadx/common/src/tx_thread_system_resume.c ****                     tail_ptr =                                 head_ptr -> tx_thread_ready_previous
 322              		.loc 1 391 21 is_stmt 1 view .LVU107
 323              		.loc 1 391 30 is_stmt 0 view .LVU108
 324 00d8 5A6A     		ldr	r2, [r3, #36]
 325              	.LVL35:
 392:Middlewares/ST/threadx/common/src/tx_thread_system_resume.c ****                     tail_ptr -> tx_thread_ready_next =         thread_ptr;
 326              		.loc 1 392 21 is_stmt 1 view .LVU109
 327              		.loc 1 392 54 is_stmt 0 view .LVU110
 328 00da 1462     		str	r4, [r2, #32]
 329              	.LVL36:
 393:Middlewares/ST/threadx/common/src/tx_thread_system_resume.c ****                     head_ptr -> tx_thread_ready_previous =     thread_ptr;
 330              		.loc 1 393 21 is_stmt 1 view .LVU111
ARM GAS  /tmp/ccQyBBcc.s 			page 24


 331              		.loc 1 393 58 is_stmt 0 view .LVU112
 332 00dc 5C62     		str	r4, [r3, #36]
 394:Middlewares/ST/threadx/common/src/tx_thread_system_resume.c ****                     thread_ptr -> tx_thread_ready_previous =   tail_ptr;
 333              		.loc 1 394 21 is_stmt 1 view .LVU113
 334              		.loc 1 394 60 is_stmt 0 view .LVU114
 335 00de 6262     		str	r2, [r4, #36]
 395:Middlewares/ST/threadx/common/src/tx_thread_system_resume.c ****                     thread_ptr -> tx_thread_ready_next =       head_ptr;
 336              		.loc 1 395 21 is_stmt 1 view .LVU115
 337              		.loc 1 395 56 is_stmt 0 view .LVU116
 338 00e0 2362     		str	r3, [r4, #32]
 339 00e2 3DE0     		b	.L10
 340              	.LVL37:
 341              	.L21:
  97:Middlewares/ST/threadx/common/src/tx_thread_system_resume.c **** #endif
 342              		.loc 1 97 29 view .LVU117
 343 00e4 0021     		movs	r1, #0
 344 00e6 E4E7     		b	.L8
 345              	.LVL38:
 346              	.L23:
 202:Middlewares/ST/threadx/common/src/tx_thread_system_resume.c ****                     thread_ptr -> tx_thread_ready_next =       thread_ptr;
 347              		.loc 1 202 21 is_stmt 1 view .LVU118
 202:Middlewares/ST/threadx/common/src/tx_thread_system_resume.c ****                     thread_ptr -> tx_thread_ready_next =       thread_ptr;
 348              		.loc 1 202 56 is_stmt 0 view .LVU119
 349 00e8 414B     		ldr	r3, .L27+44
 350              	.LVL39:
 202:Middlewares/ST/threadx/common/src/tx_thread_system_resume.c ****                     thread_ptr -> tx_thread_ready_next =       thread_ptr;
 351              		.loc 1 202 56 view .LVU120
 352 00ea 43F82240 		str	r4, [r3, r2, lsl #2]
 353              	.LVL40:
 203:Middlewares/ST/threadx/common/src/tx_thread_system_resume.c ****                     thread_ptr -> tx_thread_ready_previous =   thread_ptr;
 354              		.loc 1 203 21 is_stmt 1 view .LVU121
 203:Middlewares/ST/threadx/common/src/tx_thread_system_resume.c ****                     thread_ptr -> tx_thread_ready_previous =   thread_ptr;
 355              		.loc 1 203 56 is_stmt 0 view .LVU122
 356 00ee 2462     		str	r4, [r4, #32]
 204:Middlewares/ST/threadx/common/src/tx_thread_system_resume.c **** 
 357              		.loc 1 204 21 is_stmt 1 view .LVU123
 204:Middlewares/ST/threadx/common/src/tx_thread_system_resume.c **** 
 358              		.loc 1 204 60 is_stmt 0 view .LVU124
 359 00f0 6462     		str	r4, [r4, #36]
 217:Middlewares/ST/threadx/common/src/tx_thread_system_resume.c ****                     _tx_thread_priority_maps[MAP_INDEX] =  _tx_thread_priority_maps[MAP_INDEX] | pr
 360              		.loc 1 217 21 is_stmt 1 view .LVU125
 361 00f2 0120     		movs	r0, #1
 362 00f4 9040     		lsls	r0, r0, r2
 363              	.LVL41:
 218:Middlewares/ST/threadx/common/src/tx_thread_system_resume.c **** 
 364              		.loc 1 218 21 view .LVU126
 218:Middlewares/ST/threadx/common/src/tx_thread_system_resume.c **** 
 365              		.loc 1 218 84 is_stmt 0 view .LVU127
 366 00f6 3F4F     		ldr	r7, .L27+48
 367 00f8 3B68     		ldr	r3, [r7]
 218:Middlewares/ST/threadx/common/src/tx_thread_system_resume.c **** 
 368              		.loc 1 218 96 view .LVU128
 369 00fa 0343     		orrs	r3, r3, r0
 218:Middlewares/ST/threadx/common/src/tx_thread_system_resume.c **** 
 370              		.loc 1 218 57 view .LVU129
 371 00fc 3B60     		str	r3, [r7]
 221:Middlewares/ST/threadx/common/src/tx_thread_system_resume.c ****                     {
ARM GAS  /tmp/ccQyBBcc.s 			page 25


 372              		.loc 1 221 21 is_stmt 1 view .LVU130
 221:Middlewares/ST/threadx/common/src/tx_thread_system_resume.c ****                     {
 373              		.loc 1 221 34 is_stmt 0 view .LVU131
 374 00fe 3E4B     		ldr	r3, .L27+52
 375 0100 1B68     		ldr	r3, [r3]
 221:Middlewares/ST/threadx/common/src/tx_thread_system_resume.c ****                     {
 376              		.loc 1 221 24 view .LVU132
 377 0102 9342     		cmp	r3, r2
 378 0104 2CD9     		bls	.L10
 227:Middlewares/ST/threadx/common/src/tx_thread_system_resume.c **** 
 379              		.loc 1 227 25 is_stmt 1 view .LVU133
 227:Middlewares/ST/threadx/common/src/tx_thread_system_resume.c **** 
 380              		.loc 1 227 53 is_stmt 0 view .LVU134
 381 0106 3C4B     		ldr	r3, .L27+52
 382 0108 1A60     		str	r2, [r3]
 231:Middlewares/ST/threadx/common/src/tx_thread_system_resume.c **** 
 383              		.loc 1 231 25 is_stmt 1 view .LVU135
 231:Middlewares/ST/threadx/common/src/tx_thread_system_resume.c **** 
 384              		.loc 1 231 37 is_stmt 0 view .LVU136
 385 010a 334B     		ldr	r3, .L27+20
 386 010c 1B68     		ldr	r3, [r3]
 387 010e 0193     		str	r3, [sp, #4]
 234:Middlewares/ST/threadx/common/src/tx_thread_system_resume.c ****                         {
 388              		.loc 1 234 25 is_stmt 1 view .LVU137
 234:Middlewares/ST/threadx/common/src/tx_thread_system_resume.c ****                         {
 389              		.loc 1 234 28 is_stmt 0 view .LVU138
 390 0110 EBB1     		cbz	r3, .L24
 246:Middlewares/ST/threadx/common/src/tx_thread_system_resume.c ****                             {
 391              		.loc 1 246 29 is_stmt 1 view .LVU139
 246:Middlewares/ST/threadx/common/src/tx_thread_system_resume.c ****                             {
 392              		.loc 1 246 56 is_stmt 0 view .LVU140
 393 0112 DB6B     		ldr	r3, [r3, #60]
 246:Middlewares/ST/threadx/common/src/tx_thread_system_resume.c ****                             {
 394              		.loc 1 246 32 view .LVU141
 395 0114 9342     		cmp	r3, r2
 396 0116 23D9     		bls	.L10
 303:Middlewares/ST/threadx/common/src/tx_thread_system_resume.c **** 
 397              		.loc 1 303 33 is_stmt 1 view .LVU142
 303:Middlewares/ST/threadx/common/src/tx_thread_system_resume.c **** 
 398              		.loc 1 303 56 is_stmt 0 view .LVU143
 399 0118 2F4B     		ldr	r3, .L27+20
 400 011a 1C60     		str	r4, [r3]
 336:Middlewares/ST/threadx/common/src/tx_thread_system_resume.c ****                                 {
 401              		.loc 1 336 33 is_stmt 1 view .LVU144
 336:Middlewares/ST/threadx/common/src/tx_thread_system_resume.c ****                                 {
 402              		.loc 1 336 36 is_stmt 0 view .LVU145
 403 011c 15B1     		cbz	r5, .L14
 340:Middlewares/ST/threadx/common/src/tx_thread_system_resume.c ****                                     {
 404              		.loc 1 340 37 is_stmt 1 view .LVU146
 340:Middlewares/ST/threadx/common/src/tx_thread_system_resume.c ****                                     {
 405              		.loc 1 340 65 is_stmt 0 view .LVU147
 406 011e EB68     		ldr	r3, [r5, #12]
 340:Middlewares/ST/threadx/common/src/tx_thread_system_resume.c ****                                     {
 407              		.loc 1 340 40 view .LVU148
 408 0120 8B42     		cmp	r3, r1
 409 0122 17D0     		beq	.L25
 410              	.L14:
ARM GAS  /tmp/ccQyBBcc.s 			page 26


 351:Middlewares/ST/threadx/common/src/tx_thread_system_resume.c **** 
 411              		.loc 1 351 33 is_stmt 1 view .LVU149
 412              	.LVL42:
 413              	.LBB51:
 414              	.LBI51:
 556:Middlewares/ST/threadx/ports/cortex_m7/gnu/inc/tx_port.h **** {
 415              		.loc 2 556 55 view .LVU150
 416              	.LBB52:
 562:Middlewares/ST/threadx/ports/cortex_m7/gnu/inc/tx_port.h **** #endif
 417              		.loc 2 562 5 view .LVU151
 418              		.syntax unified
 419              	@ 562 "Middlewares/ST/threadx/ports/cortex_m7/gnu/inc/tx_port.h" 1
 420 0124 86F31088 		MSR  PRIMASK,r6
 421              	@ 0 "" 2
 422              	.LVL43:
 562:Middlewares/ST/threadx/ports/cortex_m7/gnu/inc/tx_port.h **** #endif
 423              		.loc 2 562 5 is_stmt 0 view .LVU152
 424              		.thumb
 425              		.syntax unified
 426              	.LBE52:
 427              	.LBE51:
 364:Middlewares/ST/threadx/common/src/tx_thread_system_resume.c ****                                 if (combined_flags == ((ULONG) 0))
 428              		.loc 1 364 33 is_stmt 1 view .LVU153
 429 0128 304B     		ldr	r3, .L27+40
 430 012a 1B68     		ldr	r3, [r3]
 431              	.LVL44:
 365:Middlewares/ST/threadx/common/src/tx_thread_system_resume.c ****                                 {
 432              		.loc 1 365 33 view .LVU154
 365:Middlewares/ST/threadx/common/src/tx_thread_system_resume.c ****                                 {
 433              		.loc 1 365 36 is_stmt 0 view .LVU155
 434 012c 002B     		cmp	r3, #0
 435 012e 34D1     		bne	.L1
 375:Middlewares/ST/threadx/common/src/tx_thread_system_resume.c ****                                 }
 436              		.loc 1 375 37 is_stmt 1 view .LVU156
 437              	.LBB53:
 438              	.LBI53:
 578:Middlewares/ST/threadx/ports/cortex_m7/gnu/inc/tx_port.h **** }
 579:Middlewares/ST/threadx/ports/cortex_m7/gnu/inc/tx_port.h **** 
 580:Middlewares/ST/threadx/ports/cortex_m7/gnu/inc/tx_port.h **** __attribute__( ( always_inline ) ) static inline void _tx_thread_system_return_inline(void)
 439              		.loc 2 580 55 view .LVU157
 440              	.LBB54:
 581:Middlewares/ST/threadx/ports/cortex_m7/gnu/inc/tx_port.h **** {
 582:Middlewares/ST/threadx/ports/cortex_m7/gnu/inc/tx_port.h **** unsigned int interrupt_save;
 441              		.loc 2 582 1 view .LVU158
 583:Middlewares/ST/threadx/ports/cortex_m7/gnu/inc/tx_port.h **** 
 584:Middlewares/ST/threadx/ports/cortex_m7/gnu/inc/tx_port.h ****     /* Set PendSV to invoke ThreadX scheduler.  */
 585:Middlewares/ST/threadx/ports/cortex_m7/gnu/inc/tx_port.h ****     *((ULONG *) 0xE000ED04) = ((ULONG) 0x10000000);
 442              		.loc 2 585 5 view .LVU159
 443              		.loc 2 585 29 is_stmt 0 view .LVU160
 444 0130 4FF0E023 		mov	r3, #-536813568
 445              	.LVL45:
 446              		.loc 2 585 29 view .LVU161
 447 0134 4FF08052 		mov	r2, #268435456
 448              	.LVL46:
 449              		.loc 2 585 29 view .LVU162
 450 0138 C3F8042D 		str	r2, [r3, #3332]
 451              	.LVL47:
ARM GAS  /tmp/ccQyBBcc.s 			page 27


 586:Middlewares/ST/threadx/ports/cortex_m7/gnu/inc/tx_port.h ****     if (__get_ipsr_value() == 0)
 452              		.loc 2 586 5 is_stmt 1 view .LVU163
 453              	.LBB55:
 454              	.LBI55:
 474:Middlewares/ST/threadx/ports/cortex_m7/gnu/inc/tx_port.h **** {
 455              		.loc 2 474 63 view .LVU164
 456              	.LBB56:
 476:Middlewares/ST/threadx/ports/cortex_m7/gnu/inc/tx_port.h ****     __asm__ volatile (" MRS  %0,IPSR ": "=r" (ipsr_value) );
 457              		.loc 2 476 1 view .LVU165
 477:Middlewares/ST/threadx/ports/cortex_m7/gnu/inc/tx_port.h ****     return(ipsr_value);
 458              		.loc 2 477 5 view .LVU166
 459              		.syntax unified
 460              	@ 477 "Middlewares/ST/threadx/ports/cortex_m7/gnu/inc/tx_port.h" 1
 461 013c EFF30583 		 MRS  r3,IPSR 
 462              	@ 0 "" 2
 463              	.LVL48:
 478:Middlewares/ST/threadx/ports/cortex_m7/gnu/inc/tx_port.h **** }
 464              		.loc 2 478 5 view .LVU167
 478:Middlewares/ST/threadx/ports/cortex_m7/gnu/inc/tx_port.h **** }
 465              		.loc 2 478 5 is_stmt 0 view .LVU168
 466              		.thumb
 467              		.syntax unified
 468              	.LBE56:
 469              	.LBE55:
 470              		.loc 2 586 8 discriminator 1 view .LVU169
 471 0140 5BBB     		cbnz	r3, .L1
 587:Middlewares/ST/threadx/ports/cortex_m7/gnu/inc/tx_port.h ****     {
 588:Middlewares/ST/threadx/ports/cortex_m7/gnu/inc/tx_port.h ****         interrupt_save = __get_interrupt_posture();
 472              		.loc 2 588 9 is_stmt 1 view .LVU170
 473              	.LBB57:
 474              	.LBI57:
 533:Middlewares/ST/threadx/ports/cortex_m7/gnu/inc/tx_port.h **** {
 475              		.loc 2 533 63 view .LVU171
 476              	.LBB58:
 535:Middlewares/ST/threadx/ports/cortex_m7/gnu/inc/tx_port.h **** #ifdef TX_PORT_USE_BASEPRI
 477              		.loc 2 535 1 view .LVU172
 539:Middlewares/ST/threadx/ports/cortex_m7/gnu/inc/tx_port.h **** #endif
 478              		.loc 2 539 5 view .LVU173
 479              		.syntax unified
 480              	@ 539 "Middlewares/ST/threadx/ports/cortex_m7/gnu/inc/tx_port.h" 1
 481 0142 EFF31083 		MRS  r3, PRIMASK 
 482              	@ 0 "" 2
 483              	.LVL49:
 541:Middlewares/ST/threadx/ports/cortex_m7/gnu/inc/tx_port.h **** }
 484              		.loc 2 541 5 view .LVU174
 541:Middlewares/ST/threadx/ports/cortex_m7/gnu/inc/tx_port.h **** }
 485              		.loc 2 541 5 is_stmt 0 view .LVU175
 486              		.thumb
 487              		.syntax unified
 488              	.LBE58:
 489              	.LBE57:
 589:Middlewares/ST/threadx/ports/cortex_m7/gnu/inc/tx_port.h **** #ifdef TX_PORT_USE_BASEPRI
 590:Middlewares/ST/threadx/ports/cortex_m7/gnu/inc/tx_port.h ****         __set_basepri_value(0);
 591:Middlewares/ST/threadx/ports/cortex_m7/gnu/inc/tx_port.h **** #else
 592:Middlewares/ST/threadx/ports/cortex_m7/gnu/inc/tx_port.h ****         __enable_interrupts();
 490              		.loc 2 592 9 is_stmt 1 view .LVU176
 491              	.LBB59:
ARM GAS  /tmp/ccQyBBcc.s 			page 28


 492              	.LBI59:
 550:Middlewares/ST/threadx/ports/cortex_m7/gnu/inc/tx_port.h **** {
 493              		.loc 2 550 55 view .LVU177
 494              	.LBB60:
 552:Middlewares/ST/threadx/ports/cortex_m7/gnu/inc/tx_port.h **** }
 495              		.loc 2 552 5 view .LVU178
 496              		.syntax unified
 497              	@ 552 "Middlewares/ST/threadx/ports/cortex_m7/gnu/inc/tx_port.h" 1
 498 0146 62B6     		CPSIE  i
 499              	@ 0 "" 2
 500              		.thumb
 501              		.syntax unified
 502              	.LBE60:
 503              	.LBE59:
 593:Middlewares/ST/threadx/ports/cortex_m7/gnu/inc/tx_port.h **** #endif
 594:Middlewares/ST/threadx/ports/cortex_m7/gnu/inc/tx_port.h ****         __restore_interrupt(interrupt_save);
 504              		.loc 2 594 9 view .LVU179
 505              	.LVL50:
 506              	.LBB61:
 507              	.LBI61:
 556:Middlewares/ST/threadx/ports/cortex_m7/gnu/inc/tx_port.h **** {
 508              		.loc 2 556 55 view .LVU180
 509              	.LBB62:
 562:Middlewares/ST/threadx/ports/cortex_m7/gnu/inc/tx_port.h **** #endif
 510              		.loc 2 562 5 view .LVU181
 511              		.syntax unified
 512              	@ 562 "Middlewares/ST/threadx/ports/cortex_m7/gnu/inc/tx_port.h" 1
 513 0148 83F31088 		MSR  PRIMASK,r3
 514              	@ 0 "" 2
 515              	.LVL51:
 562:Middlewares/ST/threadx/ports/cortex_m7/gnu/inc/tx_port.h **** #endif
 516              		.loc 2 562 5 is_stmt 0 view .LVU182
 517              		.thumb
 518              		.syntax unified
 519              	.LBE62:
 520              	.LBE61:
 521              	.LBE54:
 522              	.LBE53:
 379:Middlewares/ST/threadx/common/src/tx_thread_system_resume.c **** #endif
 523              		.loc 1 379 33 is_stmt 1 view .LVU183
 524              	.LBB66:
 525              	.LBB65:
 526              	.LBB64:
 527              	.LBB63:
 564:Middlewares/ST/threadx/ports/cortex_m7/gnu/inc/tx_port.h **** 
 528              		.loc 2 564 1 is_stmt 0 view .LVU184
 529 014c 25E0     		b	.L1
 530              	.LVL52:
 531              	.L24:
 564:Middlewares/ST/threadx/ports/cortex_m7/gnu/inc/tx_port.h **** 
 532              		.loc 2 564 1 view .LVU185
 533              	.LBE63:
 534              	.LBE64:
 535              	.LBE65:
 536              	.LBE66:
 238:Middlewares/ST/threadx/common/src/tx_thread_system_resume.c ****                         }
 537              		.loc 1 238 29 is_stmt 1 view .LVU186
ARM GAS  /tmp/ccQyBBcc.s 			page 29


 238:Middlewares/ST/threadx/common/src/tx_thread_system_resume.c ****                         }
 538              		.loc 1 238 52 is_stmt 0 view .LVU187
 539 014e 224B     		ldr	r3, .L27+20
 540 0150 1C60     		str	r4, [r3]
 541 0152 05E0     		b	.L10
 542              	.L25:
 345:Middlewares/ST/threadx/common/src/tx_thread_system_resume.c ****                                     }
 543              		.loc 1 345 41 is_stmt 1 view .LVU188
 345:Middlewares/ST/threadx/common/src/tx_thread_system_resume.c ****                                     }
 544              		.loc 1 345 96 is_stmt 0 view .LVU189
 545 0154 EC61     		str	r4, [r5, #28]
 546 0156 E5E7     		b	.L14
 547              	.LVL53:
 548              	.L11:
 396:Middlewares/ST/threadx/common/src/tx_thread_system_resume.c ****                 }
 397:Middlewares/ST/threadx/common/src/tx_thread_system_resume.c ****             }
 398:Middlewares/ST/threadx/common/src/tx_thread_system_resume.c **** 
 399:Middlewares/ST/threadx/common/src/tx_thread_system_resume.c ****             /* Else, delayed suspend flag was set.  */
 400:Middlewares/ST/threadx/common/src/tx_thread_system_resume.c ****             else
 401:Middlewares/ST/threadx/common/src/tx_thread_system_resume.c ****             {
 402:Middlewares/ST/threadx/common/src/tx_thread_system_resume.c **** 
 403:Middlewares/ST/threadx/common/src/tx_thread_system_resume.c ****                 /* Clear the delayed suspend flag and change the state.  */
 404:Middlewares/ST/threadx/common/src/tx_thread_system_resume.c ****                 thread_ptr -> tx_thread_delayed_suspend =  TX_FALSE;
 549              		.loc 1 404 17 is_stmt 1 view .LVU190
 550              		.loc 1 404 57 is_stmt 0 view .LVU191
 551 0158 0023     		movs	r3, #0
 552 015a 6363     		str	r3, [r4, #52]
 405:Middlewares/ST/threadx/common/src/tx_thread_system_resume.c ****                 thread_ptr -> tx_thread_state =            TX_SUSPENDED;
 553              		.loc 1 405 17 is_stmt 1 view .LVU192
 554              		.loc 1 405 47 is_stmt 0 view .LVU193
 555 015c 0323     		movs	r3, #3
 556 015e 2363     		str	r3, [r4, #48]
 557              	.L10:
 406:Middlewares/ST/threadx/common/src/tx_thread_system_resume.c ****             }
 407:Middlewares/ST/threadx/common/src/tx_thread_system_resume.c ****         }
 408:Middlewares/ST/threadx/common/src/tx_thread_system_resume.c ****     }
 409:Middlewares/ST/threadx/common/src/tx_thread_system_resume.c ****     else
 410:Middlewares/ST/threadx/common/src/tx_thread_system_resume.c ****     {
 411:Middlewares/ST/threadx/common/src/tx_thread_system_resume.c **** 
 412:Middlewares/ST/threadx/common/src/tx_thread_system_resume.c ****         /* A resumption occurred in the middle of a previous thread suspension.  */
 413:Middlewares/ST/threadx/common/src/tx_thread_system_resume.c **** 
 414:Middlewares/ST/threadx/common/src/tx_thread_system_resume.c ****         /* Make sure the type of suspension under way is not a terminate or
 415:Middlewares/ST/threadx/common/src/tx_thread_system_resume.c ****            thread completion.  In either of these cases, do not void the
 416:Middlewares/ST/threadx/common/src/tx_thread_system_resume.c ****            interrupted suspension processing.  */
 417:Middlewares/ST/threadx/common/src/tx_thread_system_resume.c ****         if (thread_ptr -> tx_thread_state != TX_COMPLETED)
 418:Middlewares/ST/threadx/common/src/tx_thread_system_resume.c ****         {
 419:Middlewares/ST/threadx/common/src/tx_thread_system_resume.c **** 
 420:Middlewares/ST/threadx/common/src/tx_thread_system_resume.c ****             /* Make sure the thread isn't terminated.  */
 421:Middlewares/ST/threadx/common/src/tx_thread_system_resume.c ****             if (thread_ptr -> tx_thread_state != TX_TERMINATED)
 422:Middlewares/ST/threadx/common/src/tx_thread_system_resume.c ****             {
 423:Middlewares/ST/threadx/common/src/tx_thread_system_resume.c **** 
 424:Middlewares/ST/threadx/common/src/tx_thread_system_resume.c ****                 /* No, now check to see if the delayed suspension flag is set.  */
 425:Middlewares/ST/threadx/common/src/tx_thread_system_resume.c ****                 if (thread_ptr -> tx_thread_delayed_suspend == TX_FALSE)
 426:Middlewares/ST/threadx/common/src/tx_thread_system_resume.c ****                 {
 427:Middlewares/ST/threadx/common/src/tx_thread_system_resume.c **** 
 428:Middlewares/ST/threadx/common/src/tx_thread_system_resume.c ****                     /* Clear the suspending flag.  */
 429:Middlewares/ST/threadx/common/src/tx_thread_system_resume.c ****                     thread_ptr -> tx_thread_suspending =   TX_FALSE;
ARM GAS  /tmp/ccQyBBcc.s 			page 30


 430:Middlewares/ST/threadx/common/src/tx_thread_system_resume.c **** 
 431:Middlewares/ST/threadx/common/src/tx_thread_system_resume.c ****                     /* Restore the state to ready.  */
 432:Middlewares/ST/threadx/common/src/tx_thread_system_resume.c ****                     thread_ptr -> tx_thread_state =        TX_READY;
 433:Middlewares/ST/threadx/common/src/tx_thread_system_resume.c **** 
 434:Middlewares/ST/threadx/common/src/tx_thread_system_resume.c ****                     /* Thread state change.  */
 435:Middlewares/ST/threadx/common/src/tx_thread_system_resume.c ****                     TX_THREAD_STATE_CHANGE(thread_ptr, TX_READY)
 436:Middlewares/ST/threadx/common/src/tx_thread_system_resume.c **** 
 437:Middlewares/ST/threadx/common/src/tx_thread_system_resume.c ****                     /* Log the thread status change.  */
 438:Middlewares/ST/threadx/common/src/tx_thread_system_resume.c ****                     TX_EL_THREAD_STATUS_CHANGE_INSERT(thread_ptr, TX_READY)
 439:Middlewares/ST/threadx/common/src/tx_thread_system_resume.c ****                 }
 440:Middlewares/ST/threadx/common/src/tx_thread_system_resume.c ****                 else
 441:Middlewares/ST/threadx/common/src/tx_thread_system_resume.c ****                 {
 442:Middlewares/ST/threadx/common/src/tx_thread_system_resume.c **** 
 443:Middlewares/ST/threadx/common/src/tx_thread_system_resume.c ****                     /* Clear the delayed suspend flag and change the state.  */
 444:Middlewares/ST/threadx/common/src/tx_thread_system_resume.c ****                     thread_ptr -> tx_thread_delayed_suspend =  TX_FALSE;
 445:Middlewares/ST/threadx/common/src/tx_thread_system_resume.c ****                     thread_ptr -> tx_thread_state =            TX_SUSPENDED;
 446:Middlewares/ST/threadx/common/src/tx_thread_system_resume.c ****                 }
 447:Middlewares/ST/threadx/common/src/tx_thread_system_resume.c **** 
 448:Middlewares/ST/threadx/common/src/tx_thread_system_resume.c **** #ifdef TX_THREAD_ENABLE_PERFORMANCE_INFO
 449:Middlewares/ST/threadx/common/src/tx_thread_system_resume.c **** 
 450:Middlewares/ST/threadx/common/src/tx_thread_system_resume.c ****                 /* Increment the total number of thread resumptions.  */
 451:Middlewares/ST/threadx/common/src/tx_thread_system_resume.c ****                 _tx_thread_performance_resume_count++;
 452:Middlewares/ST/threadx/common/src/tx_thread_system_resume.c **** 
 453:Middlewares/ST/threadx/common/src/tx_thread_system_resume.c ****                 /* Increment this thread's resume count.  */
 454:Middlewares/ST/threadx/common/src/tx_thread_system_resume.c ****                 thread_ptr -> tx_thread_performance_resume_count++;
 455:Middlewares/ST/threadx/common/src/tx_thread_system_resume.c **** #endif
 456:Middlewares/ST/threadx/common/src/tx_thread_system_resume.c ****             }
 457:Middlewares/ST/threadx/common/src/tx_thread_system_resume.c ****         }
 458:Middlewares/ST/threadx/common/src/tx_thread_system_resume.c ****     }
 459:Middlewares/ST/threadx/common/src/tx_thread_system_resume.c **** 
 460:Middlewares/ST/threadx/common/src/tx_thread_system_resume.c **** #ifdef TX_THREAD_ENABLE_PERFORMANCE_INFO
 461:Middlewares/ST/threadx/common/src/tx_thread_system_resume.c **** 
 462:Middlewares/ST/threadx/common/src/tx_thread_system_resume.c ****     /* Is the execute pointer different?  */
 463:Middlewares/ST/threadx/common/src/tx_thread_system_resume.c ****     if (_tx_thread_performance_execute_log[_tx_thread_performance__execute_log_index] != _tx_thread
 464:Middlewares/ST/threadx/common/src/tx_thread_system_resume.c ****     {
 465:Middlewares/ST/threadx/common/src/tx_thread_system_resume.c **** 
 466:Middlewares/ST/threadx/common/src/tx_thread_system_resume.c ****         /* Move to next entry.  */
 467:Middlewares/ST/threadx/common/src/tx_thread_system_resume.c ****         _tx_thread_performance__execute_log_index++;
 468:Middlewares/ST/threadx/common/src/tx_thread_system_resume.c **** 
 469:Middlewares/ST/threadx/common/src/tx_thread_system_resume.c ****         /* Check for wrap condition.  */
 470:Middlewares/ST/threadx/common/src/tx_thread_system_resume.c ****         if (_tx_thread_performance__execute_log_index >= TX_THREAD_EXECUTE_LOG_SIZE)
 471:Middlewares/ST/threadx/common/src/tx_thread_system_resume.c ****         {
 472:Middlewares/ST/threadx/common/src/tx_thread_system_resume.c **** 
 473:Middlewares/ST/threadx/common/src/tx_thread_system_resume.c ****             /* Set the index to the beginning.  */
 474:Middlewares/ST/threadx/common/src/tx_thread_system_resume.c ****             _tx_thread_performance__execute_log_index =  ((UINT) 0);
 475:Middlewares/ST/threadx/common/src/tx_thread_system_resume.c ****         }
 476:Middlewares/ST/threadx/common/src/tx_thread_system_resume.c **** 
 477:Middlewares/ST/threadx/common/src/tx_thread_system_resume.c ****         /* Log the new execute pointer.  */
 478:Middlewares/ST/threadx/common/src/tx_thread_system_resume.c ****         _tx_thread_performance_execute_log[_tx_thread_performance__execute_log_index] =  _tx_thread
 479:Middlewares/ST/threadx/common/src/tx_thread_system_resume.c ****     }
 480:Middlewares/ST/threadx/common/src/tx_thread_system_resume.c **** #endif
 481:Middlewares/ST/threadx/common/src/tx_thread_system_resume.c **** 
 482:Middlewares/ST/threadx/common/src/tx_thread_system_resume.c **** #ifdef TX_ENABLE_EVENT_TRACE
 483:Middlewares/ST/threadx/common/src/tx_thread_system_resume.c **** 
 484:Middlewares/ST/threadx/common/src/tx_thread_system_resume.c ****     /* Check that the event time stamp is unchanged.  A different
 485:Middlewares/ST/threadx/common/src/tx_thread_system_resume.c ****        timestamp means that a later event wrote over the thread
 486:Middlewares/ST/threadx/common/src/tx_thread_system_resume.c ****        resume event. In that case, do nothing here.  */
ARM GAS  /tmp/ccQyBBcc.s 			page 31


 487:Middlewares/ST/threadx/common/src/tx_thread_system_resume.c ****     if (entry_ptr != TX_NULL)
 558              		.loc 1 487 5 is_stmt 1 view .LVU194
 559              		.loc 1 487 8 is_stmt 0 view .LVU195
 560 0160 15B1     		cbz	r5, .L18
 488:Middlewares/ST/threadx/common/src/tx_thread_system_resume.c ****     {
 489:Middlewares/ST/threadx/common/src/tx_thread_system_resume.c **** 
 490:Middlewares/ST/threadx/common/src/tx_thread_system_resume.c ****         /* Is the timestamp the same?  */
 491:Middlewares/ST/threadx/common/src/tx_thread_system_resume.c ****         if (time_stamp == entry_ptr -> tx_trace_buffer_entry_time_stamp)
 561              		.loc 1 491 9 is_stmt 1 view .LVU196
 562              		.loc 1 491 37 is_stmt 0 view .LVU197
 563 0162 EB68     		ldr	r3, [r5, #12]
 564              		.loc 1 491 12 view .LVU198
 565 0164 8B42     		cmp	r3, r1
 566 0166 29D0     		beq	.L26
 567              	.L18:
 492:Middlewares/ST/threadx/common/src/tx_thread_system_resume.c ****         {
 493:Middlewares/ST/threadx/common/src/tx_thread_system_resume.c **** 
 494:Middlewares/ST/threadx/common/src/tx_thread_system_resume.c ****             /* Timestamp is the same, set the "next thread pointer" to NULL. This can
 495:Middlewares/ST/threadx/common/src/tx_thread_system_resume.c ****                be used by the trace analysis tool to show idle system conditions.  */
 496:Middlewares/ST/threadx/common/src/tx_thread_system_resume.c **** #ifdef TX_MISRA_ENABLE
 497:Middlewares/ST/threadx/common/src/tx_thread_system_resume.c ****             entry_ptr -> tx_trace_buffer_entry_info_4 =  TX_POINTER_TO_ULONG_CONVERT(_tx_thread_exe
 498:Middlewares/ST/threadx/common/src/tx_thread_system_resume.c **** #else
 499:Middlewares/ST/threadx/common/src/tx_thread_system_resume.c ****             entry_ptr -> tx_trace_buffer_entry_information_field_4 =  TX_POINTER_TO_ULONG_CONVERT(_
 500:Middlewares/ST/threadx/common/src/tx_thread_system_resume.c **** #endif
 501:Middlewares/ST/threadx/common/src/tx_thread_system_resume.c ****         }
 502:Middlewares/ST/threadx/common/src/tx_thread_system_resume.c ****     }
 503:Middlewares/ST/threadx/common/src/tx_thread_system_resume.c **** #endif
 504:Middlewares/ST/threadx/common/src/tx_thread_system_resume.c **** 
 505:Middlewares/ST/threadx/common/src/tx_thread_system_resume.c ****     /* Pickup thread pointer.  */
 506:Middlewares/ST/threadx/common/src/tx_thread_system_resume.c ****     TX_THREAD_GET_CURRENT(current_thread)
 568              		.loc 1 506 5 is_stmt 1 view .LVU199
 569 0168 194B     		ldr	r3, .L27+12
 570 016a 1B68     		ldr	r3, [r3]
 571              	.LVL54:
 507:Middlewares/ST/threadx/common/src/tx_thread_system_resume.c **** 
 508:Middlewares/ST/threadx/common/src/tx_thread_system_resume.c ****     /* Restore interrupts.  */
 509:Middlewares/ST/threadx/common/src/tx_thread_system_resume.c ****     TX_RESTORE
 572              		.loc 1 509 5 view .LVU200
 573              	.LBB67:
 574              	.LBI67:
 556:Middlewares/ST/threadx/ports/cortex_m7/gnu/inc/tx_port.h **** {
 575              		.loc 2 556 55 view .LVU201
 576              	.LBB68:
 562:Middlewares/ST/threadx/ports/cortex_m7/gnu/inc/tx_port.h **** #endif
 577              		.loc 2 562 5 view .LVU202
 578              		.syntax unified
 579              	@ 562 "Middlewares/ST/threadx/ports/cortex_m7/gnu/inc/tx_port.h" 1
 580 016c 86F31088 		MSR  PRIMASK,r6
 581              	@ 0 "" 2
 582              	.LVL55:
 562:Middlewares/ST/threadx/ports/cortex_m7/gnu/inc/tx_port.h **** #endif
 583              		.loc 2 562 5 is_stmt 0 view .LVU203
 584              		.thumb
 585              		.syntax unified
 586              	.LBE68:
 587              	.LBE67:
 510:Middlewares/ST/threadx/common/src/tx_thread_system_resume.c **** 
ARM GAS  /tmp/ccQyBBcc.s 			page 32


 511:Middlewares/ST/threadx/common/src/tx_thread_system_resume.c ****     /* Determine if a preemption condition is present.  */
 512:Middlewares/ST/threadx/common/src/tx_thread_system_resume.c ****     if (current_thread != _tx_thread_execute_ptr)
 588              		.loc 1 512 5 is_stmt 1 view .LVU204
 589              		.loc 1 512 24 is_stmt 0 view .LVU205
 590 0170 194A     		ldr	r2, .L27+20
 591 0172 1268     		ldr	r2, [r2]
 592              		.loc 1 512 8 view .LVU206
 593 0174 9A42     		cmp	r2, r3
 594 0176 10D0     		beq	.L1
 513:Middlewares/ST/threadx/common/src/tx_thread_system_resume.c ****     {
 514:Middlewares/ST/threadx/common/src/tx_thread_system_resume.c **** 
 515:Middlewares/ST/threadx/common/src/tx_thread_system_resume.c **** #ifdef TX_ENABLE_STACK_CHECKING
 516:Middlewares/ST/threadx/common/src/tx_thread_system_resume.c **** 
 517:Middlewares/ST/threadx/common/src/tx_thread_system_resume.c ****         /* Pickup the next execute pointer.  */
 518:Middlewares/ST/threadx/common/src/tx_thread_system_resume.c ****         thread_ptr =  _tx_thread_execute_ptr;
 519:Middlewares/ST/threadx/common/src/tx_thread_system_resume.c **** 
 520:Middlewares/ST/threadx/common/src/tx_thread_system_resume.c ****         /* Check this thread's stack.  */
 521:Middlewares/ST/threadx/common/src/tx_thread_system_resume.c ****         TX_THREAD_STACK_CHECK(thread_ptr)
 522:Middlewares/ST/threadx/common/src/tx_thread_system_resume.c **** #endif
 523:Middlewares/ST/threadx/common/src/tx_thread_system_resume.c **** 
 524:Middlewares/ST/threadx/common/src/tx_thread_system_resume.c ****         /* Now determine if preemption should take place. This is only possible if the current thre
 525:Middlewares/ST/threadx/common/src/tx_thread_system_resume.c ****            not the same as the execute thread pointer AND the system state and preempt disable flag
 526:Middlewares/ST/threadx/common/src/tx_thread_system_resume.c ****         TX_THREAD_SYSTEM_RETURN_CHECK(combined_flags)
 595              		.loc 1 526 9 is_stmt 1 view .LVU207
 596 0178 1C4B     		ldr	r3, .L27+40
 597              	.LVL56:
 598              		.loc 1 526 9 is_stmt 0 view .LVU208
 599 017a 1B68     		ldr	r3, [r3]
 600              	.LVL57:
 527:Middlewares/ST/threadx/common/src/tx_thread_system_resume.c ****         if (combined_flags == ((ULONG) 0))
 601              		.loc 1 527 9 is_stmt 1 view .LVU209
 602              		.loc 1 527 12 is_stmt 0 view .LVU210
 603 017c 6BB9     		cbnz	r3, .L1
 528:Middlewares/ST/threadx/common/src/tx_thread_system_resume.c ****         {
 529:Middlewares/ST/threadx/common/src/tx_thread_system_resume.c **** 
 530:Middlewares/ST/threadx/common/src/tx_thread_system_resume.c **** #ifdef TX_THREAD_ENABLE_PERFORMANCE_INFO
 531:Middlewares/ST/threadx/common/src/tx_thread_system_resume.c **** 
 532:Middlewares/ST/threadx/common/src/tx_thread_system_resume.c ****             /* There is another thread ready to run and will be scheduled upon return.  */
 533:Middlewares/ST/threadx/common/src/tx_thread_system_resume.c ****             _tx_thread_performance_non_idle_return_count++;
 534:Middlewares/ST/threadx/common/src/tx_thread_system_resume.c **** #endif
 535:Middlewares/ST/threadx/common/src/tx_thread_system_resume.c **** 
 536:Middlewares/ST/threadx/common/src/tx_thread_system_resume.c ****             /* Preemption is needed - return to the system!  */
 537:Middlewares/ST/threadx/common/src/tx_thread_system_resume.c ****             _tx_thread_system_return();
 604              		.loc 1 537 13 is_stmt 1 view .LVU211
 605              	.LBB69:
 606              	.LBI69:
 580:Middlewares/ST/threadx/ports/cortex_m7/gnu/inc/tx_port.h **** {
 607              		.loc 2 580 55 view .LVU212
 608              	.LBB70:
 582:Middlewares/ST/threadx/ports/cortex_m7/gnu/inc/tx_port.h **** 
 609              		.loc 2 582 1 view .LVU213
 585:Middlewares/ST/threadx/ports/cortex_m7/gnu/inc/tx_port.h ****     if (__get_ipsr_value() == 0)
 610              		.loc 2 585 5 view .LVU214
 585:Middlewares/ST/threadx/ports/cortex_m7/gnu/inc/tx_port.h ****     if (__get_ipsr_value() == 0)
 611              		.loc 2 585 29 is_stmt 0 view .LVU215
 612 017e 4FF0E023 		mov	r3, #-536813568
 613              	.LVL58:
ARM GAS  /tmp/ccQyBBcc.s 			page 33


 585:Middlewares/ST/threadx/ports/cortex_m7/gnu/inc/tx_port.h ****     if (__get_ipsr_value() == 0)
 614              		.loc 2 585 29 view .LVU216
 615 0182 4FF08052 		mov	r2, #268435456
 616 0186 C3F8042D 		str	r2, [r3, #3332]
 617              	.LVL59:
 586:Middlewares/ST/threadx/ports/cortex_m7/gnu/inc/tx_port.h ****     {
 618              		.loc 2 586 5 is_stmt 1 view .LVU217
 619              	.LBB71:
 620              	.LBI71:
 474:Middlewares/ST/threadx/ports/cortex_m7/gnu/inc/tx_port.h **** {
 621              		.loc 2 474 63 view .LVU218
 622              	.LBB72:
 476:Middlewares/ST/threadx/ports/cortex_m7/gnu/inc/tx_port.h ****     __asm__ volatile (" MRS  %0,IPSR ": "=r" (ipsr_value) );
 623              		.loc 2 476 1 view .LVU219
 477:Middlewares/ST/threadx/ports/cortex_m7/gnu/inc/tx_port.h ****     return(ipsr_value);
 624              		.loc 2 477 5 view .LVU220
 625              		.syntax unified
 626              	@ 477 "Middlewares/ST/threadx/ports/cortex_m7/gnu/inc/tx_port.h" 1
 627 018a EFF30583 		 MRS  r3,IPSR 
 628              	@ 0 "" 2
 629              	.LVL60:
 478:Middlewares/ST/threadx/ports/cortex_m7/gnu/inc/tx_port.h **** }
 630              		.loc 2 478 5 view .LVU221
 478:Middlewares/ST/threadx/ports/cortex_m7/gnu/inc/tx_port.h **** }
 631              		.loc 2 478 5 is_stmt 0 view .LVU222
 632              		.thumb
 633              		.syntax unified
 634              	.LBE72:
 635              	.LBE71:
 586:Middlewares/ST/threadx/ports/cortex_m7/gnu/inc/tx_port.h ****     {
 636              		.loc 2 586 8 discriminator 1 view .LVU223
 637 018e 23B9     		cbnz	r3, .L1
 588:Middlewares/ST/threadx/ports/cortex_m7/gnu/inc/tx_port.h **** #ifdef TX_PORT_USE_BASEPRI
 638              		.loc 2 588 9 is_stmt 1 view .LVU224
 639              	.LBB73:
 640              	.LBI73:
 533:Middlewares/ST/threadx/ports/cortex_m7/gnu/inc/tx_port.h **** {
 641              		.loc 2 533 63 view .LVU225
 642              	.LBB74:
 535:Middlewares/ST/threadx/ports/cortex_m7/gnu/inc/tx_port.h **** #ifdef TX_PORT_USE_BASEPRI
 643              		.loc 2 535 1 view .LVU226
 539:Middlewares/ST/threadx/ports/cortex_m7/gnu/inc/tx_port.h **** #endif
 644              		.loc 2 539 5 view .LVU227
 645              		.syntax unified
 646              	@ 539 "Middlewares/ST/threadx/ports/cortex_m7/gnu/inc/tx_port.h" 1
 647 0190 EFF31083 		MRS  r3, PRIMASK 
 648              	@ 0 "" 2
 649              	.LVL61:
 541:Middlewares/ST/threadx/ports/cortex_m7/gnu/inc/tx_port.h **** }
 650              		.loc 2 541 5 view .LVU228
 541:Middlewares/ST/threadx/ports/cortex_m7/gnu/inc/tx_port.h **** }
 651              		.loc 2 541 5 is_stmt 0 view .LVU229
 652              		.thumb
 653              		.syntax unified
 654              	.LBE74:
 655              	.LBE73:
 592:Middlewares/ST/threadx/ports/cortex_m7/gnu/inc/tx_port.h **** #endif
ARM GAS  /tmp/ccQyBBcc.s 			page 34


 656              		.loc 2 592 9 is_stmt 1 view .LVU230
 657              	.LBB75:
 658              	.LBI75:
 550:Middlewares/ST/threadx/ports/cortex_m7/gnu/inc/tx_port.h **** {
 659              		.loc 2 550 55 view .LVU231
 660              	.LBB76:
 552:Middlewares/ST/threadx/ports/cortex_m7/gnu/inc/tx_port.h **** }
 661              		.loc 2 552 5 view .LVU232
 662              		.syntax unified
 663              	@ 552 "Middlewares/ST/threadx/ports/cortex_m7/gnu/inc/tx_port.h" 1
 664 0194 62B6     		CPSIE  i
 665              	@ 0 "" 2
 666              		.thumb
 667              		.syntax unified
 668              	.LBE76:
 669              	.LBE75:
 670              		.loc 2 594 9 view .LVU233
 671              	.LVL62:
 672              	.LBB77:
 673              	.LBI77:
 556:Middlewares/ST/threadx/ports/cortex_m7/gnu/inc/tx_port.h **** {
 674              		.loc 2 556 55 view .LVU234
 675              	.LBB78:
 562:Middlewares/ST/threadx/ports/cortex_m7/gnu/inc/tx_port.h **** #endif
 676              		.loc 2 562 5 view .LVU235
 677              		.syntax unified
 678              	@ 562 "Middlewares/ST/threadx/ports/cortex_m7/gnu/inc/tx_port.h" 1
 679 0196 83F31088 		MSR  PRIMASK,r3
 680              	@ 0 "" 2
 681              	.LVL63:
 682              		.thumb
 683              		.syntax unified
 684              	.L1:
 562:Middlewares/ST/threadx/ports/cortex_m7/gnu/inc/tx_port.h **** #endif
 685              		.loc 2 562 5 is_stmt 0 view .LVU236
 686              	.LBE78:
 687              	.LBE77:
 688              	.LBE70:
 689              	.LBE69:
 538:Middlewares/ST/threadx/common/src/tx_thread_system_resume.c ****         }
 539:Middlewares/ST/threadx/common/src/tx_thread_system_resume.c ****     }
 540:Middlewares/ST/threadx/common/src/tx_thread_system_resume.c **** }
 690              		.loc 1 540 1 view .LVU237
 691 019a 03B0     		add	sp, sp, #12
 692              	.LCFI2:
 693              		.cfi_remember_state
 694              		.cfi_def_cfa_offset 20
 695              		@ sp needed
 696 019c F0BD     		pop	{r4, r5, r6, r7, pc}
 697              	.LVL64:
 698              	.L9:
 699              	.LCFI3:
 700              		.cfi_restore_state
 417:Middlewares/ST/threadx/common/src/tx_thread_system_resume.c ****         {
 701              		.loc 1 417 9 is_stmt 1 view .LVU238
 417:Middlewares/ST/threadx/common/src/tx_thread_system_resume.c ****         {
 702              		.loc 1 417 24 is_stmt 0 view .LVU239
ARM GAS  /tmp/ccQyBBcc.s 			page 35


 703 019e 236B     		ldr	r3, [r4, #48]
 417:Middlewares/ST/threadx/common/src/tx_thread_system_resume.c ****         {
 704              		.loc 1 417 12 view .LVU240
 705 01a0 012B     		cmp	r3, #1
 706 01a2 DDD0     		beq	.L10
 421:Middlewares/ST/threadx/common/src/tx_thread_system_resume.c ****             {
 707              		.loc 1 421 13 is_stmt 1 view .LVU241
 421:Middlewares/ST/threadx/common/src/tx_thread_system_resume.c ****             {
 708              		.loc 1 421 16 is_stmt 0 view .LVU242
 709 01a4 022B     		cmp	r3, #2
 710 01a6 DBD0     		beq	.L10
 425:Middlewares/ST/threadx/common/src/tx_thread_system_resume.c ****                 {
 711              		.loc 1 425 17 is_stmt 1 view .LVU243
 425:Middlewares/ST/threadx/common/src/tx_thread_system_resume.c ****                 {
 712              		.loc 1 425 32 is_stmt 0 view .LVU244
 713 01a8 636B     		ldr	r3, [r4, #52]
 425:Middlewares/ST/threadx/common/src/tx_thread_system_resume.c ****                 {
 714              		.loc 1 425 20 view .LVU245
 715 01aa 13B9     		cbnz	r3, .L17
 429:Middlewares/ST/threadx/common/src/tx_thread_system_resume.c **** 
 716              		.loc 1 429 21 is_stmt 1 view .LVU246
 429:Middlewares/ST/threadx/common/src/tx_thread_system_resume.c **** 
 717              		.loc 1 429 56 is_stmt 0 view .LVU247
 718 01ac A363     		str	r3, [r4, #56]
 432:Middlewares/ST/threadx/common/src/tx_thread_system_resume.c **** 
 719              		.loc 1 432 21 is_stmt 1 view .LVU248
 432:Middlewares/ST/threadx/common/src/tx_thread_system_resume.c **** 
 720              		.loc 1 432 51 is_stmt 0 view .LVU249
 721 01ae 2363     		str	r3, [r4, #48]
 722 01b0 D6E7     		b	.L10
 723              	.L17:
 444:Middlewares/ST/threadx/common/src/tx_thread_system_resume.c ****                     thread_ptr -> tx_thread_state =            TX_SUSPENDED;
 724              		.loc 1 444 21 is_stmt 1 view .LVU250
 444:Middlewares/ST/threadx/common/src/tx_thread_system_resume.c ****                     thread_ptr -> tx_thread_state =            TX_SUSPENDED;
 725              		.loc 1 444 61 is_stmt 0 view .LVU251
 726 01b2 0023     		movs	r3, #0
 727 01b4 6363     		str	r3, [r4, #52]
 445:Middlewares/ST/threadx/common/src/tx_thread_system_resume.c ****                 }
 728              		.loc 1 445 21 is_stmt 1 view .LVU252
 445:Middlewares/ST/threadx/common/src/tx_thread_system_resume.c ****                 }
 729              		.loc 1 445 51 is_stmt 0 view .LVU253
 730 01b6 0323     		movs	r3, #3
 731 01b8 2363     		str	r3, [r4, #48]
 732 01ba D1E7     		b	.L10
 733              	.L26:
 499:Middlewares/ST/threadx/common/src/tx_thread_system_resume.c **** #endif
 734              		.loc 1 499 13 is_stmt 1 view .LVU254
 499:Middlewares/ST/threadx/common/src/tx_thread_system_resume.c **** #endif
 735              		.loc 1 499 71 is_stmt 0 view .LVU255
 736 01bc 064B     		ldr	r3, .L27+20
 737 01be 1B68     		ldr	r3, [r3]
 499:Middlewares/ST/threadx/common/src/tx_thread_system_resume.c **** #endif
 738              		.loc 1 499 68 view .LVU256
 739 01c0 EB61     		str	r3, [r5, #28]
 740 01c2 D1E7     		b	.L18
 741              	.L28:
 742              		.align	2
ARM GAS  /tmp/ccQyBBcc.s 			page 36


 743              	.L27:
 744 01c4 00000000 		.word	_tx_trace_buffer_current_ptr
 745 01c8 00000000 		.word	_tx_trace_event_enable_bits
 746 01cc 00000000 		.word	_tx_thread_system_state
 747 01d0 00000000 		.word	_tx_thread_current_ptr
 748 01d4 001000E0 		.word	-536866816
 749 01d8 00000000 		.word	_tx_thread_execute_ptr
 750 01dc 00000000 		.word	_tx_trace_buffer_end_ptr
 751 01e0 00000000 		.word	_tx_trace_buffer_start_ptr
 752 01e4 00000000 		.word	_tx_trace_header_ptr
 753 01e8 00000000 		.word	_tx_trace_full_notify_function
 754 01ec 00000000 		.word	_tx_thread_preempt_disable
 755 01f0 00000000 		.word	_tx_thread_priority_list
 756 01f4 00000000 		.word	_tx_thread_priority_maps
 757 01f8 00000000 		.word	_tx_thread_highest_priority
 758              		.cfi_endproc
 759              	.LFE8:
 761              		.text
 762              	.Letext0:
 763              		.file 3 "Middlewares/ST/threadx/common/inc/tx_api.h"
 764              		.file 4 "Middlewares/ST/threadx/common/inc/tx_thread.h"
 765              		.file 5 "Middlewares/ST/threadx/common/inc/tx_trace.h"
 766              		.file 6 "Middlewares/ST/threadx/common/inc/tx_timer.h"
ARM GAS  /tmp/ccQyBBcc.s 			page 37


DEFINED SYMBOLS
                            *ABS*:00000000 tx_thread_system_resume.c
     /tmp/ccQyBBcc.s:20     .text._tx_thread_system_resume:00000000 $t
     /tmp/ccQyBBcc.s:26     .text._tx_thread_system_resume:00000000 _tx_thread_system_resume
     /tmp/ccQyBBcc.s:744    .text._tx_thread_system_resume:000001c4 $d

UNDEFINED SYMBOLS
_tx_timer_system_deactivate
_tx_trace_buffer_current_ptr
_tx_trace_event_enable_bits
_tx_thread_system_state
_tx_thread_current_ptr
_tx_thread_execute_ptr
_tx_trace_buffer_end_ptr
_tx_trace_buffer_start_ptr
_tx_trace_header_ptr
_tx_trace_full_notify_function
_tx_thread_preempt_disable
_tx_thread_priority_list
_tx_thread_priority_maps
_tx_thread_highest_priority
