ARM GAS  /tmp/cclWLleW.s 			page 1


   1              		.cpu cortex-m7
   2              		.arch armv7e-m
   3              		.fpu fpv5-d16
   4              		.eabi_attribute 28, 1
   5              		.eabi_attribute 20, 1
   6              		.eabi_attribute 21, 1
   7              		.eabi_attribute 23, 3
   8              		.eabi_attribute 24, 1
   9              		.eabi_attribute 25, 1
  10              		.eabi_attribute 26, 1
  11              		.eabi_attribute 30, 1
  12              		.eabi_attribute 34, 1
  13              		.eabi_attribute 18, 4
  14              		.file	"ux_device_class_storage_thread.c"
  15              		.text
  16              	.Ltext0:
  17              		.cfi_sections	.debug_frame
  18              		.file 1 "Middlewares/ST/usbx/common/usbx_device_classes/src/ux_device_class_storage_thread.c"
  19              		.section	.text._ux_device_class_storage_thread,"ax",%progbits
  20              		.align	1
  21              		.global	_ux_device_class_storage_thread
  22              		.syntax unified
  23              		.thumb
  24              		.thumb_func
  26              	_ux_device_class_storage_thread:
  27              	.LVL0:
  28              	.LFB11:
   1:Middlewares/ST/usbx/common/usbx_device_classes/src/ux_device_class_storage_thread.c **** /**************************************************************************/
   2:Middlewares/ST/usbx/common/usbx_device_classes/src/ux_device_class_storage_thread.c **** /*                                                                        */
   3:Middlewares/ST/usbx/common/usbx_device_classes/src/ux_device_class_storage_thread.c **** /*       Copyright (c) Microsoft Corporation. All rights reserved.        */
   4:Middlewares/ST/usbx/common/usbx_device_classes/src/ux_device_class_storage_thread.c **** /*                                                                        */
   5:Middlewares/ST/usbx/common/usbx_device_classes/src/ux_device_class_storage_thread.c **** /*       This software is licensed under the Microsoft Software License   */
   6:Middlewares/ST/usbx/common/usbx_device_classes/src/ux_device_class_storage_thread.c **** /*       Terms for Microsoft Azure RTOS. Full text of the license can be  */
   7:Middlewares/ST/usbx/common/usbx_device_classes/src/ux_device_class_storage_thread.c **** /*       found in the LICENSE file at https://aka.ms/AzureRTOS_EULA       */
   8:Middlewares/ST/usbx/common/usbx_device_classes/src/ux_device_class_storage_thread.c **** /*       and in the root directory of this software.                      */
   9:Middlewares/ST/usbx/common/usbx_device_classes/src/ux_device_class_storage_thread.c **** /*                                                                        */
  10:Middlewares/ST/usbx/common/usbx_device_classes/src/ux_device_class_storage_thread.c **** /**************************************************************************/
  11:Middlewares/ST/usbx/common/usbx_device_classes/src/ux_device_class_storage_thread.c **** 
  12:Middlewares/ST/usbx/common/usbx_device_classes/src/ux_device_class_storage_thread.c **** 
  13:Middlewares/ST/usbx/common/usbx_device_classes/src/ux_device_class_storage_thread.c **** /**************************************************************************/
  14:Middlewares/ST/usbx/common/usbx_device_classes/src/ux_device_class_storage_thread.c **** /**************************************************************************/
  15:Middlewares/ST/usbx/common/usbx_device_classes/src/ux_device_class_storage_thread.c **** /**                                                                       */ 
  16:Middlewares/ST/usbx/common/usbx_device_classes/src/ux_device_class_storage_thread.c **** /** USBX Component                                                        */ 
  17:Middlewares/ST/usbx/common/usbx_device_classes/src/ux_device_class_storage_thread.c **** /**                                                                       */
  18:Middlewares/ST/usbx/common/usbx_device_classes/src/ux_device_class_storage_thread.c **** /**   Device Storage Class                                                */
  19:Middlewares/ST/usbx/common/usbx_device_classes/src/ux_device_class_storage_thread.c **** /**                                                                       */
  20:Middlewares/ST/usbx/common/usbx_device_classes/src/ux_device_class_storage_thread.c **** /**************************************************************************/
  21:Middlewares/ST/usbx/common/usbx_device_classes/src/ux_device_class_storage_thread.c **** /**************************************************************************/
  22:Middlewares/ST/usbx/common/usbx_device_classes/src/ux_device_class_storage_thread.c **** 
  23:Middlewares/ST/usbx/common/usbx_device_classes/src/ux_device_class_storage_thread.c **** #define UX_SOURCE_CODE
  24:Middlewares/ST/usbx/common/usbx_device_classes/src/ux_device_class_storage_thread.c **** 
  25:Middlewares/ST/usbx/common/usbx_device_classes/src/ux_device_class_storage_thread.c **** 
  26:Middlewares/ST/usbx/common/usbx_device_classes/src/ux_device_class_storage_thread.c **** /* Include necessary system files.  */
  27:Middlewares/ST/usbx/common/usbx_device_classes/src/ux_device_class_storage_thread.c **** 
  28:Middlewares/ST/usbx/common/usbx_device_classes/src/ux_device_class_storage_thread.c **** #include "ux_api.h"
  29:Middlewares/ST/usbx/common/usbx_device_classes/src/ux_device_class_storage_thread.c **** #include "ux_device_class_storage.h"
  30:Middlewares/ST/usbx/common/usbx_device_classes/src/ux_device_class_storage_thread.c **** #include "ux_device_stack.h"
ARM GAS  /tmp/cclWLleW.s 			page 2


  31:Middlewares/ST/usbx/common/usbx_device_classes/src/ux_device_class_storage_thread.c **** 
  32:Middlewares/ST/usbx/common/usbx_device_classes/src/ux_device_class_storage_thread.c **** 
  33:Middlewares/ST/usbx/common/usbx_device_classes/src/ux_device_class_storage_thread.c **** #if !defined(UX_DEVICE_STANDALONE)
  34:Middlewares/ST/usbx/common/usbx_device_classes/src/ux_device_class_storage_thread.c **** /**************************************************************************/ 
  35:Middlewares/ST/usbx/common/usbx_device_classes/src/ux_device_class_storage_thread.c **** /*                                                                        */ 
  36:Middlewares/ST/usbx/common/usbx_device_classes/src/ux_device_class_storage_thread.c **** /*  FUNCTION                                               RELEASE        */ 
  37:Middlewares/ST/usbx/common/usbx_device_classes/src/ux_device_class_storage_thread.c **** /*                                                                        */ 
  38:Middlewares/ST/usbx/common/usbx_device_classes/src/ux_device_class_storage_thread.c **** /*    _ux_device_class_storage_thread                     PORTABLE C      */ 
  39:Middlewares/ST/usbx/common/usbx_device_classes/src/ux_device_class_storage_thread.c **** /*                                                           6.1.10       */
  40:Middlewares/ST/usbx/common/usbx_device_classes/src/ux_device_class_storage_thread.c **** /*  AUTHOR                                                                */
  41:Middlewares/ST/usbx/common/usbx_device_classes/src/ux_device_class_storage_thread.c **** /*                                                                        */
  42:Middlewares/ST/usbx/common/usbx_device_classes/src/ux_device_class_storage_thread.c **** /*    Chaoqiong Xiao, Microsoft Corporation                               */
  43:Middlewares/ST/usbx/common/usbx_device_classes/src/ux_device_class_storage_thread.c **** /*                                                                        */
  44:Middlewares/ST/usbx/common/usbx_device_classes/src/ux_device_class_storage_thread.c **** /*  DESCRIPTION                                                           */
  45:Middlewares/ST/usbx/common/usbx_device_classes/src/ux_device_class_storage_thread.c **** /*                                                                        */ 
  46:Middlewares/ST/usbx/common/usbx_device_classes/src/ux_device_class_storage_thread.c **** /*    This function is the thread of the storage class.                   */ 
  47:Middlewares/ST/usbx/common/usbx_device_classes/src/ux_device_class_storage_thread.c **** /*                                                                        */
  48:Middlewares/ST/usbx/common/usbx_device_classes/src/ux_device_class_storage_thread.c **** /*    It's for RTOS mode.                                                 */
  49:Middlewares/ST/usbx/common/usbx_device_classes/src/ux_device_class_storage_thread.c **** /*                                                                        */ 
  50:Middlewares/ST/usbx/common/usbx_device_classes/src/ux_device_class_storage_thread.c **** /*  INPUT                                                                 */ 
  51:Middlewares/ST/usbx/common/usbx_device_classes/src/ux_device_class_storage_thread.c **** /*                                                                        */ 
  52:Middlewares/ST/usbx/common/usbx_device_classes/src/ux_device_class_storage_thread.c **** /*    class                                 Address of storage class      */ 
  53:Middlewares/ST/usbx/common/usbx_device_classes/src/ux_device_class_storage_thread.c **** /*                                            container                   */ 
  54:Middlewares/ST/usbx/common/usbx_device_classes/src/ux_device_class_storage_thread.c **** /*                                                                        */ 
  55:Middlewares/ST/usbx/common/usbx_device_classes/src/ux_device_class_storage_thread.c **** /*  OUTPUT                                                                */ 
  56:Middlewares/ST/usbx/common/usbx_device_classes/src/ux_device_class_storage_thread.c **** /*                                                                        */ 
  57:Middlewares/ST/usbx/common/usbx_device_classes/src/ux_device_class_storage_thread.c **** /*    None                                                                */ 
  58:Middlewares/ST/usbx/common/usbx_device_classes/src/ux_device_class_storage_thread.c **** /*                                                                        */ 
  59:Middlewares/ST/usbx/common/usbx_device_classes/src/ux_device_class_storage_thread.c **** /*  CALLS                                                                 */ 
  60:Middlewares/ST/usbx/common/usbx_device_classes/src/ux_device_class_storage_thread.c **** /*                                                                        */ 
  61:Middlewares/ST/usbx/common/usbx_device_classes/src/ux_device_class_storage_thread.c **** /*    _ux_device_class_storage_format       Storage class format          */ 
  62:Middlewares/ST/usbx/common/usbx_device_classes/src/ux_device_class_storage_thread.c **** /*    _ux_device_class_storage_inquiry      Storage class inquiry         */ 
  63:Middlewares/ST/usbx/common/usbx_device_classes/src/ux_device_class_storage_thread.c **** /*    _ux_device_class_storage_mode_select  Mode select                   */ 
  64:Middlewares/ST/usbx/common/usbx_device_classes/src/ux_device_class_storage_thread.c **** /*    _ux_device_class_storage_mode_sense   Mode sense                    */ 
  65:Middlewares/ST/usbx/common/usbx_device_classes/src/ux_device_class_storage_thread.c **** /*    _ux_device_class_storage_prevent_allow_media_removal                */ 
  66:Middlewares/ST/usbx/common/usbx_device_classes/src/ux_device_class_storage_thread.c **** /*                                          Prevent media removal         */ 
  67:Middlewares/ST/usbx/common/usbx_device_classes/src/ux_device_class_storage_thread.c **** /*    _ux_device_class_storage_read         Read                          */ 
  68:Middlewares/ST/usbx/common/usbx_device_classes/src/ux_device_class_storage_thread.c **** /*    _ux_device_class_storage_read_capacity                              */
  69:Middlewares/ST/usbx/common/usbx_device_classes/src/ux_device_class_storage_thread.c **** /*                                          Read capacity                 */ 
  70:Middlewares/ST/usbx/common/usbx_device_classes/src/ux_device_class_storage_thread.c **** /*    _ux_device_class_storage_read_format_capacity                       */ 
  71:Middlewares/ST/usbx/common/usbx_device_classes/src/ux_device_class_storage_thread.c **** /*                                          Read format capacity          */ 
  72:Middlewares/ST/usbx/common/usbx_device_classes/src/ux_device_class_storage_thread.c **** /*    _ux_device_class_storage_request_sense                              */
  73:Middlewares/ST/usbx/common/usbx_device_classes/src/ux_device_class_storage_thread.c **** /*                                          Sense request                 */ 
  74:Middlewares/ST/usbx/common/usbx_device_classes/src/ux_device_class_storage_thread.c **** /*    _ux_device_class_storage_start_stop   Start/Stop                    */
  75:Middlewares/ST/usbx/common/usbx_device_classes/src/ux_device_class_storage_thread.c **** /*    _ux_device_class_storage_synchronize_cache                          */ 
  76:Middlewares/ST/usbx/common/usbx_device_classes/src/ux_device_class_storage_thread.c **** /*                                          Synchronize cache             */
  77:Middlewares/ST/usbx/common/usbx_device_classes/src/ux_device_class_storage_thread.c **** /*    _ux_device_class_storage_test_ready   Ready test                    */ 
  78:Middlewares/ST/usbx/common/usbx_device_classes/src/ux_device_class_storage_thread.c **** /*    _ux_device_class_storage_verify       Verify                        */ 
  79:Middlewares/ST/usbx/common/usbx_device_classes/src/ux_device_class_storage_thread.c **** /*    _ux_device_class_storage_write        Write                         */
  80:Middlewares/ST/usbx/common/usbx_device_classes/src/ux_device_class_storage_thread.c **** /*    _ux_device_stack_endpoint_stall       Endpoint stall                */ 
  81:Middlewares/ST/usbx/common/usbx_device_classes/src/ux_device_class_storage_thread.c **** /*    _ux_device_stack_interface_delete     Interface delete              */ 
  82:Middlewares/ST/usbx/common/usbx_device_classes/src/ux_device_class_storage_thread.c **** /*    _ux_device_stack_transfer_request     Transfer request              */ 
  83:Middlewares/ST/usbx/common/usbx_device_classes/src/ux_device_class_storage_thread.c **** /*    _ux_utility_long_get                  Get 32-bit value              */ 
  84:Middlewares/ST/usbx/common/usbx_device_classes/src/ux_device_class_storage_thread.c **** /*    _ux_utility_memory_allocate           Allocate memory               */ 
  85:Middlewares/ST/usbx/common/usbx_device_classes/src/ux_device_class_storage_thread.c **** /*    _ux_device_semaphore_create           Create semaphore              */ 
  86:Middlewares/ST/usbx/common/usbx_device_classes/src/ux_device_class_storage_thread.c **** /*    _ux_utility_delay_ms                  Sleep thread for several ms   */
  87:Middlewares/ST/usbx/common/usbx_device_classes/src/ux_device_class_storage_thread.c **** /*    _ux_device_thread_suspend             Suspend thread                */ 
ARM GAS  /tmp/cclWLleW.s 			page 3


  88:Middlewares/ST/usbx/common/usbx_device_classes/src/ux_device_class_storage_thread.c **** /*                                                                        */ 
  89:Middlewares/ST/usbx/common/usbx_device_classes/src/ux_device_class_storage_thread.c **** /*  CALLED BY                                                             */ 
  90:Middlewares/ST/usbx/common/usbx_device_classes/src/ux_device_class_storage_thread.c **** /*                                                                        */ 
  91:Middlewares/ST/usbx/common/usbx_device_classes/src/ux_device_class_storage_thread.c **** /*    ThreadX                                                             */ 
  92:Middlewares/ST/usbx/common/usbx_device_classes/src/ux_device_class_storage_thread.c **** /*                                                                        */ 
  93:Middlewares/ST/usbx/common/usbx_device_classes/src/ux_device_class_storage_thread.c **** /*  RELEASE HISTORY                                                       */ 
  94:Middlewares/ST/usbx/common/usbx_device_classes/src/ux_device_class_storage_thread.c **** /*                                                                        */ 
  95:Middlewares/ST/usbx/common/usbx_device_classes/src/ux_device_class_storage_thread.c **** /*    DATE              NAME                      DESCRIPTION             */ 
  96:Middlewares/ST/usbx/common/usbx_device_classes/src/ux_device_class_storage_thread.c **** /*                                                                        */ 
  97:Middlewares/ST/usbx/common/usbx_device_classes/src/ux_device_class_storage_thread.c **** /*  05-19-2020     Chaoqiong Xiao           Initial Version 6.0           */
  98:Middlewares/ST/usbx/common/usbx_device_classes/src/ux_device_class_storage_thread.c **** /*  09-30-2020     Chaoqiong Xiao           Modified comment(s),          */
  99:Middlewares/ST/usbx/common/usbx_device_classes/src/ux_device_class_storage_thread.c **** /*                                            used sleep instead of       */
 100:Middlewares/ST/usbx/common/usbx_device_classes/src/ux_device_class_storage_thread.c **** /*                                            relinquish on error,        */
 101:Middlewares/ST/usbx/common/usbx_device_classes/src/ux_device_class_storage_thread.c **** /*                                            optimized command logic,    */
 102:Middlewares/ST/usbx/common/usbx_device_classes/src/ux_device_class_storage_thread.c **** /*                                            used UX prefix to refer to  */
 103:Middlewares/ST/usbx/common/usbx_device_classes/src/ux_device_class_storage_thread.c **** /*                                            TX symbols instead of using */
 104:Middlewares/ST/usbx/common/usbx_device_classes/src/ux_device_class_storage_thread.c **** /*                                            them directly,              */
 105:Middlewares/ST/usbx/common/usbx_device_classes/src/ux_device_class_storage_thread.c **** /*                                            resulting in version 6.1    */
 106:Middlewares/ST/usbx/common/usbx_device_classes/src/ux_device_class_storage_thread.c **** /*  12-31-2020     Chaoqiong Xiao           Modified comment(s),          */
 107:Middlewares/ST/usbx/common/usbx_device_classes/src/ux_device_class_storage_thread.c **** /*                                            fixed USB CV test issues,   */
 108:Middlewares/ST/usbx/common/usbx_device_classes/src/ux_device_class_storage_thread.c **** /*                                            resulting in version 6.1.3  */
 109:Middlewares/ST/usbx/common/usbx_device_classes/src/ux_device_class_storage_thread.c **** /*  04-02-2021     Chaoqiong Xiao           Modified comment(s),          */
 110:Middlewares/ST/usbx/common/usbx_device_classes/src/ux_device_class_storage_thread.c **** /*                                            fixed compile issues with   */
 111:Middlewares/ST/usbx/common/usbx_device_classes/src/ux_device_class_storage_thread.c **** /*                                            some macro options,         */
 112:Middlewares/ST/usbx/common/usbx_device_classes/src/ux_device_class_storage_thread.c **** /*                                            resulting in version 6.1.6  */
 113:Middlewares/ST/usbx/common/usbx_device_classes/src/ux_device_class_storage_thread.c **** /*  06-02-2021     Chaoqiong Xiao           Modified comment(s),          */
 114:Middlewares/ST/usbx/common/usbx_device_classes/src/ux_device_class_storage_thread.c **** /*                                            get interface and endpoints */
 115:Middlewares/ST/usbx/common/usbx_device_classes/src/ux_device_class_storage_thread.c **** /*                                            from configured device,     */
 116:Middlewares/ST/usbx/common/usbx_device_classes/src/ux_device_class_storage_thread.c **** /*                                            resulting in version 6.1.7  */
 117:Middlewares/ST/usbx/common/usbx_device_classes/src/ux_device_class_storage_thread.c **** /*  10-15-2021     Chaoqiong Xiao           Modified comment(s),          */
 118:Middlewares/ST/usbx/common/usbx_device_classes/src/ux_device_class_storage_thread.c **** /*                                            improved TAG management,    */
 119:Middlewares/ST/usbx/common/usbx_device_classes/src/ux_device_class_storage_thread.c **** /*                                            resulting in version 6.1.9  */
 120:Middlewares/ST/usbx/common/usbx_device_classes/src/ux_device_class_storage_thread.c **** /*  01-31-2022     Chaoqiong Xiao           Modified comment(s),          */
 121:Middlewares/ST/usbx/common/usbx_device_classes/src/ux_device_class_storage_thread.c **** /*                                            refined macros names,       */
 122:Middlewares/ST/usbx/common/usbx_device_classes/src/ux_device_class_storage_thread.c **** /*                                            resulting in version 6.1.10 */
 123:Middlewares/ST/usbx/common/usbx_device_classes/src/ux_device_class_storage_thread.c **** /*                                                                        */
 124:Middlewares/ST/usbx/common/usbx_device_classes/src/ux_device_class_storage_thread.c **** /**************************************************************************/
 125:Middlewares/ST/usbx/common/usbx_device_classes/src/ux_device_class_storage_thread.c **** VOID  _ux_device_class_storage_thread(ULONG storage_class)
 126:Middlewares/ST/usbx/common/usbx_device_classes/src/ux_device_class_storage_thread.c **** {
  29              		.loc 1 126 1 view -0
  30              		.cfi_startproc
  31              		@ args = 0, pretend = 0, frame = 0
  32              		@ frame_needed = 0, uses_anonymous_args = 0
  33              		.loc 1 126 1 is_stmt 0 view .LVU1
  34 0000 2DE9F04F 		push	{r4, r5, r6, r7, r8, r9, r10, fp, lr}
  35              	.LCFI0:
  36              		.cfi_def_cfa_offset 36
  37              		.cfi_offset 4, -36
  38              		.cfi_offset 5, -32
  39              		.cfi_offset 6, -28
  40              		.cfi_offset 7, -24
  41              		.cfi_offset 8, -20
  42              		.cfi_offset 9, -16
  43              		.cfi_offset 10, -12
  44              		.cfi_offset 11, -8
  45              		.cfi_offset 14, -4
  46 0004 83B0     		sub	sp, sp, #12
ARM GAS  /tmp/cclWLleW.s 			page 4


  47              	.LCFI1:
  48              		.cfi_def_cfa_offset 48
  49 0006 0746     		mov	r7, r0
  50 0008 3EE1     		b	.L37
  51              	.LVL1:
  52              	.L3:
 127:Middlewares/ST/usbx/common/usbx_device_classes/src/ux_device_class_storage_thread.c **** 
 128:Middlewares/ST/usbx/common/usbx_device_classes/src/ux_device_class_storage_thread.c **** UX_SLAVE_CLASS              *class;
 129:Middlewares/ST/usbx/common/usbx_device_classes/src/ux_device_class_storage_thread.c **** UX_SLAVE_CLASS_STORAGE      *storage;
 130:Middlewares/ST/usbx/common/usbx_device_classes/src/ux_device_class_storage_thread.c **** UX_SLAVE_TRANSFER           *transfer_request;
 131:Middlewares/ST/usbx/common/usbx_device_classes/src/ux_device_class_storage_thread.c **** UX_SLAVE_DEVICE             *device;
 132:Middlewares/ST/usbx/common/usbx_device_classes/src/ux_device_class_storage_thread.c **** UX_SLAVE_INTERFACE          *interface;
 133:Middlewares/ST/usbx/common/usbx_device_classes/src/ux_device_class_storage_thread.c **** UX_SLAVE_ENDPOINT           *endpoint_in;
 134:Middlewares/ST/usbx/common/usbx_device_classes/src/ux_device_class_storage_thread.c **** UX_SLAVE_ENDPOINT           *endpoint_out;
 135:Middlewares/ST/usbx/common/usbx_device_classes/src/ux_device_class_storage_thread.c **** UINT                        status;
 136:Middlewares/ST/usbx/common/usbx_device_classes/src/ux_device_class_storage_thread.c **** ULONG                       length;
 137:Middlewares/ST/usbx/common/usbx_device_classes/src/ux_device_class_storage_thread.c **** ULONG                       cbwcb_length;
 138:Middlewares/ST/usbx/common/usbx_device_classes/src/ux_device_class_storage_thread.c **** ULONG                       lun;
 139:Middlewares/ST/usbx/common/usbx_device_classes/src/ux_device_class_storage_thread.c **** UCHAR                       *scsi_command;
 140:Middlewares/ST/usbx/common/usbx_device_classes/src/ux_device_class_storage_thread.c **** UCHAR                       *cbw_cb;
 141:Middlewares/ST/usbx/common/usbx_device_classes/src/ux_device_class_storage_thread.c **** 
 142:Middlewares/ST/usbx/common/usbx_device_classes/src/ux_device_class_storage_thread.c **** 
 143:Middlewares/ST/usbx/common/usbx_device_classes/src/ux_device_class_storage_thread.c ****     /* This thread runs forever but can be suspended or resumed.  */
 144:Middlewares/ST/usbx/common/usbx_device_classes/src/ux_device_class_storage_thread.c ****     while(1)
 145:Middlewares/ST/usbx/common/usbx_device_classes/src/ux_device_class_storage_thread.c ****     {
 146:Middlewares/ST/usbx/common/usbx_device_classes/src/ux_device_class_storage_thread.c **** 
 147:Middlewares/ST/usbx/common/usbx_device_classes/src/ux_device_class_storage_thread.c ****         /* Cast properly the storage instance.  */
 148:Middlewares/ST/usbx/common/usbx_device_classes/src/ux_device_class_storage_thread.c ****         UX_THREAD_EXTENSION_PTR_GET(class, UX_SLAVE_CLASS, storage_class)
 149:Middlewares/ST/usbx/common/usbx_device_classes/src/ux_device_class_storage_thread.c ****         
 150:Middlewares/ST/usbx/common/usbx_device_classes/src/ux_device_class_storage_thread.c ****         /* Get the storage instance from this class container.  */
 151:Middlewares/ST/usbx/common/usbx_device_classes/src/ux_device_class_storage_thread.c ****         storage =  (UX_SLAVE_CLASS_STORAGE *) class -> ux_slave_class_instance;
 152:Middlewares/ST/usbx/common/usbx_device_classes/src/ux_device_class_storage_thread.c ****     
 153:Middlewares/ST/usbx/common/usbx_device_classes/src/ux_device_class_storage_thread.c ****         /* Get the pointer to the device.  */
 154:Middlewares/ST/usbx/common/usbx_device_classes/src/ux_device_class_storage_thread.c ****         device =  &_ux_system_slave -> ux_system_slave_device;
 155:Middlewares/ST/usbx/common/usbx_device_classes/src/ux_device_class_storage_thread.c ****         
 156:Middlewares/ST/usbx/common/usbx_device_classes/src/ux_device_class_storage_thread.c ****         /* As long as the device is in the CONFIGURED state.  */
 157:Middlewares/ST/usbx/common/usbx_device_classes/src/ux_device_class_storage_thread.c ****         while (device -> ux_slave_device_state == UX_DEVICE_CONFIGURED)
 158:Middlewares/ST/usbx/common/usbx_device_classes/src/ux_device_class_storage_thread.c ****         { 
 159:Middlewares/ST/usbx/common/usbx_device_classes/src/ux_device_class_storage_thread.c **** 
 160:Middlewares/ST/usbx/common/usbx_device_classes/src/ux_device_class_storage_thread.c ****             /* We assume the worst situation.  */
 161:Middlewares/ST/usbx/common/usbx_device_classes/src/ux_device_class_storage_thread.c ****             status =  UX_ERROR;
 162:Middlewares/ST/usbx/common/usbx_device_classes/src/ux_device_class_storage_thread.c **** 
 163:Middlewares/ST/usbx/common/usbx_device_classes/src/ux_device_class_storage_thread.c ****             /* We are activated. We need the interface to the class.  */
 164:Middlewares/ST/usbx/common/usbx_device_classes/src/ux_device_class_storage_thread.c ****             interface =  storage -> ux_slave_class_storage_interface;
 165:Middlewares/ST/usbx/common/usbx_device_classes/src/ux_device_class_storage_thread.c **** 
 166:Middlewares/ST/usbx/common/usbx_device_classes/src/ux_device_class_storage_thread.c ****             /* We assume the worst situation.  */
 167:Middlewares/ST/usbx/common/usbx_device_classes/src/ux_device_class_storage_thread.c ****             status =  UX_ERROR;
 168:Middlewares/ST/usbx/common/usbx_device_classes/src/ux_device_class_storage_thread.c **** 
 169:Middlewares/ST/usbx/common/usbx_device_classes/src/ux_device_class_storage_thread.c ****             /* Locate the endpoints.  */
 170:Middlewares/ST/usbx/common/usbx_device_classes/src/ux_device_class_storage_thread.c ****             endpoint_in =  interface -> ux_slave_interface_first_endpoint;
 171:Middlewares/ST/usbx/common/usbx_device_classes/src/ux_device_class_storage_thread.c **** 
 172:Middlewares/ST/usbx/common/usbx_device_classes/src/ux_device_class_storage_thread.c ****             /* Check the endpoint direction, if IN we have the correct endpoint.  */
 173:Middlewares/ST/usbx/common/usbx_device_classes/src/ux_device_class_storage_thread.c ****             if ((endpoint_in -> ux_slave_endpoint_descriptor.bEndpointAddress & UX_ENDPOINT_DIRECTI
 174:Middlewares/ST/usbx/common/usbx_device_classes/src/ux_device_class_storage_thread.c ****             {
 175:Middlewares/ST/usbx/common/usbx_device_classes/src/ux_device_class_storage_thread.c **** 
 176:Middlewares/ST/usbx/common/usbx_device_classes/src/ux_device_class_storage_thread.c ****                 /* Wrong direction, we found the OUT endpoint first.  */
 177:Middlewares/ST/usbx/common/usbx_device_classes/src/ux_device_class_storage_thread.c ****                 endpoint_out =  endpoint_in;
ARM GAS  /tmp/cclWLleW.s 			page 5


 178:Middlewares/ST/usbx/common/usbx_device_classes/src/ux_device_class_storage_thread.c **** 
 179:Middlewares/ST/usbx/common/usbx_device_classes/src/ux_device_class_storage_thread.c ****                 /* So the next endpoint has to be the IN endpoint.  */
 180:Middlewares/ST/usbx/common/usbx_device_classes/src/ux_device_class_storage_thread.c ****                 endpoint_in =  endpoint_out -> ux_slave_endpoint_next_endpoint;
 181:Middlewares/ST/usbx/common/usbx_device_classes/src/ux_device_class_storage_thread.c ****             }
 182:Middlewares/ST/usbx/common/usbx_device_classes/src/ux_device_class_storage_thread.c ****             else
 183:Middlewares/ST/usbx/common/usbx_device_classes/src/ux_device_class_storage_thread.c ****             {
 184:Middlewares/ST/usbx/common/usbx_device_classes/src/ux_device_class_storage_thread.c **** 
 185:Middlewares/ST/usbx/common/usbx_device_classes/src/ux_device_class_storage_thread.c ****                 /* We found the endpoint IN first, so next endpoint is OUT.  */
 186:Middlewares/ST/usbx/common/usbx_device_classes/src/ux_device_class_storage_thread.c ****                 endpoint_out =  endpoint_in -> ux_slave_endpoint_next_endpoint;
  53              		.loc 1 186 17 is_stmt 1 view .LVU2
 170:Middlewares/ST/usbx/common/usbx_device_classes/src/ux_device_class_storage_thread.c **** 
  54              		.loc 1 170 25 is_stmt 0 view .LVU3
  55 000a A046     		mov	r8, r4
  56              		.loc 1 186 30 view .LVU4
  57 000c 646A     		ldr	r4, [r4, #36]
  58              	.LVL2:
  59              		.loc 1 186 30 view .LVU5
  60 000e 4AE1     		b	.L4
  61              	.LVL3:
  62              	.L45:
 187:Middlewares/ST/usbx/common/usbx_device_classes/src/ux_device_class_storage_thread.c ****             }
 188:Middlewares/ST/usbx/common/usbx_device_classes/src/ux_device_class_storage_thread.c **** 
 189:Middlewares/ST/usbx/common/usbx_device_classes/src/ux_device_class_storage_thread.c ****             /* All SCSI commands are on the endpoint OUT, from the host.  */
 190:Middlewares/ST/usbx/common/usbx_device_classes/src/ux_device_class_storage_thread.c ****             transfer_request =  &endpoint_out -> ux_slave_endpoint_transfer_request;
 191:Middlewares/ST/usbx/common/usbx_device_classes/src/ux_device_class_storage_thread.c **** 
 192:Middlewares/ST/usbx/common/usbx_device_classes/src/ux_device_class_storage_thread.c ****             /* Check state, they must be both RESET.  */
 193:Middlewares/ST/usbx/common/usbx_device_classes/src/ux_device_class_storage_thread.c ****             if (endpoint_out -> ux_slave_endpoint_state == UX_ENDPOINT_RESET &&
 194:Middlewares/ST/usbx/common/usbx_device_classes/src/ux_device_class_storage_thread.c ****                 (UCHAR)storage -> ux_slave_class_storage_csw_status != UX_SLAVE_CLASS_STORAGE_CSW_P
 195:Middlewares/ST/usbx/common/usbx_device_classes/src/ux_device_class_storage_thread.c ****             {
 196:Middlewares/ST/usbx/common/usbx_device_classes/src/ux_device_class_storage_thread.c **** 
 197:Middlewares/ST/usbx/common/usbx_device_classes/src/ux_device_class_storage_thread.c ****                 /* Send the request to the device controller.  */
 198:Middlewares/ST/usbx/common/usbx_device_classes/src/ux_device_class_storage_thread.c ****                 status =  _ux_device_stack_transfer_request(transfer_request, 64, 64);
  63              		.loc 1 198 17 is_stmt 1 view .LVU6
  64              		.loc 1 198 27 is_stmt 0 view .LVU7
  65 0010 4022     		movs	r2, #64
  66 0012 1146     		mov	r1, r2
  67 0014 FFF7FEFF 		bl	_ux_device_stack_transfer_request
  68              	.LVL4:
 199:Middlewares/ST/usbx/common/usbx_device_classes/src/ux_device_class_storage_thread.c **** 
 200:Middlewares/ST/usbx/common/usbx_device_classes/src/ux_device_class_storage_thread.c ****             }                
 201:Middlewares/ST/usbx/common/usbx_device_classes/src/ux_device_class_storage_thread.c ****     
 202:Middlewares/ST/usbx/common/usbx_device_classes/src/ux_device_class_storage_thread.c ****             /* Check the status. Our status is UX_ERROR if one of the endpoint was STALLED. We must
 203:Middlewares/ST/usbx/common/usbx_device_classes/src/ux_device_class_storage_thread.c ****                to clear the mess.   */    
 204:Middlewares/ST/usbx/common/usbx_device_classes/src/ux_device_class_storage_thread.c ****             if (status == UX_SUCCESS)
  69              		.loc 1 204 13 is_stmt 1 view .LVU8
  70              		.loc 1 204 16 is_stmt 0 view .LVU9
  71 0018 0028     		cmp	r0, #0
  72 001a 40F04D81 		bne	.L5
 205:Middlewares/ST/usbx/common/usbx_device_classes/src/ux_device_class_storage_thread.c ****             {
 206:Middlewares/ST/usbx/common/usbx_device_classes/src/ux_device_class_storage_thread.c **** 
 207:Middlewares/ST/usbx/common/usbx_device_classes/src/ux_device_class_storage_thread.c ****                 /* Obtain the length of the transaction.  */
 208:Middlewares/ST/usbx/common/usbx_device_classes/src/ux_device_class_storage_thread.c ****                 length =  transfer_request -> ux_slave_transfer_request_actual_length;
  73              		.loc 1 208 17 is_stmt 1 view .LVU10
  74              		.loc 1 208 24 is_stmt 0 view .LVU11
  75 001e D4F848B0 		ldr	fp, [r4, #72]
  76              	.LVL5:
 209:Middlewares/ST/usbx/common/usbx_device_classes/src/ux_device_class_storage_thread.c ****                 
ARM GAS  /tmp/cclWLleW.s 			page 6


 210:Middlewares/ST/usbx/common/usbx_device_classes/src/ux_device_class_storage_thread.c ****                 /* Obtain the buffer address containing the SCSI command.  */
 211:Middlewares/ST/usbx/common/usbx_device_classes/src/ux_device_class_storage_thread.c ****                 scsi_command =  transfer_request -> ux_slave_transfer_request_data_pointer;
  77              		.loc 1 211 17 is_stmt 1 view .LVU12
  78              		.loc 1 211 30 is_stmt 0 view .LVU13
  79 0022 D4F83C90 		ldr	r9, [r4, #60]
  80              	.LVL6:
 212:Middlewares/ST/usbx/common/usbx_device_classes/src/ux_device_class_storage_thread.c ****                 
 213:Middlewares/ST/usbx/common/usbx_device_classes/src/ux_device_class_storage_thread.c ****                 /* Obtain the lun from the CBW.  */
 214:Middlewares/ST/usbx/common/usbx_device_classes/src/ux_device_class_storage_thread.c ****                 lun =  (ULONG) *(scsi_command + UX_SLAVE_CLASS_STORAGE_CBW_LUN);
  81              		.loc 1 214 17 is_stmt 1 view .LVU14
  82              		.loc 1 214 32 is_stmt 0 view .LVU15
  83 0026 99F80DA0 		ldrb	r10, [r9, #13]	@ zero_extendqisi2
  84              	.LVL7:
 215:Middlewares/ST/usbx/common/usbx_device_classes/src/ux_device_class_storage_thread.c ****                 storage -> ux_slave_class_storage_cbw_lun = (UCHAR)lun;
  85              		.loc 1 215 17 is_stmt 1 view .LVU16
  86              		.loc 1 215 59 is_stmt 0 view .LVU17
  87 002a 85F845A0 		strb	r10, [r5, #69]
 216:Middlewares/ST/usbx/common/usbx_device_classes/src/ux_device_class_storage_thread.c ****                 
 217:Middlewares/ST/usbx/common/usbx_device_classes/src/ux_device_class_storage_thread.c ****                 /* We have to memorize the SCSI command tag for the CSW phase.  */
 218:Middlewares/ST/usbx/common/usbx_device_classes/src/ux_device_class_storage_thread.c ****                 storage -> ux_slave_class_storage_scsi_tag =  _ux_utility_long_get(scsi_command + U
  88              		.loc 1 218 17 is_stmt 1 view .LVU18
  89              		.loc 1 218 63 is_stmt 0 view .LVU19
  90 002e 09F10400 		add	r0, r9, #4
  91              	.LVL8:
  92              		.loc 1 218 63 view .LVU20
  93 0032 FFF7FEFF 		bl	_ux_utility_long_get
  94              	.LVL9:
  95              		.loc 1 218 60 discriminator 1 view .LVU21
  96 0036 A864     		str	r0, [r5, #72]
 219:Middlewares/ST/usbx/common/usbx_device_classes/src/ux_device_class_storage_thread.c **** 
 220:Middlewares/ST/usbx/common/usbx_device_classes/src/ux_device_class_storage_thread.c ****                 /* Get dCBWDataTransferLength: number of bytes to transfer.  */
 221:Middlewares/ST/usbx/common/usbx_device_classes/src/ux_device_class_storage_thread.c ****                 storage -> ux_slave_class_storage_host_length = _ux_utility_long_get(scsi_command +
  97              		.loc 1 221 17 is_stmt 1 view .LVU22
  98              		.loc 1 221 65 is_stmt 0 view .LVU23
  99 0038 09F10800 		add	r0, r9, #8
 100 003c FFF7FEFF 		bl	_ux_utility_long_get
 101              	.LVL10:
 102              		.loc 1 221 63 discriminator 1 view .LVU24
 103 0040 2864     		str	r0, [r5, #64]
 222:Middlewares/ST/usbx/common/usbx_device_classes/src/ux_device_class_storage_thread.c **** 
 223:Middlewares/ST/usbx/common/usbx_device_classes/src/ux_device_class_storage_thread.c ****                 /* Save bmCBWFlags.  */
 224:Middlewares/ST/usbx/common/usbx_device_classes/src/ux_device_class_storage_thread.c ****                 storage -> ux_slave_class_storage_cbw_flags = *(scsi_command + UX_SLAVE_CLASS_STORA
 104              		.loc 1 224 17 is_stmt 1 view .LVU25
 105              		.loc 1 224 61 is_stmt 0 view .LVU26
 106 0042 99F80C30 		ldrb	r3, [r9, #12]	@ zero_extendqisi2
 107 0046 85F84430 		strb	r3, [r5, #68]
 225:Middlewares/ST/usbx/common/usbx_device_classes/src/ux_device_class_storage_thread.c **** 
 226:Middlewares/ST/usbx/common/usbx_device_classes/src/ux_device_class_storage_thread.c ****                 /* Reset CSW status.  */
 227:Middlewares/ST/usbx/common/usbx_device_classes/src/ux_device_class_storage_thread.c ****                 storage -> ux_slave_class_storage_csw_residue = 0;
 108              		.loc 1 227 17 is_stmt 1 view .LVU27
 109              		.loc 1 227 63 is_stmt 0 view .LVU28
 110 004a 0023     		movs	r3, #0
 111 004c EB64     		str	r3, [r5, #76]
 228:Middlewares/ST/usbx/common/usbx_device_classes/src/ux_device_class_storage_thread.c ****                 storage -> ux_slave_class_storage_csw_status = 0;
 112              		.loc 1 228 17 is_stmt 1 view .LVU29
 113              		.loc 1 228 62 is_stmt 0 view .LVU30
 114 004e 2B65     		str	r3, [r5, #80]
ARM GAS  /tmp/cclWLleW.s 			page 7


 229:Middlewares/ST/usbx/common/usbx_device_classes/src/ux_device_class_storage_thread.c **** 
 230:Middlewares/ST/usbx/common/usbx_device_classes/src/ux_device_class_storage_thread.c ****                 /* Ensure the LUN number is within our declared values and check the command 
 231:Middlewares/ST/usbx/common/usbx_device_classes/src/ux_device_class_storage_thread.c ****                    content and format. First we make sure we have a complete CBW.  */
 232:Middlewares/ST/usbx/common/usbx_device_classes/src/ux_device_class_storage_thread.c ****                 if ((lun < storage -> ux_slave_class_storage_number_lun) && (length == UX_SLAVE_CLA
 115              		.loc 1 232 17 is_stmt 1 view .LVU31
 116              		.loc 1 232 36 is_stmt 0 view .LVU32
 117 0050 6B68     		ldr	r3, [r5, #4]
 118              		.loc 1 232 20 view .LVU33
 119 0052 5345     		cmp	r3, r10
 120 0054 02D9     		bls	.L6
 121              		.loc 1 232 74 discriminator 1 view .LVU34
 122 0056 BBF11F0F 		cmp	fp, #31
 123 005a 02D0     		beq	.L40
 124              	.L6:
 233:Middlewares/ST/usbx/common/usbx_device_classes/src/ux_device_class_storage_thread.c ****                 {
 234:Middlewares/ST/usbx/common/usbx_device_classes/src/ux_device_class_storage_thread.c **** 
 235:Middlewares/ST/usbx/common/usbx_device_classes/src/ux_device_class_storage_thread.c ****                     /* The length of the CBW is correct, analyze the header.  */
 236:Middlewares/ST/usbx/common/usbx_device_classes/src/ux_device_class_storage_thread.c ****                     if (_ux_utility_long_get(scsi_command) == UX_SLAVE_CLASS_STORAGE_CBW_SIGNATURE_
 237:Middlewares/ST/usbx/common/usbx_device_classes/src/ux_device_class_storage_thread.c ****                     {
 238:Middlewares/ST/usbx/common/usbx_device_classes/src/ux_device_class_storage_thread.c **** 
 239:Middlewares/ST/usbx/common/usbx_device_classes/src/ux_device_class_storage_thread.c ****                         /* Get the length of the CBWCB.  */
 240:Middlewares/ST/usbx/common/usbx_device_classes/src/ux_device_class_storage_thread.c ****                         cbwcb_length =  (ULONG) *(scsi_command + UX_SLAVE_CLASS_STORAGE_CBW_CB_LENG
 241:Middlewares/ST/usbx/common/usbx_device_classes/src/ux_device_class_storage_thread.c ****     
 242:Middlewares/ST/usbx/common/usbx_device_classes/src/ux_device_class_storage_thread.c ****                         /* Check the length of the CBWCB to ensure there is at least a command.  */
 243:Middlewares/ST/usbx/common/usbx_device_classes/src/ux_device_class_storage_thread.c ****                         if (cbwcb_length != 0)
 244:Middlewares/ST/usbx/common/usbx_device_classes/src/ux_device_class_storage_thread.c ****                         {
 245:Middlewares/ST/usbx/common/usbx_device_classes/src/ux_device_class_storage_thread.c **** 
 246:Middlewares/ST/usbx/common/usbx_device_classes/src/ux_device_class_storage_thread.c ****                             /* Analyze the command stored in the CBWCB.  */
 247:Middlewares/ST/usbx/common/usbx_device_classes/src/ux_device_class_storage_thread.c ****                             cbw_cb = scsi_command + UX_SLAVE_CLASS_STORAGE_CBW_CB;
 248:Middlewares/ST/usbx/common/usbx_device_classes/src/ux_device_class_storage_thread.c ****                             switch (*(cbw_cb))
 249:Middlewares/ST/usbx/common/usbx_device_classes/src/ux_device_class_storage_thread.c ****                             {
 250:Middlewares/ST/usbx/common/usbx_device_classes/src/ux_device_class_storage_thread.c **** 
 251:Middlewares/ST/usbx/common/usbx_device_classes/src/ux_device_class_storage_thread.c ****                             case UX_SLAVE_CLASS_STORAGE_SCSI_TEST_READY:
 252:Middlewares/ST/usbx/common/usbx_device_classes/src/ux_device_class_storage_thread.c **** 
 253:Middlewares/ST/usbx/common/usbx_device_classes/src/ux_device_class_storage_thread.c ****                                 _ux_device_class_storage_test_ready(storage, lun, endpoint_in, endp
 254:Middlewares/ST/usbx/common/usbx_device_classes/src/ux_device_class_storage_thread.c ****                                 break;
 255:Middlewares/ST/usbx/common/usbx_device_classes/src/ux_device_class_storage_thread.c ****                                     
 256:Middlewares/ST/usbx/common/usbx_device_classes/src/ux_device_class_storage_thread.c ****                             case UX_SLAVE_CLASS_STORAGE_SCSI_REQUEST_SENSE:
 257:Middlewares/ST/usbx/common/usbx_device_classes/src/ux_device_class_storage_thread.c **** 
 258:Middlewares/ST/usbx/common/usbx_device_classes/src/ux_device_class_storage_thread.c ****                                 _ux_device_class_storage_request_sense(storage, lun, endpoint_in, e
 259:Middlewares/ST/usbx/common/usbx_device_classes/src/ux_device_class_storage_thread.c ****                                 break;
 260:Middlewares/ST/usbx/common/usbx_device_classes/src/ux_device_class_storage_thread.c ****     
 261:Middlewares/ST/usbx/common/usbx_device_classes/src/ux_device_class_storage_thread.c ****                             case UX_SLAVE_CLASS_STORAGE_SCSI_FORMAT:
 262:Middlewares/ST/usbx/common/usbx_device_classes/src/ux_device_class_storage_thread.c **** 
 263:Middlewares/ST/usbx/common/usbx_device_classes/src/ux_device_class_storage_thread.c ****                                 _ux_device_class_storage_format(storage, lun, endpoint_in, endpoint
 264:Middlewares/ST/usbx/common/usbx_device_classes/src/ux_device_class_storage_thread.c ****                                 break;
 265:Middlewares/ST/usbx/common/usbx_device_classes/src/ux_device_class_storage_thread.c ****     
 266:Middlewares/ST/usbx/common/usbx_device_classes/src/ux_device_class_storage_thread.c ****                             case UX_SLAVE_CLASS_STORAGE_SCSI_INQUIRY:
 267:Middlewares/ST/usbx/common/usbx_device_classes/src/ux_device_class_storage_thread.c **** 
 268:Middlewares/ST/usbx/common/usbx_device_classes/src/ux_device_class_storage_thread.c ****                                 _ux_device_class_storage_inquiry(storage, lun, endpoint_in, endpoin
 269:Middlewares/ST/usbx/common/usbx_device_classes/src/ux_device_class_storage_thread.c ****                                 break;
 270:Middlewares/ST/usbx/common/usbx_device_classes/src/ux_device_class_storage_thread.c ****     
 271:Middlewares/ST/usbx/common/usbx_device_classes/src/ux_device_class_storage_thread.c ****                             case UX_SLAVE_CLASS_STORAGE_SCSI_START_STOP:
 272:Middlewares/ST/usbx/common/usbx_device_classes/src/ux_device_class_storage_thread.c **** 
 273:Middlewares/ST/usbx/common/usbx_device_classes/src/ux_device_class_storage_thread.c ****                                 _ux_device_class_storage_start_stop(storage, lun, endpoint_in, endp
 274:Middlewares/ST/usbx/common/usbx_device_classes/src/ux_device_class_storage_thread.c ****                                 break;
 275:Middlewares/ST/usbx/common/usbx_device_classes/src/ux_device_class_storage_thread.c ****                                     
ARM GAS  /tmp/cclWLleW.s 			page 8


 276:Middlewares/ST/usbx/common/usbx_device_classes/src/ux_device_class_storage_thread.c ****                             case UX_SLAVE_CLASS_STORAGE_SCSI_PREVENT_ALLOW_MEDIA_REMOVAL:
 277:Middlewares/ST/usbx/common/usbx_device_classes/src/ux_device_class_storage_thread.c **** 
 278:Middlewares/ST/usbx/common/usbx_device_classes/src/ux_device_class_storage_thread.c ****                                 _ux_device_class_storage_prevent_allow_media_removal(storage, lun, 
 279:Middlewares/ST/usbx/common/usbx_device_classes/src/ux_device_class_storage_thread.c ****                                 break;
 280:Middlewares/ST/usbx/common/usbx_device_classes/src/ux_device_class_storage_thread.c ****     
 281:Middlewares/ST/usbx/common/usbx_device_classes/src/ux_device_class_storage_thread.c ****                             case UX_SLAVE_CLASS_STORAGE_SCSI_READ_FORMAT_CAPACITY:
 282:Middlewares/ST/usbx/common/usbx_device_classes/src/ux_device_class_storage_thread.c **** 
 283:Middlewares/ST/usbx/common/usbx_device_classes/src/ux_device_class_storage_thread.c ****                                 _ux_device_class_storage_read_format_capacity(storage, lun, endpoin
 284:Middlewares/ST/usbx/common/usbx_device_classes/src/ux_device_class_storage_thread.c ****                                 break;
 285:Middlewares/ST/usbx/common/usbx_device_classes/src/ux_device_class_storage_thread.c ****     
 286:Middlewares/ST/usbx/common/usbx_device_classes/src/ux_device_class_storage_thread.c ****                             case UX_SLAVE_CLASS_STORAGE_SCSI_READ_CAPACITY:
 287:Middlewares/ST/usbx/common/usbx_device_classes/src/ux_device_class_storage_thread.c **** 
 288:Middlewares/ST/usbx/common/usbx_device_classes/src/ux_device_class_storage_thread.c ****                                 _ux_device_class_storage_read_capacity(storage, lun, endpoint_in, e
 289:Middlewares/ST/usbx/common/usbx_device_classes/src/ux_device_class_storage_thread.c ****                                 break;
 290:Middlewares/ST/usbx/common/usbx_device_classes/src/ux_device_class_storage_thread.c ****     
 291:Middlewares/ST/usbx/common/usbx_device_classes/src/ux_device_class_storage_thread.c ****                             case UX_SLAVE_CLASS_STORAGE_SCSI_VERIFY:
 292:Middlewares/ST/usbx/common/usbx_device_classes/src/ux_device_class_storage_thread.c **** 
 293:Middlewares/ST/usbx/common/usbx_device_classes/src/ux_device_class_storage_thread.c ****                                 _ux_device_class_storage_verify(storage, lun, endpoint_in, endpoint
 294:Middlewares/ST/usbx/common/usbx_device_classes/src/ux_device_class_storage_thread.c ****                                 break;
 295:Middlewares/ST/usbx/common/usbx_device_classes/src/ux_device_class_storage_thread.c ****     
 296:Middlewares/ST/usbx/common/usbx_device_classes/src/ux_device_class_storage_thread.c ****                             case UX_SLAVE_CLASS_STORAGE_SCSI_MODE_SELECT:
 297:Middlewares/ST/usbx/common/usbx_device_classes/src/ux_device_class_storage_thread.c **** 
 298:Middlewares/ST/usbx/common/usbx_device_classes/src/ux_device_class_storage_thread.c ****                                 _ux_device_class_storage_mode_select(storage, lun, endpoint_in, end
 299:Middlewares/ST/usbx/common/usbx_device_classes/src/ux_device_class_storage_thread.c ****                                 break;
 300:Middlewares/ST/usbx/common/usbx_device_classes/src/ux_device_class_storage_thread.c ****     
 301:Middlewares/ST/usbx/common/usbx_device_classes/src/ux_device_class_storage_thread.c ****                             case UX_SLAVE_CLASS_STORAGE_SCSI_MODE_SENSE_SHORT:
 302:Middlewares/ST/usbx/common/usbx_device_classes/src/ux_device_class_storage_thread.c ****                             case UX_SLAVE_CLASS_STORAGE_SCSI_MODE_SENSE:
 303:Middlewares/ST/usbx/common/usbx_device_classes/src/ux_device_class_storage_thread.c **** 
 304:Middlewares/ST/usbx/common/usbx_device_classes/src/ux_device_class_storage_thread.c ****                                 _ux_device_class_storage_mode_sense(storage, lun, endpoint_in, endp
 305:Middlewares/ST/usbx/common/usbx_device_classes/src/ux_device_class_storage_thread.c ****                                 break;
 306:Middlewares/ST/usbx/common/usbx_device_classes/src/ux_device_class_storage_thread.c ****     
 307:Middlewares/ST/usbx/common/usbx_device_classes/src/ux_device_class_storage_thread.c ****                             case UX_SLAVE_CLASS_STORAGE_SCSI_READ32:
 308:Middlewares/ST/usbx/common/usbx_device_classes/src/ux_device_class_storage_thread.c **** 
 309:Middlewares/ST/usbx/common/usbx_device_classes/src/ux_device_class_storage_thread.c ****                                 _ux_device_class_storage_read(storage, lun, endpoint_in, endpoint_o
 310:Middlewares/ST/usbx/common/usbx_device_classes/src/ux_device_class_storage_thread.c ****                                                                 UX_SLAVE_CLASS_STORAGE_SCSI_READ32)
 311:Middlewares/ST/usbx/common/usbx_device_classes/src/ux_device_class_storage_thread.c ****                                 break;
 312:Middlewares/ST/usbx/common/usbx_device_classes/src/ux_device_class_storage_thread.c ****     
 313:Middlewares/ST/usbx/common/usbx_device_classes/src/ux_device_class_storage_thread.c ****                             case UX_SLAVE_CLASS_STORAGE_SCSI_READ16:
 314:Middlewares/ST/usbx/common/usbx_device_classes/src/ux_device_class_storage_thread.c **** 
 315:Middlewares/ST/usbx/common/usbx_device_classes/src/ux_device_class_storage_thread.c ****                                 _ux_device_class_storage_read(storage, lun, endpoint_in, endpoint_o
 316:Middlewares/ST/usbx/common/usbx_device_classes/src/ux_device_class_storage_thread.c ****                                                                 UX_SLAVE_CLASS_STORAGE_SCSI_READ16)
 317:Middlewares/ST/usbx/common/usbx_device_classes/src/ux_device_class_storage_thread.c ****                                 break;
 318:Middlewares/ST/usbx/common/usbx_device_classes/src/ux_device_class_storage_thread.c ****     
 319:Middlewares/ST/usbx/common/usbx_device_classes/src/ux_device_class_storage_thread.c ****                             case UX_SLAVE_CLASS_STORAGE_SCSI_WRITE32:
 320:Middlewares/ST/usbx/common/usbx_device_classes/src/ux_device_class_storage_thread.c **** 
 321:Middlewares/ST/usbx/common/usbx_device_classes/src/ux_device_class_storage_thread.c ****                                 _ux_device_class_storage_write(storage, lun, endpoint_in, endpoint_
 322:Middlewares/ST/usbx/common/usbx_device_classes/src/ux_device_class_storage_thread.c ****                                                                 UX_SLAVE_CLASS_STORAGE_SCSI_WRITE32
 323:Middlewares/ST/usbx/common/usbx_device_classes/src/ux_device_class_storage_thread.c ****                                 break;
 324:Middlewares/ST/usbx/common/usbx_device_classes/src/ux_device_class_storage_thread.c ****     
 325:Middlewares/ST/usbx/common/usbx_device_classes/src/ux_device_class_storage_thread.c ****                             case UX_SLAVE_CLASS_STORAGE_SCSI_WRITE16:
 326:Middlewares/ST/usbx/common/usbx_device_classes/src/ux_device_class_storage_thread.c **** 
 327:Middlewares/ST/usbx/common/usbx_device_classes/src/ux_device_class_storage_thread.c ****                                 _ux_device_class_storage_write(storage, lun, endpoint_in, endpoint_
 328:Middlewares/ST/usbx/common/usbx_device_classes/src/ux_device_class_storage_thread.c ****                                                                 UX_SLAVE_CLASS_STORAGE_SCSI_WRITE16
 329:Middlewares/ST/usbx/common/usbx_device_classes/src/ux_device_class_storage_thread.c ****                                 break;
 330:Middlewares/ST/usbx/common/usbx_device_classes/src/ux_device_class_storage_thread.c **** 
 331:Middlewares/ST/usbx/common/usbx_device_classes/src/ux_device_class_storage_thread.c ****                             case UX_SLAVE_CLASS_STORAGE_SCSI_SYNCHRONIZE_CACHE:
 332:Middlewares/ST/usbx/common/usbx_device_classes/src/ux_device_class_storage_thread.c **** 
ARM GAS  /tmp/cclWLleW.s 			page 9


 333:Middlewares/ST/usbx/common/usbx_device_classes/src/ux_device_class_storage_thread.c ****                                 _ux_device_class_storage_synchronize_cache(storage, lun, endpoint_i
 334:Middlewares/ST/usbx/common/usbx_device_classes/src/ux_device_class_storage_thread.c ****                                 break;
 335:Middlewares/ST/usbx/common/usbx_device_classes/src/ux_device_class_storage_thread.c **** 
 336:Middlewares/ST/usbx/common/usbx_device_classes/src/ux_device_class_storage_thread.c **** #ifdef UX_SLAVE_CLASS_STORAGE_INCLUDE_MMC
 337:Middlewares/ST/usbx/common/usbx_device_classes/src/ux_device_class_storage_thread.c ****                             case UX_SLAVE_CLASS_STORAGE_SCSI_GET_STATUS_NOTIFICATION:
 338:Middlewares/ST/usbx/common/usbx_device_classes/src/ux_device_class_storage_thread.c **** 
 339:Middlewares/ST/usbx/common/usbx_device_classes/src/ux_device_class_storage_thread.c ****                                 _ux_device_class_storage_get_status_notification(storage, lun, endp
 340:Middlewares/ST/usbx/common/usbx_device_classes/src/ux_device_class_storage_thread.c ****                                 break;
 341:Middlewares/ST/usbx/common/usbx_device_classes/src/ux_device_class_storage_thread.c **** 
 342:Middlewares/ST/usbx/common/usbx_device_classes/src/ux_device_class_storage_thread.c ****                             case UX_SLAVE_CLASS_STORAGE_SCSI_GET_CONFIGURATION:
 343:Middlewares/ST/usbx/common/usbx_device_classes/src/ux_device_class_storage_thread.c **** 
 344:Middlewares/ST/usbx/common/usbx_device_classes/src/ux_device_class_storage_thread.c ****                                 _ux_device_class_storage_get_configuration(storage, lun, endpoint_i
 345:Middlewares/ST/usbx/common/usbx_device_classes/src/ux_device_class_storage_thread.c ****                                 break;
 346:Middlewares/ST/usbx/common/usbx_device_classes/src/ux_device_class_storage_thread.c ****     
 347:Middlewares/ST/usbx/common/usbx_device_classes/src/ux_device_class_storage_thread.c ****                             case UX_SLAVE_CLASS_STORAGE_SCSI_READ_DISK_INFORMATION:
 348:Middlewares/ST/usbx/common/usbx_device_classes/src/ux_device_class_storage_thread.c **** 
 349:Middlewares/ST/usbx/common/usbx_device_classes/src/ux_device_class_storage_thread.c ****                                 _ux_device_class_storage_read_disk_information(storage, lun, endpoi
 350:Middlewares/ST/usbx/common/usbx_device_classes/src/ux_device_class_storage_thread.c ****                                 break;
 351:Middlewares/ST/usbx/common/usbx_device_classes/src/ux_device_class_storage_thread.c ****     
 352:Middlewares/ST/usbx/common/usbx_device_classes/src/ux_device_class_storage_thread.c ****                             case UX_SLAVE_CLASS_STORAGE_SCSI_REPORT_KEY:
 353:Middlewares/ST/usbx/common/usbx_device_classes/src/ux_device_class_storage_thread.c **** 
 354:Middlewares/ST/usbx/common/usbx_device_classes/src/ux_device_class_storage_thread.c ****                                 _ux_device_class_storage_report_key(storage, lun, endpoint_in, endp
 355:Middlewares/ST/usbx/common/usbx_device_classes/src/ux_device_class_storage_thread.c ****                                 break;
 356:Middlewares/ST/usbx/common/usbx_device_classes/src/ux_device_class_storage_thread.c ****     
 357:Middlewares/ST/usbx/common/usbx_device_classes/src/ux_device_class_storage_thread.c ****                             case UX_SLAVE_CLASS_STORAGE_SCSI_GET_PERFORMANCE:
 358:Middlewares/ST/usbx/common/usbx_device_classes/src/ux_device_class_storage_thread.c **** 
 359:Middlewares/ST/usbx/common/usbx_device_classes/src/ux_device_class_storage_thread.c ****                                 _ux_device_class_storage_get_performance(storage, lun, endpoint_in,
 360:Middlewares/ST/usbx/common/usbx_device_classes/src/ux_device_class_storage_thread.c ****                                 break;
 361:Middlewares/ST/usbx/common/usbx_device_classes/src/ux_device_class_storage_thread.c ****     
 362:Middlewares/ST/usbx/common/usbx_device_classes/src/ux_device_class_storage_thread.c ****                             case UX_SLAVE_CLASS_STORAGE_SCSI_READ_DVD_STRUCTURE:
 363:Middlewares/ST/usbx/common/usbx_device_classes/src/ux_device_class_storage_thread.c **** 
 364:Middlewares/ST/usbx/common/usbx_device_classes/src/ux_device_class_storage_thread.c ****                                 _ux_device_class_storage_read_dvd_structure(storage, lun, endpoint_
 365:Middlewares/ST/usbx/common/usbx_device_classes/src/ux_device_class_storage_thread.c ****                                 break;
 366:Middlewares/ST/usbx/common/usbx_device_classes/src/ux_device_class_storage_thread.c **** 
 367:Middlewares/ST/usbx/common/usbx_device_classes/src/ux_device_class_storage_thread.c ****                             case UX_SLAVE_CLASS_STORAGE_SCSI_READ_TOC:
 368:Middlewares/ST/usbx/common/usbx_device_classes/src/ux_device_class_storage_thread.c **** 
 369:Middlewares/ST/usbx/common/usbx_device_classes/src/ux_device_class_storage_thread.c ****                                 status = _ux_device_class_storage_read_toc(storage, lun, endpoint_i
 370:Middlewares/ST/usbx/common/usbx_device_classes/src/ux_device_class_storage_thread.c **** 
 371:Middlewares/ST/usbx/common/usbx_device_classes/src/ux_device_class_storage_thread.c ****                                 /* Special treatment of TOC command. If error, default to Stall end
 372:Middlewares/ST/usbx/common/usbx_device_classes/src/ux_device_class_storage_thread.c ****                                 if (status == UX_SUCCESS)
 373:Middlewares/ST/usbx/common/usbx_device_classes/src/ux_device_class_storage_thread.c ****                                     break;
 374:Middlewares/ST/usbx/common/usbx_device_classes/src/ux_device_class_storage_thread.c **** #endif
 375:Middlewares/ST/usbx/common/usbx_device_classes/src/ux_device_class_storage_thread.c **** 
 376:Middlewares/ST/usbx/common/usbx_device_classes/src/ux_device_class_storage_thread.c ****                             /* fall through */
 377:Middlewares/ST/usbx/common/usbx_device_classes/src/ux_device_class_storage_thread.c ****                             default:
 378:Middlewares/ST/usbx/common/usbx_device_classes/src/ux_device_class_storage_thread.c ****     
 379:Middlewares/ST/usbx/common/usbx_device_classes/src/ux_device_class_storage_thread.c ****                                 /* The command is unknown or unsupported, so we stall the endpoint.
 380:Middlewares/ST/usbx/common/usbx_device_classes/src/ux_device_class_storage_thread.c **** 
 381:Middlewares/ST/usbx/common/usbx_device_classes/src/ux_device_class_storage_thread.c ****                                 if (storage -> ux_slave_class_storage_host_length > 0 &&
 382:Middlewares/ST/usbx/common/usbx_device_classes/src/ux_device_class_storage_thread.c ****                                     ((storage -> ux_slave_class_storage_cbw_flags & 0x80) == 0))
 383:Middlewares/ST/usbx/common/usbx_device_classes/src/ux_device_class_storage_thread.c **** 
 384:Middlewares/ST/usbx/common/usbx_device_classes/src/ux_device_class_storage_thread.c ****                                     /* Data-Out from host to device, stall OUT.  */
 385:Middlewares/ST/usbx/common/usbx_device_classes/src/ux_device_class_storage_thread.c ****                                     _ux_device_stack_endpoint_stall(endpoint_out);
 386:Middlewares/ST/usbx/common/usbx_device_classes/src/ux_device_class_storage_thread.c ****                                 else
 387:Middlewares/ST/usbx/common/usbx_device_classes/src/ux_device_class_storage_thread.c **** 
 388:Middlewares/ST/usbx/common/usbx_device_classes/src/ux_device_class_storage_thread.c ****                                     /* Data-In from device to host, stall IN.  */
 389:Middlewares/ST/usbx/common/usbx_device_classes/src/ux_device_class_storage_thread.c ****                                     _ux_device_stack_endpoint_stall(endpoint_in);
ARM GAS  /tmp/cclWLleW.s 			page 10


 390:Middlewares/ST/usbx/common/usbx_device_classes/src/ux_device_class_storage_thread.c ****                                 
 391:Middlewares/ST/usbx/common/usbx_device_classes/src/ux_device_class_storage_thread.c ****                                 /* Initialize the request sense keys.  */
 392:Middlewares/ST/usbx/common/usbx_device_classes/src/ux_device_class_storage_thread.c ****                                 storage -> ux_slave_class_storage_lun[lun].ux_slave_class_storage_r
 393:Middlewares/ST/usbx/common/usbx_device_classes/src/ux_device_class_storage_thread.c ****                                     UX_DEVICE_CLASS_STORAGE_SENSE_STATUS(UX_SLAVE_CLASS_STORAGE_SEN
 394:Middlewares/ST/usbx/common/usbx_device_classes/src/ux_device_class_storage_thread.c ****                                                                          UX_SLAVE_CLASS_STORAGE_ASC
 395:Middlewares/ST/usbx/common/usbx_device_classes/src/ux_device_class_storage_thread.c **** 
 396:Middlewares/ST/usbx/common/usbx_device_classes/src/ux_device_class_storage_thread.c ****                                 /* This is the tricky part of the SCSI state machine. We must send 
 397:Middlewares/ST/usbx/common/usbx_device_classes/src/ux_device_class_storage_thread.c ****                                    for the endpoint_in to be reset by the host.  */
 398:Middlewares/ST/usbx/common/usbx_device_classes/src/ux_device_class_storage_thread.c ****                                 while (device -> ux_slave_device_state == UX_DEVICE_CONFIGURED)
 399:Middlewares/ST/usbx/common/usbx_device_classes/src/ux_device_class_storage_thread.c ****                                 { 
 400:Middlewares/ST/usbx/common/usbx_device_classes/src/ux_device_class_storage_thread.c **** 
 401:Middlewares/ST/usbx/common/usbx_device_classes/src/ux_device_class_storage_thread.c ****                                     /* Check the endpoint state.  */
 402:Middlewares/ST/usbx/common/usbx_device_classes/src/ux_device_class_storage_thread.c ****                                     if (endpoint_in -> ux_slave_endpoint_state == UX_ENDPOINT_RESET
 403:Middlewares/ST/usbx/common/usbx_device_classes/src/ux_device_class_storage_thread.c ****                                     {
 404:Middlewares/ST/usbx/common/usbx_device_classes/src/ux_device_class_storage_thread.c **** 
 405:Middlewares/ST/usbx/common/usbx_device_classes/src/ux_device_class_storage_thread.c ****                                         /* Now we set the CSW with failure.  */
 406:Middlewares/ST/usbx/common/usbx_device_classes/src/ux_device_class_storage_thread.c ****                                         storage -> ux_slave_class_storage_csw_status = UX_SLAVE_CLA
 407:Middlewares/ST/usbx/common/usbx_device_classes/src/ux_device_class_storage_thread.c ****                                         break;
 408:Middlewares/ST/usbx/common/usbx_device_classes/src/ux_device_class_storage_thread.c ****                                     }                                        
 409:Middlewares/ST/usbx/common/usbx_device_classes/src/ux_device_class_storage_thread.c **** 
 410:Middlewares/ST/usbx/common/usbx_device_classes/src/ux_device_class_storage_thread.c ****                                     else
 411:Middlewares/ST/usbx/common/usbx_device_classes/src/ux_device_class_storage_thread.c **** 
 412:Middlewares/ST/usbx/common/usbx_device_classes/src/ux_device_class_storage_thread.c ****                                         /* We must therefore wait a while.  */
 413:Middlewares/ST/usbx/common/usbx_device_classes/src/ux_device_class_storage_thread.c ****                                         _ux_device_thread_relinquish();
 414:Middlewares/ST/usbx/common/usbx_device_classes/src/ux_device_class_storage_thread.c ****                                 }
 415:Middlewares/ST/usbx/common/usbx_device_classes/src/ux_device_class_storage_thread.c ****                                 break;
 416:Middlewares/ST/usbx/common/usbx_device_classes/src/ux_device_class_storage_thread.c ****                             }
 417:Middlewares/ST/usbx/common/usbx_device_classes/src/ux_device_class_storage_thread.c **** 
 418:Middlewares/ST/usbx/common/usbx_device_classes/src/ux_device_class_storage_thread.c ****                             /* Send CSW if not SYNC_CACHE.  */
 419:Middlewares/ST/usbx/common/usbx_device_classes/src/ux_device_class_storage_thread.c ****                             status = _ux_device_class_storage_csw_send(storage, lun, endpoint_in, 0
 420:Middlewares/ST/usbx/common/usbx_device_classes/src/ux_device_class_storage_thread.c **** 
 421:Middlewares/ST/usbx/common/usbx_device_classes/src/ux_device_class_storage_thread.c ****                             /* Check error code. */
 422:Middlewares/ST/usbx/common/usbx_device_classes/src/ux_device_class_storage_thread.c ****                             if (status != UX_SUCCESS)
 423:Middlewares/ST/usbx/common/usbx_device_classes/src/ux_device_class_storage_thread.c **** 
 424:Middlewares/ST/usbx/common/usbx_device_classes/src/ux_device_class_storage_thread.c ****                                 /* Error trap. */
 425:Middlewares/ST/usbx/common/usbx_device_classes/src/ux_device_class_storage_thread.c ****                                 _ux_system_error_handler(UX_SYSTEM_LEVEL_THREAD, UX_SYSTEM_CONTEXT_
 426:Middlewares/ST/usbx/common/usbx_device_classes/src/ux_device_class_storage_thread.c ****                         }
 427:Middlewares/ST/usbx/common/usbx_device_classes/src/ux_device_class_storage_thread.c ****                         else
 428:Middlewares/ST/usbx/common/usbx_device_classes/src/ux_device_class_storage_thread.c **** 
 429:Middlewares/ST/usbx/common/usbx_device_classes/src/ux_device_class_storage_thread.c ****                             /* Phase error!  */
 430:Middlewares/ST/usbx/common/usbx_device_classes/src/ux_device_class_storage_thread.c ****                             storage -> ux_slave_class_storage_csw_status = UX_SLAVE_CLASS_STORAGE_C
 431:Middlewares/ST/usbx/common/usbx_device_classes/src/ux_device_class_storage_thread.c ****                     }
 432:Middlewares/ST/usbx/common/usbx_device_classes/src/ux_device_class_storage_thread.c ****                     
 433:Middlewares/ST/usbx/common/usbx_device_classes/src/ux_device_class_storage_thread.c ****                     else
 434:Middlewares/ST/usbx/common/usbx_device_classes/src/ux_device_class_storage_thread.c **** 
 435:Middlewares/ST/usbx/common/usbx_device_classes/src/ux_device_class_storage_thread.c ****                         /* Phase error!  */
 436:Middlewares/ST/usbx/common/usbx_device_classes/src/ux_device_class_storage_thread.c ****                         storage -> ux_slave_class_storage_csw_status = UX_SLAVE_CLASS_STORAGE_CSW_P
 437:Middlewares/ST/usbx/common/usbx_device_classes/src/ux_device_class_storage_thread.c ****                 }
 438:Middlewares/ST/usbx/common/usbx_device_classes/src/ux_device_class_storage_thread.c ****                 else
 439:Middlewares/ST/usbx/common/usbx_device_classes/src/ux_device_class_storage_thread.c **** 
 440:Middlewares/ST/usbx/common/usbx_device_classes/src/ux_device_class_storage_thread.c ****                     /* Phase error!  */
 441:Middlewares/ST/usbx/common/usbx_device_classes/src/ux_device_class_storage_thread.c ****                     storage -> ux_slave_class_storage_csw_status = UX_SLAVE_CLASS_STORAGE_CSW_PHASE
 125              		.loc 1 441 21 is_stmt 1 view .LVU35
 126              		.loc 1 441 66 is_stmt 0 view .LVU36
 127 005c 0223     		movs	r3, #2
 128 005e 2B65     		str	r3, [r5, #80]
 129 0060 15E1     		b	.L2
ARM GAS  /tmp/cclWLleW.s 			page 11


 130              	.L40:
 236:Middlewares/ST/usbx/common/usbx_device_classes/src/ux_device_class_storage_thread.c ****                     {
 131              		.loc 1 236 21 is_stmt 1 view .LVU37
 236:Middlewares/ST/usbx/common/usbx_device_classes/src/ux_device_class_storage_thread.c ****                     {
 132              		.loc 1 236 25 is_stmt 0 view .LVU38
 133 0062 4846     		mov	r0, r9
 134 0064 FFF7FEFF 		bl	_ux_utility_long_get
 135              	.LVL11:
 236:Middlewares/ST/usbx/common/usbx_device_classes/src/ux_device_class_storage_thread.c ****                     {
 136              		.loc 1 236 24 discriminator 1 view .LVU39
 137 0068 844B     		ldr	r3, .L47
 138 006a 9842     		cmp	r0, r3
 139 006c 02D0     		beq	.L41
 436:Middlewares/ST/usbx/common/usbx_device_classes/src/ux_device_class_storage_thread.c ****                 }
 140              		.loc 1 436 25 is_stmt 1 view .LVU40
 436:Middlewares/ST/usbx/common/usbx_device_classes/src/ux_device_class_storage_thread.c ****                 }
 141              		.loc 1 436 70 is_stmt 0 view .LVU41
 142 006e 0223     		movs	r3, #2
 143 0070 2B65     		str	r3, [r5, #80]
 144 0072 0CE1     		b	.L2
 145              	.L41:
 240:Middlewares/ST/usbx/common/usbx_device_classes/src/ux_device_class_storage_thread.c ****     
 146              		.loc 1 240 25 is_stmt 1 view .LVU42
 240:Middlewares/ST/usbx/common/usbx_device_classes/src/ux_device_class_storage_thread.c ****     
 147              		.loc 1 240 49 is_stmt 0 view .LVU43
 148 0074 99F80E30 		ldrb	r3, [r9, #14]	@ zero_extendqisi2
 149              	.LVL12:
 243:Middlewares/ST/usbx/common/usbx_device_classes/src/ux_device_class_storage_thread.c ****                         {
 150              		.loc 1 243 25 is_stmt 1 view .LVU44
 243:Middlewares/ST/usbx/common/usbx_device_classes/src/ux_device_class_storage_thread.c ****                         {
 151              		.loc 1 243 28 is_stmt 0 view .LVU45
 152 0078 002B     		cmp	r3, #0
 153 007a 00F0F580 		beq	.L8
 247:Middlewares/ST/usbx/common/usbx_device_classes/src/ux_device_class_storage_thread.c ****                             switch (*(cbw_cb))
 154              		.loc 1 247 29 is_stmt 1 view .LVU46
 247:Middlewares/ST/usbx/common/usbx_device_classes/src/ux_device_class_storage_thread.c ****                             switch (*(cbw_cb))
 155              		.loc 1 247 36 is_stmt 0 view .LVU47
 156 007e 09F10F03 		add	r3, r9, #15
 157              	.LVL13:
 248:Middlewares/ST/usbx/common/usbx_device_classes/src/ux_device_class_storage_thread.c ****                             {
 158              		.loc 1 248 29 is_stmt 1 view .LVU48
 248:Middlewares/ST/usbx/common/usbx_device_classes/src/ux_device_class_storage_thread.c ****                             {
 159              		.loc 1 248 37 is_stmt 0 view .LVU49
 160 0082 99F80F20 		ldrb	r2, [r9, #15]	@ zero_extendqisi2
 248:Middlewares/ST/usbx/common/usbx_device_classes/src/ux_device_class_storage_thread.c ****                             {
 161              		.loc 1 248 29 view .LVU50
 162 0086 5A2A     		cmp	r2, #90
 163 0088 32D8     		bhi	.L9
 164 008a 5A2A     		cmp	r2, #90
 165 008c 00F2CC80 		bhi	.L10
 166 0090 DFE802F0 		tbb	[pc, r2]
 167              	.L12:
 168 0094 3D       		.byte	(.L25-.L12)/2
 169 0095 CA       		.byte	(.L10-.L12)/2
 170 0096 CA       		.byte	(.L10-.L12)/2
 171 0097 53       		.byte	(.L24-.L12)/2
 172 0098 5B       		.byte	(.L23-.L12)/2
ARM GAS  /tmp/cclWLleW.s 			page 12


 173 0099 CA       		.byte	(.L10-.L12)/2
 174 009a CA       		.byte	(.L10-.L12)/2
 175 009b CA       		.byte	(.L10-.L12)/2
 176 009c CA       		.byte	(.L10-.L12)/2
 177 009d CA       		.byte	(.L10-.L12)/2
 178 009e CA       		.byte	(.L10-.L12)/2
 179 009f CA       		.byte	(.L10-.L12)/2
 180 00a0 CA       		.byte	(.L10-.L12)/2
 181 00a1 CA       		.byte	(.L10-.L12)/2
 182 00a2 CA       		.byte	(.L10-.L12)/2
 183 00a3 CA       		.byte	(.L10-.L12)/2
 184 00a4 CA       		.byte	(.L10-.L12)/2
 185 00a5 CA       		.byte	(.L10-.L12)/2
 186 00a6 63       		.byte	(.L22-.L12)/2
 187 00a7 CA       		.byte	(.L10-.L12)/2
 188 00a8 CA       		.byte	(.L10-.L12)/2
 189 00a9 CA       		.byte	(.L10-.L12)/2
 190 00aa CA       		.byte	(.L10-.L12)/2
 191 00ab CA       		.byte	(.L10-.L12)/2
 192 00ac CA       		.byte	(.L10-.L12)/2
 193 00ad CA       		.byte	(.L10-.L12)/2
 194 00ae 9B       		.byte	(.L11-.L12)/2
 195 00af 6B       		.byte	(.L21-.L12)/2
 196 00b0 CA       		.byte	(.L10-.L12)/2
 197 00b1 CA       		.byte	(.L10-.L12)/2
 198 00b2 73       		.byte	(.L20-.L12)/2
 199 00b3 CA       		.byte	(.L10-.L12)/2
 200 00b4 CA       		.byte	(.L10-.L12)/2
 201 00b5 CA       		.byte	(.L10-.L12)/2
 202 00b6 CA       		.byte	(.L10-.L12)/2
 203 00b7 7B       		.byte	(.L19-.L12)/2
 204 00b8 CA       		.byte	(.L10-.L12)/2
 205 00b9 83       		.byte	(.L18-.L12)/2
 206 00ba CA       		.byte	(.L10-.L12)/2
 207 00bb CA       		.byte	(.L10-.L12)/2
 208 00bc AD       		.byte	(.L17-.L12)/2
 209 00bd CA       		.byte	(.L10-.L12)/2
 210 00be B7       		.byte	(.L16-.L12)/2
 211 00bf CA       		.byte	(.L10-.L12)/2
 212 00c0 CA       		.byte	(.L10-.L12)/2
 213 00c1 CA       		.byte	(.L10-.L12)/2
 214 00c2 CA       		.byte	(.L10-.L12)/2
 215 00c3 8B       		.byte	(.L15-.L12)/2
 216 00c4 CA       		.byte	(.L10-.L12)/2
 217 00c5 CA       		.byte	(.L10-.L12)/2
 218 00c6 CA       		.byte	(.L10-.L12)/2
 219 00c7 CA       		.byte	(.L10-.L12)/2
 220 00c8 CA       		.byte	(.L10-.L12)/2
 221 00c9 C1       		.byte	(.L14-.L12)/2
 222 00ca CA       		.byte	(.L10-.L12)/2
 223 00cb CA       		.byte	(.L10-.L12)/2
 224 00cc CA       		.byte	(.L10-.L12)/2
 225 00cd CA       		.byte	(.L10-.L12)/2
 226 00ce CA       		.byte	(.L10-.L12)/2
 227 00cf CA       		.byte	(.L10-.L12)/2
 228 00d0 CA       		.byte	(.L10-.L12)/2
 229 00d1 CA       		.byte	(.L10-.L12)/2
ARM GAS  /tmp/cclWLleW.s 			page 13


 230 00d2 CA       		.byte	(.L10-.L12)/2
 231 00d3 CA       		.byte	(.L10-.L12)/2
 232 00d4 CA       		.byte	(.L10-.L12)/2
 233 00d5 CA       		.byte	(.L10-.L12)/2
 234 00d6 CA       		.byte	(.L10-.L12)/2
 235 00d7 CA       		.byte	(.L10-.L12)/2
 236 00d8 CA       		.byte	(.L10-.L12)/2
 237 00d9 CA       		.byte	(.L10-.L12)/2
 238 00da CA       		.byte	(.L10-.L12)/2
 239 00db CA       		.byte	(.L10-.L12)/2
 240 00dc CA       		.byte	(.L10-.L12)/2
 241 00dd CA       		.byte	(.L10-.L12)/2
 242 00de CA       		.byte	(.L10-.L12)/2
 243 00df CA       		.byte	(.L10-.L12)/2
 244 00e0 CA       		.byte	(.L10-.L12)/2
 245 00e1 CA       		.byte	(.L10-.L12)/2
 246 00e2 CA       		.byte	(.L10-.L12)/2
 247 00e3 CA       		.byte	(.L10-.L12)/2
 248 00e4 CA       		.byte	(.L10-.L12)/2
 249 00e5 CA       		.byte	(.L10-.L12)/2
 250 00e6 CA       		.byte	(.L10-.L12)/2
 251 00e7 CA       		.byte	(.L10-.L12)/2
 252 00e8 CA       		.byte	(.L10-.L12)/2
 253 00e9 93       		.byte	(.L13-.L12)/2
 254 00ea CA       		.byte	(.L10-.L12)/2
 255 00eb CA       		.byte	(.L10-.L12)/2
 256 00ec CA       		.byte	(.L10-.L12)/2
 257 00ed CA       		.byte	(.L10-.L12)/2
 258 00ee 9B       		.byte	(.L11-.L12)/2
 259 00ef 00       		.p2align 1
 260              	.L9:
 261 00f0 A82A     		cmp	r2, #168
 262 00f2 72D0     		beq	.L26
 263 00f4 AA2A     		cmp	r2, #170
 264 00f6 40F09780 		bne	.L10
 321:Middlewares/ST/usbx/common/usbx_device_classes/src/ux_device_class_storage_thread.c ****                                                                 UX_SLAVE_CLASS_STORAGE_SCSI_WRITE32
 265              		.loc 1 321 33 is_stmt 1 view .LVU51
 266 00fa AA22     		movs	r2, #170
 267 00fc 0192     		str	r2, [sp, #4]
 268              	.LVL14:
 321:Middlewares/ST/usbx/common/usbx_device_classes/src/ux_device_class_storage_thread.c ****                                                                 UX_SLAVE_CLASS_STORAGE_SCSI_WRITE32
 269              		.loc 1 321 33 is_stmt 0 view .LVU52
 270 00fe 0093     		str	r3, [sp]
 271 0100 2346     		mov	r3, r4
 272              	.LVL15:
 321:Middlewares/ST/usbx/common/usbx_device_classes/src/ux_device_class_storage_thread.c ****                                                                 UX_SLAVE_CLASS_STORAGE_SCSI_WRITE32
 273              		.loc 1 321 33 view .LVU53
 274 0102 4246     		mov	r2, r8
 275 0104 5146     		mov	r1, r10
 276 0106 2846     		mov	r0, r5
 277 0108 FFF7FEFF 		bl	_ux_device_class_storage_write
 278              	.LVL16:
 323:Middlewares/ST/usbx/common/usbx_device_classes/src/ux_device_class_storage_thread.c ****     
 279              		.loc 1 323 33 is_stmt 1 view .LVU54
 280 010c 06E0     		b	.L28
 281              	.LVL17:
 282              	.L25:
ARM GAS  /tmp/cclWLleW.s 			page 14


 253:Middlewares/ST/usbx/common/usbx_device_classes/src/ux_device_class_storage_thread.c ****                                 break;
 283              		.loc 1 253 33 view .LVU55
 284 010e 0093     		str	r3, [sp]
 285              	.LVL18:
 253:Middlewares/ST/usbx/common/usbx_device_classes/src/ux_device_class_storage_thread.c ****                                 break;
 286              		.loc 1 253 33 is_stmt 0 view .LVU56
 287 0110 2346     		mov	r3, r4
 288              	.LVL19:
 253:Middlewares/ST/usbx/common/usbx_device_classes/src/ux_device_class_storage_thread.c ****                                 break;
 289              		.loc 1 253 33 view .LVU57
 290 0112 4246     		mov	r2, r8
 291 0114 5146     		mov	r1, r10
 292 0116 2846     		mov	r0, r5
 293 0118 FFF7FEFF 		bl	_ux_device_class_storage_test_ready
 294              	.LVL20:
 254:Middlewares/ST/usbx/common/usbx_device_classes/src/ux_device_class_storage_thread.c ****                                     
 295              		.loc 1 254 33 is_stmt 1 view .LVU58
 296              	.L28:
 419:Middlewares/ST/usbx/common/usbx_device_classes/src/ux_device_class_storage_thread.c **** 
 297              		.loc 1 419 29 view .LVU59
 419:Middlewares/ST/usbx/common/usbx_device_classes/src/ux_device_class_storage_thread.c **** 
 298              		.loc 1 419 38 is_stmt 0 view .LVU60
 299 011c 0023     		movs	r3, #0
 300 011e 4246     		mov	r2, r8
 301 0120 5146     		mov	r1, r10
 302 0122 2846     		mov	r0, r5
 303 0124 FFF7FEFF 		bl	_ux_device_class_storage_csw_send
 304              	.LVL21:
 422:Middlewares/ST/usbx/common/usbx_device_classes/src/ux_device_class_storage_thread.c **** 
 305              		.loc 1 422 29 is_stmt 1 view .LVU61
 422:Middlewares/ST/usbx/common/usbx_device_classes/src/ux_device_class_storage_thread.c **** 
 306              		.loc 1 422 32 is_stmt 0 view .LVU62
 307 0128 0246     		mov	r2, r0
 308 012a 0028     		cmp	r0, #0
 309 012c 00F0AF80 		beq	.L2
 425:Middlewares/ST/usbx/common/usbx_device_classes/src/ux_device_class_storage_thread.c ****                         }
 310              		.loc 1 425 33 is_stmt 1 view .LVU63
 311 0130 0721     		movs	r1, #7
 312 0132 0220     		movs	r0, #2
 313              	.LVL22:
 425:Middlewares/ST/usbx/common/usbx_device_classes/src/ux_device_class_storage_thread.c ****                         }
 314              		.loc 1 425 33 is_stmt 0 view .LVU64
 315 0134 FFF7FEFF 		bl	_ux_system_error_handler
 316              	.LVL23:
 425:Middlewares/ST/usbx/common/usbx_device_classes/src/ux_device_class_storage_thread.c ****                         }
 317              		.loc 1 425 33 view .LVU65
 318 0138 A9E0     		b	.L2
 319              	.LVL24:
 320              	.L24:
 258:Middlewares/ST/usbx/common/usbx_device_classes/src/ux_device_class_storage_thread.c ****                                 break;
 321              		.loc 1 258 33 is_stmt 1 view .LVU66
 322 013a 0093     		str	r3, [sp]
 323              	.LVL25:
 258:Middlewares/ST/usbx/common/usbx_device_classes/src/ux_device_class_storage_thread.c ****                                 break;
 324              		.loc 1 258 33 is_stmt 0 view .LVU67
 325 013c 2346     		mov	r3, r4
 326              	.LVL26:
ARM GAS  /tmp/cclWLleW.s 			page 15


 258:Middlewares/ST/usbx/common/usbx_device_classes/src/ux_device_class_storage_thread.c ****                                 break;
 327              		.loc 1 258 33 view .LVU68
 328 013e 4246     		mov	r2, r8
 329 0140 5146     		mov	r1, r10
 330 0142 2846     		mov	r0, r5
 331 0144 FFF7FEFF 		bl	_ux_device_class_storage_request_sense
 332              	.LVL27:
 259:Middlewares/ST/usbx/common/usbx_device_classes/src/ux_device_class_storage_thread.c ****     
 333              		.loc 1 259 33 is_stmt 1 view .LVU69
 334 0148 E8E7     		b	.L28
 335              	.LVL28:
 336              	.L23:
 263:Middlewares/ST/usbx/common/usbx_device_classes/src/ux_device_class_storage_thread.c ****                                 break;
 337              		.loc 1 263 33 view .LVU70
 338 014a 0093     		str	r3, [sp]
 339              	.LVL29:
 263:Middlewares/ST/usbx/common/usbx_device_classes/src/ux_device_class_storage_thread.c ****                                 break;
 340              		.loc 1 263 33 is_stmt 0 view .LVU71
 341 014c 2346     		mov	r3, r4
 342              	.LVL30:
 263:Middlewares/ST/usbx/common/usbx_device_classes/src/ux_device_class_storage_thread.c ****                                 break;
 343              		.loc 1 263 33 view .LVU72
 344 014e 4246     		mov	r2, r8
 345 0150 5146     		mov	r1, r10
 346 0152 2846     		mov	r0, r5
 347 0154 FFF7FEFF 		bl	_ux_device_class_storage_format
 348              	.LVL31:
 264:Middlewares/ST/usbx/common/usbx_device_classes/src/ux_device_class_storage_thread.c ****     
 349              		.loc 1 264 33 is_stmt 1 view .LVU73
 350 0158 E0E7     		b	.L28
 351              	.LVL32:
 352              	.L22:
 268:Middlewares/ST/usbx/common/usbx_device_classes/src/ux_device_class_storage_thread.c ****                                 break;
 353              		.loc 1 268 33 view .LVU74
 354 015a 0093     		str	r3, [sp]
 355              	.LVL33:
 268:Middlewares/ST/usbx/common/usbx_device_classes/src/ux_device_class_storage_thread.c ****                                 break;
 356              		.loc 1 268 33 is_stmt 0 view .LVU75
 357 015c 2346     		mov	r3, r4
 358              	.LVL34:
 268:Middlewares/ST/usbx/common/usbx_device_classes/src/ux_device_class_storage_thread.c ****                                 break;
 359              		.loc 1 268 33 view .LVU76
 360 015e 4246     		mov	r2, r8
 361 0160 5146     		mov	r1, r10
 362 0162 2846     		mov	r0, r5
 363 0164 FFF7FEFF 		bl	_ux_device_class_storage_inquiry
 364              	.LVL35:
 269:Middlewares/ST/usbx/common/usbx_device_classes/src/ux_device_class_storage_thread.c ****     
 365              		.loc 1 269 33 is_stmt 1 view .LVU77
 366 0168 D8E7     		b	.L28
 367              	.LVL36:
 368              	.L21:
 273:Middlewares/ST/usbx/common/usbx_device_classes/src/ux_device_class_storage_thread.c ****                                 break;
 369              		.loc 1 273 33 view .LVU78
 370 016a 0093     		str	r3, [sp]
 371              	.LVL37:
 273:Middlewares/ST/usbx/common/usbx_device_classes/src/ux_device_class_storage_thread.c ****                                 break;
ARM GAS  /tmp/cclWLleW.s 			page 16


 372              		.loc 1 273 33 is_stmt 0 view .LVU79
 373 016c 2346     		mov	r3, r4
 374              	.LVL38:
 273:Middlewares/ST/usbx/common/usbx_device_classes/src/ux_device_class_storage_thread.c ****                                 break;
 375              		.loc 1 273 33 view .LVU80
 376 016e 4246     		mov	r2, r8
 377 0170 5146     		mov	r1, r10
 378 0172 2846     		mov	r0, r5
 379 0174 FFF7FEFF 		bl	_ux_device_class_storage_start_stop
 380              	.LVL39:
 274:Middlewares/ST/usbx/common/usbx_device_classes/src/ux_device_class_storage_thread.c ****                                     
 381              		.loc 1 274 33 is_stmt 1 view .LVU81
 382 0178 D0E7     		b	.L28
 383              	.LVL40:
 384              	.L20:
 278:Middlewares/ST/usbx/common/usbx_device_classes/src/ux_device_class_storage_thread.c ****                                 break;
 385              		.loc 1 278 33 view .LVU82
 386 017a 0093     		str	r3, [sp]
 387              	.LVL41:
 278:Middlewares/ST/usbx/common/usbx_device_classes/src/ux_device_class_storage_thread.c ****                                 break;
 388              		.loc 1 278 33 is_stmt 0 view .LVU83
 389 017c 2346     		mov	r3, r4
 390              	.LVL42:
 278:Middlewares/ST/usbx/common/usbx_device_classes/src/ux_device_class_storage_thread.c ****                                 break;
 391              		.loc 1 278 33 view .LVU84
 392 017e 4246     		mov	r2, r8
 393 0180 5146     		mov	r1, r10
 394 0182 2846     		mov	r0, r5
 395 0184 FFF7FEFF 		bl	_ux_device_class_storage_prevent_allow_media_removal
 396              	.LVL43:
 279:Middlewares/ST/usbx/common/usbx_device_classes/src/ux_device_class_storage_thread.c ****     
 397              		.loc 1 279 33 is_stmt 1 view .LVU85
 398 0188 C8E7     		b	.L28
 399              	.LVL44:
 400              	.L19:
 283:Middlewares/ST/usbx/common/usbx_device_classes/src/ux_device_class_storage_thread.c ****                                 break;
 401              		.loc 1 283 33 view .LVU86
 402 018a 0093     		str	r3, [sp]
 403              	.LVL45:
 283:Middlewares/ST/usbx/common/usbx_device_classes/src/ux_device_class_storage_thread.c ****                                 break;
 404              		.loc 1 283 33 is_stmt 0 view .LVU87
 405 018c 2346     		mov	r3, r4
 406              	.LVL46:
 283:Middlewares/ST/usbx/common/usbx_device_classes/src/ux_device_class_storage_thread.c ****                                 break;
 407              		.loc 1 283 33 view .LVU88
 408 018e 4246     		mov	r2, r8
 409 0190 5146     		mov	r1, r10
 410 0192 2846     		mov	r0, r5
 411 0194 FFF7FEFF 		bl	_ux_device_class_storage_read_format_capacity
 412              	.LVL47:
 284:Middlewares/ST/usbx/common/usbx_device_classes/src/ux_device_class_storage_thread.c ****     
 413              		.loc 1 284 33 is_stmt 1 view .LVU89
 414 0198 C0E7     		b	.L28
 415              	.LVL48:
 416              	.L18:
 288:Middlewares/ST/usbx/common/usbx_device_classes/src/ux_device_class_storage_thread.c ****                                 break;
 417              		.loc 1 288 33 view .LVU90
ARM GAS  /tmp/cclWLleW.s 			page 17


 418 019a 0093     		str	r3, [sp]
 419              	.LVL49:
 288:Middlewares/ST/usbx/common/usbx_device_classes/src/ux_device_class_storage_thread.c ****                                 break;
 420              		.loc 1 288 33 is_stmt 0 view .LVU91
 421 019c 2346     		mov	r3, r4
 422              	.LVL50:
 288:Middlewares/ST/usbx/common/usbx_device_classes/src/ux_device_class_storage_thread.c ****                                 break;
 423              		.loc 1 288 33 view .LVU92
 424 019e 4246     		mov	r2, r8
 425 01a0 5146     		mov	r1, r10
 426 01a2 2846     		mov	r0, r5
 427 01a4 FFF7FEFF 		bl	_ux_device_class_storage_read_capacity
 428              	.LVL51:
 289:Middlewares/ST/usbx/common/usbx_device_classes/src/ux_device_class_storage_thread.c ****     
 429              		.loc 1 289 33 is_stmt 1 view .LVU93
 430 01a8 B8E7     		b	.L28
 431              	.LVL52:
 432              	.L15:
 293:Middlewares/ST/usbx/common/usbx_device_classes/src/ux_device_class_storage_thread.c ****                                 break;
 433              		.loc 1 293 33 view .LVU94
 434 01aa 0093     		str	r3, [sp]
 435              	.LVL53:
 293:Middlewares/ST/usbx/common/usbx_device_classes/src/ux_device_class_storage_thread.c ****                                 break;
 436              		.loc 1 293 33 is_stmt 0 view .LVU95
 437 01ac 2346     		mov	r3, r4
 438              	.LVL54:
 293:Middlewares/ST/usbx/common/usbx_device_classes/src/ux_device_class_storage_thread.c ****                                 break;
 439              		.loc 1 293 33 view .LVU96
 440 01ae 4246     		mov	r2, r8
 441 01b0 5146     		mov	r1, r10
 442 01b2 2846     		mov	r0, r5
 443 01b4 FFF7FEFF 		bl	_ux_device_class_storage_verify
 444              	.LVL55:
 294:Middlewares/ST/usbx/common/usbx_device_classes/src/ux_device_class_storage_thread.c ****     
 445              		.loc 1 294 33 is_stmt 1 view .LVU97
 446 01b8 B0E7     		b	.L28
 447              	.LVL56:
 448              	.L13:
 298:Middlewares/ST/usbx/common/usbx_device_classes/src/ux_device_class_storage_thread.c ****                                 break;
 449              		.loc 1 298 33 view .LVU98
 450 01ba 0093     		str	r3, [sp]
 451              	.LVL57:
 298:Middlewares/ST/usbx/common/usbx_device_classes/src/ux_device_class_storage_thread.c ****                                 break;
 452              		.loc 1 298 33 is_stmt 0 view .LVU99
 453 01bc 2346     		mov	r3, r4
 454              	.LVL58:
 298:Middlewares/ST/usbx/common/usbx_device_classes/src/ux_device_class_storage_thread.c ****                                 break;
 455              		.loc 1 298 33 view .LVU100
 456 01be 4246     		mov	r2, r8
 457 01c0 5146     		mov	r1, r10
 458 01c2 2846     		mov	r0, r5
 459 01c4 FFF7FEFF 		bl	_ux_device_class_storage_mode_select
 460              	.LVL59:
 299:Middlewares/ST/usbx/common/usbx_device_classes/src/ux_device_class_storage_thread.c ****     
 461              		.loc 1 299 33 is_stmt 1 view .LVU101
 462 01c8 A8E7     		b	.L28
 463              	.LVL60:
ARM GAS  /tmp/cclWLleW.s 			page 18


 464              	.L11:
 304:Middlewares/ST/usbx/common/usbx_device_classes/src/ux_device_class_storage_thread.c ****                                 break;
 465              		.loc 1 304 33 view .LVU102
 466 01ca 0093     		str	r3, [sp]
 467              	.LVL61:
 304:Middlewares/ST/usbx/common/usbx_device_classes/src/ux_device_class_storage_thread.c ****                                 break;
 468              		.loc 1 304 33 is_stmt 0 view .LVU103
 469 01cc 2346     		mov	r3, r4
 470              	.LVL62:
 304:Middlewares/ST/usbx/common/usbx_device_classes/src/ux_device_class_storage_thread.c ****                                 break;
 471              		.loc 1 304 33 view .LVU104
 472 01ce 4246     		mov	r2, r8
 473 01d0 5146     		mov	r1, r10
 474 01d2 2846     		mov	r0, r5
 475 01d4 FFF7FEFF 		bl	_ux_device_class_storage_mode_sense
 476              	.LVL63:
 305:Middlewares/ST/usbx/common/usbx_device_classes/src/ux_device_class_storage_thread.c ****     
 477              		.loc 1 305 33 is_stmt 1 view .LVU105
 478 01d8 A0E7     		b	.L28
 479              	.LVL64:
 480              	.L26:
 309:Middlewares/ST/usbx/common/usbx_device_classes/src/ux_device_class_storage_thread.c ****                                                                 UX_SLAVE_CLASS_STORAGE_SCSI_READ32)
 481              		.loc 1 309 33 view .LVU106
 482 01da A822     		movs	r2, #168
 483 01dc 0192     		str	r2, [sp, #4]
 484              	.LVL65:
 309:Middlewares/ST/usbx/common/usbx_device_classes/src/ux_device_class_storage_thread.c ****                                                                 UX_SLAVE_CLASS_STORAGE_SCSI_READ32)
 485              		.loc 1 309 33 is_stmt 0 view .LVU107
 486 01de 0093     		str	r3, [sp]
 487 01e0 2346     		mov	r3, r4
 488              	.LVL66:
 309:Middlewares/ST/usbx/common/usbx_device_classes/src/ux_device_class_storage_thread.c ****                                                                 UX_SLAVE_CLASS_STORAGE_SCSI_READ32)
 489              		.loc 1 309 33 view .LVU108
 490 01e2 4246     		mov	r2, r8
 491 01e4 5146     		mov	r1, r10
 492 01e6 2846     		mov	r0, r5
 493 01e8 FFF7FEFF 		bl	_ux_device_class_storage_read
 494              	.LVL67:
 311:Middlewares/ST/usbx/common/usbx_device_classes/src/ux_device_class_storage_thread.c ****     
 495              		.loc 1 311 33 is_stmt 1 view .LVU109
 496 01ec 96E7     		b	.L28
 497              	.LVL68:
 498              	.L17:
 315:Middlewares/ST/usbx/common/usbx_device_classes/src/ux_device_class_storage_thread.c ****                                                                 UX_SLAVE_CLASS_STORAGE_SCSI_READ16)
 499              		.loc 1 315 33 view .LVU110
 500 01ee 2822     		movs	r2, #40
 501 01f0 0192     		str	r2, [sp, #4]
 502              	.LVL69:
 315:Middlewares/ST/usbx/common/usbx_device_classes/src/ux_device_class_storage_thread.c ****                                                                 UX_SLAVE_CLASS_STORAGE_SCSI_READ16)
 503              		.loc 1 315 33 is_stmt 0 view .LVU111
 504 01f2 0093     		str	r3, [sp]
 505 01f4 2346     		mov	r3, r4
 506              	.LVL70:
 315:Middlewares/ST/usbx/common/usbx_device_classes/src/ux_device_class_storage_thread.c ****                                                                 UX_SLAVE_CLASS_STORAGE_SCSI_READ16)
 507              		.loc 1 315 33 view .LVU112
 508 01f6 4246     		mov	r2, r8
 509 01f8 5146     		mov	r1, r10
ARM GAS  /tmp/cclWLleW.s 			page 19


 510 01fa 2846     		mov	r0, r5
 511 01fc FFF7FEFF 		bl	_ux_device_class_storage_read
 512              	.LVL71:
 317:Middlewares/ST/usbx/common/usbx_device_classes/src/ux_device_class_storage_thread.c ****     
 513              		.loc 1 317 33 is_stmt 1 view .LVU113
 514 0200 8CE7     		b	.L28
 515              	.LVL72:
 516              	.L16:
 327:Middlewares/ST/usbx/common/usbx_device_classes/src/ux_device_class_storage_thread.c ****                                                                 UX_SLAVE_CLASS_STORAGE_SCSI_WRITE16
 517              		.loc 1 327 33 view .LVU114
 518 0202 2A22     		movs	r2, #42
 519 0204 0192     		str	r2, [sp, #4]
 520              	.LVL73:
 327:Middlewares/ST/usbx/common/usbx_device_classes/src/ux_device_class_storage_thread.c ****                                                                 UX_SLAVE_CLASS_STORAGE_SCSI_WRITE16
 521              		.loc 1 327 33 is_stmt 0 view .LVU115
 522 0206 0093     		str	r3, [sp]
 523 0208 2346     		mov	r3, r4
 524              	.LVL74:
 327:Middlewares/ST/usbx/common/usbx_device_classes/src/ux_device_class_storage_thread.c ****                                                                 UX_SLAVE_CLASS_STORAGE_SCSI_WRITE16
 525              		.loc 1 327 33 view .LVU116
 526 020a 4246     		mov	r2, r8
 527 020c 5146     		mov	r1, r10
 528 020e 2846     		mov	r0, r5
 529 0210 FFF7FEFF 		bl	_ux_device_class_storage_write
 530              	.LVL75:
 329:Middlewares/ST/usbx/common/usbx_device_classes/src/ux_device_class_storage_thread.c **** 
 531              		.loc 1 329 33 is_stmt 1 view .LVU117
 532 0214 82E7     		b	.L28
 533              	.LVL76:
 534              	.L14:
 333:Middlewares/ST/usbx/common/usbx_device_classes/src/ux_device_class_storage_thread.c ****                                 break;
 535              		.loc 1 333 33 view .LVU118
 536 0216 0192     		str	r2, [sp, #4]
 537              	.LVL77:
 333:Middlewares/ST/usbx/common/usbx_device_classes/src/ux_device_class_storage_thread.c ****                                 break;
 538              		.loc 1 333 33 is_stmt 0 view .LVU119
 539 0218 0093     		str	r3, [sp]
 540 021a 2346     		mov	r3, r4
 541              	.LVL78:
 333:Middlewares/ST/usbx/common/usbx_device_classes/src/ux_device_class_storage_thread.c ****                                 break;
 542              		.loc 1 333 33 view .LVU120
 543 021c 4246     		mov	r2, r8
 544 021e 5146     		mov	r1, r10
 545 0220 2846     		mov	r0, r5
 546 0222 FFF7FEFF 		bl	_ux_device_class_storage_synchronize_cache
 547              	.LVL79:
 334:Middlewares/ST/usbx/common/usbx_device_classes/src/ux_device_class_storage_thread.c **** 
 548              		.loc 1 334 33 is_stmt 1 view .LVU121
 549 0226 79E7     		b	.L28
 550              	.LVL80:
 551              	.L10:
 381:Middlewares/ST/usbx/common/usbx_device_classes/src/ux_device_class_storage_thread.c ****                                     ((storage -> ux_slave_class_storage_cbw_flags & 0x80) == 0))
 552              		.loc 1 381 33 view .LVU122
 381:Middlewares/ST/usbx/common/usbx_device_classes/src/ux_device_class_storage_thread.c ****                                     ((storage -> ux_slave_class_storage_cbw_flags & 0x80) == 0))
 553              		.loc 1 381 45 is_stmt 0 view .LVU123
 554 0228 2B6C     		ldr	r3, [r5, #64]
 555              	.LVL81:
ARM GAS  /tmp/cclWLleW.s 			page 20


 381:Middlewares/ST/usbx/common/usbx_device_classes/src/ux_device_class_storage_thread.c ****                                     ((storage -> ux_slave_class_storage_cbw_flags & 0x80) == 0))
 556              		.loc 1 381 36 view .LVU124
 557 022a 1BB1     		cbz	r3, .L29
 382:Middlewares/ST/usbx/common/usbx_device_classes/src/ux_device_class_storage_thread.c **** 
 558              		.loc 1 382 91 view .LVU125
 559 022c 95F94430 		ldrsb	r3, [r5, #68]
 381:Middlewares/ST/usbx/common/usbx_device_classes/src/ux_device_class_storage_thread.c ****                                     ((storage -> ux_slave_class_storage_cbw_flags & 0x80) == 0))
 560              		.loc 1 381 87 discriminator 1 view .LVU126
 561 0230 002B     		cmp	r3, #0
 562 0232 12DA     		bge	.L42
 563              	.L29:
 389:Middlewares/ST/usbx/common/usbx_device_classes/src/ux_device_class_storage_thread.c ****                                 
 564              		.loc 1 389 37 is_stmt 1 view .LVU127
 565 0234 4046     		mov	r0, r8
 566 0236 FFF7FEFF 		bl	_ux_device_stack_endpoint_stall
 567              	.LVL82:
 568              	.L30:
 392:Middlewares/ST/usbx/common/usbx_device_classes/src/ux_device_class_storage_thread.c ****                                     UX_DEVICE_CLASS_STORAGE_SENSE_STATUS(UX_SLAVE_CLASS_STORAGE_SEN
 569              		.loc 1 392 33 view .LVU128
 392:Middlewares/ST/usbx/common/usbx_device_classes/src/ux_device_class_storage_thread.c ****                                     UX_DEVICE_CLASS_STORAGE_SENSE_STATUS(UX_SLAVE_CLASS_STORAGE_SEN
 570              		.loc 1 392 120 is_stmt 0 view .LVU129
 571 023a 3823     		movs	r3, #56
 572 023c 03FB0A53 		mla	r3, r3, r10, r5
 573 0240 42F20502 		movw	r2, #8197
 574 0244 1A62     		str	r2, [r3, #32]
 398:Middlewares/ST/usbx/common/usbx_device_classes/src/ux_device_class_storage_thread.c ****                                 { 
 575              		.loc 1 398 33 is_stmt 1 view .LVU130
 576              	.L31:
 398:Middlewares/ST/usbx/common/usbx_device_classes/src/ux_device_class_storage_thread.c ****                                 { 
 577              		.loc 1 398 72 view .LVU131
 398:Middlewares/ST/usbx/common/usbx_device_classes/src/ux_device_class_storage_thread.c ****                                 { 
 578              		.loc 1 398 47 is_stmt 0 view .LVU132
 579 0246 336A     		ldr	r3, [r6, #32]
 398:Middlewares/ST/usbx/common/usbx_device_classes/src/ux_device_class_storage_thread.c ****                                 { 
 580              		.loc 1 398 72 view .LVU133
 581 0248 032B     		cmp	r3, #3
 582 024a 7FF467AF 		bne	.L28
 402:Middlewares/ST/usbx/common/usbx_device_classes/src/ux_device_class_storage_thread.c ****                                     {
 583              		.loc 1 402 37 is_stmt 1 view .LVU134
 402:Middlewares/ST/usbx/common/usbx_device_classes/src/ux_device_class_storage_thread.c ****                                     {
 584              		.loc 1 402 53 is_stmt 0 view .LVU135
 585 024e D8F80430 		ldr	r3, [r8, #4]
 402:Middlewares/ST/usbx/common/usbx_device_classes/src/ux_device_class_storage_thread.c ****                                     {
 586              		.loc 1 402 40 view .LVU136
 587 0252 33B1     		cbz	r3, .L43
 413:Middlewares/ST/usbx/common/usbx_device_classes/src/ux_device_class_storage_thread.c ****                                 }
 588              		.loc 1 413 41 is_stmt 1 view .LVU137
 589 0254 FFF7FEFF 		bl	_ux_utility_thread_relinquish
 590              	.LVL83:
 591 0258 F5E7     		b	.L31
 592              	.LVL84:
 593              	.L42:
 385:Middlewares/ST/usbx/common/usbx_device_classes/src/ux_device_class_storage_thread.c ****                                 else
 594              		.loc 1 385 37 view .LVU138
 595 025a 2046     		mov	r0, r4
 596 025c FFF7FEFF 		bl	_ux_device_stack_endpoint_stall
 597              	.LVL85:
ARM GAS  /tmp/cclWLleW.s 			page 21


 385:Middlewares/ST/usbx/common/usbx_device_classes/src/ux_device_class_storage_thread.c ****                                 else
 598              		.loc 1 385 37 is_stmt 0 view .LVU139
 599 0260 EBE7     		b	.L30
 600              	.L43:
 406:Middlewares/ST/usbx/common/usbx_device_classes/src/ux_device_class_storage_thread.c ****                                         break;
 601              		.loc 1 406 41 is_stmt 1 view .LVU140
 406:Middlewares/ST/usbx/common/usbx_device_classes/src/ux_device_class_storage_thread.c ****                                         break;
 602              		.loc 1 406 86 is_stmt 0 view .LVU141
 603 0262 0123     		movs	r3, #1
 604 0264 2B65     		str	r3, [r5, #80]
 407:Middlewares/ST/usbx/common/usbx_device_classes/src/ux_device_class_storage_thread.c ****                                     }                                        
 605              		.loc 1 407 41 is_stmt 1 view .LVU142
 606 0266 59E7     		b	.L28
 607              	.LVL86:
 608              	.L8:
 430:Middlewares/ST/usbx/common/usbx_device_classes/src/ux_device_class_storage_thread.c ****                     }
 609              		.loc 1 430 29 view .LVU143
 430:Middlewares/ST/usbx/common/usbx_device_classes/src/ux_device_class_storage_thread.c ****                     }
 610              		.loc 1 430 74 is_stmt 0 view .LVU144
 611 0268 0223     		movs	r3, #2
 612              	.LVL87:
 430:Middlewares/ST/usbx/common/usbx_device_classes/src/ux_device_class_storage_thread.c ****                     }
 613              		.loc 1 430 74 view .LVU145
 614 026a 2B65     		str	r3, [r5, #80]
 615              	.LVL88:
 430:Middlewares/ST/usbx/common/usbx_device_classes/src/ux_device_class_storage_thread.c ****                     }
 616              		.loc 1 430 74 view .LVU146
 617 026c 0FE0     		b	.L2
 618              	.LVL89:
 619              	.L46:
 442:Middlewares/ST/usbx/common/usbx_device_classes/src/ux_device_class_storage_thread.c ****             }
 443:Middlewares/ST/usbx/common/usbx_device_classes/src/ux_device_class_storage_thread.c ****             else
 444:Middlewares/ST/usbx/common/usbx_device_classes/src/ux_device_class_storage_thread.c ****             {
 445:Middlewares/ST/usbx/common/usbx_device_classes/src/ux_device_class_storage_thread.c **** 
 446:Middlewares/ST/usbx/common/usbx_device_classes/src/ux_device_class_storage_thread.c ****                 if ((UCHAR)storage -> ux_slave_class_storage_csw_status == UX_SLAVE_CLASS_STORAGE_C
 447:Middlewares/ST/usbx/common/usbx_device_classes/src/ux_device_class_storage_thread.c ****                 {
 448:Middlewares/ST/usbx/common/usbx_device_classes/src/ux_device_class_storage_thread.c **** 
 449:Middlewares/ST/usbx/common/usbx_device_classes/src/ux_device_class_storage_thread.c ****                     /* We should keep the endpoints stalled.  */
 450:Middlewares/ST/usbx/common/usbx_device_classes/src/ux_device_class_storage_thread.c ****                     _ux_device_stack_endpoint_stall(endpoint_out);
 620              		.loc 1 450 21 is_stmt 1 view .LVU147
 621 026e 2046     		mov	r0, r4
 622 0270 FFF7FEFF 		bl	_ux_device_stack_endpoint_stall
 623              	.LVL90:
 451:Middlewares/ST/usbx/common/usbx_device_classes/src/ux_device_class_storage_thread.c ****                     _ux_device_stack_endpoint_stall(endpoint_in);
 624              		.loc 1 451 21 view .LVU148
 625 0274 4046     		mov	r0, r8
 626 0276 FFF7FEFF 		bl	_ux_device_stack_endpoint_stall
 627              	.LVL91:
 628 027a 21E0     		b	.L35
 629              	.L48:
 630              		.align	2
 631              	.L47:
 632 027c 55534243 		.word	1128420181
 633              	.LVL92:
 634              	.L44:
 452:Middlewares/ST/usbx/common/usbx_device_classes/src/ux_device_class_storage_thread.c ****                 }
 453:Middlewares/ST/usbx/common/usbx_device_classes/src/ux_device_class_storage_thread.c **** 
ARM GAS  /tmp/cclWLleW.s 			page 22


 454:Middlewares/ST/usbx/common/usbx_device_classes/src/ux_device_class_storage_thread.c ****                 /* We must therefore wait a while.  */
 455:Middlewares/ST/usbx/common/usbx_device_classes/src/ux_device_class_storage_thread.c ****                 _ux_utility_delay_ms(2);
 456:Middlewares/ST/usbx/common/usbx_device_classes/src/ux_device_class_storage_thread.c ****             }
 457:Middlewares/ST/usbx/common/usbx_device_classes/src/ux_device_class_storage_thread.c ****         }
 458:Middlewares/ST/usbx/common/usbx_device_classes/src/ux_device_class_storage_thread.c **** 
 459:Middlewares/ST/usbx/common/usbx_device_classes/src/ux_device_class_storage_thread.c ****         /* We need to suspend ourselves. We will be resumed by the 
 460:Middlewares/ST/usbx/common/usbx_device_classes/src/ux_device_class_storage_thread.c ****            device enumeration module.  */
 461:Middlewares/ST/usbx/common/usbx_device_classes/src/ux_device_class_storage_thread.c ****         _ux_device_thread_suspend(&class -> ux_slave_class_thread);
 635              		.loc 1 461 9 view .LVU149
 636 0280 07F15000 		add	r0, r7, #80
 637 0284 FFF7FEFF 		bl	_ux_utility_thread_suspend
 638              	.LVL93:
 144:Middlewares/ST/usbx/common/usbx_device_classes/src/ux_device_class_storage_thread.c ****     {
 639              		.loc 1 144 10 view .LVU150
 640              	.L37:
 128:Middlewares/ST/usbx/common/usbx_device_classes/src/ux_device_class_storage_thread.c **** UX_SLAVE_CLASS_STORAGE      *storage;
 641              		.loc 1 128 1 view .LVU151
 129:Middlewares/ST/usbx/common/usbx_device_classes/src/ux_device_class_storage_thread.c **** UX_SLAVE_TRANSFER           *transfer_request;
 642              		.loc 1 129 1 view .LVU152
 130:Middlewares/ST/usbx/common/usbx_device_classes/src/ux_device_class_storage_thread.c **** UX_SLAVE_DEVICE             *device;
 643              		.loc 1 130 1 view .LVU153
 131:Middlewares/ST/usbx/common/usbx_device_classes/src/ux_device_class_storage_thread.c **** UX_SLAVE_INTERFACE          *interface;
 644              		.loc 1 131 1 view .LVU154
 132:Middlewares/ST/usbx/common/usbx_device_classes/src/ux_device_class_storage_thread.c **** UX_SLAVE_ENDPOINT           *endpoint_in;
 645              		.loc 1 132 1 view .LVU155
 133:Middlewares/ST/usbx/common/usbx_device_classes/src/ux_device_class_storage_thread.c **** UX_SLAVE_ENDPOINT           *endpoint_out;
 646              		.loc 1 133 1 view .LVU156
 134:Middlewares/ST/usbx/common/usbx_device_classes/src/ux_device_class_storage_thread.c **** UINT                        status;
 647              		.loc 1 134 1 view .LVU157
 135:Middlewares/ST/usbx/common/usbx_device_classes/src/ux_device_class_storage_thread.c **** ULONG                       length;
 648              		.loc 1 135 1 view .LVU158
 136:Middlewares/ST/usbx/common/usbx_device_classes/src/ux_device_class_storage_thread.c **** ULONG                       cbwcb_length;
 649              		.loc 1 136 1 view .LVU159
 137:Middlewares/ST/usbx/common/usbx_device_classes/src/ux_device_class_storage_thread.c **** ULONG                       lun;
 650              		.loc 1 137 1 view .LVU160
 138:Middlewares/ST/usbx/common/usbx_device_classes/src/ux_device_class_storage_thread.c **** UCHAR                       *scsi_command;
 651              		.loc 1 138 1 view .LVU161
 139:Middlewares/ST/usbx/common/usbx_device_classes/src/ux_device_class_storage_thread.c **** UCHAR                       *cbw_cb;
 652              		.loc 1 139 1 view .LVU162
 140:Middlewares/ST/usbx/common/usbx_device_classes/src/ux_device_class_storage_thread.c **** 
 653              		.loc 1 140 1 view .LVU163
 144:Middlewares/ST/usbx/common/usbx_device_classes/src/ux_device_class_storage_thread.c ****     {
 654              		.loc 1 144 5 view .LVU164
 148:Middlewares/ST/usbx/common/usbx_device_classes/src/ux_device_class_storage_thread.c ****         
 655              		.loc 1 148 9 view .LVU165
 151:Middlewares/ST/usbx/common/usbx_device_classes/src/ux_device_class_storage_thread.c ****     
 656              		.loc 1 151 9 view .LVU166
 151:Middlewares/ST/usbx/common/usbx_device_classes/src/ux_device_class_storage_thread.c ****     
 657              		.loc 1 151 17 is_stmt 0 view .LVU167
 658 0288 BD6C     		ldr	r5, [r7, #72]
 659              	.LVL94:
 154:Middlewares/ST/usbx/common/usbx_device_classes/src/ux_device_class_storage_thread.c ****         
 660              		.loc 1 154 9 is_stmt 1 view .LVU168
 154:Middlewares/ST/usbx/common/usbx_device_classes/src/ux_device_class_storage_thread.c ****         
 661              		.loc 1 154 37 is_stmt 0 view .LVU169
 662 028a 0F4B     		ldr	r3, .L49
 663 028c 1E68     		ldr	r6, [r3]
ARM GAS  /tmp/cclWLleW.s 			page 23


 664              	.LVL95:
 157:Middlewares/ST/usbx/common/usbx_device_classes/src/ux_device_class_storage_thread.c ****         { 
 665              		.loc 1 157 9 is_stmt 1 view .LVU170
 666              	.L2:
 157:Middlewares/ST/usbx/common/usbx_device_classes/src/ux_device_class_storage_thread.c ****         { 
 667              		.loc 1 157 48 view .LVU171
 157:Middlewares/ST/usbx/common/usbx_device_classes/src/ux_device_class_storage_thread.c ****         { 
 668              		.loc 1 157 23 is_stmt 0 view .LVU172
 669 028e 336A     		ldr	r3, [r6, #32]
 157:Middlewares/ST/usbx/common/usbx_device_classes/src/ux_device_class_storage_thread.c ****         { 
 670              		.loc 1 157 48 view .LVU173
 671 0290 032B     		cmp	r3, #3
 672 0292 F5D1     		bne	.L44
 161:Middlewares/ST/usbx/common/usbx_device_classes/src/ux_device_class_storage_thread.c **** 
 673              		.loc 1 161 13 is_stmt 1 view .LVU174
 674              	.LVL96:
 164:Middlewares/ST/usbx/common/usbx_device_classes/src/ux_device_class_storage_thread.c **** 
 675              		.loc 1 164 13 view .LVU175
 164:Middlewares/ST/usbx/common/usbx_device_classes/src/ux_device_class_storage_thread.c **** 
 676              		.loc 1 164 23 is_stmt 0 view .LVU176
 677 0294 2B68     		ldr	r3, [r5]
 678              	.LVL97:
 167:Middlewares/ST/usbx/common/usbx_device_classes/src/ux_device_class_storage_thread.c **** 
 679              		.loc 1 167 13 is_stmt 1 view .LVU177
 170:Middlewares/ST/usbx/common/usbx_device_classes/src/ux_device_class_storage_thread.c **** 
 680              		.loc 1 170 13 view .LVU178
 170:Middlewares/ST/usbx/common/usbx_device_classes/src/ux_device_class_storage_thread.c **** 
 681              		.loc 1 170 25 is_stmt 0 view .LVU179
 682 0296 5C6B     		ldr	r4, [r3, #52]
 683              	.LVL98:
 173:Middlewares/ST/usbx/common/usbx_device_classes/src/ux_device_class_storage_thread.c ****             {
 684              		.loc 1 173 13 is_stmt 1 view .LVU180
 173:Middlewares/ST/usbx/common/usbx_device_classes/src/ux_device_class_storage_thread.c ****             {
 685              		.loc 1 173 61 is_stmt 0 view .LVU181
 686 0298 6369     		ldr	r3, [r4, #20]
 687              	.LVL99:
 173:Middlewares/ST/usbx/common/usbx_device_classes/src/ux_device_class_storage_thread.c ****             {
 688              		.loc 1 173 16 view .LVU182
 689 029a 13F0800F 		tst	r3, #128
 690 029e 7FF4B4AE 		bne	.L3
 177:Middlewares/ST/usbx/common/usbx_device_classes/src/ux_device_class_storage_thread.c **** 
 691              		.loc 1 177 17 is_stmt 1 view .LVU183
 692              	.LVL100:
 180:Middlewares/ST/usbx/common/usbx_device_classes/src/ux_device_class_storage_thread.c ****             }
 693              		.loc 1 180 17 view .LVU184
 180:Middlewares/ST/usbx/common/usbx_device_classes/src/ux_device_class_storage_thread.c ****             }
 694              		.loc 1 180 29 is_stmt 0 view .LVU185
 695 02a2 D4F82480 		ldr	r8, [r4, #36]
 696              	.LVL101:
 697              	.L4:
 190:Middlewares/ST/usbx/common/usbx_device_classes/src/ux_device_class_storage_thread.c **** 
 698              		.loc 1 190 13 is_stmt 1 view .LVU186
 190:Middlewares/ST/usbx/common/usbx_device_classes/src/ux_device_class_storage_thread.c **** 
 699              		.loc 1 190 30 is_stmt 0 view .LVU187
 700 02a6 04F13000 		add	r0, r4, #48
 701              	.LVL102:
 193:Middlewares/ST/usbx/common/usbx_device_classes/src/ux_device_class_storage_thread.c ****                 (UCHAR)storage -> ux_slave_class_storage_csw_status != UX_SLAVE_CLASS_STORAGE_CSW_P
ARM GAS  /tmp/cclWLleW.s 			page 24


 702              		.loc 1 193 13 is_stmt 1 view .LVU188
 193:Middlewares/ST/usbx/common/usbx_device_classes/src/ux_device_class_storage_thread.c ****                 (UCHAR)storage -> ux_slave_class_storage_csw_status != UX_SLAVE_CLASS_STORAGE_CSW_P
 703              		.loc 1 193 30 is_stmt 0 view .LVU189
 704 02aa 6368     		ldr	r3, [r4, #4]
 193:Middlewares/ST/usbx/common/usbx_device_classes/src/ux_device_class_storage_thread.c ****                 (UCHAR)storage -> ux_slave_class_storage_csw_status != UX_SLAVE_CLASS_STORAGE_CSW_P
 705              		.loc 1 193 16 view .LVU190
 706 02ac 23B9     		cbnz	r3, .L5
 194:Middlewares/ST/usbx/common/usbx_device_classes/src/ux_device_class_storage_thread.c ****             {
 707              		.loc 1 194 17 view .LVU191
 708 02ae 95F85030 		ldrb	r3, [r5, #80]	@ zero_extendqisi2
 193:Middlewares/ST/usbx/common/usbx_device_classes/src/ux_device_class_storage_thread.c ****                 (UCHAR)storage -> ux_slave_class_storage_csw_status != UX_SLAVE_CLASS_STORAGE_CSW_P
 709              		.loc 1 193 78 discriminator 1 view .LVU192
 710 02b2 022B     		cmp	r3, #2
 711 02b4 7FF4ACAE 		bne	.L45
 712              	.LVL103:
 713              	.L5:
 446:Middlewares/ST/usbx/common/usbx_device_classes/src/ux_device_class_storage_thread.c ****                 {
 714              		.loc 1 446 17 is_stmt 1 view .LVU193
 446:Middlewares/ST/usbx/common/usbx_device_classes/src/ux_device_class_storage_thread.c ****                 {
 715              		.loc 1 446 21 is_stmt 0 view .LVU194
 716 02b8 95F85030 		ldrb	r3, [r5, #80]	@ zero_extendqisi2
 446:Middlewares/ST/usbx/common/usbx_device_classes/src/ux_device_class_storage_thread.c ****                 {
 717              		.loc 1 446 20 view .LVU195
 718 02bc 022B     		cmp	r3, #2
 719 02be D6D0     		beq	.L46
 720              	.L35:
 455:Middlewares/ST/usbx/common/usbx_device_classes/src/ux_device_class_storage_thread.c ****             }
 721              		.loc 1 455 17 is_stmt 1 view .LVU196
 722 02c0 0220     		movs	r0, #2
 723 02c2 FFF7FEFF 		bl	_ux_utility_delay_ms
 724              	.LVL104:
 725 02c6 E2E7     		b	.L2
 726              	.L50:
 727              		.align	2
 728              	.L49:
 729 02c8 00000000 		.word	_ux_system_slave
 730              		.cfi_endproc
 731              	.LFE11:
 733              		.text
 734              	.Letext0:
 735              		.file 2 "Middlewares/ST/threadx/ports/cortex_m7/gnu/inc/tx_port.h"
 736              		.file 3 "Middlewares/ST/threadx/common/inc/tx_api.h"
 737              		.file 4 "Middlewares/ST/usbx/common/core/inc/ux_api.h"
 738              		.file 5 "Middlewares/ST/usbx/common/usbx_device_classes/inc/ux_device_class_storage.h"
 739              		.file 6 "Middlewares/ST/usbx/common/core/inc/ux_utility.h"
 740              		.file 7 "Middlewares/ST/usbx/common/core/inc/ux_device_stack.h"
 741              		.file 8 "Middlewares/ST/usbx/common/core/inc/ux_system.h"
ARM GAS  /tmp/cclWLleW.s 			page 25


DEFINED SYMBOLS
                            *ABS*:00000000 ux_device_class_storage_thread.c
     /tmp/cclWLleW.s:20     .text._ux_device_class_storage_thread:00000000 $t
     /tmp/cclWLleW.s:26     .text._ux_device_class_storage_thread:00000000 _ux_device_class_storage_thread
     /tmp/cclWLleW.s:168    .text._ux_device_class_storage_thread:00000094 $d
     /tmp/cclWLleW.s:632    .text._ux_device_class_storage_thread:0000027c $d
     /tmp/cclWLleW.s:636    .text._ux_device_class_storage_thread:00000280 $t
     /tmp/cclWLleW.s:729    .text._ux_device_class_storage_thread:000002c8 $d
     /tmp/cclWLleW.s:259    .text._ux_device_class_storage_thread:000000ef $d
     /tmp/cclWLleW.s:259    .text._ux_device_class_storage_thread:000000f0 $t

UNDEFINED SYMBOLS
_ux_device_stack_transfer_request
_ux_utility_long_get
_ux_device_class_storage_write
_ux_device_class_storage_test_ready
_ux_device_class_storage_csw_send
_ux_system_error_handler
_ux_device_class_storage_request_sense
_ux_device_class_storage_format
_ux_device_class_storage_inquiry
_ux_device_class_storage_start_stop
_ux_device_class_storage_prevent_allow_media_removal
_ux_device_class_storage_read_format_capacity
_ux_device_class_storage_read_capacity
_ux_device_class_storage_verify
_ux_device_class_storage_mode_select
_ux_device_class_storage_mode_sense
_ux_device_class_storage_read
_ux_device_class_storage_synchronize_cache
_ux_device_stack_endpoint_stall
_ux_utility_thread_relinquish
_ux_utility_thread_suspend
_ux_utility_delay_ms
_ux_system_slave
