ARM GAS  /tmp/ccUG5MmM.s 			page 1


   1              		.cpu cortex-m7
   2              		.arch armv7e-m
   3              		.fpu fpv5-d16
   4              		.eabi_attribute 28, 1
   5              		.eabi_attribute 20, 1
   6              		.eabi_attribute 21, 1
   7              		.eabi_attribute 23, 3
   8              		.eabi_attribute 24, 1
   9              		.eabi_attribute 25, 1
  10              		.eabi_attribute 26, 1
  11              		.eabi_attribute 30, 1
  12              		.eabi_attribute 34, 1
  13              		.eabi_attribute 18, 4
  14              		.file	"ux_device_stack_initialize.c"
  15              		.text
  16              	.Ltext0:
  17              		.cfi_sections	.debug_frame
  18              		.file 1 "Middlewares/ST/usbx/common/core/src/ux_device_stack_initialize.c"
  19              		.section	.rodata._ux_device_stack_initialize.str1.4,"aMS",%progbits,1
  20              		.align	2
  21              	.LC0:
  22 0000 75785F74 		.ascii	"ux_transfer_request_semaphore\000"
  22      72616E73 
  22      6665725F 
  22      72657175 
  22      6573745F 
  23              		.section	.text._ux_device_stack_initialize,"ax",%progbits
  24              		.align	1
  25              		.global	_ux_device_stack_initialize
  26              		.syntax unified
  27              		.thumb
  28              		.thumb_func
  30              	_ux_device_stack_initialize:
  31              	.LVL0:
  32              	.LFB11:
   1:Middlewares/ST/usbx/common/core/src/ux_device_stack_initialize.c **** /**************************************************************************/
   2:Middlewares/ST/usbx/common/core/src/ux_device_stack_initialize.c **** /*                                                                        */
   3:Middlewares/ST/usbx/common/core/src/ux_device_stack_initialize.c **** /*       Copyright (c) Microsoft Corporation. All rights reserved.        */
   4:Middlewares/ST/usbx/common/core/src/ux_device_stack_initialize.c **** /*                                                                        */
   5:Middlewares/ST/usbx/common/core/src/ux_device_stack_initialize.c **** /*       This software is licensed under the Microsoft Software License   */
   6:Middlewares/ST/usbx/common/core/src/ux_device_stack_initialize.c **** /*       Terms for Microsoft Azure RTOS. Full text of the license can be  */
   7:Middlewares/ST/usbx/common/core/src/ux_device_stack_initialize.c **** /*       found in the LICENSE file at https://aka.ms/AzureRTOS_EULA       */
   8:Middlewares/ST/usbx/common/core/src/ux_device_stack_initialize.c **** /*       and in the root directory of this software.                      */
   9:Middlewares/ST/usbx/common/core/src/ux_device_stack_initialize.c **** /*                                                                        */
  10:Middlewares/ST/usbx/common/core/src/ux_device_stack_initialize.c **** /**************************************************************************/
  11:Middlewares/ST/usbx/common/core/src/ux_device_stack_initialize.c **** 
  12:Middlewares/ST/usbx/common/core/src/ux_device_stack_initialize.c **** 
  13:Middlewares/ST/usbx/common/core/src/ux_device_stack_initialize.c **** /**************************************************************************/
  14:Middlewares/ST/usbx/common/core/src/ux_device_stack_initialize.c **** /**************************************************************************/
  15:Middlewares/ST/usbx/common/core/src/ux_device_stack_initialize.c **** /**                                                                       */ 
  16:Middlewares/ST/usbx/common/core/src/ux_device_stack_initialize.c **** /** USBX Component                                                        */ 
  17:Middlewares/ST/usbx/common/core/src/ux_device_stack_initialize.c **** /**                                                                       */
  18:Middlewares/ST/usbx/common/core/src/ux_device_stack_initialize.c **** /**   Device Stack                                                        */
  19:Middlewares/ST/usbx/common/core/src/ux_device_stack_initialize.c **** /**                                                                       */
  20:Middlewares/ST/usbx/common/core/src/ux_device_stack_initialize.c **** /**************************************************************************/
  21:Middlewares/ST/usbx/common/core/src/ux_device_stack_initialize.c **** /**************************************************************************/
  22:Middlewares/ST/usbx/common/core/src/ux_device_stack_initialize.c **** 
ARM GAS  /tmp/ccUG5MmM.s 			page 2


  23:Middlewares/ST/usbx/common/core/src/ux_device_stack_initialize.c **** #define UX_SOURCE_CODE
  24:Middlewares/ST/usbx/common/core/src/ux_device_stack_initialize.c **** 
  25:Middlewares/ST/usbx/common/core/src/ux_device_stack_initialize.c **** 
  26:Middlewares/ST/usbx/common/core/src/ux_device_stack_initialize.c **** /* Include necessary system files.  */
  27:Middlewares/ST/usbx/common/core/src/ux_device_stack_initialize.c **** 
  28:Middlewares/ST/usbx/common/core/src/ux_device_stack_initialize.c **** #include "ux_api.h"
  29:Middlewares/ST/usbx/common/core/src/ux_device_stack_initialize.c **** #include "ux_device_stack.h"
  30:Middlewares/ST/usbx/common/core/src/ux_device_stack_initialize.c **** 
  31:Middlewares/ST/usbx/common/core/src/ux_device_stack_initialize.c **** UX_COMPILE_TIME_ASSERT(!UX_OVERFLOW_CHECK_MULC_ULONG(sizeof(UX_SLAVE_CLASS), UX_MAX_SLAVE_CLASS_DRI
  32:Middlewares/ST/usbx/common/core/src/ux_device_stack_initialize.c **** 
  33:Middlewares/ST/usbx/common/core/src/ux_device_stack_initialize.c **** /* Define the names of all the USB Classes of USBX.  */
  34:Middlewares/ST/usbx/common/core/src/ux_device_stack_initialize.c **** 
  35:Middlewares/ST/usbx/common/core/src/ux_device_stack_initialize.c **** UCHAR _ux_system_slave_class_storage_name[] =                               "ux_slave_class_storage
  36:Middlewares/ST/usbx/common/core/src/ux_device_stack_initialize.c **** UCHAR _ux_system_slave_class_cdc_acm_name[] =                               "ux_slave_class_cdc_acm
  37:Middlewares/ST/usbx/common/core/src/ux_device_stack_initialize.c **** UCHAR _ux_system_slave_class_dpump_name[] =                                 "ux_slave_class_dpump";
  38:Middlewares/ST/usbx/common/core/src/ux_device_stack_initialize.c **** UCHAR _ux_system_slave_class_pima_name[] =                                  "ux_slave_class_pima";
  39:Middlewares/ST/usbx/common/core/src/ux_device_stack_initialize.c **** UCHAR _ux_system_slave_class_hid_name[] =                                   "ux_slave_class_hid";
  40:Middlewares/ST/usbx/common/core/src/ux_device_stack_initialize.c **** UCHAR _ux_system_slave_class_rndis_name[] =                                 "ux_slave_class_rndis";
  41:Middlewares/ST/usbx/common/core/src/ux_device_stack_initialize.c **** UCHAR _ux_system_slave_class_cdc_ecm_name[] =                               "ux_slave_class_cdc_ecm
  42:Middlewares/ST/usbx/common/core/src/ux_device_stack_initialize.c **** UCHAR _ux_system_slave_class_dfu_name[] =                                   "ux_slave_class_dfu";
  43:Middlewares/ST/usbx/common/core/src/ux_device_stack_initialize.c **** UCHAR _ux_system_slave_class_audio_name[] =                                 "ux_slave_class_audio";
  44:Middlewares/ST/usbx/common/core/src/ux_device_stack_initialize.c **** 
  45:Middlewares/ST/usbx/common/core/src/ux_device_stack_initialize.c **** UCHAR _ux_system_device_class_printer_name[] =                              "ux_device_class_printe
  46:Middlewares/ST/usbx/common/core/src/ux_device_stack_initialize.c **** 
  47:Middlewares/ST/usbx/common/core/src/ux_device_stack_initialize.c **** /* Define USBX Host variable.  */
  48:Middlewares/ST/usbx/common/core/src/ux_device_stack_initialize.c **** UX_SYSTEM_SLAVE *_ux_system_slave;
  49:Middlewares/ST/usbx/common/core/src/ux_device_stack_initialize.c **** 
  50:Middlewares/ST/usbx/common/core/src/ux_device_stack_initialize.c **** /**************************************************************************/
  51:Middlewares/ST/usbx/common/core/src/ux_device_stack_initialize.c **** /*                                                                        */
  52:Middlewares/ST/usbx/common/core/src/ux_device_stack_initialize.c **** /*  FUNCTION                                               RELEASE        */
  53:Middlewares/ST/usbx/common/core/src/ux_device_stack_initialize.c **** /*                                                                        */
  54:Middlewares/ST/usbx/common/core/src/ux_device_stack_initialize.c **** /*    _ux_device_stack_initialize                         PORTABLE C      */
  55:Middlewares/ST/usbx/common/core/src/ux_device_stack_initialize.c **** /*                                                           6.1.10       */
  56:Middlewares/ST/usbx/common/core/src/ux_device_stack_initialize.c **** /*  AUTHOR                                                                */
  57:Middlewares/ST/usbx/common/core/src/ux_device_stack_initialize.c **** /*                                                                        */
  58:Middlewares/ST/usbx/common/core/src/ux_device_stack_initialize.c **** /*    Chaoqiong Xiao, Microsoft Corporation                               */
  59:Middlewares/ST/usbx/common/core/src/ux_device_stack_initialize.c **** /*                                                                        */
  60:Middlewares/ST/usbx/common/core/src/ux_device_stack_initialize.c **** /*  DESCRIPTION                                                           */
  61:Middlewares/ST/usbx/common/core/src/ux_device_stack_initialize.c **** /*                                                                        */
  62:Middlewares/ST/usbx/common/core/src/ux_device_stack_initialize.c **** /*    This function initializes the generic portion of the device side of */
  63:Middlewares/ST/usbx/common/core/src/ux_device_stack_initialize.c **** /*    USBX.                                                               */
  64:Middlewares/ST/usbx/common/core/src/ux_device_stack_initialize.c **** /*                                                                        */
  65:Middlewares/ST/usbx/common/core/src/ux_device_stack_initialize.c **** /*  INPUT                                                                 */
  66:Middlewares/ST/usbx/common/core/src/ux_device_stack_initialize.c **** /*                                                                        */
  67:Middlewares/ST/usbx/common/core/src/ux_device_stack_initialize.c **** /*    device_framework_high_speed           Pointer to high speed FW      */ 
  68:Middlewares/ST/usbx/common/core/src/ux_device_stack_initialize.c **** /*    device_framework_length_high_speed    Length of high speed FW       */ 
  69:Middlewares/ST/usbx/common/core/src/ux_device_stack_initialize.c **** /*    device_framework_full_speed           Pointer to full speed FW      */ 
  70:Middlewares/ST/usbx/common/core/src/ux_device_stack_initialize.c **** /*    device_framework_length_full_speed    Length of full speed FW       */ 
  71:Middlewares/ST/usbx/common/core/src/ux_device_stack_initialize.c **** /*    string_framework                      Pointer to string FW          */ 
  72:Middlewares/ST/usbx/common/core/src/ux_device_stack_initialize.c **** /*    string_framework_length               Length of string FW           */ 
  73:Middlewares/ST/usbx/common/core/src/ux_device_stack_initialize.c **** /*    language_id_framework                 Pointer to language ID FW     */ 
  74:Middlewares/ST/usbx/common/core/src/ux_device_stack_initialize.c **** /*    language_id_framework_length          Length of language ID FW      */ 
  75:Middlewares/ST/usbx/common/core/src/ux_device_stack_initialize.c **** /*    (ux_system_slave_change_function)     Pointer to callback function  */ 
  76:Middlewares/ST/usbx/common/core/src/ux_device_stack_initialize.c **** /*                                            for device changes          */ 
  77:Middlewares/ST/usbx/common/core/src/ux_device_stack_initialize.c **** /*                                                                        */
  78:Middlewares/ST/usbx/common/core/src/ux_device_stack_initialize.c **** /*  OUTPUT                                                                */
  79:Middlewares/ST/usbx/common/core/src/ux_device_stack_initialize.c **** /*                                                                        */
ARM GAS  /tmp/ccUG5MmM.s 			page 3


  80:Middlewares/ST/usbx/common/core/src/ux_device_stack_initialize.c **** /*    Completion Status                                                   */ 
  81:Middlewares/ST/usbx/common/core/src/ux_device_stack_initialize.c **** /*                                                                        */
  82:Middlewares/ST/usbx/common/core/src/ux_device_stack_initialize.c **** /*  CALLS                                                                 */ 
  83:Middlewares/ST/usbx/common/core/src/ux_device_stack_initialize.c **** /*                                                                        */ 
  84:Middlewares/ST/usbx/common/core/src/ux_device_stack_initialize.c **** /*    _ux_utility_memory_allocate           Allocate memory               */ 
  85:Middlewares/ST/usbx/common/core/src/ux_device_stack_initialize.c **** /*    _ux_utility_memory_free               Free memory                   */ 
  86:Middlewares/ST/usbx/common/core/src/ux_device_stack_initialize.c **** /*    _ux_utility_semaphore_create          Create semaphore              */
  87:Middlewares/ST/usbx/common/core/src/ux_device_stack_initialize.c **** /*    _ux_utility_semaphore_delete          Delete semaphore              */
  88:Middlewares/ST/usbx/common/core/src/ux_device_stack_initialize.c **** /*                                                                        */ 
  89:Middlewares/ST/usbx/common/core/src/ux_device_stack_initialize.c **** /*  CALLED BY                                                             */ 
  90:Middlewares/ST/usbx/common/core/src/ux_device_stack_initialize.c **** /*                                                                        */ 
  91:Middlewares/ST/usbx/common/core/src/ux_device_stack_initialize.c **** /*    Application                                                         */ 
  92:Middlewares/ST/usbx/common/core/src/ux_device_stack_initialize.c **** /*                                                                        */ 
  93:Middlewares/ST/usbx/common/core/src/ux_device_stack_initialize.c **** /*  RELEASE HISTORY                                                       */ 
  94:Middlewares/ST/usbx/common/core/src/ux_device_stack_initialize.c **** /*                                                                        */ 
  95:Middlewares/ST/usbx/common/core/src/ux_device_stack_initialize.c **** /*    DATE              NAME                      DESCRIPTION             */ 
  96:Middlewares/ST/usbx/common/core/src/ux_device_stack_initialize.c **** /*                                                                        */ 
  97:Middlewares/ST/usbx/common/core/src/ux_device_stack_initialize.c **** /*  05-19-2020     Chaoqiong Xiao           Initial Version 6.0           */
  98:Middlewares/ST/usbx/common/core/src/ux_device_stack_initialize.c **** /*  09-30-2020     Chaoqiong Xiao           Modified comment(s),          */
  99:Middlewares/ST/usbx/common/core/src/ux_device_stack_initialize.c **** /*                                            optimized based on compile  */
 100:Middlewares/ST/usbx/common/core/src/ux_device_stack_initialize.c **** /*                                            definitions,                */
 101:Middlewares/ST/usbx/common/core/src/ux_device_stack_initialize.c **** /*                                            resulting in version 6.1    */
 102:Middlewares/ST/usbx/common/core/src/ux_device_stack_initialize.c **** /*  01-31-2022     Chaoqiong Xiao           Modified comment(s),          */
 103:Middlewares/ST/usbx/common/core/src/ux_device_stack_initialize.c **** /*                                            added standalone support,   */
 104:Middlewares/ST/usbx/common/core/src/ux_device_stack_initialize.c **** /*                                            added printer support,      */
 105:Middlewares/ST/usbx/common/core/src/ux_device_stack_initialize.c **** /*                                            resulting in version 6.1.10 */
 106:Middlewares/ST/usbx/common/core/src/ux_device_stack_initialize.c **** /*                                                                        */
 107:Middlewares/ST/usbx/common/core/src/ux_device_stack_initialize.c **** /**************************************************************************/
 108:Middlewares/ST/usbx/common/core/src/ux_device_stack_initialize.c **** UINT  _ux_device_stack_initialize(UCHAR * device_framework_high_speed, ULONG device_framework_lengt
 109:Middlewares/ST/usbx/common/core/src/ux_device_stack_initialize.c ****                                   UCHAR * device_framework_full_speed, ULONG device_framework_lengt
 110:Middlewares/ST/usbx/common/core/src/ux_device_stack_initialize.c ****                                   UCHAR * string_framework, ULONG string_framework_length,
 111:Middlewares/ST/usbx/common/core/src/ux_device_stack_initialize.c ****                                   UCHAR * language_id_framework, ULONG language_id_framework_length
 112:Middlewares/ST/usbx/common/core/src/ux_device_stack_initialize.c ****                                   UINT (*ux_system_slave_change_function)(ULONG))
 113:Middlewares/ST/usbx/common/core/src/ux_device_stack_initialize.c **** {
  33              		.loc 1 113 1 view -0
  34              		.cfi_startproc
  35              		@ args = 20, pretend = 0, frame = 0
  36              		@ frame_needed = 0, uses_anonymous_args = 0
  37              		.loc 1 113 1 is_stmt 0 view .LVU1
  38 0000 2DE9F047 		push	{r4, r5, r6, r7, r8, r9, r10, lr}
  39              	.LCFI0:
  40              		.cfi_def_cfa_offset 32
  41              		.cfi_offset 4, -32
  42              		.cfi_offset 5, -28
  43              		.cfi_offset 6, -24
  44              		.cfi_offset 7, -20
  45              		.cfi_offset 8, -16
  46              		.cfi_offset 9, -12
  47              		.cfi_offset 10, -8
  48              		.cfi_offset 14, -4
  49 0004 84B0     		sub	sp, sp, #16
  50              	.LCFI1:
  51              		.cfi_def_cfa_offset 48
  52 0006 8146     		mov	r9, r0
  53 0008 8846     		mov	r8, r1
  54 000a 1746     		mov	r7, r2
  55 000c 1D46     		mov	r5, r3
ARM GAS  /tmp/ccUG5MmM.s 			page 4


 114:Middlewares/ST/usbx/common/core/src/ux_device_stack_initialize.c **** UX_SLAVE_DEVICE                 *device;
  56              		.loc 1 114 1 is_stmt 1 view .LVU2
 115:Middlewares/ST/usbx/common/core/src/ux_device_stack_initialize.c **** UX_SLAVE_ENDPOINT               *endpoints_pool;
  57              		.loc 1 115 1 view .LVU3
 116:Middlewares/ST/usbx/common/core/src/ux_device_stack_initialize.c **** UX_SLAVE_INTERFACE              *interfaces_pool;
  58              		.loc 1 116 1 view .LVU4
 117:Middlewares/ST/usbx/common/core/src/ux_device_stack_initialize.c **** UX_SLAVE_TRANSFER               *transfer_request;
  59              		.loc 1 117 1 view .LVU5
 118:Middlewares/ST/usbx/common/core/src/ux_device_stack_initialize.c **** UINT                            status;
  60              		.loc 1 118 1 view .LVU6
 119:Middlewares/ST/usbx/common/core/src/ux_device_stack_initialize.c **** ULONG                           interfaces_found;
  61              		.loc 1 119 1 view .LVU7
 120:Middlewares/ST/usbx/common/core/src/ux_device_stack_initialize.c **** ULONG                           endpoints_found;
  62              		.loc 1 120 1 view .LVU8
 121:Middlewares/ST/usbx/common/core/src/ux_device_stack_initialize.c **** #if !defined(UX_DEVICE_INITIALIZE_FRAMEWORK_SCAN_DISABLE)
 122:Middlewares/ST/usbx/common/core/src/ux_device_stack_initialize.c **** ULONG                           max_interface_number;
  63              		.loc 1 122 1 view .LVU9
 123:Middlewares/ST/usbx/common/core/src/ux_device_stack_initialize.c **** ULONG                           local_interfaces_found;
  64              		.loc 1 123 1 view .LVU10
 124:Middlewares/ST/usbx/common/core/src/ux_device_stack_initialize.c **** ULONG                           local_endpoints_found;
  65              		.loc 1 124 1 view .LVU11
 125:Middlewares/ST/usbx/common/core/src/ux_device_stack_initialize.c **** ULONG                           endpoints_in_interface_found;
  66              		.loc 1 125 1 view .LVU12
 126:Middlewares/ST/usbx/common/core/src/ux_device_stack_initialize.c **** UCHAR                           *device_framework;
  67              		.loc 1 126 1 view .LVU13
 127:Middlewares/ST/usbx/common/core/src/ux_device_stack_initialize.c **** ULONG                           device_framework_length;
  68              		.loc 1 127 1 view .LVU14
 128:Middlewares/ST/usbx/common/core/src/ux_device_stack_initialize.c **** UCHAR                           descriptor_type;
  69              		.loc 1 128 1 view .LVU15
 129:Middlewares/ST/usbx/common/core/src/ux_device_stack_initialize.c **** ULONG                           descriptor_length;
  70              		.loc 1 129 1 view .LVU16
 130:Middlewares/ST/usbx/common/core/src/ux_device_stack_initialize.c **** #endif
 131:Middlewares/ST/usbx/common/core/src/ux_device_stack_initialize.c **** UCHAR                           *memory;
  71              		.loc 1 131 1 view .LVU17
 132:Middlewares/ST/usbx/common/core/src/ux_device_stack_initialize.c **** 
 133:Middlewares/ST/usbx/common/core/src/ux_device_stack_initialize.c ****     /* If trace is enabled, insert this event into the trace buffer.  */
 134:Middlewares/ST/usbx/common/core/src/ux_device_stack_initialize.c ****     UX_TRACE_IN_LINE_INSERT(UX_TRACE_DEVICE_STACK_INITIALIZE, 0, 0, 0, 0, UX_TRACE_DEVICE_STACK_EVE
  72              		.loc 1 134 5 view .LVU18
  73 000e 0024     		movs	r4, #0
  74 0010 0394     		str	r4, [sp, #12]
  75 0012 0294     		str	r4, [sp, #8]
  76 0014 4FF08063 		mov	r3, #67108864
  77              	.LVL1:
  78              		.loc 1 134 5 is_stmt 0 view .LVU19
  79 0018 0193     		str	r3, [sp, #4]
  80 001a 0094     		str	r4, [sp]
  81 001c 2346     		mov	r3, r4
  82 001e 2246     		mov	r2, r4
  83              	.LVL2:
  84              		.loc 1 134 5 view .LVU20
  85 0020 2146     		mov	r1, r4
  86              	.LVL3:
  87              		.loc 1 134 5 view .LVU21
  88 0022 40F25F30 		movw	r0, #863
  89              	.LVL4:
  90              		.loc 1 134 5 view .LVU22
  91 0026 FFF7FEFF 		bl	_ux_trace_event_insert
ARM GAS  /tmp/ccUG5MmM.s 			page 5


  92              	.LVL5:
 135:Middlewares/ST/usbx/common/core/src/ux_device_stack_initialize.c **** 
 136:Middlewares/ST/usbx/common/core/src/ux_device_stack_initialize.c ****     /* Get the pointer to the device. */
 137:Middlewares/ST/usbx/common/core/src/ux_device_stack_initialize.c ****     device =  &_ux_system_slave -> ux_system_slave_device;
  93              		.loc 1 137 5 is_stmt 1 view .LVU23
  94              		.loc 1 137 33 is_stmt 0 view .LVU24
  95 002a 8E4B     		ldr	r3, .L45
  96 002c 1E68     		ldr	r6, [r3]
  97              	.LVL6:
 138:Middlewares/ST/usbx/common/core/src/ux_device_stack_initialize.c **** 
 139:Middlewares/ST/usbx/common/core/src/ux_device_stack_initialize.c ****     /* Store the high speed device framework address and length in the project structure.  */
 140:Middlewares/ST/usbx/common/core/src/ux_device_stack_initialize.c ****     _ux_system_slave -> ux_system_slave_device_framework_high_speed =             device_framework_
  98              		.loc 1 140 5 is_stmt 1 view .LVU25
  99              		.loc 1 140 69 is_stmt 0 view .LVU26
 100 002e C6F83891 		str	r9, [r6, #312]
 141:Middlewares/ST/usbx/common/core/src/ux_device_stack_initialize.c ****     _ux_system_slave -> ux_system_slave_device_framework_length_high_speed =      device_framework_
 101              		.loc 1 141 5 is_stmt 1 view .LVU27
 102              		.loc 1 141 76 is_stmt 0 view .LVU28
 103 0032 C6F83C81 		str	r8, [r6, #316]
 142:Middlewares/ST/usbx/common/core/src/ux_device_stack_initialize.c **** 
 143:Middlewares/ST/usbx/common/core/src/ux_device_stack_initialize.c ****     /* Store the string framework address and length in the project structure.  */
 144:Middlewares/ST/usbx/common/core/src/ux_device_stack_initialize.c ****     _ux_system_slave -> ux_system_slave_device_framework_full_speed =             device_framework_
 104              		.loc 1 144 5 is_stmt 1 view .LVU29
 105              		.loc 1 144 69 is_stmt 0 view .LVU30
 106 0036 C6F83071 		str	r7, [r6, #304]
 145:Middlewares/ST/usbx/common/core/src/ux_device_stack_initialize.c ****     _ux_system_slave -> ux_system_slave_device_framework_length_full_speed =      device_framework_
 107              		.loc 1 145 5 is_stmt 1 view .LVU31
 108              		.loc 1 145 76 is_stmt 0 view .LVU32
 109 003a C6F83451 		str	r5, [r6, #308]
 146:Middlewares/ST/usbx/common/core/src/ux_device_stack_initialize.c **** 
 147:Middlewares/ST/usbx/common/core/src/ux_device_stack_initialize.c ****     /* Store the string framework address and length in the project structure.  */
 148:Middlewares/ST/usbx/common/core/src/ux_device_stack_initialize.c ****     _ux_system_slave -> ux_system_slave_string_framework =                         string_framework
 110              		.loc 1 148 5 is_stmt 1 view .LVU33
 111              		.loc 1 148 58 is_stmt 0 view .LVU34
 112 003e 0C9B     		ldr	r3, [sp, #48]
 113 0040 C6F84031 		str	r3, [r6, #320]
 149:Middlewares/ST/usbx/common/core/src/ux_device_stack_initialize.c ****     _ux_system_slave -> ux_system_slave_string_framework_length =                  string_framework
 114              		.loc 1 149 5 is_stmt 1 view .LVU35
 115              		.loc 1 149 65 is_stmt 0 view .LVU36
 116 0044 0D9B     		ldr	r3, [sp, #52]
 117 0046 C6F84431 		str	r3, [r6, #324]
 150:Middlewares/ST/usbx/common/core/src/ux_device_stack_initialize.c **** 
 151:Middlewares/ST/usbx/common/core/src/ux_device_stack_initialize.c ****     /* Store the language ID list in the project structure.  */
 152:Middlewares/ST/usbx/common/core/src/ux_device_stack_initialize.c ****     _ux_system_slave -> ux_system_slave_language_id_framework =                 language_id_framewo
 118              		.loc 1 152 5 is_stmt 1 view .LVU37
 119              		.loc 1 152 63 is_stmt 0 view .LVU38
 120 004a 0E9B     		ldr	r3, [sp, #56]
 121 004c C6F84831 		str	r3, [r6, #328]
 153:Middlewares/ST/usbx/common/core/src/ux_device_stack_initialize.c ****     _ux_system_slave -> ux_system_slave_language_id_framework_length =          language_id_framewo
 122              		.loc 1 153 5 is_stmt 1 view .LVU39
 123              		.loc 1 153 70 is_stmt 0 view .LVU40
 124 0050 0F9B     		ldr	r3, [sp, #60]
 125 0052 C6F84C31 		str	r3, [r6, #332]
 154:Middlewares/ST/usbx/common/core/src/ux_device_stack_initialize.c **** 
 155:Middlewares/ST/usbx/common/core/src/ux_device_stack_initialize.c ****     /* Store the max number of slave class drivers in the project structure.  */
 156:Middlewares/ST/usbx/common/core/src/ux_device_stack_initialize.c ****     UX_SYSTEM_DEVICE_MAX_CLASS_SET(UX_MAX_SLAVE_CLASS_DRIVER);
 126              		.loc 1 156 5 is_stmt 1 view .LVU41
ARM GAS  /tmp/ccUG5MmM.s 			page 6


 127              		.loc 1 156 5 view .LVU42
 157:Middlewares/ST/usbx/common/core/src/ux_device_stack_initialize.c ****     
 158:Middlewares/ST/usbx/common/core/src/ux_device_stack_initialize.c ****     /* Store the device state change function callback.  */
 159:Middlewares/ST/usbx/common/core/src/ux_device_stack_initialize.c ****     _ux_system_slave -> ux_system_slave_change_function =  ux_system_slave_change_function;
 128              		.loc 1 159 5 view .LVU43
 129              		.loc 1 159 57 is_stmt 0 view .LVU44
 130 0056 109B     		ldr	r3, [sp, #64]
 131 0058 C6F8C031 		str	r3, [r6, #448]
 160:Middlewares/ST/usbx/common/core/src/ux_device_stack_initialize.c **** 
 161:Middlewares/ST/usbx/common/core/src/ux_device_stack_initialize.c ****     /* Allocate memory for the classes.
 162:Middlewares/ST/usbx/common/core/src/ux_device_stack_initialize.c ****      * sizeof(UX_SLAVE_CLASS) * UX_MAX_SLAVE_CLASS_DRIVER) overflow is checked
 163:Middlewares/ST/usbx/common/core/src/ux_device_stack_initialize.c ****      * outside of the function.
 164:Middlewares/ST/usbx/common/core/src/ux_device_stack_initialize.c ****      */
 165:Middlewares/ST/usbx/common/core/src/ux_device_stack_initialize.c ****     memory =  _ux_utility_memory_allocate(UX_NO_ALIGN, UX_REGULAR_MEMORY, sizeof(UX_SLAVE_CLASS) * 
 132              		.loc 1 165 5 is_stmt 1 view .LVU45
 133              		.loc 1 165 15 is_stmt 0 view .LVU46
 134 005c 4FF48A72 		mov	r2, #276
 135 0060 2146     		mov	r1, r4
 136 0062 2046     		mov	r0, r4
 137 0064 FFF7FEFF 		bl	_ux_utility_memory_allocate
 138              	.LVL7:
 166:Middlewares/ST/usbx/common/core/src/ux_device_stack_initialize.c ****     if (memory == UX_NULL)
 139              		.loc 1 166 5 is_stmt 1 view .LVU47
 140              		.loc 1 166 8 is_stmt 0 view .LVU48
 141 0068 0028     		cmp	r0, #0
 142 006a 00F0F880 		beq	.L25
 167:Middlewares/ST/usbx/common/core/src/ux_device_stack_initialize.c ****         return(UX_MEMORY_INSUFFICIENT);
 168:Middlewares/ST/usbx/common/core/src/ux_device_stack_initialize.c ****     
 169:Middlewares/ST/usbx/common/core/src/ux_device_stack_initialize.c ****     /* Save this memory allocation in the USBX project.  */
 170:Middlewares/ST/usbx/common/core/src/ux_device_stack_initialize.c ****     _ux_system_slave -> ux_system_slave_class_array =  (UX_SLAVE_CLASS *) ((void *) memory);
 143              		.loc 1 170 5 is_stmt 1 view .LVU49
 144              		.loc 1 170 22 is_stmt 0 view .LVU50
 145 006e 7D4A     		ldr	r2, .L45
 146 0070 1268     		ldr	r2, [r2]
 147              		.loc 1 170 53 view .LVU51
 148 0072 C2F85801 		str	r0, [r2, #344]
 171:Middlewares/ST/usbx/common/core/src/ux_device_stack_initialize.c **** 
 172:Middlewares/ST/usbx/common/core/src/ux_device_stack_initialize.c ****     /* Allocate some memory for the Control Endpoint.  First get the address of the transfer reques
 173:Middlewares/ST/usbx/common/core/src/ux_device_stack_initialize.c ****        control endpoint. */
 174:Middlewares/ST/usbx/common/core/src/ux_device_stack_initialize.c ****     transfer_request =  &device -> ux_slave_device_control_endpoint.ux_slave_endpoint_transfer_requ
 149              		.loc 1 174 5 is_stmt 1 view .LVU52
 150              	.LVL8:
 175:Middlewares/ST/usbx/common/core/src/ux_device_stack_initialize.c **** 
 176:Middlewares/ST/usbx/common/core/src/ux_device_stack_initialize.c ****     /* Acquire a buffer for the size of the endpoint.  */
 177:Middlewares/ST/usbx/common/core/src/ux_device_stack_initialize.c ****     transfer_request -> ux_slave_transfer_request_data_pointer =
 151              		.loc 1 177 5 view .LVU53
 178:Middlewares/ST/usbx/common/core/src/ux_device_stack_initialize.c ****           _ux_utility_memory_allocate(UX_NO_ALIGN, UX_CACHE_SAFE_MEMORY, UX_SLAVE_REQUEST_CONTROL_M
 152              		.loc 1 178 11 is_stmt 0 view .LVU54
 153 0076 4FF48072 		mov	r2, #256
 154 007a 0121     		movs	r1, #1
 155 007c 2046     		mov	r0, r4
 156              	.LVL9:
 157              		.loc 1 178 11 view .LVU55
 158 007e FFF7FEFF 		bl	_ux_utility_memory_allocate
 159              	.LVL10:
 177:Middlewares/ST/usbx/common/core/src/ux_device_stack_initialize.c ****           _ux_utility_memory_allocate(UX_NO_ALIGN, UX_CACHE_SAFE_MEMORY, UX_SLAVE_REQUEST_CONTROL_M
 160              		.loc 1 177 64 view .LVU56
ARM GAS  /tmp/ccUG5MmM.s 			page 7


 161 0082 C6F89800 		str	r0, [r6, #152]
 179:Middlewares/ST/usbx/common/core/src/ux_device_stack_initialize.c **** 
 180:Middlewares/ST/usbx/common/core/src/ux_device_stack_initialize.c ****     /* Ensure we have enough memory.  */
 181:Middlewares/ST/usbx/common/core/src/ux_device_stack_initialize.c ****     if (transfer_request -> ux_slave_transfer_request_data_pointer == UX_NULL)
 162              		.loc 1 181 5 is_stmt 1 view .LVU57
 163              		.loc 1 181 8 is_stmt 0 view .LVU58
 164 0086 0028     		cmp	r0, #0
 165 0088 00F08280 		beq	.L26
 182:Middlewares/ST/usbx/common/core/src/ux_device_stack_initialize.c ****         status = UX_MEMORY_INSUFFICIENT;
 183:Middlewares/ST/usbx/common/core/src/ux_device_stack_initialize.c ****     else
 184:Middlewares/ST/usbx/common/core/src/ux_device_stack_initialize.c ****         status = UX_SUCCESS;
 166              		.loc 1 184 9 is_stmt 1 view .LVU59
 167              	.LVL11:
 185:Middlewares/ST/usbx/common/core/src/ux_device_stack_initialize.c **** 
 186:Middlewares/ST/usbx/common/core/src/ux_device_stack_initialize.c **** #if defined(UX_DEVICE_INITIALIZE_FRAMEWORK_SCAN_DISABLE)
 187:Middlewares/ST/usbx/common/core/src/ux_device_stack_initialize.c **** 
 188:Middlewares/ST/usbx/common/core/src/ux_device_stack_initialize.c ****     /* No scan, just assign predefined value.  */
 189:Middlewares/ST/usbx/common/core/src/ux_device_stack_initialize.c ****     interfaces_found = UX_MAX_SLAVE_INTERFACES;
 190:Middlewares/ST/usbx/common/core/src/ux_device_stack_initialize.c ****     endpoints_found = UX_MAX_DEVICE_ENDPOINTS;
 191:Middlewares/ST/usbx/common/core/src/ux_device_stack_initialize.c **** #else
 192:Middlewares/ST/usbx/common/core/src/ux_device_stack_initialize.c **** 
 193:Middlewares/ST/usbx/common/core/src/ux_device_stack_initialize.c ****     /* Reset all values we are using during the scanning of the framework.  */
 194:Middlewares/ST/usbx/common/core/src/ux_device_stack_initialize.c ****     interfaces_found                   =  0;
 168              		.loc 1 194 5 view .LVU60
 195:Middlewares/ST/usbx/common/core/src/ux_device_stack_initialize.c ****     endpoints_found                    =  0;
 169              		.loc 1 195 5 view .LVU61
 196:Middlewares/ST/usbx/common/core/src/ux_device_stack_initialize.c ****     max_interface_number               =  0;
 170              		.loc 1 196 5 view .LVU62
 197:Middlewares/ST/usbx/common/core/src/ux_device_stack_initialize.c **** 
 198:Middlewares/ST/usbx/common/core/src/ux_device_stack_initialize.c ****     /* Go on to scan interfaces if no error.  */
 199:Middlewares/ST/usbx/common/core/src/ux_device_stack_initialize.c ****     if (status == UX_SUCCESS)
 171              		.loc 1 199 5 view .LVU63
 200:Middlewares/ST/usbx/common/core/src/ux_device_stack_initialize.c ****     {
 201:Middlewares/ST/usbx/common/core/src/ux_device_stack_initialize.c **** 
 202:Middlewares/ST/usbx/common/core/src/ux_device_stack_initialize.c ****         /* We need to determine the maximum number of interfaces and endpoints declared in the devi
 203:Middlewares/ST/usbx/common/core/src/ux_device_stack_initialize.c ****         This mechanism requires that both framework behave the same way regarding the number of int
 204:Middlewares/ST/usbx/common/core/src/ux_device_stack_initialize.c ****         and endpoints.  */
 205:Middlewares/ST/usbx/common/core/src/ux_device_stack_initialize.c ****         device_framework        =  _ux_system_slave -> ux_system_slave_device_framework_full_speed;
 172              		.loc 1 205 9 view .LVU64
 173              		.loc 1 205 53 is_stmt 0 view .LVU65
 174 008c 754B     		ldr	r3, .L45
 175 008e 1B68     		ldr	r3, [r3]
 176              		.loc 1 205 33 view .LVU66
 177 0090 D3F83041 		ldr	r4, [r3, #304]
 178              	.LVL12:
 206:Middlewares/ST/usbx/common/core/src/ux_device_stack_initialize.c ****         device_framework_length =  _ux_system_slave -> ux_system_slave_device_framework_length_full
 179              		.loc 1 206 9 is_stmt 1 view .LVU67
 180              		.loc 1 206 33 is_stmt 0 view .LVU68
 181 0094 D3F83451 		ldr	r5, [r3, #308]
 182              	.LVL13:
 207:Middlewares/ST/usbx/common/core/src/ux_device_stack_initialize.c **** 
 208:Middlewares/ST/usbx/common/core/src/ux_device_stack_initialize.c ****         /* Reset all values we are using during the scanning of the framework.  */
 209:Middlewares/ST/usbx/common/core/src/ux_device_stack_initialize.c ****         local_interfaces_found             =  0;
 183              		.loc 1 209 9 is_stmt 1 view .LVU69
 210:Middlewares/ST/usbx/common/core/src/ux_device_stack_initialize.c ****         local_endpoints_found              =  0;
 184              		.loc 1 210 9 view .LVU70
 211:Middlewares/ST/usbx/common/core/src/ux_device_stack_initialize.c ****         endpoints_in_interface_found       =  0;
ARM GAS  /tmp/ccUG5MmM.s 			page 8


 185              		.loc 1 211 9 view .LVU71
 212:Middlewares/ST/usbx/common/core/src/ux_device_stack_initialize.c **** 
 213:Middlewares/ST/usbx/common/core/src/ux_device_stack_initialize.c ****         /* Parse the device framework and locate interfaces and endpoint descriptor(s).  */
 214:Middlewares/ST/usbx/common/core/src/ux_device_stack_initialize.c ****         while (device_framework_length != 0)
 186              		.loc 1 214 9 view .LVU72
 211:Middlewares/ST/usbx/common/core/src/ux_device_stack_initialize.c ****         endpoints_in_interface_found       =  0;
 187              		.loc 1 211 44 is_stmt 0 view .LVU73
 188 0098 0022     		movs	r2, #0
 210:Middlewares/ST/usbx/common/core/src/ux_device_stack_initialize.c ****         endpoints_in_interface_found       =  0;
 189              		.loc 1 210 44 view .LVU74
 190 009a 1746     		mov	r7, r2
 191              	.LVL14:
 209:Middlewares/ST/usbx/common/core/src/ux_device_stack_initialize.c ****         local_endpoints_found              =  0;
 192              		.loc 1 209 44 view .LVU75
 193 009c 9046     		mov	r8, r2
 194              	.LVL15:
 196:Middlewares/ST/usbx/common/core/src/ux_device_stack_initialize.c **** 
 195              		.loc 1 196 40 view .LVU76
 196 009e 9246     		mov	r10, r2
 195:Middlewares/ST/usbx/common/core/src/ux_device_stack_initialize.c ****     max_interface_number               =  0;
 197              		.loc 1 195 40 view .LVU77
 198 00a0 1046     		mov	r0, r2
 194:Middlewares/ST/usbx/common/core/src/ux_device_stack_initialize.c ****     endpoints_found                    =  0;
 199              		.loc 1 194 40 view .LVU78
 200 00a2 9146     		mov	r9, r2
 201              	.LVL16:
 202              		.loc 1 214 15 view .LVU79
 203 00a4 08E0     		b	.L4
 204              	.LVL17:
 205              	.L7:
 215:Middlewares/ST/usbx/common/core/src/ux_device_stack_initialize.c ****         {
 216:Middlewares/ST/usbx/common/core/src/ux_device_stack_initialize.c **** 
 217:Middlewares/ST/usbx/common/core/src/ux_device_stack_initialize.c ****             /* Get the length of this descriptor.  */
 218:Middlewares/ST/usbx/common/core/src/ux_device_stack_initialize.c ****             descriptor_length =  (ULONG) *device_framework;
 219:Middlewares/ST/usbx/common/core/src/ux_device_stack_initialize.c ****         
 220:Middlewares/ST/usbx/common/core/src/ux_device_stack_initialize.c ****             /* And its type.  */
 221:Middlewares/ST/usbx/common/core/src/ux_device_stack_initialize.c ****             descriptor_type =  *(device_framework + 1);
 222:Middlewares/ST/usbx/common/core/src/ux_device_stack_initialize.c ****                     
 223:Middlewares/ST/usbx/common/core/src/ux_device_stack_initialize.c ****             /* Check if this is an endpoint descriptor.  */
 224:Middlewares/ST/usbx/common/core/src/ux_device_stack_initialize.c ****             switch(descriptor_type)
 225:Middlewares/ST/usbx/common/core/src/ux_device_stack_initialize.c ****             {
 226:Middlewares/ST/usbx/common/core/src/ux_device_stack_initialize.c **** 
 227:Middlewares/ST/usbx/common/core/src/ux_device_stack_initialize.c ****             case UX_INTERFACE_DESCRIPTOR_ITEM:
 228:Middlewares/ST/usbx/common/core/src/ux_device_stack_initialize.c **** 
 229:Middlewares/ST/usbx/common/core/src/ux_device_stack_initialize.c ****                 /* Check if this is alternate setting 0. If not, do not add another interface found
 230:Middlewares/ST/usbx/common/core/src/ux_device_stack_initialize.c ****                 If this is alternate setting 0, reset the endpoints count for this interface.  */
 231:Middlewares/ST/usbx/common/core/src/ux_device_stack_initialize.c ****                 if (*(device_framework + 3) == 0)
 232:Middlewares/ST/usbx/common/core/src/ux_device_stack_initialize.c ****                 {
 233:Middlewares/ST/usbx/common/core/src/ux_device_stack_initialize.c **** 
 234:Middlewares/ST/usbx/common/core/src/ux_device_stack_initialize.c ****                     /* Add the cumulated number of endpoints in the previous interface.  */
 235:Middlewares/ST/usbx/common/core/src/ux_device_stack_initialize.c ****                     local_endpoints_found += endpoints_in_interface_found;
 236:Middlewares/ST/usbx/common/core/src/ux_device_stack_initialize.c **** 
 237:Middlewares/ST/usbx/common/core/src/ux_device_stack_initialize.c ****                     /* Read the number of endpoints for this alternate setting.  */
 238:Middlewares/ST/usbx/common/core/src/ux_device_stack_initialize.c ****                     endpoints_in_interface_found = (ULONG) *(device_framework + 4);
 239:Middlewares/ST/usbx/common/core/src/ux_device_stack_initialize.c ****                     
 240:Middlewares/ST/usbx/common/core/src/ux_device_stack_initialize.c ****                     /* Increment the number of interfaces found in the current configuration.  */
 241:Middlewares/ST/usbx/common/core/src/ux_device_stack_initialize.c ****                     local_interfaces_found++;
ARM GAS  /tmp/ccUG5MmM.s 			page 9


 242:Middlewares/ST/usbx/common/core/src/ux_device_stack_initialize.c ****                 }                
 243:Middlewares/ST/usbx/common/core/src/ux_device_stack_initialize.c ****                 else
 244:Middlewares/ST/usbx/common/core/src/ux_device_stack_initialize.c ****                 {
 245:Middlewares/ST/usbx/common/core/src/ux_device_stack_initialize.c **** 
 246:Middlewares/ST/usbx/common/core/src/ux_device_stack_initialize.c ****                     /* Compare the number of endpoints found in this non 0 alternate setting.  */
 247:Middlewares/ST/usbx/common/core/src/ux_device_stack_initialize.c ****                     if (endpoints_in_interface_found < (ULONG) *(device_framework + 4))
 206              		.loc 1 247 21 is_stmt 1 view .LVU80
 207              		.loc 1 247 64 is_stmt 0 view .LVU81
 208 00a6 2179     		ldrb	r1, [r4, #4]	@ zero_extendqisi2
 209              		.loc 1 247 24 view .LVU82
 210 00a8 9142     		cmp	r1, r2
 211 00aa 00D9     		bls	.L8
 248:Middlewares/ST/usbx/common/core/src/ux_device_stack_initialize.c ****                     
 249:Middlewares/ST/usbx/common/core/src/ux_device_stack_initialize.c ****                         /* Adjust the number of maximum endpoints in this interface.  */
 250:Middlewares/ST/usbx/common/core/src/ux_device_stack_initialize.c ****                         endpoints_in_interface_found = (ULONG) *(device_framework + 4);
 212              		.loc 1 250 54 view .LVU83
 213 00ac 0A46     		mov	r2, r1
 214              	.LVL18:
 215              	.L8:
 251:Middlewares/ST/usbx/common/core/src/ux_device_stack_initialize.c ****                 }
 252:Middlewares/ST/usbx/common/core/src/ux_device_stack_initialize.c **** 
 253:Middlewares/ST/usbx/common/core/src/ux_device_stack_initialize.c ****                 /* Check and update max interface number.  */
 254:Middlewares/ST/usbx/common/core/src/ux_device_stack_initialize.c ****                 if (*(device_framework + 2) > max_interface_number)
 216              		.loc 1 254 17 is_stmt 1 view .LVU84
 217              		.loc 1 254 21 is_stmt 0 view .LVU85
 218 00ae A178     		ldrb	r1, [r4, #2]	@ zero_extendqisi2
 219              		.loc 1 254 20 view .LVU86
 220 00b0 5145     		cmp	r1, r10
 221 00b2 1AD8     		bhi	.L28
 222              	.LVL19:
 223              	.L6:
 255:Middlewares/ST/usbx/common/core/src/ux_device_stack_initialize.c ****                     max_interface_number = *(device_framework + 2);
 256:Middlewares/ST/usbx/common/core/src/ux_device_stack_initialize.c **** 
 257:Middlewares/ST/usbx/common/core/src/ux_device_stack_initialize.c ****                 break;
 258:Middlewares/ST/usbx/common/core/src/ux_device_stack_initialize.c **** 
 259:Middlewares/ST/usbx/common/core/src/ux_device_stack_initialize.c ****             case UX_CONFIGURATION_DESCRIPTOR_ITEM:
 260:Middlewares/ST/usbx/common/core/src/ux_device_stack_initialize.c **** 
 261:Middlewares/ST/usbx/common/core/src/ux_device_stack_initialize.c ****                 /* Check if the number of interfaces found in this configuration is the maximum so 
 262:Middlewares/ST/usbx/common/core/src/ux_device_stack_initialize.c ****                 if (local_interfaces_found > interfaces_found)
 263:Middlewares/ST/usbx/common/core/src/ux_device_stack_initialize.c ****                     
 264:Middlewares/ST/usbx/common/core/src/ux_device_stack_initialize.c ****                     /* We need to adjust the number of maximum interfaces.  */
 265:Middlewares/ST/usbx/common/core/src/ux_device_stack_initialize.c ****                     interfaces_found =  local_interfaces_found;
 266:Middlewares/ST/usbx/common/core/src/ux_device_stack_initialize.c **** 
 267:Middlewares/ST/usbx/common/core/src/ux_device_stack_initialize.c ****                 /* We have a new configuration. We need to reset the number of local interfaces. */
 268:Middlewares/ST/usbx/common/core/src/ux_device_stack_initialize.c ****                 local_interfaces_found =  0;
 269:Middlewares/ST/usbx/common/core/src/ux_device_stack_initialize.c **** 
 270:Middlewares/ST/usbx/common/core/src/ux_device_stack_initialize.c ****                 /* Add the cumulated number of endpoints in the previous interface.  */
 271:Middlewares/ST/usbx/common/core/src/ux_device_stack_initialize.c ****                 local_endpoints_found += endpoints_in_interface_found;
 272:Middlewares/ST/usbx/common/core/src/ux_device_stack_initialize.c **** 
 273:Middlewares/ST/usbx/common/core/src/ux_device_stack_initialize.c ****                 /* Check if the number of endpoints found in the previous configuration is the maxi
 274:Middlewares/ST/usbx/common/core/src/ux_device_stack_initialize.c ****                 if (local_endpoints_found > endpoints_found)
 275:Middlewares/ST/usbx/common/core/src/ux_device_stack_initialize.c ****                     
 276:Middlewares/ST/usbx/common/core/src/ux_device_stack_initialize.c ****                     /* We need to adjust the number of maximum endpoints.  */
 277:Middlewares/ST/usbx/common/core/src/ux_device_stack_initialize.c ****                     endpoints_found =  local_endpoints_found;
 278:Middlewares/ST/usbx/common/core/src/ux_device_stack_initialize.c **** 
 279:Middlewares/ST/usbx/common/core/src/ux_device_stack_initialize.c ****                 /* We have a new configuration. We need to reset the number of local endpoints. */
 280:Middlewares/ST/usbx/common/core/src/ux_device_stack_initialize.c ****                 local_endpoints_found         =  0;
ARM GAS  /tmp/ccUG5MmM.s 			page 10


 281:Middlewares/ST/usbx/common/core/src/ux_device_stack_initialize.c ****                 endpoints_in_interface_found  =  0;
 282:Middlewares/ST/usbx/common/core/src/ux_device_stack_initialize.c **** 
 283:Middlewares/ST/usbx/common/core/src/ux_device_stack_initialize.c ****                 break;
 284:Middlewares/ST/usbx/common/core/src/ux_device_stack_initialize.c **** 
 285:Middlewares/ST/usbx/common/core/src/ux_device_stack_initialize.c ****             default:
 286:Middlewares/ST/usbx/common/core/src/ux_device_stack_initialize.c ****                 break;
 287:Middlewares/ST/usbx/common/core/src/ux_device_stack_initialize.c ****             }
 288:Middlewares/ST/usbx/common/core/src/ux_device_stack_initialize.c **** 
 289:Middlewares/ST/usbx/common/core/src/ux_device_stack_initialize.c ****             /* Adjust what is left of the device framework.  */
 290:Middlewares/ST/usbx/common/core/src/ux_device_stack_initialize.c ****             device_framework_length -=  descriptor_length;
 224              		.loc 1 290 13 is_stmt 1 view .LVU87
 225              		.loc 1 290 37 is_stmt 0 view .LVU88
 226 00b4 ED1A     		subs	r5, r5, r3
 227              	.LVL20:
 291:Middlewares/ST/usbx/common/core/src/ux_device_stack_initialize.c **** 
 292:Middlewares/ST/usbx/common/core/src/ux_device_stack_initialize.c ****             /* Point to the next descriptor.  */
 293:Middlewares/ST/usbx/common/core/src/ux_device_stack_initialize.c ****             device_framework +=  descriptor_length;
 228              		.loc 1 293 13 is_stmt 1 view .LVU89
 229              		.loc 1 293 30 is_stmt 0 view .LVU90
 230 00b6 1C44     		add	r4, r4, r3
 231              	.LVL21:
 232              	.L4:
 214:Middlewares/ST/usbx/common/core/src/ux_device_stack_initialize.c ****         {
 233              		.loc 1 214 40 is_stmt 1 view .LVU91
 234 00b8 F5B1     		cbz	r5, .L38
 218:Middlewares/ST/usbx/common/core/src/ux_device_stack_initialize.c ****         
 235              		.loc 1 218 13 view .LVU92
 218:Middlewares/ST/usbx/common/core/src/ux_device_stack_initialize.c ****         
 236              		.loc 1 218 42 is_stmt 0 view .LVU93
 237 00ba 2378     		ldrb	r3, [r4]	@ zero_extendqisi2
 238              	.LVL22:
 221:Middlewares/ST/usbx/common/core/src/ux_device_stack_initialize.c ****                     
 239              		.loc 1 221 13 is_stmt 1 view .LVU94
 221:Middlewares/ST/usbx/common/core/src/ux_device_stack_initialize.c ****                     
 240              		.loc 1 221 29 is_stmt 0 view .LVU95
 241 00bc 6178     		ldrb	r1, [r4, #1]	@ zero_extendqisi2
 242              	.LVL23:
 224:Middlewares/ST/usbx/common/core/src/ux_device_stack_initialize.c ****             {
 243              		.loc 1 224 13 is_stmt 1 view .LVU96
 244 00be 0229     		cmp	r1, #2
 245 00c0 09D0     		beq	.L5
 246 00c2 0429     		cmp	r1, #4
 247 00c4 F6D1     		bne	.L6
 231:Middlewares/ST/usbx/common/core/src/ux_device_stack_initialize.c ****                 {
 248              		.loc 1 231 17 view .LVU97
 231:Middlewares/ST/usbx/common/core/src/ux_device_stack_initialize.c ****                 {
 249              		.loc 1 231 21 is_stmt 0 view .LVU98
 250 00c6 E178     		ldrb	r1, [r4, #3]	@ zero_extendqisi2
 251              	.LVL24:
 231:Middlewares/ST/usbx/common/core/src/ux_device_stack_initialize.c ****                 {
 252              		.loc 1 231 20 view .LVU99
 253 00c8 0029     		cmp	r1, #0
 254 00ca ECD1     		bne	.L7
 235:Middlewares/ST/usbx/common/core/src/ux_device_stack_initialize.c **** 
 255              		.loc 1 235 21 is_stmt 1 view .LVU100
 235:Middlewares/ST/usbx/common/core/src/ux_device_stack_initialize.c **** 
 256              		.loc 1 235 43 is_stmt 0 view .LVU101
ARM GAS  /tmp/ccUG5MmM.s 			page 11


 257 00cc 1744     		add	r7, r7, r2
 258              	.LVL25:
 238:Middlewares/ST/usbx/common/core/src/ux_device_stack_initialize.c ****                     
 259              		.loc 1 238 21 is_stmt 1 view .LVU102
 238:Middlewares/ST/usbx/common/core/src/ux_device_stack_initialize.c ****                     
 260              		.loc 1 238 60 is_stmt 0 view .LVU103
 261 00ce 2279     		ldrb	r2, [r4, #4]	@ zero_extendqisi2
 262              	.LVL26:
 241:Middlewares/ST/usbx/common/core/src/ux_device_stack_initialize.c ****                 }                
 263              		.loc 1 241 21 is_stmt 1 view .LVU104
 241:Middlewares/ST/usbx/common/core/src/ux_device_stack_initialize.c ****                 }                
 264              		.loc 1 241 43 is_stmt 0 view .LVU105
 265 00d0 08F10108 		add	r8, r8, #1
 266              	.LVL27:
 241:Middlewares/ST/usbx/common/core/src/ux_device_stack_initialize.c ****                 }                
 267              		.loc 1 241 43 view .LVU106
 268 00d4 EBE7     		b	.L8
 269              	.LVL28:
 270              	.L5:
 262:Middlewares/ST/usbx/common/core/src/ux_device_stack_initialize.c ****                     
 271              		.loc 1 262 17 is_stmt 1 view .LVU107
 262:Middlewares/ST/usbx/common/core/src/ux_device_stack_initialize.c ****                     
 272              		.loc 1 262 20 is_stmt 0 view .LVU108
 273 00d6 C145     		cmp	r9, r8
 274 00d8 00D2     		bcs	.L9
 265:Middlewares/ST/usbx/common/core/src/ux_device_stack_initialize.c **** 
 275              		.loc 1 265 38 view .LVU109
 276 00da C146     		mov	r9, r8
 277              	.LVL29:
 278              	.L9:
 268:Middlewares/ST/usbx/common/core/src/ux_device_stack_initialize.c **** 
 279              		.loc 1 268 17 is_stmt 1 view .LVU110
 271:Middlewares/ST/usbx/common/core/src/ux_device_stack_initialize.c **** 
 280              		.loc 1 271 17 view .LVU111
 271:Middlewares/ST/usbx/common/core/src/ux_device_stack_initialize.c **** 
 281              		.loc 1 271 39 is_stmt 0 view .LVU112
 282 00dc 1744     		add	r7, r7, r2
 283              	.LVL30:
 274:Middlewares/ST/usbx/common/core/src/ux_device_stack_initialize.c ****                     
 284              		.loc 1 274 17 is_stmt 1 view .LVU113
 274:Middlewares/ST/usbx/common/core/src/ux_device_stack_initialize.c ****                     
 285              		.loc 1 274 20 is_stmt 0 view .LVU114
 286 00de B842     		cmp	r0, r7
 287 00e0 05D3     		bcc	.L30
 281:Middlewares/ST/usbx/common/core/src/ux_device_stack_initialize.c **** 
 288              		.loc 1 281 47 view .LVU115
 289 00e2 0022     		movs	r2, #0
 290              	.LVL31:
 280:Middlewares/ST/usbx/common/core/src/ux_device_stack_initialize.c ****                 endpoints_in_interface_found  =  0;
 291              		.loc 1 280 47 view .LVU116
 292 00e4 1746     		mov	r7, r2
 293              	.LVL32:
 268:Middlewares/ST/usbx/common/core/src/ux_device_stack_initialize.c **** 
 294              		.loc 1 268 40 view .LVU117
 295 00e6 9046     		mov	r8, r2
 296 00e8 E4E7     		b	.L6
 297              	.LVL33:
ARM GAS  /tmp/ccUG5MmM.s 			page 12


 298              	.L28:
 255:Middlewares/ST/usbx/common/core/src/ux_device_stack_initialize.c **** 
 299              		.loc 1 255 42 view .LVU118
 300 00ea 8A46     		mov	r10, r1
 301              	.LVL34:
 255:Middlewares/ST/usbx/common/core/src/ux_device_stack_initialize.c **** 
 302              		.loc 1 255 42 view .LVU119
 303 00ec E2E7     		b	.L6
 304              	.LVL35:
 305              	.L30:
 277:Middlewares/ST/usbx/common/core/src/ux_device_stack_initialize.c **** 
 306              		.loc 1 277 37 view .LVU120
 307 00ee 3846     		mov	r0, r7
 308              	.LVL36:
 281:Middlewares/ST/usbx/common/core/src/ux_device_stack_initialize.c **** 
 309              		.loc 1 281 47 view .LVU121
 310 00f0 0022     		movs	r2, #0
 311              	.LVL37:
 280:Middlewares/ST/usbx/common/core/src/ux_device_stack_initialize.c ****                 endpoints_in_interface_found  =  0;
 312              		.loc 1 280 47 view .LVU122
 313 00f2 1746     		mov	r7, r2
 314              	.LVL38:
 268:Middlewares/ST/usbx/common/core/src/ux_device_stack_initialize.c **** 
 315              		.loc 1 268 40 view .LVU123
 316 00f4 9046     		mov	r8, r2
 317 00f6 DDE7     		b	.L6
 318              	.LVL39:
 319              	.L38:
 294:Middlewares/ST/usbx/common/core/src/ux_device_stack_initialize.c ****         }
 295:Middlewares/ST/usbx/common/core/src/ux_device_stack_initialize.c ****         
 296:Middlewares/ST/usbx/common/core/src/ux_device_stack_initialize.c ****         /* Add the cumulated number of endpoints in the previous interface.  */
 297:Middlewares/ST/usbx/common/core/src/ux_device_stack_initialize.c ****         local_endpoints_found += endpoints_in_interface_found;
 320              		.loc 1 297 9 is_stmt 1 view .LVU124
 321              		.loc 1 297 31 is_stmt 0 view .LVU125
 322 00f8 1744     		add	r7, r7, r2
 323              	.LVL40:
 298:Middlewares/ST/usbx/common/core/src/ux_device_stack_initialize.c **** 
 299:Middlewares/ST/usbx/common/core/src/ux_device_stack_initialize.c ****         /* Check if the number of endpoints found in the previous interface is the maximum so far. 
 300:Middlewares/ST/usbx/common/core/src/ux_device_stack_initialize.c ****         if (local_endpoints_found > endpoints_found)
 324              		.loc 1 300 9 is_stmt 1 view .LVU126
 325              		.loc 1 300 12 is_stmt 0 view .LVU127
 326 00fa B842     		cmp	r0, r7
 327 00fc 00D3     		bcc	.L11
 328 00fe 0746     		mov	r7, r0
 329              	.LVL41:
 330              	.L11:
 301:Middlewares/ST/usbx/common/core/src/ux_device_stack_initialize.c ****                     
 302:Middlewares/ST/usbx/common/core/src/ux_device_stack_initialize.c ****             /* We need to adjust the number of maximum endpoints.  */
 303:Middlewares/ST/usbx/common/core/src/ux_device_stack_initialize.c ****             endpoints_found =  local_endpoints_found;
 304:Middlewares/ST/usbx/common/core/src/ux_device_stack_initialize.c **** 
 305:Middlewares/ST/usbx/common/core/src/ux_device_stack_initialize.c **** 
 306:Middlewares/ST/usbx/common/core/src/ux_device_stack_initialize.c ****         /* Check if the number of interfaces found in this configuration is the maximum so far. */
 307:Middlewares/ST/usbx/common/core/src/ux_device_stack_initialize.c ****         if (local_interfaces_found > interfaces_found)
 331              		.loc 1 307 9 is_stmt 1 view .LVU128
 332              		.loc 1 307 12 is_stmt 0 view .LVU129
 333 0100 C145     		cmp	r9, r8
 334 0102 03D3     		bcc	.L12
ARM GAS  /tmp/ccUG5MmM.s 			page 13


 308:Middlewares/ST/usbx/common/core/src/ux_device_stack_initialize.c ****             
 309:Middlewares/ST/usbx/common/core/src/ux_device_stack_initialize.c ****             /* We need to adjust the number of maximum interfaces.  */
 310:Middlewares/ST/usbx/common/core/src/ux_device_stack_initialize.c ****             interfaces_found =  local_interfaces_found;
 311:Middlewares/ST/usbx/common/core/src/ux_device_stack_initialize.c **** 
 312:Middlewares/ST/usbx/common/core/src/ux_device_stack_initialize.c ****         /* We do a sanity check on the finding. At least there must be one interface but endpoints 
 313:Middlewares/ST/usbx/common/core/src/ux_device_stack_initialize.c ****         not necessary.  */
 314:Middlewares/ST/usbx/common/core/src/ux_device_stack_initialize.c ****         if (interfaces_found == 0)
 335              		.loc 1 314 9 is_stmt 1 view .LVU130
 336              		.loc 1 314 12 is_stmt 0 view .LVU131
 337 0104 B9F1000F 		cmp	r9, #0
 338 0108 19D0     		beq	.L39
 339 010a C846     		mov	r8, r9
 340              	.LVL42:
 341              	.L12:
 315:Middlewares/ST/usbx/common/core/src/ux_device_stack_initialize.c ****         {
 316:Middlewares/ST/usbx/common/core/src/ux_device_stack_initialize.c **** 
 317:Middlewares/ST/usbx/common/core/src/ux_device_stack_initialize.c ****             /* Error trap. */
 318:Middlewares/ST/usbx/common/core/src/ux_device_stack_initialize.c ****             _ux_system_error_handler(UX_SYSTEM_LEVEL_THREAD, UX_SYSTEM_CONTEXT_INIT, UX_DESCRIPTOR_
 319:Middlewares/ST/usbx/common/core/src/ux_device_stack_initialize.c **** 
 320:Middlewares/ST/usbx/common/core/src/ux_device_stack_initialize.c ****             /* If trace is enabled, insert this event into the trace buffer.  */
 321:Middlewares/ST/usbx/common/core/src/ux_device_stack_initialize.c ****             UX_TRACE_IN_LINE_INSERT(UX_TRACE_ERROR, UX_DESCRIPTOR_CORRUPTED, device_framework, 0, 0
 322:Middlewares/ST/usbx/common/core/src/ux_device_stack_initialize.c **** 
 323:Middlewares/ST/usbx/common/core/src/ux_device_stack_initialize.c ****             status = UX_DESCRIPTOR_CORRUPTED;
 324:Middlewares/ST/usbx/common/core/src/ux_device_stack_initialize.c ****         }
 325:Middlewares/ST/usbx/common/core/src/ux_device_stack_initialize.c **** 
 326:Middlewares/ST/usbx/common/core/src/ux_device_stack_initialize.c ****         /* We do a sanity check on the finding. Max interface number should not exceed limit.  */
 327:Middlewares/ST/usbx/common/core/src/ux_device_stack_initialize.c ****         if (status == UX_SUCCESS &&
 342              		.loc 1 327 9 is_stmt 1 view .LVU132
 343              		.loc 1 327 34 is_stmt 0 view .LVU133
 344 010c B5FA85F3 		clz	r3, r5
 345 0110 5B09     		lsrs	r3, r3, #5
 346 0112 BAF10F0F 		cmp	r10, #15
 347 0116 98BF     		it	ls
 348 0118 0023     		movls	r3, #0
 349              		.loc 1 327 12 view .LVU134
 350 011a 2BBB     		cbnz	r3, .L40
 351              	.LVL43:
 352              	.L3:
 328:Middlewares/ST/usbx/common/core/src/ux_device_stack_initialize.c ****             max_interface_number >= UX_MAX_SLAVE_INTERFACES)
 329:Middlewares/ST/usbx/common/core/src/ux_device_stack_initialize.c ****         {
 330:Middlewares/ST/usbx/common/core/src/ux_device_stack_initialize.c **** 
 331:Middlewares/ST/usbx/common/core/src/ux_device_stack_initialize.c ****             /* Error trap. */
 332:Middlewares/ST/usbx/common/core/src/ux_device_stack_initialize.c ****             _ux_system_error_handler(UX_SYSTEM_LEVEL_THREAD, UX_SYSTEM_CONTEXT_INIT, UX_MEMORY_INSU
 333:Middlewares/ST/usbx/common/core/src/ux_device_stack_initialize.c **** 
 334:Middlewares/ST/usbx/common/core/src/ux_device_stack_initialize.c ****             /* If trace is enabled, insert this event into the trace buffer.  */
 335:Middlewares/ST/usbx/common/core/src/ux_device_stack_initialize.c ****             UX_TRACE_IN_LINE_INSERT(UX_TRACE_ERROR, UX_MEMORY_INSUFFICIENT, device_framework, 0, 0,
 336:Middlewares/ST/usbx/common/core/src/ux_device_stack_initialize.c **** 
 337:Middlewares/ST/usbx/common/core/src/ux_device_stack_initialize.c ****             status = UX_MEMORY_INSUFFICIENT;
 338:Middlewares/ST/usbx/common/core/src/ux_device_stack_initialize.c ****         }
 339:Middlewares/ST/usbx/common/core/src/ux_device_stack_initialize.c ****     }
 340:Middlewares/ST/usbx/common/core/src/ux_device_stack_initialize.c **** #endif
 341:Middlewares/ST/usbx/common/core/src/ux_device_stack_initialize.c **** 
 342:Middlewares/ST/usbx/common/core/src/ux_device_stack_initialize.c ****     /* Go on to allocate interfaces pool if no error.  */
 343:Middlewares/ST/usbx/common/core/src/ux_device_stack_initialize.c ****     if (status == UX_SUCCESS)
 353              		.loc 1 343 5 is_stmt 1 view .LVU135
 354              		.loc 1 343 8 is_stmt 0 view .LVU136
 355 011c 002D     		cmp	r5, #0
ARM GAS  /tmp/ccUG5MmM.s 			page 14


 356 011e 3BD0     		beq	.L41
 357              	.LVL44:
 358              	.L13:
 344:Middlewares/ST/usbx/common/core/src/ux_device_stack_initialize.c ****     {
 345:Middlewares/ST/usbx/common/core/src/ux_device_stack_initialize.c **** 
 346:Middlewares/ST/usbx/common/core/src/ux_device_stack_initialize.c ****         /* Memorize both pool sizes.  */
 347:Middlewares/ST/usbx/common/core/src/ux_device_stack_initialize.c ****         device -> ux_slave_device_interfaces_pool_number = interfaces_found;
 348:Middlewares/ST/usbx/common/core/src/ux_device_stack_initialize.c ****         device -> ux_slave_device_endpoints_pool_number  = endpoints_found;
 349:Middlewares/ST/usbx/common/core/src/ux_device_stack_initialize.c **** 
 350:Middlewares/ST/usbx/common/core/src/ux_device_stack_initialize.c ****         /* We assign a pool for the interfaces.  */
 351:Middlewares/ST/usbx/common/core/src/ux_device_stack_initialize.c ****         interfaces_pool =  _ux_utility_memory_allocate_mulc_safe(UX_NO_ALIGN, UX_REGULAR_MEMORY, in
 352:Middlewares/ST/usbx/common/core/src/ux_device_stack_initialize.c ****         if (interfaces_pool == UX_NULL)
 353:Middlewares/ST/usbx/common/core/src/ux_device_stack_initialize.c ****             status = UX_MEMORY_INSUFFICIENT;
 354:Middlewares/ST/usbx/common/core/src/ux_device_stack_initialize.c ****         else
 355:Middlewares/ST/usbx/common/core/src/ux_device_stack_initialize.c **** 
 356:Middlewares/ST/usbx/common/core/src/ux_device_stack_initialize.c ****             /* Save the interface pool address in the device container.  */
 357:Middlewares/ST/usbx/common/core/src/ux_device_stack_initialize.c ****             device -> ux_slave_device_interfaces_pool =  interfaces_pool;
 358:Middlewares/ST/usbx/common/core/src/ux_device_stack_initialize.c ****     }
 359:Middlewares/ST/usbx/common/core/src/ux_device_stack_initialize.c **** 
 360:Middlewares/ST/usbx/common/core/src/ux_device_stack_initialize.c ****     /* Do we need an endpoint pool ?  */
 361:Middlewares/ST/usbx/common/core/src/ux_device_stack_initialize.c ****     if (endpoints_found != 0 && status == UX_SUCCESS)
 359              		.loc 1 361 5 is_stmt 1 view .LVU137
 360              		.loc 1 361 30 is_stmt 0 view .LVU138
 361 0120 3B1E     		subs	r3, r7, #0
 362 0122 18BF     		it	ne
 363 0124 0123     		movne	r3, #1
 364 0126 002D     		cmp	r5, #0
 365 0128 18BF     		it	ne
 366 012a 0023     		movne	r3, #0
 367              		.loc 1 361 8 view .LVU139
 368 012c 002B     		cmp	r3, #0
 369 012e 43D1     		bne	.L42
 362:Middlewares/ST/usbx/common/core/src/ux_device_stack_initialize.c ****     {
 363:Middlewares/ST/usbx/common/core/src/ux_device_stack_initialize.c **** 
 364:Middlewares/ST/usbx/common/core/src/ux_device_stack_initialize.c ****         /* We assign a pool for the endpoints.  */
 365:Middlewares/ST/usbx/common/core/src/ux_device_stack_initialize.c ****         endpoints_pool =  _ux_utility_memory_allocate_mulc_safe(UX_NO_ALIGN, UX_REGULAR_MEMORY, end
 366:Middlewares/ST/usbx/common/core/src/ux_device_stack_initialize.c ****         if (endpoints_pool == UX_NULL)
 367:Middlewares/ST/usbx/common/core/src/ux_device_stack_initialize.c ****             status = UX_MEMORY_INSUFFICIENT;
 368:Middlewares/ST/usbx/common/core/src/ux_device_stack_initialize.c ****         else
 369:Middlewares/ST/usbx/common/core/src/ux_device_stack_initialize.c ****         {
 370:Middlewares/ST/usbx/common/core/src/ux_device_stack_initialize.c **** 
 371:Middlewares/ST/usbx/common/core/src/ux_device_stack_initialize.c ****             /* Save the endpoint pool address in the device container.  */
 372:Middlewares/ST/usbx/common/core/src/ux_device_stack_initialize.c ****             device -> ux_slave_device_endpoints_pool =  endpoints_pool;
 373:Middlewares/ST/usbx/common/core/src/ux_device_stack_initialize.c **** 
 374:Middlewares/ST/usbx/common/core/src/ux_device_stack_initialize.c ****             /* We need to assign a transfer buffer to each endpoint. Each endpoint is assigned the
 375:Middlewares/ST/usbx/common/core/src/ux_device_stack_initialize.c ****             maximum buffer size.  We also assign the semaphore used by the endpoint to synchronize 
 376:Middlewares/ST/usbx/common/core/src/ux_device_stack_initialize.c ****             completion. */
 377:Middlewares/ST/usbx/common/core/src/ux_device_stack_initialize.c ****             while (endpoints_pool < (device -> ux_slave_device_endpoints_pool + endpoints_found))
 378:Middlewares/ST/usbx/common/core/src/ux_device_stack_initialize.c ****             {
 379:Middlewares/ST/usbx/common/core/src/ux_device_stack_initialize.c **** 
 380:Middlewares/ST/usbx/common/core/src/ux_device_stack_initialize.c ****                 /* Obtain some memory.  */
 381:Middlewares/ST/usbx/common/core/src/ux_device_stack_initialize.c ****                 endpoints_pool -> ux_slave_endpoint_transfer_request.ux_slave_transfer_request_data
 382:Middlewares/ST/usbx/common/core/src/ux_device_stack_initialize.c ****                                 _ux_utility_memory_allocate(UX_NO_ALIGN, UX_CACHE_SAFE_MEMORY, UX_S
 383:Middlewares/ST/usbx/common/core/src/ux_device_stack_initialize.c **** 
 384:Middlewares/ST/usbx/common/core/src/ux_device_stack_initialize.c ****                 /* Ensure we could allocate memory.  */
 385:Middlewares/ST/usbx/common/core/src/ux_device_stack_initialize.c ****                 if (endpoints_pool -> ux_slave_endpoint_transfer_request.ux_slave_transfer_request_
 386:Middlewares/ST/usbx/common/core/src/ux_device_stack_initialize.c ****                 {
ARM GAS  /tmp/ccUG5MmM.s 			page 15


 387:Middlewares/ST/usbx/common/core/src/ux_device_stack_initialize.c ****                     status = UX_MEMORY_INSUFFICIENT;
 388:Middlewares/ST/usbx/common/core/src/ux_device_stack_initialize.c ****                     break;
 389:Middlewares/ST/usbx/common/core/src/ux_device_stack_initialize.c ****                 }
 390:Middlewares/ST/usbx/common/core/src/ux_device_stack_initialize.c ****         
 391:Middlewares/ST/usbx/common/core/src/ux_device_stack_initialize.c ****                 /* Create the semaphore for the endpoint.  */
 392:Middlewares/ST/usbx/common/core/src/ux_device_stack_initialize.c ****                 status =  _ux_device_semaphore_create(&endpoints_pool -> ux_slave_endpoint_transfer
 393:Middlewares/ST/usbx/common/core/src/ux_device_stack_initialize.c ****                                                     "ux_transfer_request_semaphore", 0);
 394:Middlewares/ST/usbx/common/core/src/ux_device_stack_initialize.c **** 
 395:Middlewares/ST/usbx/common/core/src/ux_device_stack_initialize.c ****                 /* Check completion status.  */
 396:Middlewares/ST/usbx/common/core/src/ux_device_stack_initialize.c ****                 if (status != UX_SUCCESS)
 397:Middlewares/ST/usbx/common/core/src/ux_device_stack_initialize.c ****                 {
 398:Middlewares/ST/usbx/common/core/src/ux_device_stack_initialize.c ****                     status = UX_SEMAPHORE_ERROR;
 399:Middlewares/ST/usbx/common/core/src/ux_device_stack_initialize.c ****                     break;
 400:Middlewares/ST/usbx/common/core/src/ux_device_stack_initialize.c ****                 }
 401:Middlewares/ST/usbx/common/core/src/ux_device_stack_initialize.c ****         
 402:Middlewares/ST/usbx/common/core/src/ux_device_stack_initialize.c ****                 /* Next endpoint.  */
 403:Middlewares/ST/usbx/common/core/src/ux_device_stack_initialize.c ****                 endpoints_pool++;
 404:Middlewares/ST/usbx/common/core/src/ux_device_stack_initialize.c ****             }
 405:Middlewares/ST/usbx/common/core/src/ux_device_stack_initialize.c ****         }
 406:Middlewares/ST/usbx/common/core/src/ux_device_stack_initialize.c ****     }
 407:Middlewares/ST/usbx/common/core/src/ux_device_stack_initialize.c ****     else
 408:Middlewares/ST/usbx/common/core/src/ux_device_stack_initialize.c ****         endpoints_pool = UX_NULL;
 370              		.loc 1 408 24 view .LVU140
 371 0130 0024     		movs	r4, #0
 372              	.LVL45:
 373              	.L14:
 409:Middlewares/ST/usbx/common/core/src/ux_device_stack_initialize.c **** 
 410:Middlewares/ST/usbx/common/core/src/ux_device_stack_initialize.c ****     /* Return successful completion.  */
 411:Middlewares/ST/usbx/common/core/src/ux_device_stack_initialize.c ****     if (status == UX_SUCCESS)
 374              		.loc 1 411 5 is_stmt 1 view .LVU141
 375              		.loc 1 411 8 is_stmt 0 view .LVU142
 376 0132 002D     		cmp	r5, #0
 377 0134 00F08F80 		beq	.L1
 378              	.LVL46:
 379              	.L15:
 412:Middlewares/ST/usbx/common/core/src/ux_device_stack_initialize.c ****         return(UX_SUCCESS);
 413:Middlewares/ST/usbx/common/core/src/ux_device_stack_initialize.c ****     
 414:Middlewares/ST/usbx/common/core/src/ux_device_stack_initialize.c ****     /* Free resources when there is error.  */
 415:Middlewares/ST/usbx/common/core/src/ux_device_stack_initialize.c **** 
 416:Middlewares/ST/usbx/common/core/src/ux_device_stack_initialize.c ****     /* Free device -> ux_slave_device_endpoints_pool.  */
 417:Middlewares/ST/usbx/common/core/src/ux_device_stack_initialize.c ****     if (endpoints_pool)
 380              		.loc 1 417 5 is_stmt 1 view .LVU143
 381              		.loc 1 417 8 is_stmt 0 view .LVU144
 382 0138 002C     		cmp	r4, #0
 383 013a 6DD1     		bne	.L18
 384 013c 7BE0     		b	.L19
 385              	.LVL47:
 386              	.L39:
 318:Middlewares/ST/usbx/common/core/src/ux_device_stack_initialize.c **** 
 387              		.loc 1 318 13 is_stmt 1 view .LVU145
 388 013e 4222     		movs	r2, #66
 389              	.LVL48:
 318:Middlewares/ST/usbx/common/core/src/ux_device_stack_initialize.c **** 
 390              		.loc 1 318 13 is_stmt 0 view .LVU146
 391 0140 0321     		movs	r1, #3
 392 0142 0220     		movs	r0, #2
 393 0144 FFF7FEFF 		bl	_ux_system_error_handler
ARM GAS  /tmp/ccUG5MmM.s 			page 16


 394              	.LVL49:
 321:Middlewares/ST/usbx/common/core/src/ux_device_stack_initialize.c **** 
 395              		.loc 1 321 13 is_stmt 1 view .LVU147
 396 0148 0023     		movs	r3, #0
 397 014a 0393     		str	r3, [sp, #12]
 398 014c 0293     		str	r3, [sp, #8]
 399 014e 4FF08072 		mov	r2, #16777216
 400 0152 0192     		str	r2, [sp, #4]
 401 0154 0093     		str	r3, [sp]
 402 0156 2246     		mov	r2, r4
 403 0158 4221     		movs	r1, #66
 404 015a 40F2E730 		movw	r0, #999
 405 015e FFF7FEFF 		bl	_ux_trace_event_insert
 406              	.LVL50:
 323:Middlewares/ST/usbx/common/core/src/ux_device_stack_initialize.c ****         }
 407              		.loc 1 323 13 view .LVU148
 321:Middlewares/ST/usbx/common/core/src/ux_device_stack_initialize.c **** 
 408              		.loc 1 321 13 is_stmt 0 view .LVU149
 409 0162 C846     		mov	r8, r9
 410              	.LVL51:
 323:Middlewares/ST/usbx/common/core/src/ux_device_stack_initialize.c ****         }
 411              		.loc 1 323 20 view .LVU150
 412 0164 4225     		movs	r5, #66
 413              	.LVL52:
 323:Middlewares/ST/usbx/common/core/src/ux_device_stack_initialize.c ****         }
 414              		.loc 1 323 20 view .LVU151
 415 0166 D1E7     		b	.L12
 416              	.LVL53:
 417              	.L40:
 332:Middlewares/ST/usbx/common/core/src/ux_device_stack_initialize.c **** 
 418              		.loc 1 332 13 is_stmt 1 view .LVU152
 419 0168 1222     		movs	r2, #18
 420 016a 0321     		movs	r1, #3
 421 016c 0220     		movs	r0, #2
 422 016e FFF7FEFF 		bl	_ux_system_error_handler
 423              	.LVL54:
 335:Middlewares/ST/usbx/common/core/src/ux_device_stack_initialize.c **** 
 424              		.loc 1 335 13 view .LVU153
 425 0172 0023     		movs	r3, #0
 426 0174 0393     		str	r3, [sp, #12]
 427 0176 0293     		str	r3, [sp, #8]
 428 0178 4FF08072 		mov	r2, #16777216
 429 017c 0192     		str	r2, [sp, #4]
 430 017e 0093     		str	r3, [sp]
 431 0180 2246     		mov	r2, r4
 432 0182 1221     		movs	r1, #18
 433 0184 40F2E730 		movw	r0, #999
 434 0188 FFF7FEFF 		bl	_ux_trace_event_insert
 435              	.LVL55:
 337:Middlewares/ST/usbx/common/core/src/ux_device_stack_initialize.c ****         }
 436              		.loc 1 337 13 view .LVU154
 337:Middlewares/ST/usbx/common/core/src/ux_device_stack_initialize.c ****         }
 437              		.loc 1 337 20 is_stmt 0 view .LVU155
 438 018c 1225     		movs	r5, #18
 439 018e C5E7     		b	.L3
 440              	.LVL56:
 441              	.L26:
ARM GAS  /tmp/ccUG5MmM.s 			page 17


 195:Middlewares/ST/usbx/common/core/src/ux_device_stack_initialize.c ****     max_interface_number               =  0;
 442              		.loc 1 195 40 view .LVU156
 443 0190 0027     		movs	r7, #0
 444              	.LVL57:
 194:Middlewares/ST/usbx/common/core/src/ux_device_stack_initialize.c ****     endpoints_found                    =  0;
 445              		.loc 1 194 40 view .LVU157
 446 0192 B846     		mov	r8, r7
 447              	.LVL58:
 182:Middlewares/ST/usbx/common/core/src/ux_device_stack_initialize.c ****     else
 448              		.loc 1 182 16 view .LVU158
 449 0194 1225     		movs	r5, #18
 450              	.LVL59:
 182:Middlewares/ST/usbx/common/core/src/ux_device_stack_initialize.c ****     else
 451              		.loc 1 182 16 view .LVU159
 452 0196 C1E7     		b	.L3
 453              	.LVL60:
 454              	.L41:
 347:Middlewares/ST/usbx/common/core/src/ux_device_stack_initialize.c ****         device -> ux_slave_device_endpoints_pool_number  = endpoints_found;
 455              		.loc 1 347 9 is_stmt 1 view .LVU160
 347:Middlewares/ST/usbx/common/core/src/ux_device_stack_initialize.c ****         device -> ux_slave_device_endpoints_pool_number  = endpoints_found;
 456              		.loc 1 347 58 is_stmt 0 view .LVU161
 457 0198 C6F81881 		str	r8, [r6, #280]
 348:Middlewares/ST/usbx/common/core/src/ux_device_stack_initialize.c **** 
 458              		.loc 1 348 9 is_stmt 1 view .LVU162
 348:Middlewares/ST/usbx/common/core/src/ux_device_stack_initialize.c **** 
 459              		.loc 1 348 58 is_stmt 0 view .LVU163
 460 019c C6F82071 		str	r7, [r6, #288]
 351:Middlewares/ST/usbx/common/core/src/ux_device_stack_initialize.c ****         if (interfaces_pool == UX_NULL)
 461              		.loc 1 351 9 is_stmt 1 view .LVU164
 351:Middlewares/ST/usbx/common/core/src/ux_device_stack_initialize.c ****         if (interfaces_pool == UX_NULL)
 462              		.loc 1 351 28 is_stmt 0 view .LVU165
 463 01a0 3823     		movs	r3, #56
 464 01a2 4246     		mov	r2, r8
 465 01a4 0021     		movs	r1, #0
 466 01a6 0846     		mov	r0, r1
 467 01a8 FFF7FEFF 		bl	_ux_utility_memory_allocate_mulc_safe
 468              	.LVL61:
 352:Middlewares/ST/usbx/common/core/src/ux_device_stack_initialize.c ****             status = UX_MEMORY_INSUFFICIENT;
 469              		.loc 1 352 9 is_stmt 1 view .LVU166
 352:Middlewares/ST/usbx/common/core/src/ux_device_stack_initialize.c ****             status = UX_MEMORY_INSUFFICIENT;
 470              		.loc 1 352 12 is_stmt 0 view .LVU167
 471 01ac 10B1     		cbz	r0, .L32
 357:Middlewares/ST/usbx/common/core/src/ux_device_stack_initialize.c ****     }
 472              		.loc 1 357 13 is_stmt 1 view .LVU168
 357:Middlewares/ST/usbx/common/core/src/ux_device_stack_initialize.c ****     }
 473              		.loc 1 357 55 is_stmt 0 view .LVU169
 474 01ae C6F81401 		str	r0, [r6, #276]
 475 01b2 B5E7     		b	.L13
 476              	.L32:
 353:Middlewares/ST/usbx/common/core/src/ux_device_stack_initialize.c ****         else
 477              		.loc 1 353 20 view .LVU170
 478 01b4 1225     		movs	r5, #18
 479              	.LVL62:
 353:Middlewares/ST/usbx/common/core/src/ux_device_stack_initialize.c ****         else
 480              		.loc 1 353 20 view .LVU171
 481 01b6 B3E7     		b	.L13
 482              	.LVL63:
ARM GAS  /tmp/ccUG5MmM.s 			page 18


 483              	.L42:
 365:Middlewares/ST/usbx/common/core/src/ux_device_stack_initialize.c ****         if (endpoints_pool == UX_NULL)
 484              		.loc 1 365 9 is_stmt 1 view .LVU172
 365:Middlewares/ST/usbx/common/core/src/ux_device_stack_initialize.c ****         if (endpoints_pool == UX_NULL)
 485              		.loc 1 365 27 is_stmt 0 view .LVU173
 486 01b8 9023     		movs	r3, #144
 487 01ba 3A46     		mov	r2, r7
 488 01bc 0021     		movs	r1, #0
 489 01be 0846     		mov	r0, r1
 490 01c0 FFF7FEFF 		bl	_ux_utility_memory_allocate_mulc_safe
 491              	.LVL64:
 366:Middlewares/ST/usbx/common/core/src/ux_device_stack_initialize.c ****             status = UX_MEMORY_INSUFFICIENT;
 492              		.loc 1 366 9 is_stmt 1 view .LVU174
 366:Middlewares/ST/usbx/common/core/src/ux_device_stack_initialize.c ****             status = UX_MEMORY_INSUFFICIENT;
 493              		.loc 1 366 12 is_stmt 0 view .LVU175
 494 01c4 0446     		mov	r4, r0
 495 01c6 F8B1     		cbz	r0, .L34
 372:Middlewares/ST/usbx/common/core/src/ux_device_stack_initialize.c **** 
 496              		.loc 1 372 13 is_stmt 1 view .LVU176
 372:Middlewares/ST/usbx/common/core/src/ux_device_stack_initialize.c **** 
 497              		.loc 1 372 54 is_stmt 0 view .LVU177
 498 01c8 C6F81C01 		str	r0, [r6, #284]
 377:Middlewares/ST/usbx/common/core/src/ux_device_stack_initialize.c ****             {
 499              		.loc 1 377 13 is_stmt 1 view .LVU178
 500              	.LVL65:
 501              	.L16:
 377:Middlewares/ST/usbx/common/core/src/ux_device_stack_initialize.c ****             {
 502              		.loc 1 377 35 view .LVU179
 377:Middlewares/ST/usbx/common/core/src/ux_device_stack_initialize.c ****             {
 503              		.loc 1 377 45 is_stmt 0 view .LVU180
 504 01cc D6F81C31 		ldr	r3, [r6, #284]
 377:Middlewares/ST/usbx/common/core/src/ux_device_stack_initialize.c ****             {
 505              		.loc 1 377 79 view .LVU181
 506 01d0 07EBC702 		add	r2, r7, r7, lsl #3
 507 01d4 03EB0213 		add	r3, r3, r2, lsl #4
 377:Middlewares/ST/usbx/common/core/src/ux_device_stack_initialize.c ****             {
 508              		.loc 1 377 35 view .LVU182
 509 01d8 A342     		cmp	r3, r4
 510 01da AAD9     		bls	.L14
 381:Middlewares/ST/usbx/common/core/src/ux_device_stack_initialize.c ****                                 _ux_utility_memory_allocate(UX_NO_ALIGN, UX_CACHE_SAFE_MEMORY, UX_S
 511              		.loc 1 381 17 is_stmt 1 view .LVU183
 382:Middlewares/ST/usbx/common/core/src/ux_device_stack_initialize.c **** 
 512              		.loc 1 382 33 is_stmt 0 view .LVU184
 513 01dc 4FF40062 		mov	r2, #2048
 514 01e0 0121     		movs	r1, #1
 515 01e2 0020     		movs	r0, #0
 516 01e4 FFF7FEFF 		bl	_ux_utility_memory_allocate
 517              	.LVL66:
 381:Middlewares/ST/usbx/common/core/src/ux_device_stack_initialize.c ****                                 _ux_utility_memory_allocate(UX_NO_ALIGN, UX_CACHE_SAFE_MEMORY, UX_S
 518              		.loc 1 381 109 view .LVU185
 519 01e8 E063     		str	r0, [r4, #60]
 385:Middlewares/ST/usbx/common/core/src/ux_device_stack_initialize.c ****                 {
 520              		.loc 1 385 17 is_stmt 1 view .LVU186
 385:Middlewares/ST/usbx/common/core/src/ux_device_stack_initialize.c ****                 {
 521              		.loc 1 385 20 is_stmt 0 view .LVU187
 522 01ea 48B1     		cbz	r0, .L35
 392:Middlewares/ST/usbx/common/core/src/ux_device_stack_initialize.c ****                                                     "ux_transfer_request_semaphore", 0);
ARM GAS  /tmp/ccUG5MmM.s 			page 19


 523              		.loc 1 392 17 is_stmt 1 view .LVU188
 392:Middlewares/ST/usbx/common/core/src/ux_device_stack_initialize.c ****                                                     "ux_transfer_request_semaphore", 0);
 524              		.loc 1 392 27 is_stmt 0 view .LVU189
 525 01ec 0022     		movs	r2, #0
 526 01ee 1E49     		ldr	r1, .L45+4
 527 01f0 04F16000 		add	r0, r4, #96
 528 01f4 FFF7FEFF 		bl	_ux_utility_semaphore_create
 529              	.LVL67:
 396:Middlewares/ST/usbx/common/core/src/ux_device_stack_initialize.c ****                 {
 530              		.loc 1 396 17 is_stmt 1 view .LVU190
 396:Middlewares/ST/usbx/common/core/src/ux_device_stack_initialize.c ****                 {
 531              		.loc 1 396 20 is_stmt 0 view .LVU191
 532 01f8 0546     		mov	r5, r0
 533 01fa 18B9     		cbnz	r0, .L36
 403:Middlewares/ST/usbx/common/core/src/ux_device_stack_initialize.c ****             }
 534              		.loc 1 403 17 is_stmt 1 view .LVU192
 403:Middlewares/ST/usbx/common/core/src/ux_device_stack_initialize.c ****             }
 535              		.loc 1 403 31 is_stmt 0 view .LVU193
 536 01fc 9034     		adds	r4, r4, #144
 537              	.LVL68:
 403:Middlewares/ST/usbx/common/core/src/ux_device_stack_initialize.c ****             }
 538              		.loc 1 403 31 view .LVU194
 539 01fe E5E7     		b	.L16
 540              	.LVL69:
 541              	.L35:
 387:Middlewares/ST/usbx/common/core/src/ux_device_stack_initialize.c ****                     break;
 542              		.loc 1 387 28 view .LVU195
 543 0200 1225     		movs	r5, #18
 544              	.LVL70:
 387:Middlewares/ST/usbx/common/core/src/ux_device_stack_initialize.c ****                     break;
 545              		.loc 1 387 28 view .LVU196
 546 0202 96E7     		b	.L14
 547              	.LVL71:
 548              	.L36:
 398:Middlewares/ST/usbx/common/core/src/ux_device_stack_initialize.c ****                     break;
 549              		.loc 1 398 28 view .LVU197
 550 0204 1525     		movs	r5, #21
 551 0206 94E7     		b	.L14
 552              	.LVL72:
 553              	.L34:
 367:Middlewares/ST/usbx/common/core/src/ux_device_stack_initialize.c ****         else
 554              		.loc 1 367 20 view .LVU198
 555 0208 1225     		movs	r5, #18
 556              	.LVL73:
 367:Middlewares/ST/usbx/common/core/src/ux_device_stack_initialize.c ****         else
 557              		.loc 1 367 20 view .LVU199
 558 020a 95E7     		b	.L15
 559              	.LVL74:
 560              	.L44:
 418:Middlewares/ST/usbx/common/core/src/ux_device_stack_initialize.c ****     {
 419:Middlewares/ST/usbx/common/core/src/ux_device_stack_initialize.c **** 
 420:Middlewares/ST/usbx/common/core/src/ux_device_stack_initialize.c ****         /* In error cases creating endpoint resources, endpoints_pool is endpoint that failed.
 421:Middlewares/ST/usbx/common/core/src/ux_device_stack_initialize.c ****          * Previously allocated things should be freed.  */
 422:Middlewares/ST/usbx/common/core/src/ux_device_stack_initialize.c ****         while(endpoints_pool >= device -> ux_slave_device_endpoints_pool)
 423:Middlewares/ST/usbx/common/core/src/ux_device_stack_initialize.c ****         {
 424:Middlewares/ST/usbx/common/core/src/ux_device_stack_initialize.c **** 
 425:Middlewares/ST/usbx/common/core/src/ux_device_stack_initialize.c ****             /* Delete ux_slave_transfer_request_semaphore.  */
ARM GAS  /tmp/ccUG5MmM.s 			page 20


 426:Middlewares/ST/usbx/common/core/src/ux_device_stack_initialize.c ****             if (_ux_device_semaphore_created(&endpoints_pool -> ux_slave_endpoint_transfer_request.
 427:Middlewares/ST/usbx/common/core/src/ux_device_stack_initialize.c ****                 _ux_device_semaphore_delete(&endpoints_pool -> ux_slave_endpoint_transfer_request.u
 561              		.loc 1 427 17 is_stmt 1 view .LVU200
 562 020c 04F16000 		add	r0, r4, #96
 563 0210 FFF7FEFF 		bl	_ux_utility_semaphore_delete
 564              	.LVL75:
 565 0214 07E0     		b	.L20
 566              	.L21:
 428:Middlewares/ST/usbx/common/core/src/ux_device_stack_initialize.c **** 
 429:Middlewares/ST/usbx/common/core/src/ux_device_stack_initialize.c ****             /* Free ux_slave_transfer_request_data_pointer buffer.  */
 430:Middlewares/ST/usbx/common/core/src/ux_device_stack_initialize.c ****             if (endpoints_pool -> ux_slave_endpoint_transfer_request.ux_slave_transfer_request_data
 431:Middlewares/ST/usbx/common/core/src/ux_device_stack_initialize.c ****                 _ux_utility_memory_free(endpoints_pool -> ux_slave_endpoint_transfer_request.ux_sla
 432:Middlewares/ST/usbx/common/core/src/ux_device_stack_initialize.c **** 
 433:Middlewares/ST/usbx/common/core/src/ux_device_stack_initialize.c ****             /* Move to previous endpoint.  */
 434:Middlewares/ST/usbx/common/core/src/ux_device_stack_initialize.c ****             endpoints_pool --;
 567              		.loc 1 434 13 view .LVU201
 568              		.loc 1 434 28 is_stmt 0 view .LVU202
 569 0216 903C     		subs	r4, r4, #144
 570              	.LVL76:
 571              	.L18:
 422:Middlewares/ST/usbx/common/core/src/ux_device_stack_initialize.c ****         {
 572              		.loc 1 422 30 is_stmt 1 view .LVU203
 422:Middlewares/ST/usbx/common/core/src/ux_device_stack_initialize.c ****         {
 573              		.loc 1 422 40 is_stmt 0 view .LVU204
 574 0218 D6F81C01 		ldr	r0, [r6, #284]
 422:Middlewares/ST/usbx/common/core/src/ux_device_stack_initialize.c ****         {
 575              		.loc 1 422 30 view .LVU205
 576 021c A042     		cmp	r0, r4
 577 021e 08D8     		bhi	.L43
 426:Middlewares/ST/usbx/common/core/src/ux_device_stack_initialize.c ****                 _ux_device_semaphore_delete(&endpoints_pool -> ux_slave_endpoint_transfer_request.u
 578              		.loc 1 426 13 is_stmt 1 view .LVU206
 426:Middlewares/ST/usbx/common/core/src/ux_device_stack_initialize.c ****                 _ux_device_semaphore_delete(&endpoints_pool -> ux_slave_endpoint_transfer_request.u
 579              		.loc 1 426 17 is_stmt 0 view .LVU207
 580 0220 236E     		ldr	r3, [r4, #96]
 426:Middlewares/ST/usbx/common/core/src/ux_device_stack_initialize.c ****                 _ux_device_semaphore_delete(&endpoints_pool -> ux_slave_endpoint_transfer_request.u
 581              		.loc 1 426 16 view .LVU208
 582 0222 002B     		cmp	r3, #0
 583 0224 F2D1     		bne	.L44
 584              	.L20:
 430:Middlewares/ST/usbx/common/core/src/ux_device_stack_initialize.c ****                 _ux_utility_memory_free(endpoints_pool -> ux_slave_endpoint_transfer_request.ux_sla
 585              		.loc 1 430 13 is_stmt 1 view .LVU209
 430:Middlewares/ST/usbx/common/core/src/ux_device_stack_initialize.c ****                 _ux_utility_memory_free(endpoints_pool -> ux_slave_endpoint_transfer_request.ux_sla
 586              		.loc 1 430 69 is_stmt 0 view .LVU210
 587 0226 E06B     		ldr	r0, [r4, #60]
 430:Middlewares/ST/usbx/common/core/src/ux_device_stack_initialize.c ****                 _ux_utility_memory_free(endpoints_pool -> ux_slave_endpoint_transfer_request.ux_sla
 588              		.loc 1 430 16 view .LVU211
 589 0228 0028     		cmp	r0, #0
 590 022a F4D0     		beq	.L21
 431:Middlewares/ST/usbx/common/core/src/ux_device_stack_initialize.c **** 
 591              		.loc 1 431 17 is_stmt 1 view .LVU212
 592 022c FFF7FEFF 		bl	_ux_utility_memory_free
 593              	.LVL77:
 594 0230 F1E7     		b	.L21
 595              	.L43:
 435:Middlewares/ST/usbx/common/core/src/ux_device_stack_initialize.c ****         }
 436:Middlewares/ST/usbx/common/core/src/ux_device_stack_initialize.c **** 
 437:Middlewares/ST/usbx/common/core/src/ux_device_stack_initialize.c ****         _ux_utility_memory_free(device -> ux_slave_device_endpoints_pool);
ARM GAS  /tmp/ccUG5MmM.s 			page 21


 596              		.loc 1 437 9 view .LVU213
 597 0232 FFF7FEFF 		bl	_ux_utility_memory_free
 598              	.LVL78:
 599              	.L19:
 438:Middlewares/ST/usbx/common/core/src/ux_device_stack_initialize.c ****     }
 439:Middlewares/ST/usbx/common/core/src/ux_device_stack_initialize.c **** 
 440:Middlewares/ST/usbx/common/core/src/ux_device_stack_initialize.c ****     /* Free device -> ux_slave_device_interfaces_pool.  */
 441:Middlewares/ST/usbx/common/core/src/ux_device_stack_initialize.c ****     if (device -> ux_slave_device_interfaces_pool)
 600              		.loc 1 441 5 view .LVU214
 601              		.loc 1 441 16 is_stmt 0 view .LVU215
 602 0236 D6F81401 		ldr	r0, [r6, #276]
 603              		.loc 1 441 8 view .LVU216
 604 023a 08B1     		cbz	r0, .L23
 442:Middlewares/ST/usbx/common/core/src/ux_device_stack_initialize.c ****         _ux_utility_memory_free(device -> ux_slave_device_interfaces_pool);
 605              		.loc 1 442 9 is_stmt 1 view .LVU217
 606 023c FFF7FEFF 		bl	_ux_utility_memory_free
 607              	.LVL79:
 608              	.L23:
 443:Middlewares/ST/usbx/common/core/src/ux_device_stack_initialize.c **** 
 444:Middlewares/ST/usbx/common/core/src/ux_device_stack_initialize.c ****     /* Free device -> ux_slave_device_control_endpoint.ux_slave_endpoint_transfer_request.ux_slave_
 445:Middlewares/ST/usbx/common/core/src/ux_device_stack_initialize.c ****     if (device -> ux_slave_device_control_endpoint.ux_slave_endpoint_transfer_request.ux_slave_tran
 609              		.loc 1 445 5 view .LVU218
 610              		.loc 1 445 86 is_stmt 0 view .LVU219
 611 0240 D6F89800 		ldr	r0, [r6, #152]
 612              		.loc 1 445 8 view .LVU220
 613 0244 08B1     		cbz	r0, .L24
 446:Middlewares/ST/usbx/common/core/src/ux_device_stack_initialize.c ****         _ux_utility_memory_free(device -> ux_slave_device_control_endpoint.ux_slave_endpoint_transf
 614              		.loc 1 446 9 is_stmt 1 view .LVU221
 615 0246 FFF7FEFF 		bl	_ux_utility_memory_free
 616              	.LVL80:
 617              	.L24:
 447:Middlewares/ST/usbx/common/core/src/ux_device_stack_initialize.c **** 
 448:Middlewares/ST/usbx/common/core/src/ux_device_stack_initialize.c ****     /* Free _ux_system_slave -> ux_system_slave_class_array.  */
 449:Middlewares/ST/usbx/common/core/src/ux_device_stack_initialize.c ****     _ux_utility_memory_free(_ux_system_slave -> ux_system_slave_class_array);
 618              		.loc 1 449 5 view .LVU222
 619              		.loc 1 449 46 is_stmt 0 view .LVU223
 620 024a 064B     		ldr	r3, .L45
 621 024c 1B68     		ldr	r3, [r3]
 622              		.loc 1 449 5 view .LVU224
 623 024e D3F85801 		ldr	r0, [r3, #344]
 624 0252 FFF7FEFF 		bl	_ux_utility_memory_free
 625              	.LVL81:
 450:Middlewares/ST/usbx/common/core/src/ux_device_stack_initialize.c **** 
 451:Middlewares/ST/usbx/common/core/src/ux_device_stack_initialize.c ****     /* Return completion status.  */
 452:Middlewares/ST/usbx/common/core/src/ux_device_stack_initialize.c ****     return(status);
 626              		.loc 1 452 5 is_stmt 1 view .LVU225
 627              	.L1:
 453:Middlewares/ST/usbx/common/core/src/ux_device_stack_initialize.c **** }
 628              		.loc 1 453 1 is_stmt 0 view .LVU226
 629 0256 2846     		mov	r0, r5
 630 0258 04B0     		add	sp, sp, #16
 631              	.LCFI2:
 632              		.cfi_remember_state
 633              		.cfi_def_cfa_offset 32
 634              		@ sp needed
 635 025a BDE8F087 		pop	{r4, r5, r6, r7, r8, r9, r10, pc}
 636              	.LVL82:
ARM GAS  /tmp/ccUG5MmM.s 			page 22


 637              	.L25:
 638              	.LCFI3:
 639              		.cfi_restore_state
 167:Middlewares/ST/usbx/common/core/src/ux_device_stack_initialize.c ****     
 640              		.loc 1 167 15 view .LVU227
 641 025e 1225     		movs	r5, #18
 642              	.LVL83:
 167:Middlewares/ST/usbx/common/core/src/ux_device_stack_initialize.c ****     
 643              		.loc 1 167 15 view .LVU228
 644 0260 F9E7     		b	.L1
 645              	.L46:
 646 0262 00BF     		.align	2
 647              	.L45:
 648 0264 00000000 		.word	_ux_system_slave
 649 0268 00000000 		.word	.LC0
 650              		.cfi_endproc
 651              	.LFE11:
 653              		.global	_ux_system_slave
 654              		.section	.bss._ux_system_slave,"aw",%nobits
 655              		.align	2
 658              	_ux_system_slave:
 659 0000 00000000 		.space	4
 660              		.global	_ux_system_device_class_printer_name
 661              		.section	.data._ux_system_device_class_printer_name,"aw"
 662              		.align	2
 665              	_ux_system_device_class_printer_name:
 666 0000 75785F64 		.ascii	"ux_device_class_printer\000"
 666      65766963 
 666      655F636C 
 666      6173735F 
 666      7072696E 
 667              		.global	_ux_system_slave_class_audio_name
 668              		.section	.data._ux_system_slave_class_audio_name,"aw"
 669              		.align	2
 672              	_ux_system_slave_class_audio_name:
 673 0000 75785F73 		.ascii	"ux_slave_class_audio\000"
 673      6C617665 
 673      5F636C61 
 673      73735F61 
 673      7564696F 
 674              		.global	_ux_system_slave_class_dfu_name
 675              		.section	.data._ux_system_slave_class_dfu_name,"aw"
 676              		.align	2
 679              	_ux_system_slave_class_dfu_name:
 680 0000 75785F73 		.ascii	"ux_slave_class_dfu\000"
 680      6C617665 
 680      5F636C61 
 680      73735F64 
 680      667500
 681              		.global	_ux_system_slave_class_cdc_ecm_name
 682              		.section	.data._ux_system_slave_class_cdc_ecm_name,"aw"
 683              		.align	2
 686              	_ux_system_slave_class_cdc_ecm_name:
 687 0000 75785F73 		.ascii	"ux_slave_class_cdc_ecm\000"
 687      6C617665 
 687      5F636C61 
 687      73735F63 
ARM GAS  /tmp/ccUG5MmM.s 			page 23


 687      64635F65 
 688              		.global	_ux_system_slave_class_rndis_name
 689              		.section	.data._ux_system_slave_class_rndis_name,"aw"
 690              		.align	2
 693              	_ux_system_slave_class_rndis_name:
 694 0000 75785F73 		.ascii	"ux_slave_class_rndis\000"
 694      6C617665 
 694      5F636C61 
 694      73735F72 
 694      6E646973 
 695              		.global	_ux_system_slave_class_hid_name
 696              		.section	.data._ux_system_slave_class_hid_name,"aw"
 697              		.align	2
 700              	_ux_system_slave_class_hid_name:
 701 0000 75785F73 		.ascii	"ux_slave_class_hid\000"
 701      6C617665 
 701      5F636C61 
 701      73735F68 
 701      696400
 702              		.global	_ux_system_slave_class_pima_name
 703              		.section	.data._ux_system_slave_class_pima_name,"aw"
 704              		.align	2
 707              	_ux_system_slave_class_pima_name:
 708 0000 75785F73 		.ascii	"ux_slave_class_pima\000"
 708      6C617665 
 708      5F636C61 
 708      73735F70 
 708      696D6100 
 709              		.global	_ux_system_slave_class_dpump_name
 710              		.section	.data._ux_system_slave_class_dpump_name,"aw"
 711              		.align	2
 714              	_ux_system_slave_class_dpump_name:
 715 0000 75785F73 		.ascii	"ux_slave_class_dpump\000"
 715      6C617665 
 715      5F636C61 
 715      73735F64 
 715      70756D70 
 716              		.global	_ux_system_slave_class_cdc_acm_name
 717              		.section	.data._ux_system_slave_class_cdc_acm_name,"aw"
 718              		.align	2
 721              	_ux_system_slave_class_cdc_acm_name:
 722 0000 75785F73 		.ascii	"ux_slave_class_cdc_acm\000"
 722      6C617665 
 722      5F636C61 
 722      73735F63 
 722      64635F61 
 723              		.global	_ux_system_slave_class_storage_name
 724              		.section	.data._ux_system_slave_class_storage_name,"aw"
 725              		.align	2
 728              	_ux_system_slave_class_storage_name:
 729 0000 75785F73 		.ascii	"ux_slave_class_storage\000"
 729      6C617665 
 729      5F636C61 
 729      73735F73 
 729      746F7261 
 730              		.text
 731              	.Letext0:
ARM GAS  /tmp/ccUG5MmM.s 			page 24


 732              		.file 2 "Middlewares/ST/threadx/ports/cortex_m7/gnu/inc/tx_port.h"
 733              		.file 3 "Middlewares/ST/threadx/common/inc/tx_api.h"
 734              		.file 4 "Middlewares/ST/threadx/common/inc/tx_trace.h"
 735              		.file 5 "Middlewares/ST/usbx/common/core/inc/ux_api.h"
 736              		.file 6 "Middlewares/ST/usbx/common/core/inc/ux_system.h"
 737              		.file 7 "Middlewares/ST/usbx/common/core/inc/ux_utility.h"
ARM GAS  /tmp/ccUG5MmM.s 			page 25


DEFINED SYMBOLS
                            *ABS*:00000000 ux_device_stack_initialize.c
     /tmp/ccUG5MmM.s:20     .rodata._ux_device_stack_initialize.str1.4:00000000 $d
     /tmp/ccUG5MmM.s:24     .text._ux_device_stack_initialize:00000000 $t
     /tmp/ccUG5MmM.s:30     .text._ux_device_stack_initialize:00000000 _ux_device_stack_initialize
     /tmp/ccUG5MmM.s:648    .text._ux_device_stack_initialize:00000264 $d
     /tmp/ccUG5MmM.s:658    .bss._ux_system_slave:00000000 _ux_system_slave
     /tmp/ccUG5MmM.s:655    .bss._ux_system_slave:00000000 $d
     /tmp/ccUG5MmM.s:665    .data._ux_system_device_class_printer_name:00000000 _ux_system_device_class_printer_name
     /tmp/ccUG5MmM.s:662    .data._ux_system_device_class_printer_name:00000000 $d
     /tmp/ccUG5MmM.s:672    .data._ux_system_slave_class_audio_name:00000000 _ux_system_slave_class_audio_name
     /tmp/ccUG5MmM.s:669    .data._ux_system_slave_class_audio_name:00000000 $d
     /tmp/ccUG5MmM.s:679    .data._ux_system_slave_class_dfu_name:00000000 _ux_system_slave_class_dfu_name
     /tmp/ccUG5MmM.s:676    .data._ux_system_slave_class_dfu_name:00000000 $d
     /tmp/ccUG5MmM.s:686    .data._ux_system_slave_class_cdc_ecm_name:00000000 _ux_system_slave_class_cdc_ecm_name
     /tmp/ccUG5MmM.s:683    .data._ux_system_slave_class_cdc_ecm_name:00000000 $d
     /tmp/ccUG5MmM.s:693    .data._ux_system_slave_class_rndis_name:00000000 _ux_system_slave_class_rndis_name
     /tmp/ccUG5MmM.s:690    .data._ux_system_slave_class_rndis_name:00000000 $d
     /tmp/ccUG5MmM.s:700    .data._ux_system_slave_class_hid_name:00000000 _ux_system_slave_class_hid_name
     /tmp/ccUG5MmM.s:697    .data._ux_system_slave_class_hid_name:00000000 $d
     /tmp/ccUG5MmM.s:707    .data._ux_system_slave_class_pima_name:00000000 _ux_system_slave_class_pima_name
     /tmp/ccUG5MmM.s:704    .data._ux_system_slave_class_pima_name:00000000 $d
     /tmp/ccUG5MmM.s:714    .data._ux_system_slave_class_dpump_name:00000000 _ux_system_slave_class_dpump_name
     /tmp/ccUG5MmM.s:711    .data._ux_system_slave_class_dpump_name:00000000 $d
     /tmp/ccUG5MmM.s:721    .data._ux_system_slave_class_cdc_acm_name:00000000 _ux_system_slave_class_cdc_acm_name
     /tmp/ccUG5MmM.s:718    .data._ux_system_slave_class_cdc_acm_name:00000000 $d
     /tmp/ccUG5MmM.s:728    .data._ux_system_slave_class_storage_name:00000000 _ux_system_slave_class_storage_name
     /tmp/ccUG5MmM.s:725    .data._ux_system_slave_class_storage_name:00000000 $d

UNDEFINED SYMBOLS
_ux_trace_event_insert
_ux_utility_memory_allocate
_ux_system_error_handler
_ux_utility_memory_allocate_mulc_safe
_ux_utility_semaphore_create
_ux_utility_semaphore_delete
_ux_utility_memory_free
