ARM GAS  /tmp/ccbKeq52.s 			page 1


   1              		.cpu cortex-m7
   2              		.arch armv7e-m
   3              		.fpu fpv5-d16
   4              		.eabi_attribute 28, 1
   5              		.eabi_attribute 20, 1
   6              		.eabi_attribute 21, 1
   7              		.eabi_attribute 23, 3
   8              		.eabi_attribute 24, 1
   9              		.eabi_attribute 25, 1
  10              		.eabi_attribute 26, 1
  11              		.eabi_attribute 30, 1
  12              		.eabi_attribute 34, 1
  13              		.eabi_attribute 18, 4
  14              		.file	"ux_host_class_storage_transport_bo.c"
  15              		.text
  16              	.Ltext0:
  17              		.cfi_sections	.debug_frame
  18              		.file 1 "Middlewares/ST/usbx/common/usbx_host_classes/src/ux_host_class_storage_transport_bo.c"
  19              		.section	.text._ux_host_class_storage_transport_bo,"ax",%progbits
  20              		.align	1
  21              		.global	_ux_host_class_storage_transport_bo
  22              		.syntax unified
  23              		.thumb
  24              		.thumb_func
  26              	_ux_host_class_storage_transport_bo:
  27              	.LVL0:
  28              	.LFB11:
   1:Middlewares/ST/usbx/common/usbx_host_classes/src/ux_host_class_storage_transport_bo.c **** /**************************************************************************/
   2:Middlewares/ST/usbx/common/usbx_host_classes/src/ux_host_class_storage_transport_bo.c **** /*                                                                        */
   3:Middlewares/ST/usbx/common/usbx_host_classes/src/ux_host_class_storage_transport_bo.c **** /*       Copyright (c) Microsoft Corporation. All rights reserved.        */
   4:Middlewares/ST/usbx/common/usbx_host_classes/src/ux_host_class_storage_transport_bo.c **** /*                                                                        */
   5:Middlewares/ST/usbx/common/usbx_host_classes/src/ux_host_class_storage_transport_bo.c **** /*       This software is licensed under the Microsoft Software License   */
   6:Middlewares/ST/usbx/common/usbx_host_classes/src/ux_host_class_storage_transport_bo.c **** /*       Terms for Microsoft Azure RTOS. Full text of the license can be  */
   7:Middlewares/ST/usbx/common/usbx_host_classes/src/ux_host_class_storage_transport_bo.c **** /*       found in the LICENSE file at https://aka.ms/AzureRTOS_EULA       */
   8:Middlewares/ST/usbx/common/usbx_host_classes/src/ux_host_class_storage_transport_bo.c **** /*       and in the root directory of this software.                      */
   9:Middlewares/ST/usbx/common/usbx_host_classes/src/ux_host_class_storage_transport_bo.c **** /*                                                                        */
  10:Middlewares/ST/usbx/common/usbx_host_classes/src/ux_host_class_storage_transport_bo.c **** /**************************************************************************/
  11:Middlewares/ST/usbx/common/usbx_host_classes/src/ux_host_class_storage_transport_bo.c **** 
  12:Middlewares/ST/usbx/common/usbx_host_classes/src/ux_host_class_storage_transport_bo.c **** 
  13:Middlewares/ST/usbx/common/usbx_host_classes/src/ux_host_class_storage_transport_bo.c **** /**************************************************************************/
  14:Middlewares/ST/usbx/common/usbx_host_classes/src/ux_host_class_storage_transport_bo.c **** /**************************************************************************/
  15:Middlewares/ST/usbx/common/usbx_host_classes/src/ux_host_class_storage_transport_bo.c **** /**                                                                       */
  16:Middlewares/ST/usbx/common/usbx_host_classes/src/ux_host_class_storage_transport_bo.c **** /** USBX Component                                                        */
  17:Middlewares/ST/usbx/common/usbx_host_classes/src/ux_host_class_storage_transport_bo.c **** /**                                                                       */
  18:Middlewares/ST/usbx/common/usbx_host_classes/src/ux_host_class_storage_transport_bo.c **** /**   Storage Class                                                       */
  19:Middlewares/ST/usbx/common/usbx_host_classes/src/ux_host_class_storage_transport_bo.c **** /**                                                                       */
  20:Middlewares/ST/usbx/common/usbx_host_classes/src/ux_host_class_storage_transport_bo.c **** /**************************************************************************/
  21:Middlewares/ST/usbx/common/usbx_host_classes/src/ux_host_class_storage_transport_bo.c **** /**************************************************************************/
  22:Middlewares/ST/usbx/common/usbx_host_classes/src/ux_host_class_storage_transport_bo.c **** 
  23:Middlewares/ST/usbx/common/usbx_host_classes/src/ux_host_class_storage_transport_bo.c **** 
  24:Middlewares/ST/usbx/common/usbx_host_classes/src/ux_host_class_storage_transport_bo.c **** /* Include necessary system files.  */
  25:Middlewares/ST/usbx/common/usbx_host_classes/src/ux_host_class_storage_transport_bo.c **** 
  26:Middlewares/ST/usbx/common/usbx_host_classes/src/ux_host_class_storage_transport_bo.c **** #define UX_SOURCE_CODE
  27:Middlewares/ST/usbx/common/usbx_host_classes/src/ux_host_class_storage_transport_bo.c **** 
  28:Middlewares/ST/usbx/common/usbx_host_classes/src/ux_host_class_storage_transport_bo.c **** #include "ux_api.h"
  29:Middlewares/ST/usbx/common/usbx_host_classes/src/ux_host_class_storage_transport_bo.c **** #include "ux_host_class_storage.h"
  30:Middlewares/ST/usbx/common/usbx_host_classes/src/ux_host_class_storage_transport_bo.c **** #include "ux_host_stack.h"
ARM GAS  /tmp/ccbKeq52.s 			page 2


  31:Middlewares/ST/usbx/common/usbx_host_classes/src/ux_host_class_storage_transport_bo.c **** 
  32:Middlewares/ST/usbx/common/usbx_host_classes/src/ux_host_class_storage_transport_bo.c **** 
  33:Middlewares/ST/usbx/common/usbx_host_classes/src/ux_host_class_storage_transport_bo.c **** #if !defined(UX_HOST_STANDALONE)
  34:Middlewares/ST/usbx/common/usbx_host_classes/src/ux_host_class_storage_transport_bo.c **** /**************************************************************************/
  35:Middlewares/ST/usbx/common/usbx_host_classes/src/ux_host_class_storage_transport_bo.c **** /*                                                                        */
  36:Middlewares/ST/usbx/common/usbx_host_classes/src/ux_host_class_storage_transport_bo.c **** /*  FUNCTION                                               RELEASE        */
  37:Middlewares/ST/usbx/common/usbx_host_classes/src/ux_host_class_storage_transport_bo.c **** /*                                                                        */
  38:Middlewares/ST/usbx/common/usbx_host_classes/src/ux_host_class_storage_transport_bo.c **** /*    _ux_host_class_storage_transport_bo                 PORTABLE C      */
  39:Middlewares/ST/usbx/common/usbx_host_classes/src/ux_host_class_storage_transport_bo.c **** /*                                                           6.1.10       */
  40:Middlewares/ST/usbx/common/usbx_host_classes/src/ux_host_class_storage_transport_bo.c **** /*  AUTHOR                                                                */
  41:Middlewares/ST/usbx/common/usbx_host_classes/src/ux_host_class_storage_transport_bo.c **** /*                                                                        */
  42:Middlewares/ST/usbx/common/usbx_host_classes/src/ux_host_class_storage_transport_bo.c **** /*    Chaoqiong Xiao, Microsoft Corporation                               */
  43:Middlewares/ST/usbx/common/usbx_host_classes/src/ux_host_class_storage_transport_bo.c **** /*                                                                        */
  44:Middlewares/ST/usbx/common/usbx_host_classes/src/ux_host_class_storage_transport_bo.c **** /*  DESCRIPTION                                                           */
  45:Middlewares/ST/usbx/common/usbx_host_classes/src/ux_host_class_storage_transport_bo.c **** /*                                                                        */
  46:Middlewares/ST/usbx/common/usbx_host_classes/src/ux_host_class_storage_transport_bo.c **** /*    This function is the transport layer for the Bulk Only protocol.    */
  47:Middlewares/ST/usbx/common/usbx_host_classes/src/ux_host_class_storage_transport_bo.c **** /*                                                                        */
  48:Middlewares/ST/usbx/common/usbx_host_classes/src/ux_host_class_storage_transport_bo.c **** /*  INPUT                                                                 */
  49:Middlewares/ST/usbx/common/usbx_host_classes/src/ux_host_class_storage_transport_bo.c **** /*                                                                        */
  50:Middlewares/ST/usbx/common/usbx_host_classes/src/ux_host_class_storage_transport_bo.c **** /*    storage                               Pointer to storage class      */
  51:Middlewares/ST/usbx/common/usbx_host_classes/src/ux_host_class_storage_transport_bo.c **** /*    data_pointer                          Pointer to data               */
  52:Middlewares/ST/usbx/common/usbx_host_classes/src/ux_host_class_storage_transport_bo.c **** /*                                                                        */
  53:Middlewares/ST/usbx/common/usbx_host_classes/src/ux_host_class_storage_transport_bo.c **** /*  OUTPUT                                                                */
  54:Middlewares/ST/usbx/common/usbx_host_classes/src/ux_host_class_storage_transport_bo.c **** /*                                                                        */
  55:Middlewares/ST/usbx/common/usbx_host_classes/src/ux_host_class_storage_transport_bo.c **** /*    The transfer completion status. It's possible for the transfer to   */
  56:Middlewares/ST/usbx/common/usbx_host_classes/src/ux_host_class_storage_transport_bo.c **** /*    succeed but for the command to fail. The CSW must be checked to     */
  57:Middlewares/ST/usbx/common/usbx_host_classes/src/ux_host_class_storage_transport_bo.c **** /*    determine command status.                                           */
  58:Middlewares/ST/usbx/common/usbx_host_classes/src/ux_host_class_storage_transport_bo.c **** /*                                                                        */
  59:Middlewares/ST/usbx/common/usbx_host_classes/src/ux_host_class_storage_transport_bo.c **** /*  CALLS                                                                 */
  60:Middlewares/ST/usbx/common/usbx_host_classes/src/ux_host_class_storage_transport_bo.c **** /*                                                                        */
  61:Middlewares/ST/usbx/common/usbx_host_classes/src/ux_host_class_storage_transport_bo.c **** /*    _ux_host_class_storage_device_reset   Reset mass storage            */
  62:Middlewares/ST/usbx/common/usbx_host_classes/src/ux_host_class_storage_transport_bo.c **** /*    _ux_host_stack_endpoint_reset         Reset endpoint                */
  63:Middlewares/ST/usbx/common/usbx_host_classes/src/ux_host_class_storage_transport_bo.c **** /*    _ux_host_stack_transfer_request       Process host stack transfer   */
  64:Middlewares/ST/usbx/common/usbx_host_classes/src/ux_host_class_storage_transport_bo.c **** /*    _ux_host_stack_transfer_request_abort Abort transfer request        */
  65:Middlewares/ST/usbx/common/usbx_host_classes/src/ux_host_class_storage_transport_bo.c **** /*    _ux_utility_memory_allocate           Allocate memory               */
  66:Middlewares/ST/usbx/common/usbx_host_classes/src/ux_host_class_storage_transport_bo.c **** /*    _ux_utility_memory_free               Free memory                   */
  67:Middlewares/ST/usbx/common/usbx_host_classes/src/ux_host_class_storage_transport_bo.c **** /*    _ux_utility_long_get                  Get 32-bit word               */
  68:Middlewares/ST/usbx/common/usbx_host_classes/src/ux_host_class_storage_transport_bo.c **** /*    _ux_host_semaphore_get                Get semaphore                 */
  69:Middlewares/ST/usbx/common/usbx_host_classes/src/ux_host_class_storage_transport_bo.c **** /*                                                                        */
  70:Middlewares/ST/usbx/common/usbx_host_classes/src/ux_host_class_storage_transport_bo.c **** /*  CALLED BY                                                             */
  71:Middlewares/ST/usbx/common/usbx_host_classes/src/ux_host_class_storage_transport_bo.c **** /*                                                                        */
  72:Middlewares/ST/usbx/common/usbx_host_classes/src/ux_host_class_storage_transport_bo.c **** /*    Storage Class                                                       */
  73:Middlewares/ST/usbx/common/usbx_host_classes/src/ux_host_class_storage_transport_bo.c **** /*                                                                        */
  74:Middlewares/ST/usbx/common/usbx_host_classes/src/ux_host_class_storage_transport_bo.c **** /*  RELEASE HISTORY                                                       */
  75:Middlewares/ST/usbx/common/usbx_host_classes/src/ux_host_class_storage_transport_bo.c **** /*                                                                        */
  76:Middlewares/ST/usbx/common/usbx_host_classes/src/ux_host_class_storage_transport_bo.c **** /*    DATE              NAME                      DESCRIPTION             */
  77:Middlewares/ST/usbx/common/usbx_host_classes/src/ux_host_class_storage_transport_bo.c **** /*                                                                        */
  78:Middlewares/ST/usbx/common/usbx_host_classes/src/ux_host_class_storage_transport_bo.c **** /*  05-19-2020     Chaoqiong Xiao           Initial Version 6.0           */
  79:Middlewares/ST/usbx/common/usbx_host_classes/src/ux_host_class_storage_transport_bo.c **** /*  09-30-2020     Chaoqiong Xiao           Modified comment(s),          */
  80:Middlewares/ST/usbx/common/usbx_host_classes/src/ux_host_class_storage_transport_bo.c **** /*                                            prefixed UX to MS_TO_TICK,  */
  81:Middlewares/ST/usbx/common/usbx_host_classes/src/ux_host_class_storage_transport_bo.c **** /*                                            resulting in version 6.1    */
  82:Middlewares/ST/usbx/common/usbx_host_classes/src/ux_host_class_storage_transport_bo.c **** /*  01-31-2022     Chaoqiong Xiao           Modified comment(s),          */
  83:Middlewares/ST/usbx/common/usbx_host_classes/src/ux_host_class_storage_transport_bo.c **** /*                                            refined macros names,       */
  84:Middlewares/ST/usbx/common/usbx_host_classes/src/ux_host_class_storage_transport_bo.c **** /*                                            resulting in version 6.1.10 */
  85:Middlewares/ST/usbx/common/usbx_host_classes/src/ux_host_class_storage_transport_bo.c **** /*                                                                        */
  86:Middlewares/ST/usbx/common/usbx_host_classes/src/ux_host_class_storage_transport_bo.c **** /**************************************************************************/
  87:Middlewares/ST/usbx/common/usbx_host_classes/src/ux_host_class_storage_transport_bo.c **** UINT  _ux_host_class_storage_transport_bo(UX_HOST_CLASS_STORAGE *storage, UCHAR *data_pointer)
ARM GAS  /tmp/ccbKeq52.s 			page 3


  88:Middlewares/ST/usbx/common/usbx_host_classes/src/ux_host_class_storage_transport_bo.c **** {
  29              		.loc 1 88 1 view -0
  30              		.cfi_startproc
  31              		@ args = 0, pretend = 0, frame = 0
  32              		@ frame_needed = 0, uses_anonymous_args = 0
  33              		.loc 1 88 1 is_stmt 0 view .LVU1
  34 0000 2DE9F047 		push	{r4, r5, r6, r7, r8, r9, r10, lr}
  35              	.LCFI0:
  36              		.cfi_def_cfa_offset 32
  37              		.cfi_offset 4, -32
  38              		.cfi_offset 5, -28
  39              		.cfi_offset 6, -24
  40              		.cfi_offset 7, -20
  41              		.cfi_offset 8, -16
  42              		.cfi_offset 9, -12
  43              		.cfi_offset 10, -8
  44              		.cfi_offset 14, -4
  45 0004 84B0     		sub	sp, sp, #16
  46              	.LCFI1:
  47              		.cfi_def_cfa_offset 48
  48 0006 0646     		mov	r6, r0
  49 0008 8946     		mov	r9, r1
  89:Middlewares/ST/usbx/common/usbx_host_classes/src/ux_host_class_storage_transport_bo.c **** 
  90:Middlewares/ST/usbx/common/usbx_host_classes/src/ux_host_class_storage_transport_bo.c **** UX_TRANSFER     *transfer_request;
  50              		.loc 1 90 1 is_stmt 1 view .LVU2
  91:Middlewares/ST/usbx/common/usbx_host_classes/src/ux_host_class_storage_transport_bo.c **** UINT            status;
  51              		.loc 1 91 1 view .LVU3
  92:Middlewares/ST/usbx/common/usbx_host_classes/src/ux_host_class_storage_transport_bo.c **** UCHAR           *cbw;
  52              		.loc 1 92 1 view .LVU4
  93:Middlewares/ST/usbx/common/usbx_host_classes/src/ux_host_class_storage_transport_bo.c **** UINT            retry;
  53              		.loc 1 93 1 view .LVU5
  94:Middlewares/ST/usbx/common/usbx_host_classes/src/ux_host_class_storage_transport_bo.c **** ULONG           data_phase_requested_length;
  54              		.loc 1 94 1 view .LVU6
  95:Middlewares/ST/usbx/common/usbx_host_classes/src/ux_host_class_storage_transport_bo.c **** ULONG           data_phase_transfer_size;
  55              		.loc 1 95 1 view .LVU7
  96:Middlewares/ST/usbx/common/usbx_host_classes/src/ux_host_class_storage_transport_bo.c **** UCHAR           *get_status_response;
  56              		.loc 1 96 1 view .LVU8
  97:Middlewares/ST/usbx/common/usbx_host_classes/src/ux_host_class_storage_transport_bo.c **** 
  98:Middlewares/ST/usbx/common/usbx_host_classes/src/ux_host_class_storage_transport_bo.c **** 
  99:Middlewares/ST/usbx/common/usbx_host_classes/src/ux_host_class_storage_transport_bo.c ****     /* Get the pointer to the transfer request.  */
 100:Middlewares/ST/usbx/common/usbx_host_classes/src/ux_host_class_storage_transport_bo.c ****     transfer_request =  &storage -> ux_host_class_storage_bulk_out_endpoint -> ux_endpoint_transfer
  57              		.loc 1 100 5 view .LVU9
  58              		.loc 1 100 34 is_stmt 0 view .LVU10
  59 000a 0469     		ldr	r4, [r0, #16]
  60              		.loc 1 100 22 view .LVU11
  61 000c 04F13007 		add	r7, r4, #48
  62              	.LVL1:
 101:Middlewares/ST/usbx/common/usbx_host_classes/src/ux_host_class_storage_transport_bo.c **** 
 102:Middlewares/ST/usbx/common/usbx_host_classes/src/ux_host_class_storage_transport_bo.c ****     /* Use a pointer for the cbw, easier to manipulate.  */
 103:Middlewares/ST/usbx/common/usbx_host_classes/src/ux_host_class_storage_transport_bo.c ****     cbw =  (UCHAR *) storage -> ux_host_class_storage_cbw;
  63              		.loc 1 103 5 is_stmt 1 view .LVU12
  64              		.loc 1 103 9 is_stmt 0 view .LVU13
  65 0010 00F11C03 		add	r3, r0, #28
  66              	.LVL2:
 104:Middlewares/ST/usbx/common/usbx_host_classes/src/ux_host_class_storage_transport_bo.c **** 
 105:Middlewares/ST/usbx/common/usbx_host_classes/src/ux_host_class_storage_transport_bo.c ****     /* Fill in the transfer request parameters.  */
 106:Middlewares/ST/usbx/common/usbx_host_classes/src/ux_host_class_storage_transport_bo.c ****     transfer_request -> ux_transfer_request_data_pointer =      cbw;
ARM GAS  /tmp/ccbKeq52.s 			page 4


  67              		.loc 1 106 5 is_stmt 1 view .LVU14
  68              		.loc 1 106 58 is_stmt 0 view .LVU15
  69 0014 A363     		str	r3, [r4, #56]
 107:Middlewares/ST/usbx/common/usbx_host_classes/src/ux_host_class_storage_transport_bo.c ****     transfer_request -> ux_transfer_request_requested_length =  UX_HOST_CLASS_STORAGE_CBW_LENGTH;
  70              		.loc 1 107 5 is_stmt 1 view .LVU16
  71              		.loc 1 107 62 is_stmt 0 view .LVU17
  72 0016 1F23     		movs	r3, #31
  73              	.LVL3:
  74              		.loc 1 107 62 view .LVU18
  75 0018 E363     		str	r3, [r4, #60]
 108:Middlewares/ST/usbx/common/usbx_host_classes/src/ux_host_class_storage_transport_bo.c **** 
 109:Middlewares/ST/usbx/common/usbx_host_classes/src/ux_host_class_storage_transport_bo.c ****     /* It's possible for the bulk out endpoint to stall; in that case, we clear
 110:Middlewares/ST/usbx/common/usbx_host_classes/src/ux_host_class_storage_transport_bo.c ****        it and try again.  */
 111:Middlewares/ST/usbx/common/usbx_host_classes/src/ux_host_class_storage_transport_bo.c ****     for (retry =  0; ; retry++)
  76              		.loc 1 111 5 is_stmt 1 view .LVU19
  77              	.LVL4:
  78              		.loc 1 111 16 is_stmt 0 view .LVU20
  79 001a 4FF00008 		mov	r8, #0
  80              	.LVL5:
  81              	.L5:
 112:Middlewares/ST/usbx/common/usbx_host_classes/src/ux_host_class_storage_transport_bo.c ****     {
 113:Middlewares/ST/usbx/common/usbx_host_classes/src/ux_host_class_storage_transport_bo.c **** 
 114:Middlewares/ST/usbx/common/usbx_host_classes/src/ux_host_class_storage_transport_bo.c ****         /* Send the CBW on the bulk out endpoint.  */
 115:Middlewares/ST/usbx/common/usbx_host_classes/src/ux_host_class_storage_transport_bo.c ****         status =  _ux_host_stack_transfer_request(transfer_request);
  82              		.loc 1 115 9 is_stmt 1 view .LVU21
  83              		.loc 1 115 19 is_stmt 0 view .LVU22
  84 001e 3846     		mov	r0, r7
  85 0020 FFF7FEFF 		bl	_ux_host_stack_transfer_request
  86              	.LVL6:
 116:Middlewares/ST/usbx/common/usbx_host_classes/src/ux_host_class_storage_transport_bo.c **** 
 117:Middlewares/ST/usbx/common/usbx_host_classes/src/ux_host_class_storage_transport_bo.c ****         /* Check the status of the command (NB, the command is not sent yet since
 118:Middlewares/ST/usbx/common/usbx_host_classes/src/ux_host_class_storage_transport_bo.c ****            the bulk transport is non blocking).  */
 119:Middlewares/ST/usbx/common/usbx_host_classes/src/ux_host_class_storage_transport_bo.c ****         if (status != UX_SUCCESS)
  87              		.loc 1 119 9 is_stmt 1 view .LVU23
  88              		.loc 1 119 12 is_stmt 0 view .LVU24
  89 0024 0546     		mov	r5, r0
  90 0026 40BB     		cbnz	r0, .L1
 120:Middlewares/ST/usbx/common/usbx_host_classes/src/ux_host_class_storage_transport_bo.c ****             return(status);
 121:Middlewares/ST/usbx/common/usbx_host_classes/src/ux_host_class_storage_transport_bo.c **** 
 122:Middlewares/ST/usbx/common/usbx_host_classes/src/ux_host_class_storage_transport_bo.c ****         /* Wait for the completion of the transfer request.  */
 123:Middlewares/ST/usbx/common/usbx_host_classes/src/ux_host_class_storage_transport_bo.c ****         status =  _ux_host_semaphore_get(&transfer_request -> ux_transfer_request_semaphore, UX_MS_
  91              		.loc 1 123 9 is_stmt 1 view .LVU25
  92              		.loc 1 123 19 is_stmt 0 view .LVU26
  93 0028 4FF47A71 		mov	r1, #1000
  94 002c 04F17400 		add	r0, r4, #116
  95              	.LVL7:
  96              		.loc 1 123 19 view .LVU27
  97 0030 FFF7FEFF 		bl	_ux_utility_semaphore_get
  98              	.LVL8:
 124:Middlewares/ST/usbx/common/usbx_host_classes/src/ux_host_class_storage_transport_bo.c **** 
 125:Middlewares/ST/usbx/common/usbx_host_classes/src/ux_host_class_storage_transport_bo.c ****         /* If the semaphore did not succeed we probably have a time out.  */
 126:Middlewares/ST/usbx/common/usbx_host_classes/src/ux_host_class_storage_transport_bo.c ****         if (status != UX_SUCCESS)
  99              		.loc 1 126 9 is_stmt 1 view .LVU28
 100              		.loc 1 126 12 is_stmt 0 view .LVU29
 101 0034 50B9     		cbnz	r0, .L28
 127:Middlewares/ST/usbx/common/usbx_host_classes/src/ux_host_class_storage_transport_bo.c ****         {
 128:Middlewares/ST/usbx/common/usbx_host_classes/src/ux_host_class_storage_transport_bo.c **** 
ARM GAS  /tmp/ccbKeq52.s 			page 5


 129:Middlewares/ST/usbx/common/usbx_host_classes/src/ux_host_class_storage_transport_bo.c ****             /* All transfers pending need to abort. There may have been a partial transfer.  */
 130:Middlewares/ST/usbx/common/usbx_host_classes/src/ux_host_class_storage_transport_bo.c ****             _ux_host_stack_transfer_request_abort(transfer_request);
 131:Middlewares/ST/usbx/common/usbx_host_classes/src/ux_host_class_storage_transport_bo.c **** 
 132:Middlewares/ST/usbx/common/usbx_host_classes/src/ux_host_class_storage_transport_bo.c ****             /* Set the completion code.  */
 133:Middlewares/ST/usbx/common/usbx_host_classes/src/ux_host_class_storage_transport_bo.c ****             transfer_request -> ux_transfer_request_completion_code =  UX_TRANSFER_TIMEOUT;
 134:Middlewares/ST/usbx/common/usbx_host_classes/src/ux_host_class_storage_transport_bo.c **** 
 135:Middlewares/ST/usbx/common/usbx_host_classes/src/ux_host_class_storage_transport_bo.c ****             /* Error trap.  */
 136:Middlewares/ST/usbx/common/usbx_host_classes/src/ux_host_class_storage_transport_bo.c ****             _ux_system_error_handler(UX_SYSTEM_LEVEL_THREAD, UX_SYSTEM_CONTEXT_CLASS, UX_TRANSFER_T
 137:Middlewares/ST/usbx/common/usbx_host_classes/src/ux_host_class_storage_transport_bo.c **** 
 138:Middlewares/ST/usbx/common/usbx_host_classes/src/ux_host_class_storage_transport_bo.c ****             /* If trace is enabled, insert this event into the trace buffer.  */
 139:Middlewares/ST/usbx/common/usbx_host_classes/src/ux_host_class_storage_transport_bo.c ****             UX_TRACE_IN_LINE_INSERT(UX_TRACE_ERROR, UX_TRANSFER_TIMEOUT, transfer_request, 0, 0, UX
 140:Middlewares/ST/usbx/common/usbx_host_classes/src/ux_host_class_storage_transport_bo.c **** 
 141:Middlewares/ST/usbx/common/usbx_host_classes/src/ux_host_class_storage_transport_bo.c ****             /* There was an error, return to the caller.  */
 142:Middlewares/ST/usbx/common/usbx_host_classes/src/ux_host_class_storage_transport_bo.c ****             return(UX_TRANSFER_TIMEOUT);
 143:Middlewares/ST/usbx/common/usbx_host_classes/src/ux_host_class_storage_transport_bo.c ****         }
 144:Middlewares/ST/usbx/common/usbx_host_classes/src/ux_host_class_storage_transport_bo.c **** 
 145:Middlewares/ST/usbx/common/usbx_host_classes/src/ux_host_class_storage_transport_bo.c ****         /* Did we successfully send the CBW?  */
 146:Middlewares/ST/usbx/common/usbx_host_classes/src/ux_host_class_storage_transport_bo.c ****         if (transfer_request -> ux_transfer_request_completion_code == UX_SUCCESS)
 102              		.loc 1 146 9 is_stmt 1 view .LVU30
 103              		.loc 1 146 30 is_stmt 0 view .LVU31
 104 0036 656E     		ldr	r5, [r4, #100]
 105              		.loc 1 146 12 view .LVU32
 106 0038 1DB3     		cbz	r5, .L4
 147:Middlewares/ST/usbx/common/usbx_host_classes/src/ux_host_class_storage_transport_bo.c **** 
 148:Middlewares/ST/usbx/common/usbx_host_classes/src/ux_host_class_storage_transport_bo.c ****             /* Jump to the data stage.  */
 149:Middlewares/ST/usbx/common/usbx_host_classes/src/ux_host_class_storage_transport_bo.c ****             break;
 150:Middlewares/ST/usbx/common/usbx_host_classes/src/ux_host_class_storage_transport_bo.c **** 
 151:Middlewares/ST/usbx/common/usbx_host_classes/src/ux_host_class_storage_transport_bo.c ****         /* The transfer stalled. Is this the first time?  */
 152:Middlewares/ST/usbx/common/usbx_host_classes/src/ux_host_class_storage_transport_bo.c ****         if (retry == 0)
 107              		.loc 1 152 9 is_stmt 1 view .LVU33
 108              		.loc 1 152 12 is_stmt 0 view .LVU34
 109 003a B8F1000F 		cmp	r8, #0
 110 003e 1CD1     		bne	.L1
 153:Middlewares/ST/usbx/common/usbx_host_classes/src/ux_host_class_storage_transport_bo.c ****         {
 154:Middlewares/ST/usbx/common/usbx_host_classes/src/ux_host_class_storage_transport_bo.c **** 
 155:Middlewares/ST/usbx/common/usbx_host_classes/src/ux_host_class_storage_transport_bo.c ****             /* We must do a reset recovery.  */
 156:Middlewares/ST/usbx/common/usbx_host_classes/src/ux_host_class_storage_transport_bo.c ****             _ux_host_class_storage_device_reset(storage);
 111              		.loc 1 156 13 is_stmt 1 view .LVU35
 112 0040 3046     		mov	r0, r6
 113              	.LVL9:
 114              		.loc 1 156 13 is_stmt 0 view .LVU36
 115 0042 FFF7FEFF 		bl	_ux_host_class_storage_device_reset
 116              	.LVL10:
 111:Middlewares/ST/usbx/common/usbx_host_classes/src/ux_host_class_storage_transport_bo.c ****     {
 117              		.loc 1 111 29 is_stmt 1 view .LVU37
 118 0046 08F10108 		add	r8, r8, #1
 119              	.LVL11:
 111:Middlewares/ST/usbx/common/usbx_host_classes/src/ux_host_class_storage_transport_bo.c ****     {
 120              		.loc 1 111 5 view .LVU38
 115:Middlewares/ST/usbx/common/usbx_host_classes/src/ux_host_class_storage_transport_bo.c **** 
 121              		.loc 1 115 16 is_stmt 0 view .LVU39
 122 004a E8E7     		b	.L5
 123              	.LVL12:
 124              	.L28:
 130:Middlewares/ST/usbx/common/usbx_host_classes/src/ux_host_class_storage_transport_bo.c **** 
 125              		.loc 1 130 13 is_stmt 1 view .LVU40
 126 004c 3846     		mov	r0, r7
ARM GAS  /tmp/ccbKeq52.s 			page 6


 127              	.LVL13:
 130:Middlewares/ST/usbx/common/usbx_host_classes/src/ux_host_class_storage_transport_bo.c **** 
 128              		.loc 1 130 13 is_stmt 0 view .LVU41
 129 004e FFF7FEFF 		bl	_ux_host_stack_transfer_request_abort
 130              	.LVL14:
 133:Middlewares/ST/usbx/common/usbx_host_classes/src/ux_host_class_storage_transport_bo.c **** 
 131              		.loc 1 133 13 is_stmt 1 view .LVU42
 133:Middlewares/ST/usbx/common/usbx_host_classes/src/ux_host_class_storage_transport_bo.c **** 
 132              		.loc 1 133 69 is_stmt 0 view .LVU43
 133 0052 5C25     		movs	r5, #92
 134 0054 6566     		str	r5, [r4, #100]
 136:Middlewares/ST/usbx/common/usbx_host_classes/src/ux_host_class_storage_transport_bo.c **** 
 135              		.loc 1 136 13 is_stmt 1 view .LVU44
 136 0056 2A46     		mov	r2, r5
 137 0058 0721     		movs	r1, #7
 138 005a 0220     		movs	r0, #2
 139 005c FFF7FEFF 		bl	_ux_system_error_handler
 140              	.LVL15:
 139:Middlewares/ST/usbx/common/usbx_host_classes/src/ux_host_class_storage_transport_bo.c **** 
 141              		.loc 1 139 13 view .LVU45
 142 0060 0023     		movs	r3, #0
 143 0062 0393     		str	r3, [sp, #12]
 144 0064 0293     		str	r3, [sp, #8]
 145 0066 4FF08072 		mov	r2, #16777216
 146 006a 0192     		str	r2, [sp, #4]
 147 006c 0093     		str	r3, [sp]
 148 006e 3A46     		mov	r2, r7
 149 0070 2946     		mov	r1, r5
 150 0072 40F2E730 		movw	r0, #999
 151 0076 FFF7FEFF 		bl	_ux_trace_event_insert
 152              	.LVL16:
 142:Middlewares/ST/usbx/common/usbx_host_classes/src/ux_host_class_storage_transport_bo.c ****         }
 153              		.loc 1 142 13 view .LVU46
 154              	.L1:
 157:Middlewares/ST/usbx/common/usbx_host_classes/src/ux_host_class_storage_transport_bo.c **** 
 158:Middlewares/ST/usbx/common/usbx_host_classes/src/ux_host_class_storage_transport_bo.c ****             /* In virtually all cases, the reset should've fixed it, so just
 159:Middlewares/ST/usbx/common/usbx_host_classes/src/ux_host_class_storage_transport_bo.c ****                resend the command.  */
 160:Middlewares/ST/usbx/common/usbx_host_classes/src/ux_host_class_storage_transport_bo.c ****         }
 161:Middlewares/ST/usbx/common/usbx_host_classes/src/ux_host_class_storage_transport_bo.c ****         else
 162:Middlewares/ST/usbx/common/usbx_host_classes/src/ux_host_class_storage_transport_bo.c ****         {
 163:Middlewares/ST/usbx/common/usbx_host_classes/src/ux_host_class_storage_transport_bo.c **** 
 164:Middlewares/ST/usbx/common/usbx_host_classes/src/ux_host_class_storage_transport_bo.c ****             /* Well, we tried!  */
 165:Middlewares/ST/usbx/common/usbx_host_classes/src/ux_host_class_storage_transport_bo.c ****             return(transfer_request -> ux_transfer_request_completion_code);
 166:Middlewares/ST/usbx/common/usbx_host_classes/src/ux_host_class_storage_transport_bo.c ****         }
 167:Middlewares/ST/usbx/common/usbx_host_classes/src/ux_host_class_storage_transport_bo.c ****     }
 168:Middlewares/ST/usbx/common/usbx_host_classes/src/ux_host_class_storage_transport_bo.c **** 
 169:Middlewares/ST/usbx/common/usbx_host_classes/src/ux_host_class_storage_transport_bo.c ****     /* Get the length of the data payload.  */
 170:Middlewares/ST/usbx/common/usbx_host_classes/src/ux_host_class_storage_transport_bo.c ****     data_phase_requested_length =  _ux_utility_long_get(cbw + UX_HOST_CLASS_STORAGE_CBW_DATA_LENGTH
 171:Middlewares/ST/usbx/common/usbx_host_classes/src/ux_host_class_storage_transport_bo.c **** 
 172:Middlewares/ST/usbx/common/usbx_host_classes/src/ux_host_class_storage_transport_bo.c ****     /* Reset the data phase memory size.  */
 173:Middlewares/ST/usbx/common/usbx_host_classes/src/ux_host_class_storage_transport_bo.c ****     storage -> ux_host_class_storage_data_phase_length =  0;
 174:Middlewares/ST/usbx/common/usbx_host_classes/src/ux_host_class_storage_transport_bo.c **** 
 175:Middlewares/ST/usbx/common/usbx_host_classes/src/ux_host_class_storage_transport_bo.c ****     /* Perform the data stage - if there is any.  */
 176:Middlewares/ST/usbx/common/usbx_host_classes/src/ux_host_class_storage_transport_bo.c ****     while (data_phase_requested_length != 0)
 177:Middlewares/ST/usbx/common/usbx_host_classes/src/ux_host_class_storage_transport_bo.c ****     {
 178:Middlewares/ST/usbx/common/usbx_host_classes/src/ux_host_class_storage_transport_bo.c **** 
 179:Middlewares/ST/usbx/common/usbx_host_classes/src/ux_host_class_storage_transport_bo.c ****         /* Check if we can finish the transaction with one data phase.  */
ARM GAS  /tmp/ccbKeq52.s 			page 7


 180:Middlewares/ST/usbx/common/usbx_host_classes/src/ux_host_class_storage_transport_bo.c ****         if (data_phase_requested_length > UX_HOST_CLASS_STORAGE_MAX_TRANSFER_SIZE)
 181:Middlewares/ST/usbx/common/usbx_host_classes/src/ux_host_class_storage_transport_bo.c **** 
 182:Middlewares/ST/usbx/common/usbx_host_classes/src/ux_host_class_storage_transport_bo.c ****             /* We have too much data to send in one phase. Split into smaller chunks.  */
 183:Middlewares/ST/usbx/common/usbx_host_classes/src/ux_host_class_storage_transport_bo.c ****             data_phase_transfer_size =  UX_HOST_CLASS_STORAGE_MAX_TRANSFER_SIZE;
 184:Middlewares/ST/usbx/common/usbx_host_classes/src/ux_host_class_storage_transport_bo.c **** 
 185:Middlewares/ST/usbx/common/usbx_host_classes/src/ux_host_class_storage_transport_bo.c ****         else
 186:Middlewares/ST/usbx/common/usbx_host_classes/src/ux_host_class_storage_transport_bo.c **** 
 187:Middlewares/ST/usbx/common/usbx_host_classes/src/ux_host_class_storage_transport_bo.c ****             /* The transfer size can be the requested length.  */
 188:Middlewares/ST/usbx/common/usbx_host_classes/src/ux_host_class_storage_transport_bo.c ****             data_phase_transfer_size =  data_phase_requested_length;
 189:Middlewares/ST/usbx/common/usbx_host_classes/src/ux_host_class_storage_transport_bo.c **** 
 190:Middlewares/ST/usbx/common/usbx_host_classes/src/ux_host_class_storage_transport_bo.c ****         /* Check the direction and determine which endpoint to use.  */
 191:Middlewares/ST/usbx/common/usbx_host_classes/src/ux_host_class_storage_transport_bo.c ****         if (*(cbw + UX_HOST_CLASS_STORAGE_CBW_FLAGS) == UX_HOST_CLASS_STORAGE_DATA_IN)
 192:Middlewares/ST/usbx/common/usbx_host_classes/src/ux_host_class_storage_transport_bo.c ****             transfer_request =  &storage -> ux_host_class_storage_bulk_in_endpoint -> ux_endpoint_t
 193:Middlewares/ST/usbx/common/usbx_host_classes/src/ux_host_class_storage_transport_bo.c **** 
 194:Middlewares/ST/usbx/common/usbx_host_classes/src/ux_host_class_storage_transport_bo.c ****         /* Fill in the transfer request data payload buffer.  */
 195:Middlewares/ST/usbx/common/usbx_host_classes/src/ux_host_class_storage_transport_bo.c ****         transfer_request -> ux_transfer_request_data_pointer =  data_pointer;
 196:Middlewares/ST/usbx/common/usbx_host_classes/src/ux_host_class_storage_transport_bo.c **** 
 197:Middlewares/ST/usbx/common/usbx_host_classes/src/ux_host_class_storage_transport_bo.c ****         /* Store the requested length in the transfer request.  */
 198:Middlewares/ST/usbx/common/usbx_host_classes/src/ux_host_class_storage_transport_bo.c ****         transfer_request -> ux_transfer_request_requested_length =  data_phase_transfer_size;
 199:Middlewares/ST/usbx/common/usbx_host_classes/src/ux_host_class_storage_transport_bo.c **** 
 200:Middlewares/ST/usbx/common/usbx_host_classes/src/ux_host_class_storage_transport_bo.c ****         /* Perform data payload transfer (in or out).  */
 201:Middlewares/ST/usbx/common/usbx_host_classes/src/ux_host_class_storage_transport_bo.c ****         status =  _ux_host_stack_transfer_request(transfer_request);
 202:Middlewares/ST/usbx/common/usbx_host_classes/src/ux_host_class_storage_transport_bo.c **** 
 203:Middlewares/ST/usbx/common/usbx_host_classes/src/ux_host_class_storage_transport_bo.c ****         /* Check the status of the data payload.  */
 204:Middlewares/ST/usbx/common/usbx_host_classes/src/ux_host_class_storage_transport_bo.c ****         if (status == UX_SUCCESS)
 205:Middlewares/ST/usbx/common/usbx_host_classes/src/ux_host_class_storage_transport_bo.c **** 
 206:Middlewares/ST/usbx/common/usbx_host_classes/src/ux_host_class_storage_transport_bo.c ****             /* Wait for the completion of the transfer request.  */
 207:Middlewares/ST/usbx/common/usbx_host_classes/src/ux_host_class_storage_transport_bo.c ****             status =  _ux_host_semaphore_get(&transfer_request -> ux_transfer_request_semaphore, UX
 208:Middlewares/ST/usbx/common/usbx_host_classes/src/ux_host_class_storage_transport_bo.c **** 
 209:Middlewares/ST/usbx/common/usbx_host_classes/src/ux_host_class_storage_transport_bo.c ****         /* If the semaphore did not succeed we may have a time out or if we had a problem during th
 210:Middlewares/ST/usbx/common/usbx_host_classes/src/ux_host_class_storage_transport_bo.c ****            we should abort the SCSI transaction.  */
 211:Middlewares/ST/usbx/common/usbx_host_classes/src/ux_host_class_storage_transport_bo.c ****         if (status != UX_SUCCESS)
 212:Middlewares/ST/usbx/common/usbx_host_classes/src/ux_host_class_storage_transport_bo.c ****         {
 213:Middlewares/ST/usbx/common/usbx_host_classes/src/ux_host_class_storage_transport_bo.c **** 
 214:Middlewares/ST/usbx/common/usbx_host_classes/src/ux_host_class_storage_transport_bo.c ****             /* All transfers pending need to abort. There may have been a partial transfer.  */
 215:Middlewares/ST/usbx/common/usbx_host_classes/src/ux_host_class_storage_transport_bo.c ****             _ux_host_stack_transfer_request_abort(transfer_request);
 216:Middlewares/ST/usbx/common/usbx_host_classes/src/ux_host_class_storage_transport_bo.c **** 
 217:Middlewares/ST/usbx/common/usbx_host_classes/src/ux_host_class_storage_transport_bo.c ****             /* Set the completion code.  */
 218:Middlewares/ST/usbx/common/usbx_host_classes/src/ux_host_class_storage_transport_bo.c ****             transfer_request -> ux_transfer_request_completion_code =  UX_TRANSFER_TIMEOUT;
 219:Middlewares/ST/usbx/common/usbx_host_classes/src/ux_host_class_storage_transport_bo.c **** 
 220:Middlewares/ST/usbx/common/usbx_host_classes/src/ux_host_class_storage_transport_bo.c ****             /* Error trap. */
 221:Middlewares/ST/usbx/common/usbx_host_classes/src/ux_host_class_storage_transport_bo.c ****             _ux_system_error_handler(UX_SYSTEM_LEVEL_THREAD, UX_SYSTEM_CONTEXT_CLASS, UX_TRANSFER_T
 222:Middlewares/ST/usbx/common/usbx_host_classes/src/ux_host_class_storage_transport_bo.c **** 
 223:Middlewares/ST/usbx/common/usbx_host_classes/src/ux_host_class_storage_transport_bo.c ****             /* If trace is enabled, insert this event into the trace buffer.  */
 224:Middlewares/ST/usbx/common/usbx_host_classes/src/ux_host_class_storage_transport_bo.c ****             UX_TRACE_IN_LINE_INSERT(UX_TRACE_ERROR, UX_TRANSFER_TIMEOUT, transfer_request, 0, 0, UX
 225:Middlewares/ST/usbx/common/usbx_host_classes/src/ux_host_class_storage_transport_bo.c **** 
 226:Middlewares/ST/usbx/common/usbx_host_classes/src/ux_host_class_storage_transport_bo.c ****             /* There was an error that cannot be recovered, return to the caller.  */
 227:Middlewares/ST/usbx/common/usbx_host_classes/src/ux_host_class_storage_transport_bo.c ****             return(UX_TRANSFER_TIMEOUT);
 228:Middlewares/ST/usbx/common/usbx_host_classes/src/ux_host_class_storage_transport_bo.c ****         }
 229:Middlewares/ST/usbx/common/usbx_host_classes/src/ux_host_class_storage_transport_bo.c **** 
 230:Middlewares/ST/usbx/common/usbx_host_classes/src/ux_host_class_storage_transport_bo.c ****         /* Check the transfer status. If there is a transport error, we still need to read the CSW
 231:Middlewares/ST/usbx/common/usbx_host_classes/src/ux_host_class_storage_transport_bo.c ****            and let the upper layer retry.  */
 232:Middlewares/ST/usbx/common/usbx_host_classes/src/ux_host_class_storage_transport_bo.c ****         if (transfer_request -> ux_transfer_request_completion_code != UX_SUCCESS)
 233:Middlewares/ST/usbx/common/usbx_host_classes/src/ux_host_class_storage_transport_bo.c ****         {
 234:Middlewares/ST/usbx/common/usbx_host_classes/src/ux_host_class_storage_transport_bo.c **** 
 235:Middlewares/ST/usbx/common/usbx_host_classes/src/ux_host_class_storage_transport_bo.c ****             /* This is most likely a STALL. We must clear it and go straight
 236:Middlewares/ST/usbx/common/usbx_host_classes/src/ux_host_class_storage_transport_bo.c ****                to reading the CSW. Note this doesn't necessarily mean the transfer
ARM GAS  /tmp/ccbKeq52.s 			page 8


 237:Middlewares/ST/usbx/common/usbx_host_classes/src/ux_host_class_storage_transport_bo.c ****                failed completely failed. For example, if this was a read, it
 238:Middlewares/ST/usbx/common/usbx_host_classes/src/ux_host_class_storage_transport_bo.c ****                could mean the device had less data to send than we requested,
 239:Middlewares/ST/usbx/common/usbx_host_classes/src/ux_host_class_storage_transport_bo.c ****                but we still received data.  */
 240:Middlewares/ST/usbx/common/usbx_host_classes/src/ux_host_class_storage_transport_bo.c **** 
 241:Middlewares/ST/usbx/common/usbx_host_classes/src/ux_host_class_storage_transport_bo.c ****             /* Check the direction and determine which endpoint to reset.  */
 242:Middlewares/ST/usbx/common/usbx_host_classes/src/ux_host_class_storage_transport_bo.c ****             if (*(cbw + UX_HOST_CLASS_STORAGE_CBW_FLAGS) == UX_HOST_CLASS_STORAGE_DATA_IN)
 243:Middlewares/ST/usbx/common/usbx_host_classes/src/ux_host_class_storage_transport_bo.c ****                 _ux_host_stack_endpoint_reset(storage -> ux_host_class_storage_bulk_in_endpoint);
 244:Middlewares/ST/usbx/common/usbx_host_classes/src/ux_host_class_storage_transport_bo.c ****             else
 245:Middlewares/ST/usbx/common/usbx_host_classes/src/ux_host_class_storage_transport_bo.c ****                 _ux_host_stack_endpoint_reset(storage -> ux_host_class_storage_bulk_out_endpoint);
 246:Middlewares/ST/usbx/common/usbx_host_classes/src/ux_host_class_storage_transport_bo.c **** 
 247:Middlewares/ST/usbx/common/usbx_host_classes/src/ux_host_class_storage_transport_bo.c ****             /* We need to read the CSW now.   */
 248:Middlewares/ST/usbx/common/usbx_host_classes/src/ux_host_class_storage_transport_bo.c ****             break;
 249:Middlewares/ST/usbx/common/usbx_host_classes/src/ux_host_class_storage_transport_bo.c ****         }
 250:Middlewares/ST/usbx/common/usbx_host_classes/src/ux_host_class_storage_transport_bo.c **** 
 251:Middlewares/ST/usbx/common/usbx_host_classes/src/ux_host_class_storage_transport_bo.c ****         /* Adjust the total size that was requested.  */
 252:Middlewares/ST/usbx/common/usbx_host_classes/src/ux_host_class_storage_transport_bo.c ****         data_phase_requested_length -=  data_phase_transfer_size;
 253:Middlewares/ST/usbx/common/usbx_host_classes/src/ux_host_class_storage_transport_bo.c **** 
 254:Middlewares/ST/usbx/common/usbx_host_classes/src/ux_host_class_storage_transport_bo.c ****         /* And the data pointer.  */
 255:Middlewares/ST/usbx/common/usbx_host_classes/src/ux_host_class_storage_transport_bo.c ****         data_pointer +=  data_phase_transfer_size;
 256:Middlewares/ST/usbx/common/usbx_host_classes/src/ux_host_class_storage_transport_bo.c ****     }
 257:Middlewares/ST/usbx/common/usbx_host_classes/src/ux_host_class_storage_transport_bo.c **** 
 258:Middlewares/ST/usbx/common/usbx_host_classes/src/ux_host_class_storage_transport_bo.c ****     /* Now perform the status phase, i.e. try to get the CSW from the device.
 259:Middlewares/ST/usbx/common/usbx_host_classes/src/ux_host_class_storage_transport_bo.c ****        According to the spec, if there is a failure the first time, we need to retry once
 260:Middlewares/ST/usbx/common/usbx_host_classes/src/ux_host_class_storage_transport_bo.c ****        before reporting an error.  */
 261:Middlewares/ST/usbx/common/usbx_host_classes/src/ux_host_class_storage_transport_bo.c **** 
 262:Middlewares/ST/usbx/common/usbx_host_classes/src/ux_host_class_storage_transport_bo.c ****     /* Get the pointer to the transfer request, on the bulk in endpoint.  */
 263:Middlewares/ST/usbx/common/usbx_host_classes/src/ux_host_class_storage_transport_bo.c ****     transfer_request =  &storage -> ux_host_class_storage_bulk_in_endpoint -> ux_endpoint_transfer_
 264:Middlewares/ST/usbx/common/usbx_host_classes/src/ux_host_class_storage_transport_bo.c **** 
 265:Middlewares/ST/usbx/common/usbx_host_classes/src/ux_host_class_storage_transport_bo.c ****     /* Fill in the transfer_request parameters.  */
 266:Middlewares/ST/usbx/common/usbx_host_classes/src/ux_host_class_storage_transport_bo.c ****     transfer_request -> ux_transfer_request_data_pointer =      (UCHAR *) &storage -> ux_host_class
 267:Middlewares/ST/usbx/common/usbx_host_classes/src/ux_host_class_storage_transport_bo.c ****     transfer_request -> ux_transfer_request_requested_length =  UX_HOST_CLASS_STORAGE_CSW_LENGTH;
 268:Middlewares/ST/usbx/common/usbx_host_classes/src/ux_host_class_storage_transport_bo.c **** 
 269:Middlewares/ST/usbx/common/usbx_host_classes/src/ux_host_class_storage_transport_bo.c ****     /* Retry loop, we have 2 tries here.  */
 270:Middlewares/ST/usbx/common/usbx_host_classes/src/ux_host_class_storage_transport_bo.c ****     for (retry =  0; retry < 2; retry++)
 271:Middlewares/ST/usbx/common/usbx_host_classes/src/ux_host_class_storage_transport_bo.c ****     {
 272:Middlewares/ST/usbx/common/usbx_host_classes/src/ux_host_class_storage_transport_bo.c **** 
 273:Middlewares/ST/usbx/common/usbx_host_classes/src/ux_host_class_storage_transport_bo.c ****         /* Get the CSW on the bulk in endpoint.  */
 274:Middlewares/ST/usbx/common/usbx_host_classes/src/ux_host_class_storage_transport_bo.c ****         status =  _ux_host_stack_transfer_request(transfer_request);
 275:Middlewares/ST/usbx/common/usbx_host_classes/src/ux_host_class_storage_transport_bo.c ****         if (status != UX_SUCCESS)
 276:Middlewares/ST/usbx/common/usbx_host_classes/src/ux_host_class_storage_transport_bo.c ****             return(status);
 277:Middlewares/ST/usbx/common/usbx_host_classes/src/ux_host_class_storage_transport_bo.c **** 
 278:Middlewares/ST/usbx/common/usbx_host_classes/src/ux_host_class_storage_transport_bo.c ****         /* Wait for the completion of the transfer request.  */
 279:Middlewares/ST/usbx/common/usbx_host_classes/src/ux_host_class_storage_transport_bo.c ****         status =  _ux_host_semaphore_get(&transfer_request -> ux_transfer_request_semaphore, UX_MS_
 280:Middlewares/ST/usbx/common/usbx_host_classes/src/ux_host_class_storage_transport_bo.c **** 
 281:Middlewares/ST/usbx/common/usbx_host_classes/src/ux_host_class_storage_transport_bo.c ****         /* Check semaphore status.  */
 282:Middlewares/ST/usbx/common/usbx_host_classes/src/ux_host_class_storage_transport_bo.c ****         if (status != UX_SUCCESS)
 283:Middlewares/ST/usbx/common/usbx_host_classes/src/ux_host_class_storage_transport_bo.c ****         {
 284:Middlewares/ST/usbx/common/usbx_host_classes/src/ux_host_class_storage_transport_bo.c **** 
 285:Middlewares/ST/usbx/common/usbx_host_classes/src/ux_host_class_storage_transport_bo.c ****             /* All transfers pending need to abort. There may have been a partial transfer.  */
 286:Middlewares/ST/usbx/common/usbx_host_classes/src/ux_host_class_storage_transport_bo.c ****             _ux_host_stack_transfer_request_abort(transfer_request);
 287:Middlewares/ST/usbx/common/usbx_host_classes/src/ux_host_class_storage_transport_bo.c **** 
 288:Middlewares/ST/usbx/common/usbx_host_classes/src/ux_host_class_storage_transport_bo.c ****             /* Set the completion code.  */
 289:Middlewares/ST/usbx/common/usbx_host_classes/src/ux_host_class_storage_transport_bo.c ****             transfer_request -> ux_transfer_request_completion_code =  UX_TRANSFER_TIMEOUT;
 290:Middlewares/ST/usbx/common/usbx_host_classes/src/ux_host_class_storage_transport_bo.c **** 
 291:Middlewares/ST/usbx/common/usbx_host_classes/src/ux_host_class_storage_transport_bo.c ****             /* Error trap. */
 292:Middlewares/ST/usbx/common/usbx_host_classes/src/ux_host_class_storage_transport_bo.c ****             _ux_system_error_handler(UX_SYSTEM_LEVEL_THREAD, UX_SYSTEM_CONTEXT_CLASS, UX_TRANSFER_T
 293:Middlewares/ST/usbx/common/usbx_host_classes/src/ux_host_class_storage_transport_bo.c **** 
ARM GAS  /tmp/ccbKeq52.s 			page 9


 294:Middlewares/ST/usbx/common/usbx_host_classes/src/ux_host_class_storage_transport_bo.c ****             /* If trace is enabled, insert this event into the trace buffer.  */
 295:Middlewares/ST/usbx/common/usbx_host_classes/src/ux_host_class_storage_transport_bo.c ****             UX_TRACE_IN_LINE_INSERT(UX_TRACE_ERROR, UX_TRANSFER_TIMEOUT, transfer_request, 0, 0, UX
 296:Middlewares/ST/usbx/common/usbx_host_classes/src/ux_host_class_storage_transport_bo.c **** 
 297:Middlewares/ST/usbx/common/usbx_host_classes/src/ux_host_class_storage_transport_bo.c ****             /* There was an error, return to the caller.  */
 298:Middlewares/ST/usbx/common/usbx_host_classes/src/ux_host_class_storage_transport_bo.c ****             return(UX_TRANSFER_TIMEOUT);
 299:Middlewares/ST/usbx/common/usbx_host_classes/src/ux_host_class_storage_transport_bo.c ****         }
 300:Middlewares/ST/usbx/common/usbx_host_classes/src/ux_host_class_storage_transport_bo.c **** 
 301:Middlewares/ST/usbx/common/usbx_host_classes/src/ux_host_class_storage_transport_bo.c ****         /* Did the transfer succeed?  */
 302:Middlewares/ST/usbx/common/usbx_host_classes/src/ux_host_class_storage_transport_bo.c ****         if (transfer_request -> ux_transfer_request_completion_code == UX_SUCCESS)
 303:Middlewares/ST/usbx/common/usbx_host_classes/src/ux_host_class_storage_transport_bo.c ****         {
 304:Middlewares/ST/usbx/common/usbx_host_classes/src/ux_host_class_storage_transport_bo.c **** 
 305:Middlewares/ST/usbx/common/usbx_host_classes/src/ux_host_class_storage_transport_bo.c ****             /* The PASSED and COMMAND_FAILED error codes are nearly interchangeable
 306:Middlewares/ST/usbx/common/usbx_host_classes/src/ux_host_class_storage_transport_bo.c ****                according to the spec, so we treat them similarly.  */
 307:Middlewares/ST/usbx/common/usbx_host_classes/src/ux_host_class_storage_transport_bo.c ****             if (storage -> ux_host_class_storage_csw[UX_HOST_CLASS_STORAGE_CSW_STATUS] == UX_HOST_C
 308:Middlewares/ST/usbx/common/usbx_host_classes/src/ux_host_class_storage_transport_bo.c ****                 storage -> ux_host_class_storage_csw[UX_HOST_CLASS_STORAGE_CSW_STATUS] == UX_HOST_C
 309:Middlewares/ST/usbx/common/usbx_host_classes/src/ux_host_class_storage_transport_bo.c ****             {
 310:Middlewares/ST/usbx/common/usbx_host_classes/src/ux_host_class_storage_transport_bo.c **** 
 311:Middlewares/ST/usbx/common/usbx_host_classes/src/ux_host_class_storage_transport_bo.c ****                 /* Was this an OUT transport?  */
 312:Middlewares/ST/usbx/common/usbx_host_classes/src/ux_host_class_storage_transport_bo.c ****                 if (*(cbw + UX_HOST_CLASS_STORAGE_CBW_FLAGS) == UX_HOST_CLASS_STORAGE_DATA_OUT)
 313:Middlewares/ST/usbx/common/usbx_host_classes/src/ux_host_class_storage_transport_bo.c ****                 {
 314:Middlewares/ST/usbx/common/usbx_host_classes/src/ux_host_class_storage_transport_bo.c **** 
 315:Middlewares/ST/usbx/common/usbx_host_classes/src/ux_host_class_storage_transport_bo.c ****                     /* Did the command fail, or succeed with non-zero data residue?  */
 316:Middlewares/ST/usbx/common/usbx_host_classes/src/ux_host_class_storage_transport_bo.c ****                     if (storage -> ux_host_class_storage_csw[UX_HOST_CLASS_STORAGE_CSW_STATUS] == U
 317:Middlewares/ST/usbx/common/usbx_host_classes/src/ux_host_class_storage_transport_bo.c ****                         _ux_utility_long_get(storage -> ux_host_class_storage_csw + UX_HOST_CLASS_S
 318:Middlewares/ST/usbx/common/usbx_host_classes/src/ux_host_class_storage_transport_bo.c ****                     {
 319:Middlewares/ST/usbx/common/usbx_host_classes/src/ux_host_class_storage_transport_bo.c **** 
 320:Middlewares/ST/usbx/common/usbx_host_classes/src/ux_host_class_storage_transport_bo.c ****                         /* It's possible the bulk out endpoint is stalled.
 321:Middlewares/ST/usbx/common/usbx_host_classes/src/ux_host_class_storage_transport_bo.c ****                            This happens when 1) the device expects less data
 322:Middlewares/ST/usbx/common/usbx_host_classes/src/ux_host_class_storage_transport_bo.c ****                            than the host wants to send and 2) the endpoint
 323:Middlewares/ST/usbx/common/usbx_host_classes/src/ux_host_class_storage_transport_bo.c ****                            stalls after the last packet was sent (otherwise,
 324:Middlewares/ST/usbx/common/usbx_host_classes/src/ux_host_class_storage_transport_bo.c ****                            we'd have seen the stall during the data stage).
 325:Middlewares/ST/usbx/common/usbx_host_classes/src/ux_host_class_storage_transport_bo.c ****                            Query its status before clearing the stall.  */
 326:Middlewares/ST/usbx/common/usbx_host_classes/src/ux_host_class_storage_transport_bo.c **** 
 327:Middlewares/ST/usbx/common/usbx_host_classes/src/ux_host_class_storage_transport_bo.c ****                         /* Allocate memory for Get Status response.  */
 328:Middlewares/ST/usbx/common/usbx_host_classes/src/ux_host_class_storage_transport_bo.c ****                         get_status_response =  _ux_utility_memory_allocate(UX_SAFE_ALIGN, UX_CACHE_
 329:Middlewares/ST/usbx/common/usbx_host_classes/src/ux_host_class_storage_transport_bo.c ****                         if (get_status_response == UX_NULL)
 330:Middlewares/ST/usbx/common/usbx_host_classes/src/ux_host_class_storage_transport_bo.c ****                             return(UX_MEMORY_INSUFFICIENT);
 331:Middlewares/ST/usbx/common/usbx_host_classes/src/ux_host_class_storage_transport_bo.c **** 
 332:Middlewares/ST/usbx/common/usbx_host_classes/src/ux_host_class_storage_transport_bo.c ****                         /* Get the control endpoint's transfer request.  */
 333:Middlewares/ST/usbx/common/usbx_host_classes/src/ux_host_class_storage_transport_bo.c ****                         transfer_request =  &storage -> ux_host_class_storage_device -> ux_device_c
 334:Middlewares/ST/usbx/common/usbx_host_classes/src/ux_host_class_storage_transport_bo.c **** 
 335:Middlewares/ST/usbx/common/usbx_host_classes/src/ux_host_class_storage_transport_bo.c ****                         /* Setup transfer request for Get Status command.  */
 336:Middlewares/ST/usbx/common/usbx_host_classes/src/ux_host_class_storage_transport_bo.c ****                         transfer_request -> ux_transfer_request_data_pointer =      get_status_resp
 337:Middlewares/ST/usbx/common/usbx_host_classes/src/ux_host_class_storage_transport_bo.c ****                         transfer_request -> ux_transfer_request_requested_length =  0x02;
 338:Middlewares/ST/usbx/common/usbx_host_classes/src/ux_host_class_storage_transport_bo.c ****                         transfer_request -> ux_transfer_request_function =          UX_GET_STATUS;
 339:Middlewares/ST/usbx/common/usbx_host_classes/src/ux_host_class_storage_transport_bo.c ****                         transfer_request -> ux_transfer_request_type =              UX_REQUEST_IN |
 340:Middlewares/ST/usbx/common/usbx_host_classes/src/ux_host_class_storage_transport_bo.c ****                         transfer_request -> ux_transfer_request_value =             0;
 341:Middlewares/ST/usbx/common/usbx_host_classes/src/ux_host_class_storage_transport_bo.c ****                         transfer_request -> ux_transfer_request_index =             storage -> ux_h
 342:Middlewares/ST/usbx/common/usbx_host_classes/src/ux_host_class_storage_transport_bo.c **** 
 343:Middlewares/ST/usbx/common/usbx_host_classes/src/ux_host_class_storage_transport_bo.c ****                         /* Send transfer request.  */
 344:Middlewares/ST/usbx/common/usbx_host_classes/src/ux_host_class_storage_transport_bo.c ****                         status =  _ux_host_stack_transfer_request(transfer_request);
 345:Middlewares/ST/usbx/common/usbx_host_classes/src/ux_host_class_storage_transport_bo.c **** 
 346:Middlewares/ST/usbx/common/usbx_host_classes/src/ux_host_class_storage_transport_bo.c ****                         /* Check status of transfer.  */
 347:Middlewares/ST/usbx/common/usbx_host_classes/src/ux_host_class_storage_transport_bo.c ****                         if (status == UX_SUCCESS)
 348:Middlewares/ST/usbx/common/usbx_host_classes/src/ux_host_class_storage_transport_bo.c ****                         {
 349:Middlewares/ST/usbx/common/usbx_host_classes/src/ux_host_class_storage_transport_bo.c **** 
 350:Middlewares/ST/usbx/common/usbx_host_classes/src/ux_host_class_storage_transport_bo.c ****                             /* Check the Halt bit.  */
ARM GAS  /tmp/ccbKeq52.s 			page 10


 351:Middlewares/ST/usbx/common/usbx_host_classes/src/ux_host_class_storage_transport_bo.c ****                             if (get_status_response[0] & 0x01)
 352:Middlewares/ST/usbx/common/usbx_host_classes/src/ux_host_class_storage_transport_bo.c ****                             {
 353:Middlewares/ST/usbx/common/usbx_host_classes/src/ux_host_class_storage_transport_bo.c **** 
 354:Middlewares/ST/usbx/common/usbx_host_classes/src/ux_host_class_storage_transport_bo.c ****                                 /* Clear the halt.  */
 355:Middlewares/ST/usbx/common/usbx_host_classes/src/ux_host_class_storage_transport_bo.c ****                                 status =  _ux_host_stack_endpoint_reset(storage -> ux_host_class_st
 356:Middlewares/ST/usbx/common/usbx_host_classes/src/ux_host_class_storage_transport_bo.c ****                             }
 357:Middlewares/ST/usbx/common/usbx_host_classes/src/ux_host_class_storage_transport_bo.c ****                         }
 358:Middlewares/ST/usbx/common/usbx_host_classes/src/ux_host_class_storage_transport_bo.c **** 
 359:Middlewares/ST/usbx/common/usbx_host_classes/src/ux_host_class_storage_transport_bo.c ****                         /* Free the get status memory.  */
 360:Middlewares/ST/usbx/common/usbx_host_classes/src/ux_host_class_storage_transport_bo.c ****                         _ux_utility_memory_free(get_status_response);
 361:Middlewares/ST/usbx/common/usbx_host_classes/src/ux_host_class_storage_transport_bo.c **** 
 362:Middlewares/ST/usbx/common/usbx_host_classes/src/ux_host_class_storage_transport_bo.c ****                         /* Check result of Get Status and Clear Feature commands. */
 363:Middlewares/ST/usbx/common/usbx_host_classes/src/ux_host_class_storage_transport_bo.c ****                         if (status != UX_SUCCESS)
 364:Middlewares/ST/usbx/common/usbx_host_classes/src/ux_host_class_storage_transport_bo.c ****                             return(status);
 365:Middlewares/ST/usbx/common/usbx_host_classes/src/ux_host_class_storage_transport_bo.c ****                     }
 366:Middlewares/ST/usbx/common/usbx_host_classes/src/ux_host_class_storage_transport_bo.c ****                 }
 367:Middlewares/ST/usbx/common/usbx_host_classes/src/ux_host_class_storage_transport_bo.c **** 
 368:Middlewares/ST/usbx/common/usbx_host_classes/src/ux_host_class_storage_transport_bo.c ****                 /* Save the amount of relevant data.  */
 369:Middlewares/ST/usbx/common/usbx_host_classes/src/ux_host_class_storage_transport_bo.c ****                 storage -> ux_host_class_storage_data_phase_length =  _ux_utility_long_get(cbw + UX
 370:Middlewares/ST/usbx/common/usbx_host_classes/src/ux_host_class_storage_transport_bo.c ****                     _ux_utility_long_get(storage -> ux_host_class_storage_csw + UX_HOST_CLASS_STORA
 371:Middlewares/ST/usbx/common/usbx_host_classes/src/ux_host_class_storage_transport_bo.c ****             }
 372:Middlewares/ST/usbx/common/usbx_host_classes/src/ux_host_class_storage_transport_bo.c ****             else
 373:Middlewares/ST/usbx/common/usbx_host_classes/src/ux_host_class_storage_transport_bo.c ****             {
 374:Middlewares/ST/usbx/common/usbx_host_classes/src/ux_host_class_storage_transport_bo.c **** 
 375:Middlewares/ST/usbx/common/usbx_host_classes/src/ux_host_class_storage_transport_bo.c ****                 /* Must be phase error. Need to reset the device.  */
 376:Middlewares/ST/usbx/common/usbx_host_classes/src/ux_host_class_storage_transport_bo.c ****                 _ux_host_class_storage_device_reset(storage);
 377:Middlewares/ST/usbx/common/usbx_host_classes/src/ux_host_class_storage_transport_bo.c ****             }
 378:Middlewares/ST/usbx/common/usbx_host_classes/src/ux_host_class_storage_transport_bo.c **** 
 379:Middlewares/ST/usbx/common/usbx_host_classes/src/ux_host_class_storage_transport_bo.c ****             /* Return success since the transfer succeeded. The caller should
 380:Middlewares/ST/usbx/common/usbx_host_classes/src/ux_host_class_storage_transport_bo.c ****                look at the CSW to determine if the command's status.  */
 381:Middlewares/ST/usbx/common/usbx_host_classes/src/ux_host_class_storage_transport_bo.c ****             return(UX_SUCCESS);
 382:Middlewares/ST/usbx/common/usbx_host_classes/src/ux_host_class_storage_transport_bo.c ****         }
 383:Middlewares/ST/usbx/common/usbx_host_classes/src/ux_host_class_storage_transport_bo.c **** 
 384:Middlewares/ST/usbx/common/usbx_host_classes/src/ux_host_class_storage_transport_bo.c ****         /* The transfer stalled. We must clear the stall and attempt to read
 385:Middlewares/ST/usbx/common/usbx_host_classes/src/ux_host_class_storage_transport_bo.c ****            the CSW again.  */
 386:Middlewares/ST/usbx/common/usbx_host_classes/src/ux_host_class_storage_transport_bo.c ****         _ux_host_stack_endpoint_reset(storage -> ux_host_class_storage_bulk_in_endpoint);
 387:Middlewares/ST/usbx/common/usbx_host_classes/src/ux_host_class_storage_transport_bo.c ****     }
 388:Middlewares/ST/usbx/common/usbx_host_classes/src/ux_host_class_storage_transport_bo.c **** 
 389:Middlewares/ST/usbx/common/usbx_host_classes/src/ux_host_class_storage_transport_bo.c ****     /* If we get here, the CSW transfer stalled twice. We must reset the device.  */
 390:Middlewares/ST/usbx/common/usbx_host_classes/src/ux_host_class_storage_transport_bo.c ****     _ux_host_class_storage_device_reset(storage);
 391:Middlewares/ST/usbx/common/usbx_host_classes/src/ux_host_class_storage_transport_bo.c **** 
 392:Middlewares/ST/usbx/common/usbx_host_classes/src/ux_host_class_storage_transport_bo.c ****     /* Return the error.  */
 393:Middlewares/ST/usbx/common/usbx_host_classes/src/ux_host_class_storage_transport_bo.c ****     return(transfer_request -> ux_transfer_request_completion_code);
 394:Middlewares/ST/usbx/common/usbx_host_classes/src/ux_host_class_storage_transport_bo.c **** }
 155              		.loc 1 394 1 is_stmt 0 view .LVU47
 156 007a 2846     		mov	r0, r5
 157 007c 04B0     		add	sp, sp, #16
 158              	.LCFI2:
 159              		.cfi_remember_state
 160              		.cfi_def_cfa_offset 32
 161              		@ sp needed
 162 007e BDE8F087 		pop	{r4, r5, r6, r7, r8, r9, r10, pc}
 163              	.LVL17:
 164              	.L4:
 165              	.LCFI3:
 166              		.cfi_restore_state
 170:Middlewares/ST/usbx/common/usbx_host_classes/src/ux_host_class_storage_transport_bo.c **** 
ARM GAS  /tmp/ccbKeq52.s 			page 11


 167              		.loc 1 170 5 is_stmt 1 view .LVU48
 170:Middlewares/ST/usbx/common/usbx_host_classes/src/ux_host_class_storage_transport_bo.c **** 
 168              		.loc 1 170 36 is_stmt 0 view .LVU49
 169 0082 06F1240A 		add	r10, r6, #36
 170 0086 5046     		mov	r0, r10
 171              	.LVL18:
 170:Middlewares/ST/usbx/common/usbx_host_classes/src/ux_host_class_storage_transport_bo.c **** 
 172              		.loc 1 170 36 view .LVU50
 173 0088 FFF7FEFF 		bl	_ux_utility_long_get
 174              	.LVL19:
 175 008c 0446     		mov	r4, r0
 176              	.LVL20:
 173:Middlewares/ST/usbx/common/usbx_host_classes/src/ux_host_class_storage_transport_bo.c **** 
 177              		.loc 1 173 5 is_stmt 1 view .LVU51
 173:Middlewares/ST/usbx/common/usbx_host_classes/src/ux_host_class_storage_transport_bo.c **** 
 178              		.loc 1 173 56 is_stmt 0 view .LVU52
 179 008e 0023     		movs	r3, #0
 180 0090 C6F88C30 		str	r3, [r6, #140]
 176:Middlewares/ST/usbx/common/usbx_host_classes/src/ux_host_class_storage_transport_bo.c ****     {
 181              		.loc 1 176 5 is_stmt 1 view .LVU53
 176:Middlewares/ST/usbx/common/usbx_host_classes/src/ux_host_class_storage_transport_bo.c ****     {
 182              		.loc 1 176 11 is_stmt 0 view .LVU54
 183 0094 18E0     		b	.L6
 184              	.LVL21:
 185              	.L24:
 188:Middlewares/ST/usbx/common/usbx_host_classes/src/ux_host_class_storage_transport_bo.c **** 
 186              		.loc 1 188 38 view .LVU55
 187 0096 A046     		mov	r8, r4
 188              	.L7:
 189              	.LVL22:
 191:Middlewares/ST/usbx/common/usbx_host_classes/src/ux_host_class_storage_transport_bo.c ****             transfer_request =  &storage -> ux_host_class_storage_bulk_in_endpoint -> ux_endpoint_t
 190              		.loc 1 191 9 is_stmt 1 view .LVU56
 191:Middlewares/ST/usbx/common/usbx_host_classes/src/ux_host_class_storage_transport_bo.c ****             transfer_request =  &storage -> ux_host_class_storage_bulk_in_endpoint -> ux_endpoint_t
 191              		.loc 1 191 13 is_stmt 0 view .LVU57
 192 0098 96F82830 		ldrb	r3, [r6, #40]	@ zero_extendqisi2
 191:Middlewares/ST/usbx/common/usbx_host_classes/src/ux_host_class_storage_transport_bo.c ****             transfer_request =  &storage -> ux_host_class_storage_bulk_in_endpoint -> ux_endpoint_t
 193              		.loc 1 191 12 view .LVU58
 194 009c 802B     		cmp	r3, #128
 195 009e 1AD0     		beq	.L29
 196              	.L8:
 195:Middlewares/ST/usbx/common/usbx_host_classes/src/ux_host_class_storage_transport_bo.c **** 
 197              		.loc 1 195 9 is_stmt 1 view .LVU59
 195:Middlewares/ST/usbx/common/usbx_host_classes/src/ux_host_class_storage_transport_bo.c **** 
 198              		.loc 1 195 62 is_stmt 0 view .LVU60
 199 00a0 C7F80890 		str	r9, [r7, #8]
 198:Middlewares/ST/usbx/common/usbx_host_classes/src/ux_host_class_storage_transport_bo.c **** 
 200              		.loc 1 198 9 is_stmt 1 view .LVU61
 198:Middlewares/ST/usbx/common/usbx_host_classes/src/ux_host_class_storage_transport_bo.c **** 
 201              		.loc 1 198 66 is_stmt 0 view .LVU62
 202 00a4 C7F80C80 		str	r8, [r7, #12]
 201:Middlewares/ST/usbx/common/usbx_host_classes/src/ux_host_class_storage_transport_bo.c **** 
 203              		.loc 1 201 9 is_stmt 1 view .LVU63
 201:Middlewares/ST/usbx/common/usbx_host_classes/src/ux_host_class_storage_transport_bo.c **** 
 204              		.loc 1 201 19 is_stmt 0 view .LVU64
 205 00a8 3846     		mov	r0, r7
 206 00aa FFF7FEFF 		bl	_ux_host_stack_transfer_request
 207              	.LVL23:
ARM GAS  /tmp/ccbKeq52.s 			page 12


 204:Middlewares/ST/usbx/common/usbx_host_classes/src/ux_host_class_storage_transport_bo.c **** 
 208              		.loc 1 204 9 is_stmt 1 view .LVU65
 204:Middlewares/ST/usbx/common/usbx_host_classes/src/ux_host_class_storage_transport_bo.c **** 
 209              		.loc 1 204 12 is_stmt 0 view .LVU66
 210 00ae A8B9     		cbnz	r0, .L9
 207:Middlewares/ST/usbx/common/usbx_host_classes/src/ux_host_class_storage_transport_bo.c **** 
 211              		.loc 1 207 13 is_stmt 1 view .LVU67
 207:Middlewares/ST/usbx/common/usbx_host_classes/src/ux_host_class_storage_transport_bo.c **** 
 212              		.loc 1 207 23 is_stmt 0 view .LVU68
 213 00b0 4FF47A71 		mov	r1, #1000
 214 00b4 07F14400 		add	r0, r7, #68
 215              	.LVL24:
 207:Middlewares/ST/usbx/common/usbx_host_classes/src/ux_host_class_storage_transport_bo.c **** 
 216              		.loc 1 207 23 view .LVU69
 217 00b8 FFF7FEFF 		bl	_ux_utility_semaphore_get
 218              	.LVL25:
 211:Middlewares/ST/usbx/common/usbx_host_classes/src/ux_host_class_storage_transport_bo.c ****         {
 219              		.loc 1 211 9 is_stmt 1 view .LVU70
 211:Middlewares/ST/usbx/common/usbx_host_classes/src/ux_host_class_storage_transport_bo.c ****         {
 220              		.loc 1 211 12 is_stmt 0 view .LVU71
 221 00bc 70B9     		cbnz	r0, .L9
 232:Middlewares/ST/usbx/common/usbx_host_classes/src/ux_host_class_storage_transport_bo.c ****         {
 222              		.loc 1 232 9 is_stmt 1 view .LVU72
 232:Middlewares/ST/usbx/common/usbx_host_classes/src/ux_host_class_storage_transport_bo.c ****         {
 223              		.loc 1 232 30 is_stmt 0 view .LVU73
 224 00be 7B6B     		ldr	r3, [r7, #52]
 232:Middlewares/ST/usbx/common/usbx_host_classes/src/ux_host_class_storage_transport_bo.c ****         {
 225              		.loc 1 232 12 view .LVU74
 226 00c0 23BB     		cbnz	r3, .L30
 252:Middlewares/ST/usbx/common/usbx_host_classes/src/ux_host_class_storage_transport_bo.c **** 
 227              		.loc 1 252 9 is_stmt 1 view .LVU75
 252:Middlewares/ST/usbx/common/usbx_host_classes/src/ux_host_class_storage_transport_bo.c **** 
 228              		.loc 1 252 37 is_stmt 0 view .LVU76
 229 00c2 A4EB0804 		sub	r4, r4, r8
 230              	.LVL26:
 255:Middlewares/ST/usbx/common/usbx_host_classes/src/ux_host_class_storage_transport_bo.c ****     }
 231              		.loc 1 255 9 is_stmt 1 view .LVU77
 255:Middlewares/ST/usbx/common/usbx_host_classes/src/ux_host_class_storage_transport_bo.c ****     }
 232              		.loc 1 255 22 is_stmt 0 view .LVU78
 233 00c6 C144     		add	r9, r9, r8
 234              	.LVL27:
 235              	.L6:
 176:Middlewares/ST/usbx/common/usbx_host_classes/src/ux_host_class_storage_transport_bo.c ****     {
 236              		.loc 1 176 40 is_stmt 1 view .LVU79
 237 00c8 3CB3     		cbz	r4, .L13
 180:Middlewares/ST/usbx/common/usbx_host_classes/src/ux_host_class_storage_transport_bo.c **** 
 238              		.loc 1 180 9 view .LVU80
 180:Middlewares/ST/usbx/common/usbx_host_classes/src/ux_host_class_storage_transport_bo.c **** 
 239              		.loc 1 180 12 is_stmt 0 view .LVU81
 240 00ca B4F5806F 		cmp	r4, #1024
 241 00ce E2D9     		bls	.L24
 183:Middlewares/ST/usbx/common/usbx_host_classes/src/ux_host_class_storage_transport_bo.c **** 
 242              		.loc 1 183 38 view .LVU82
 243 00d0 4FF48068 		mov	r8, #1024
 244 00d4 E0E7     		b	.L7
 245              	.LVL28:
 246              	.L29:
ARM GAS  /tmp/ccbKeq52.s 			page 13


 192:Middlewares/ST/usbx/common/usbx_host_classes/src/ux_host_class_storage_transport_bo.c **** 
 247              		.loc 1 192 13 is_stmt 1 view .LVU83
 192:Middlewares/ST/usbx/common/usbx_host_classes/src/ux_host_class_storage_transport_bo.c **** 
 248              		.loc 1 192 42 is_stmt 0 view .LVU84
 249 00d6 7769     		ldr	r7, [r6, #20]
 250              	.LVL29:
 192:Middlewares/ST/usbx/common/usbx_host_classes/src/ux_host_class_storage_transport_bo.c **** 
 251              		.loc 1 192 30 view .LVU85
 252 00d8 3037     		adds	r7, r7, #48
 253              	.LVL30:
 192:Middlewares/ST/usbx/common/usbx_host_classes/src/ux_host_class_storage_transport_bo.c **** 
 254              		.loc 1 192 30 view .LVU86
 255 00da E1E7     		b	.L8
 256              	.LVL31:
 257              	.L9:
 215:Middlewares/ST/usbx/common/usbx_host_classes/src/ux_host_class_storage_transport_bo.c **** 
 258              		.loc 1 215 13 is_stmt 1 view .LVU87
 259 00dc 3846     		mov	r0, r7
 260 00de FFF7FEFF 		bl	_ux_host_stack_transfer_request_abort
 261              	.LVL32:
 218:Middlewares/ST/usbx/common/usbx_host_classes/src/ux_host_class_storage_transport_bo.c **** 
 262              		.loc 1 218 13 view .LVU88
 218:Middlewares/ST/usbx/common/usbx_host_classes/src/ux_host_class_storage_transport_bo.c **** 
 263              		.loc 1 218 69 is_stmt 0 view .LVU89
 264 00e2 5C25     		movs	r5, #92
 265 00e4 7D63     		str	r5, [r7, #52]
 221:Middlewares/ST/usbx/common/usbx_host_classes/src/ux_host_class_storage_transport_bo.c **** 
 266              		.loc 1 221 13 is_stmt 1 view .LVU90
 267 00e6 2A46     		mov	r2, r5
 268 00e8 0721     		movs	r1, #7
 269 00ea 0220     		movs	r0, #2
 270 00ec FFF7FEFF 		bl	_ux_system_error_handler
 271              	.LVL33:
 224:Middlewares/ST/usbx/common/usbx_host_classes/src/ux_host_class_storage_transport_bo.c **** 
 272              		.loc 1 224 13 view .LVU91
 273 00f0 0023     		movs	r3, #0
 274 00f2 0393     		str	r3, [sp, #12]
 275 00f4 0293     		str	r3, [sp, #8]
 276 00f6 4FF08072 		mov	r2, #16777216
 277 00fa 0192     		str	r2, [sp, #4]
 278 00fc 0093     		str	r3, [sp]
 279 00fe 3A46     		mov	r2, r7
 280 0100 2946     		mov	r1, r5
 281 0102 40F2E730 		movw	r0, #999
 282 0106 FFF7FEFF 		bl	_ux_trace_event_insert
 283              	.LVL34:
 227:Middlewares/ST/usbx/common/usbx_host_classes/src/ux_host_class_storage_transport_bo.c ****         }
 284              		.loc 1 227 13 view .LVU92
 227:Middlewares/ST/usbx/common/usbx_host_classes/src/ux_host_class_storage_transport_bo.c ****         }
 285              		.loc 1 227 19 is_stmt 0 view .LVU93
 286 010a B6E7     		b	.L1
 287              	.LVL35:
 288              	.L30:
 242:Middlewares/ST/usbx/common/usbx_host_classes/src/ux_host_class_storage_transport_bo.c ****                 _ux_host_stack_endpoint_reset(storage -> ux_host_class_storage_bulk_in_endpoint);
 289              		.loc 1 242 13 is_stmt 1 view .LVU94
 242:Middlewares/ST/usbx/common/usbx_host_classes/src/ux_host_class_storage_transport_bo.c ****                 _ux_host_stack_endpoint_reset(storage -> ux_host_class_storage_bulk_in_endpoint);
 290              		.loc 1 242 17 is_stmt 0 view .LVU95
ARM GAS  /tmp/ccbKeq52.s 			page 14


 291 010c 96F82830 		ldrb	r3, [r6, #40]	@ zero_extendqisi2
 242:Middlewares/ST/usbx/common/usbx_host_classes/src/ux_host_class_storage_transport_bo.c ****                 _ux_host_stack_endpoint_reset(storage -> ux_host_class_storage_bulk_in_endpoint);
 292              		.loc 1 242 16 view .LVU96
 293 0110 802B     		cmp	r3, #128
 294 0112 1FD0     		beq	.L31
 245:Middlewares/ST/usbx/common/usbx_host_classes/src/ux_host_class_storage_transport_bo.c **** 
 295              		.loc 1 245 17 is_stmt 1 view .LVU97
 296 0114 3069     		ldr	r0, [r6, #16]
 297              	.LVL36:
 245:Middlewares/ST/usbx/common/usbx_host_classes/src/ux_host_class_storage_transport_bo.c **** 
 298              		.loc 1 245 17 is_stmt 0 view .LVU98
 299 0116 FFF7FEFF 		bl	_ux_host_stack_endpoint_reset
 300              	.LVL37:
 301              	.L13:
 263:Middlewares/ST/usbx/common/usbx_host_classes/src/ux_host_class_storage_transport_bo.c **** 
 302              		.loc 1 263 5 is_stmt 1 view .LVU99
 263:Middlewares/ST/usbx/common/usbx_host_classes/src/ux_host_class_storage_transport_bo.c **** 
 303              		.loc 1 263 34 is_stmt 0 view .LVU100
 304 011a 7469     		ldr	r4, [r6, #20]
 305              	.LVL38:
 263:Middlewares/ST/usbx/common/usbx_host_classes/src/ux_host_class_storage_transport_bo.c **** 
 306              		.loc 1 263 22 view .LVU101
 307 011c 04F13008 		add	r8, r4, #48
 308              	.LVL39:
 266:Middlewares/ST/usbx/common/usbx_host_classes/src/ux_host_class_storage_transport_bo.c ****     transfer_request -> ux_transfer_request_requested_length =  UX_HOST_CLASS_STORAGE_CSW_LENGTH;
 309              		.loc 1 266 5 is_stmt 1 view .LVU102
 266:Middlewares/ST/usbx/common/usbx_host_classes/src/ux_host_class_storage_transport_bo.c ****     transfer_request -> ux_transfer_request_requested_length =  UX_HOST_CLASS_STORAGE_CSW_LENGTH;
 310              		.loc 1 266 75 is_stmt 0 view .LVU103
 311 0120 06F15C03 		add	r3, r6, #92
 266:Middlewares/ST/usbx/common/usbx_host_classes/src/ux_host_class_storage_transport_bo.c ****     transfer_request -> ux_transfer_request_requested_length =  UX_HOST_CLASS_STORAGE_CSW_LENGTH;
 312              		.loc 1 266 58 view .LVU104
 313 0124 A363     		str	r3, [r4, #56]
 267:Middlewares/ST/usbx/common/usbx_host_classes/src/ux_host_class_storage_transport_bo.c **** 
 314              		.loc 1 267 5 is_stmt 1 view .LVU105
 267:Middlewares/ST/usbx/common/usbx_host_classes/src/ux_host_class_storage_transport_bo.c **** 
 315              		.loc 1 267 62 is_stmt 0 view .LVU106
 316 0126 0D23     		movs	r3, #13
 317 0128 E363     		str	r3, [r4, #60]
 270:Middlewares/ST/usbx/common/usbx_host_classes/src/ux_host_class_storage_transport_bo.c ****     {
 318              		.loc 1 270 5 is_stmt 1 view .LVU107
 319              	.LVL40:
 320              	.L15:
 270:Middlewares/ST/usbx/common/usbx_host_classes/src/ux_host_class_storage_transport_bo.c ****     {
 321              		.loc 1 270 28 discriminator 1 view .LVU108
 322 012a 012D     		cmp	r5, #1
 323 012c 7CD8     		bhi	.L32
 274:Middlewares/ST/usbx/common/usbx_host_classes/src/ux_host_class_storage_transport_bo.c ****         if (status != UX_SUCCESS)
 324              		.loc 1 274 9 view .LVU109
 274:Middlewares/ST/usbx/common/usbx_host_classes/src/ux_host_class_storage_transport_bo.c ****         if (status != UX_SUCCESS)
 325              		.loc 1 274 19 is_stmt 0 view .LVU110
 326 012e 4046     		mov	r0, r8
 327 0130 FFF7FEFF 		bl	_ux_host_stack_transfer_request
 328              	.LVL41:
 275:Middlewares/ST/usbx/common/usbx_host_classes/src/ux_host_class_storage_transport_bo.c ****             return(status);
 329              		.loc 1 275 9 is_stmt 1 view .LVU111
 275:Middlewares/ST/usbx/common/usbx_host_classes/src/ux_host_class_storage_transport_bo.c ****             return(status);
 330              		.loc 1 275 12 is_stmt 0 view .LVU112
ARM GAS  /tmp/ccbKeq52.s 			page 15


 331 0134 0028     		cmp	r0, #0
 332 0136 7CD1     		bne	.L25
 279:Middlewares/ST/usbx/common/usbx_host_classes/src/ux_host_class_storage_transport_bo.c **** 
 333              		.loc 1 279 9 is_stmt 1 view .LVU113
 279:Middlewares/ST/usbx/common/usbx_host_classes/src/ux_host_class_storage_transport_bo.c **** 
 334              		.loc 1 279 19 is_stmt 0 view .LVU114
 335 0138 4FF47A71 		mov	r1, #1000
 336 013c 04F17400 		add	r0, r4, #116
 337              	.LVL42:
 279:Middlewares/ST/usbx/common/usbx_host_classes/src/ux_host_class_storage_transport_bo.c **** 
 338              		.loc 1 279 19 view .LVU115
 339 0140 FFF7FEFF 		bl	_ux_utility_semaphore_get
 340              	.LVL43:
 282:Middlewares/ST/usbx/common/usbx_host_classes/src/ux_host_class_storage_transport_bo.c ****         {
 341              		.loc 1 282 9 is_stmt 1 view .LVU116
 282:Middlewares/ST/usbx/common/usbx_host_classes/src/ux_host_class_storage_transport_bo.c ****         {
 342              		.loc 1 282 12 is_stmt 0 view .LVU117
 343 0144 50B9     		cbnz	r0, .L33
 302:Middlewares/ST/usbx/common/usbx_host_classes/src/ux_host_class_storage_transport_bo.c ****         {
 344              		.loc 1 302 9 is_stmt 1 view .LVU118
 302:Middlewares/ST/usbx/common/usbx_host_classes/src/ux_host_class_storage_transport_bo.c ****         {
 345              		.loc 1 302 30 is_stmt 0 view .LVU119
 346 0146 676E     		ldr	r7, [r4, #100]
 302:Middlewares/ST/usbx/common/usbx_host_classes/src/ux_host_class_storage_transport_bo.c ****         {
 347              		.loc 1 302 12 view .LVU120
 348 0148 07B3     		cbz	r7, .L34
 386:Middlewares/ST/usbx/common/usbx_host_classes/src/ux_host_class_storage_transport_bo.c ****     }
 349              		.loc 1 386 9 is_stmt 1 view .LVU121
 350 014a 7069     		ldr	r0, [r6, #20]
 351              	.LVL44:
 386:Middlewares/ST/usbx/common/usbx_host_classes/src/ux_host_class_storage_transport_bo.c ****     }
 352              		.loc 1 386 9 is_stmt 0 view .LVU122
 353 014c FFF7FEFF 		bl	_ux_host_stack_endpoint_reset
 354              	.LVL45:
 270:Middlewares/ST/usbx/common/usbx_host_classes/src/ux_host_class_storage_transport_bo.c ****     {
 355              		.loc 1 270 38 is_stmt 1 discriminator 2 view .LVU123
 356 0150 0135     		adds	r5, r5, #1
 357              	.LVL46:
 270:Middlewares/ST/usbx/common/usbx_host_classes/src/ux_host_class_storage_transport_bo.c ****     {
 358              		.loc 1 270 38 is_stmt 0 discriminator 2 view .LVU124
 359 0152 EAE7     		b	.L15
 360              	.LVL47:
 361              	.L31:
 243:Middlewares/ST/usbx/common/usbx_host_classes/src/ux_host_class_storage_transport_bo.c ****             else
 362              		.loc 1 243 17 is_stmt 1 view .LVU125
 363 0154 7069     		ldr	r0, [r6, #20]
 364              	.LVL48:
 243:Middlewares/ST/usbx/common/usbx_host_classes/src/ux_host_class_storage_transport_bo.c ****             else
 365              		.loc 1 243 17 is_stmt 0 view .LVU126
 366 0156 FFF7FEFF 		bl	_ux_host_stack_endpoint_reset
 367              	.LVL49:
 368 015a DEE7     		b	.L13
 369              	.LVL50:
 370              	.L33:
 286:Middlewares/ST/usbx/common/usbx_host_classes/src/ux_host_class_storage_transport_bo.c **** 
 371              		.loc 1 286 13 is_stmt 1 view .LVU127
 372 015c 4046     		mov	r0, r8
ARM GAS  /tmp/ccbKeq52.s 			page 16


 373              	.LVL51:
 286:Middlewares/ST/usbx/common/usbx_host_classes/src/ux_host_class_storage_transport_bo.c **** 
 374              		.loc 1 286 13 is_stmt 0 view .LVU128
 375 015e FFF7FEFF 		bl	_ux_host_stack_transfer_request_abort
 376              	.LVL52:
 289:Middlewares/ST/usbx/common/usbx_host_classes/src/ux_host_class_storage_transport_bo.c **** 
 377              		.loc 1 289 13 is_stmt 1 view .LVU129
 289:Middlewares/ST/usbx/common/usbx_host_classes/src/ux_host_class_storage_transport_bo.c **** 
 378              		.loc 1 289 69 is_stmt 0 view .LVU130
 379 0162 5C25     		movs	r5, #92
 380              	.LVL53:
 289:Middlewares/ST/usbx/common/usbx_host_classes/src/ux_host_class_storage_transport_bo.c **** 
 381              		.loc 1 289 69 view .LVU131
 382 0164 6566     		str	r5, [r4, #100]
 292:Middlewares/ST/usbx/common/usbx_host_classes/src/ux_host_class_storage_transport_bo.c **** 
 383              		.loc 1 292 13 is_stmt 1 view .LVU132
 384 0166 2A46     		mov	r2, r5
 385 0168 0721     		movs	r1, #7
 386 016a 0220     		movs	r0, #2
 387 016c FFF7FEFF 		bl	_ux_system_error_handler
 388              	.LVL54:
 295:Middlewares/ST/usbx/common/usbx_host_classes/src/ux_host_class_storage_transport_bo.c **** 
 389              		.loc 1 295 13 view .LVU133
 390 0170 0023     		movs	r3, #0
 391 0172 0393     		str	r3, [sp, #12]
 392 0174 0293     		str	r3, [sp, #8]
 393 0176 4FF08072 		mov	r2, #16777216
 394 017a 0192     		str	r2, [sp, #4]
 395 017c 0093     		str	r3, [sp]
 396 017e 4246     		mov	r2, r8
 397 0180 2946     		mov	r1, r5
 398 0182 40F2E730 		movw	r0, #999
 399 0186 FFF7FEFF 		bl	_ux_trace_event_insert
 400              	.LVL55:
 298:Middlewares/ST/usbx/common/usbx_host_classes/src/ux_host_class_storage_transport_bo.c ****         }
 401              		.loc 1 298 13 view .LVU134
 298:Middlewares/ST/usbx/common/usbx_host_classes/src/ux_host_class_storage_transport_bo.c ****         }
 402              		.loc 1 298 19 is_stmt 0 view .LVU135
 403 018a 76E7     		b	.L1
 404              	.LVL56:
 405              	.L34:
 307:Middlewares/ST/usbx/common/usbx_host_classes/src/ux_host_class_storage_transport_bo.c ****                 storage -> ux_host_class_storage_csw[UX_HOST_CLASS_STORAGE_CSW_STATUS] == UX_HOST_C
 406              		.loc 1 307 13 is_stmt 1 view .LVU136
 307:Middlewares/ST/usbx/common/usbx_host_classes/src/ux_host_class_storage_transport_bo.c ****                 storage -> ux_host_class_storage_csw[UX_HOST_CLASS_STORAGE_CSW_STATUS] == UX_HOST_C
 407              		.loc 1 307 53 is_stmt 0 view .LVU137
 408 018c 96F86830 		ldrb	r3, [r6, #104]	@ zero_extendqisi2
 307:Middlewares/ST/usbx/common/usbx_host_classes/src/ux_host_class_storage_transport_bo.c ****                 storage -> ux_host_class_storage_csw[UX_HOST_CLASS_STORAGE_CSW_STATUS] == UX_HOST_C
 409              		.loc 1 307 16 view .LVU138
 410 0190 012B     		cmp	r3, #1
 411 0192 45D8     		bhi	.L18
 312:Middlewares/ST/usbx/common/usbx_host_classes/src/ux_host_class_storage_transport_bo.c ****                 {
 412              		.loc 1 312 17 is_stmt 1 view .LVU139
 312:Middlewares/ST/usbx/common/usbx_host_classes/src/ux_host_class_storage_transport_bo.c ****                 {
 413              		.loc 1 312 21 is_stmt 0 view .LVU140
 414 0194 96F82820 		ldrb	r2, [r6, #40]	@ zero_extendqisi2
 312:Middlewares/ST/usbx/common/usbx_host_classes/src/ux_host_class_storage_transport_bo.c ****                 {
 415              		.loc 1 312 20 view .LVU141
ARM GAS  /tmp/ccbKeq52.s 			page 17


 416 0198 82BB     		cbnz	r2, .L19
 316:Middlewares/ST/usbx/common/usbx_host_classes/src/ux_host_class_storage_transport_bo.c ****                         _ux_utility_long_get(storage -> ux_host_class_storage_csw + UX_HOST_CLASS_S
 417              		.loc 1 316 21 is_stmt 1 view .LVU142
 316:Middlewares/ST/usbx/common/usbx_host_classes/src/ux_host_class_storage_transport_bo.c ****                         _ux_utility_long_get(storage -> ux_host_class_storage_csw + UX_HOST_CLASS_S
 418              		.loc 1 316 24 is_stmt 0 view .LVU143
 419 019a 012B     		cmp	r3, #1
 420 019c 04D0     		beq	.L20
 317:Middlewares/ST/usbx/common/usbx_host_classes/src/ux_host_class_storage_transport_bo.c ****                     {
 421              		.loc 1 317 25 view .LVU144
 422 019e 06F16400 		add	r0, r6, #100
 423              	.LVL57:
 317:Middlewares/ST/usbx/common/usbx_host_classes/src/ux_host_class_storage_transport_bo.c ****                     {
 424              		.loc 1 317 25 view .LVU145
 425 01a2 FFF7FEFF 		bl	_ux_utility_long_get
 426              	.LVL58:
 316:Middlewares/ST/usbx/common/usbx_host_classes/src/ux_host_class_storage_transport_bo.c ****                         _ux_utility_long_get(storage -> ux_host_class_storage_csw + UX_HOST_CLASS_S
 427              		.loc 1 316 132 discriminator 1 view .LVU146
 428 01a6 48B3     		cbz	r0, .L19
 429              	.L20:
 328:Middlewares/ST/usbx/common/usbx_host_classes/src/ux_host_class_storage_transport_bo.c ****                         if (get_status_response == UX_NULL)
 430              		.loc 1 328 25 is_stmt 1 view .LVU147
 328:Middlewares/ST/usbx/common/usbx_host_classes/src/ux_host_class_storage_transport_bo.c ****                         if (get_status_response == UX_NULL)
 431              		.loc 1 328 48 is_stmt 0 view .LVU148
 432 01a8 0222     		movs	r2, #2
 433 01aa 0121     		movs	r1, #1
 434 01ac 4FF0FF30 		mov	r0, #-1
 435 01b0 FFF7FEFF 		bl	_ux_utility_memory_allocate
 436              	.LVL59:
 329:Middlewares/ST/usbx/common/usbx_host_classes/src/ux_host_class_storage_transport_bo.c ****                             return(UX_MEMORY_INSUFFICIENT);
 437              		.loc 1 329 25 is_stmt 1 view .LVU149
 329:Middlewares/ST/usbx/common/usbx_host_classes/src/ux_host_class_storage_transport_bo.c ****                             return(UX_MEMORY_INSUFFICIENT);
 438              		.loc 1 329 28 is_stmt 0 view .LVU150
 439 01b4 0446     		mov	r4, r0
 440 01b6 0028     		cmp	r0, #0
 441 01b8 3DD0     		beq	.L26
 333:Middlewares/ST/usbx/common/usbx_host_classes/src/ux_host_class_storage_transport_bo.c **** 
 442              		.loc 1 333 25 is_stmt 1 view .LVU151
 333:Middlewares/ST/usbx/common/usbx_host_classes/src/ux_host_class_storage_transport_bo.c **** 
 443              		.loc 1 333 54 is_stmt 0 view .LVU152
 444 01ba B068     		ldr	r0, [r6, #8]
 445              	.LVL60:
 336:Middlewares/ST/usbx/common/usbx_host_classes/src/ux_host_class_storage_transport_bo.c ****                         transfer_request -> ux_transfer_request_requested_length =  0x02;
 446              		.loc 1 336 25 is_stmt 1 view .LVU153
 336:Middlewares/ST/usbx/common/usbx_host_classes/src/ux_host_class_storage_transport_bo.c ****                         transfer_request -> ux_transfer_request_requested_length =  0x02;
 447              		.loc 1 336 78 is_stmt 0 view .LVU154
 448 01bc C0F8B440 		str	r4, [r0, #180]
 337:Middlewares/ST/usbx/common/usbx_host_classes/src/ux_host_class_storage_transport_bo.c ****                         transfer_request -> ux_transfer_request_function =          UX_GET_STATUS;
 449              		.loc 1 337 25 is_stmt 1 view .LVU155
 337:Middlewares/ST/usbx/common/usbx_host_classes/src/ux_host_class_storage_transport_bo.c ****                         transfer_request -> ux_transfer_request_function =          UX_GET_STATUS;
 450              		.loc 1 337 82 is_stmt 0 view .LVU156
 451 01c0 0223     		movs	r3, #2
 452 01c2 C0F8B830 		str	r3, [r0, #184]
 338:Middlewares/ST/usbx/common/usbx_host_classes/src/ux_host_class_storage_transport_bo.c ****                         transfer_request -> ux_transfer_request_type =              UX_REQUEST_IN |
 453              		.loc 1 338 25 is_stmt 1 view .LVU157
 338:Middlewares/ST/usbx/common/usbx_host_classes/src/ux_host_class_storage_transport_bo.c ****                         transfer_request -> ux_transfer_request_type =              UX_REQUEST_IN |
 454              		.loc 1 338 74 is_stmt 0 view .LVU158
 455 01c6 0023     		movs	r3, #0
ARM GAS  /tmp/ccbKeq52.s 			page 18


 456 01c8 C0F8C430 		str	r3, [r0, #196]
 339:Middlewares/ST/usbx/common/usbx_host_classes/src/ux_host_class_storage_transport_bo.c ****                         transfer_request -> ux_transfer_request_value =             0;
 457              		.loc 1 339 25 is_stmt 1 view .LVU159
 339:Middlewares/ST/usbx/common/usbx_host_classes/src/ux_host_class_storage_transport_bo.c ****                         transfer_request -> ux_transfer_request_value =             0;
 458              		.loc 1 339 70 is_stmt 0 view .LVU160
 459 01cc 8222     		movs	r2, #130
 460 01ce C0F8C020 		str	r2, [r0, #192]
 340:Middlewares/ST/usbx/common/usbx_host_classes/src/ux_host_class_storage_transport_bo.c ****                         transfer_request -> ux_transfer_request_index =             storage -> ux_h
 461              		.loc 1 340 25 is_stmt 1 view .LVU161
 340:Middlewares/ST/usbx/common/usbx_host_classes/src/ux_host_class_storage_transport_bo.c ****                         transfer_request -> ux_transfer_request_index =             storage -> ux_h
 462              		.loc 1 340 71 is_stmt 0 view .LVU162
 463 01d2 C0F8C830 		str	r3, [r0, #200]
 341:Middlewares/ST/usbx/common/usbx_host_classes/src/ux_host_class_storage_transport_bo.c **** 
 464              		.loc 1 341 25 is_stmt 1 view .LVU163
 341:Middlewares/ST/usbx/common/usbx_host_classes/src/ux_host_class_storage_transport_bo.c **** 
 465              		.loc 1 341 93 is_stmt 0 view .LVU164
 466 01d6 3369     		ldr	r3, [r6, #16]
 341:Middlewares/ST/usbx/common/usbx_host_classes/src/ux_host_class_storage_transport_bo.c **** 
 467              		.loc 1 341 160 view .LVU165
 468 01d8 5B69     		ldr	r3, [r3, #20]
 341:Middlewares/ST/usbx/common/usbx_host_classes/src/ux_host_class_storage_transport_bo.c **** 
 469              		.loc 1 341 71 view .LVU166
 470 01da C0F8CC30 		str	r3, [r0, #204]
 344:Middlewares/ST/usbx/common/usbx_host_classes/src/ux_host_class_storage_transport_bo.c **** 
 471              		.loc 1 344 25 is_stmt 1 view .LVU167
 344:Middlewares/ST/usbx/common/usbx_host_classes/src/ux_host_class_storage_transport_bo.c **** 
 472              		.loc 1 344 35 is_stmt 0 view .LVU168
 473 01de AC30     		adds	r0, r0, #172
 474              	.LVL61:
 344:Middlewares/ST/usbx/common/usbx_host_classes/src/ux_host_class_storage_transport_bo.c **** 
 475              		.loc 1 344 35 view .LVU169
 476 01e0 FFF7FEFF 		bl	_ux_host_stack_transfer_request
 477              	.LVL62:
 347:Middlewares/ST/usbx/common/usbx_host_classes/src/ux_host_class_storage_transport_bo.c ****                         {
 478              		.loc 1 347 25 is_stmt 1 view .LVU170
 347:Middlewares/ST/usbx/common/usbx_host_classes/src/ux_host_class_storage_transport_bo.c ****                         {
 479              		.loc 1 347 28 is_stmt 0 view .LVU171
 480 01e4 0546     		mov	r5, r0
 481              	.LVL63:
 347:Middlewares/ST/usbx/common/usbx_host_classes/src/ux_host_class_storage_transport_bo.c ****                         {
 482              		.loc 1 347 28 view .LVU172
 483 01e6 18B9     		cbnz	r0, .L21
 351:Middlewares/ST/usbx/common/usbx_host_classes/src/ux_host_class_storage_transport_bo.c ****                             {
 484              		.loc 1 351 29 is_stmt 1 view .LVU173
 351:Middlewares/ST/usbx/common/usbx_host_classes/src/ux_host_class_storage_transport_bo.c ****                             {
 485              		.loc 1 351 52 is_stmt 0 view .LVU174
 486 01e8 2378     		ldrb	r3, [r4]	@ zero_extendqisi2
 351:Middlewares/ST/usbx/common/usbx_host_classes/src/ux_host_class_storage_transport_bo.c ****                             {
 487              		.loc 1 351 32 view .LVU175
 488 01ea 13F0010F 		tst	r3, #1
 489 01ee 12D1     		bne	.L35
 490              	.L21:
 360:Middlewares/ST/usbx/common/usbx_host_classes/src/ux_host_class_storage_transport_bo.c **** 
 491              		.loc 1 360 25 is_stmt 1 view .LVU176
 492 01f0 2046     		mov	r0, r4
 493              	.LVL64:
 360:Middlewares/ST/usbx/common/usbx_host_classes/src/ux_host_class_storage_transport_bo.c **** 
ARM GAS  /tmp/ccbKeq52.s 			page 19


 494              		.loc 1 360 25 is_stmt 0 view .LVU177
 495 01f2 FFF7FEFF 		bl	_ux_utility_memory_free
 496              	.LVL65:
 363:Middlewares/ST/usbx/common/usbx_host_classes/src/ux_host_class_storage_transport_bo.c ****                             return(status);
 497              		.loc 1 363 25 is_stmt 1 view .LVU178
 363:Middlewares/ST/usbx/common/usbx_host_classes/src/ux_host_class_storage_transport_bo.c ****                             return(status);
 498              		.loc 1 363 28 is_stmt 0 view .LVU179
 499 01f6 002D     		cmp	r5, #0
 500 01f8 7FF43FAF 		bne	.L1
 501              	.LVL66:
 502              	.L19:
 369:Middlewares/ST/usbx/common/usbx_host_classes/src/ux_host_class_storage_transport_bo.c ****                     _ux_utility_long_get(storage -> ux_host_class_storage_csw + UX_HOST_CLASS_STORA
 503              		.loc 1 369 17 is_stmt 1 view .LVU180
 369:Middlewares/ST/usbx/common/usbx_host_classes/src/ux_host_class_storage_transport_bo.c ****                     _ux_utility_long_get(storage -> ux_host_class_storage_csw + UX_HOST_CLASS_STORA
 504              		.loc 1 369 71 is_stmt 0 view .LVU181
 505 01fc 5046     		mov	r0, r10
 506 01fe FFF7FEFF 		bl	_ux_utility_long_get
 507              	.LVL67:
 508 0202 0446     		mov	r4, r0
 370:Middlewares/ST/usbx/common/usbx_host_classes/src/ux_host_class_storage_transport_bo.c ****             }
 509              		.loc 1 370 21 view .LVU182
 510 0204 06F16400 		add	r0, r6, #100
 511 0208 FFF7FEFF 		bl	_ux_utility_long_get
 512              	.LVL68:
 369:Middlewares/ST/usbx/common/usbx_host_classes/src/ux_host_class_storage_transport_bo.c ****                     _ux_utility_long_get(storage -> ux_host_class_storage_csw + UX_HOST_CLASS_STORA
 513              		.loc 1 369 137 view .LVU183
 514 020c 241A     		subs	r4, r4, r0
 369:Middlewares/ST/usbx/common/usbx_host_classes/src/ux_host_class_storage_transport_bo.c ****                     _ux_utility_long_get(storage -> ux_host_class_storage_csw + UX_HOST_CLASS_STORA
 515              		.loc 1 369 68 view .LVU184
 516 020e C6F88C40 		str	r4, [r6, #140]
 517              	.L22:
 381:Middlewares/ST/usbx/common/usbx_host_classes/src/ux_host_class_storage_transport_bo.c ****         }
 518              		.loc 1 381 13 is_stmt 1 view .LVU185
 381:Middlewares/ST/usbx/common/usbx_host_classes/src/ux_host_class_storage_transport_bo.c ****         }
 519              		.loc 1 381 19 is_stmt 0 view .LVU186
 520 0212 3D46     		mov	r5, r7
 521 0214 31E7     		b	.L1
 522              	.LVL69:
 523              	.L35:
 355:Middlewares/ST/usbx/common/usbx_host_classes/src/ux_host_class_storage_transport_bo.c ****                             }
 524              		.loc 1 355 33 is_stmt 1 view .LVU187
 355:Middlewares/ST/usbx/common/usbx_host_classes/src/ux_host_class_storage_transport_bo.c ****                             }
 525              		.loc 1 355 43 is_stmt 0 view .LVU188
 526 0216 3069     		ldr	r0, [r6, #16]
 527              	.LVL70:
 355:Middlewares/ST/usbx/common/usbx_host_classes/src/ux_host_class_storage_transport_bo.c ****                             }
 528              		.loc 1 355 43 view .LVU189
 529 0218 FFF7FEFF 		bl	_ux_host_stack_endpoint_reset
 530              	.LVL71:
 531 021c 0546     		mov	r5, r0
 532              	.LVL72:
 355:Middlewares/ST/usbx/common/usbx_host_classes/src/ux_host_class_storage_transport_bo.c ****                             }
 533              		.loc 1 355 43 view .LVU190
 534 021e E7E7     		b	.L21
 535              	.LVL73:
 536              	.L18:
 376:Middlewares/ST/usbx/common/usbx_host_classes/src/ux_host_class_storage_transport_bo.c ****             }
ARM GAS  /tmp/ccbKeq52.s 			page 20


 537              		.loc 1 376 17 is_stmt 1 view .LVU191
 538 0220 3046     		mov	r0, r6
 539              	.LVL74:
 376:Middlewares/ST/usbx/common/usbx_host_classes/src/ux_host_class_storage_transport_bo.c ****             }
 540              		.loc 1 376 17 is_stmt 0 view .LVU192
 541 0222 FFF7FEFF 		bl	_ux_host_class_storage_device_reset
 542              	.LVL75:
 543 0226 F4E7     		b	.L22
 544              	.LVL76:
 545              	.L32:
 390:Middlewares/ST/usbx/common/usbx_host_classes/src/ux_host_class_storage_transport_bo.c **** 
 546              		.loc 1 390 5 is_stmt 1 view .LVU193
 547 0228 3046     		mov	r0, r6
 548 022a FFF7FEFF 		bl	_ux_host_class_storage_device_reset
 549              	.LVL77:
 393:Middlewares/ST/usbx/common/usbx_host_classes/src/ux_host_class_storage_transport_bo.c **** }
 550              		.loc 1 393 5 view .LVU194
 393:Middlewares/ST/usbx/common/usbx_host_classes/src/ux_host_class_storage_transport_bo.c **** }
 551              		.loc 1 393 29 is_stmt 0 view .LVU195
 552 022e 656E     		ldr	r5, [r4, #100]
 553              	.LVL78:
 393:Middlewares/ST/usbx/common/usbx_host_classes/src/ux_host_class_storage_transport_bo.c **** }
 554              		.loc 1 393 29 view .LVU196
 555 0230 23E7     		b	.L1
 556              	.LVL79:
 557              	.L25:
 276:Middlewares/ST/usbx/common/usbx_host_classes/src/ux_host_class_storage_transport_bo.c **** 
 558              		.loc 1 276 19 view .LVU197
 559 0232 0546     		mov	r5, r0
 560              	.LVL80:
 276:Middlewares/ST/usbx/common/usbx_host_classes/src/ux_host_class_storage_transport_bo.c **** 
 561              		.loc 1 276 19 view .LVU198
 562 0234 21E7     		b	.L1
 563              	.LVL81:
 564              	.L26:
 330:Middlewares/ST/usbx/common/usbx_host_classes/src/ux_host_class_storage_transport_bo.c **** 
 565              		.loc 1 330 35 view .LVU199
 566 0236 1225     		movs	r5, #18
 567              	.LVL82:
 330:Middlewares/ST/usbx/common/usbx_host_classes/src/ux_host_class_storage_transport_bo.c **** 
 568              		.loc 1 330 35 view .LVU200
 569 0238 1FE7     		b	.L1
 570              		.cfi_endproc
 571              	.LFE11:
 573              		.text
 574              	.Letext0:
 575              		.file 2 "Middlewares/ST/threadx/ports/cortex_m7/gnu/inc/tx_port.h"
 576              		.file 3 "Middlewares/ST/threadx/common/inc/tx_api.h"
 577              		.file 4 "Middlewares/ST/threadx/common/inc/tx_trace.h"
 578              		.file 5 "Middlewares/ST/usbx/common/core/inc/ux_api.h"
 579              		.file 6 "Middlewares/ST/usbx/common/usbx_host_classes/inc/ux_host_class_storage.h"
 580              		.file 7 "Middlewares/ST/usbx/common/core/inc/ux_utility.h"
 581              		.file 8 "Middlewares/ST/usbx/common/core/inc/ux_host_stack.h"
ARM GAS  /tmp/ccbKeq52.s 			page 21


DEFINED SYMBOLS
                            *ABS*:00000000 ux_host_class_storage_transport_bo.c
     /tmp/ccbKeq52.s:20     .text._ux_host_class_storage_transport_bo:00000000 $t
     /tmp/ccbKeq52.s:26     .text._ux_host_class_storage_transport_bo:00000000 _ux_host_class_storage_transport_bo

UNDEFINED SYMBOLS
_ux_host_stack_transfer_request
_ux_utility_semaphore_get
_ux_host_class_storage_device_reset
_ux_host_stack_transfer_request_abort
_ux_system_error_handler
_ux_trace_event_insert
_ux_utility_long_get
_ux_host_stack_endpoint_reset
_ux_utility_memory_allocate
_ux_utility_memory_free
